batter,phase,outcome,n,total_n,probability_raw,fallback_probability,probability
A Badoni,death,0,56.0,319.0,0.1755485893416928,0.21696977459016392,0.1801637631855336
A Badoni,death,1,124.0,319.0,0.3887147335423197,0.37083760245901637,0.38672285264167316
A Badoni,death,2,36.0,319.0,0.11285266457680251,0.08837090163934426,0.11012489154755925
A Badoni,death,3,3.0,319.0,0.009404388714733543,0.002651127049180328,0.00865193616146856
A Badoni,death,4,38.0,319.0,0.11912225705329153,0.11151383196721311,0.11827452166765605
A Badoni,death,6,19.0,319.0,0.05956112852664577,0.07952100409836066,0.061785070094524865
A Badoni,death,W,21.0,319.0,0.06583072100313479,0.08016137295081967,0.06742745102516097
A Badoni,death,Wd,22.0,319.0,0.06896551724137931,0.04340420081967213,0.06611745970135623
A Badoni,death,Nb,0.0,319.0,0.0,0.006570184426229508,0.0007320539750673547
A Badoni,middle,0,99.0,367.0,0.26975476839237056,0.2808889845966761,0.27084904025520157
A Badoni,middle,1,167.0,367.0,0.4550408719346049,0.4414331678151601,0.45370350543637933
A Badoni,middle,2,26.0,367.0,0.07084468664850137,0.06664217673287394,0.0704316635609704
A Badoni,middle,3,1.0,367.0,0.0027247956403269754,0.002286430887717876,0.0026817131093580223
A Badoni,middle,4,30.0,367.0,0.08174386920980926,0.08739739562221321,0.08229949834124946
A Badoni,middle,6,13.0,367.0,0.035422343324250684,0.048281059991892986,0.036686099262102506
A Badoni,middle,W,14.0,367.0,0.03814713896457766,0.04221980137819214,0.038547400626849346
A Badoni,middle,Wd,16.0,367.0,0.043596730245231606,0.028171868666396434,0.04208077333330677
A Badoni,middle,Nb,1.0,367.0,0.0027247956403269754,0.002679114308877179,0.0027203060745825238
A Badoni,powerplay,0,38.0,78.0,0.48717948717948717,0.4228881521678736,0.46538581429419446
A Badoni,powerplay,1,18.0,78.0,0.23076923076923078,0.25764450947345025,0.2398794947367628
A Badoni,powerplay,2,1.0,78.0,0.01282051282051282,0.04384827662845184,0.023338398857102316
A Badoni,powerplay,3,1.0,78.0,0.01282051282051282,0.005028429611245902,0.01017912868177827
A Badoni,powerplay,4,10.0,78.0,0.1282051282051282,0.15223269683107069,0.13635006672239683
A Badoni,powerplay,6,2.0,78.0,0.02564102564102564,0.040523771600022226,0.030686024271193976
A Badoni,powerplay,W,4.0,78.0,0.05128205128205128,0.03919952586446391,0.04718627995405556
A Badoni,powerplay,Wd,4.0,78.0,0.05128205128205128,0.03486563072990943,0.04571716295929133
A Badoni,powerplay,Nb,0.0,78.0,0.0,0.003769007093512122,0.0012776295232244483
A Dananjaya,death,0,13.0,43.0,0.3023255813953488,0.21696977459016392,0.26119025281453684
A Dananjaya,death,1,17.0,43.0,0.3953488372093023,0.37083760245901637,0.38353619395615246
A Dananjaya,death,2,2.0,43.0,0.046511627906976744,0.08837090163934426,0.06668477187438278
A Dananjaya,death,3,1.0,43.0,0.023255813953488372,0.002651127049180328,0.013325844361050762
A Dananjaya,death,4,3.0,43.0,0.06976744186046512,0.11151383196721311,0.08988618408058463
A Dananjaya,death,6,0.0,43.0,0.0,0.07952100409836066,0.038323375469089475
A Dananjaya,death,W,4.0,43.0,0.09302325581395349,0.08016137295081967,0.08682475804858779
A Dananjaya,death,Wd,3.0,43.0,0.06976744186046512,0.04340420081967213,0.05706226545526368
A Dananjaya,death,Nb,0.0,43.0,0.0,0.006570184426229508,0.0031663539403515703
A Dananjaya,middle,0,12.0,31.0,0.3870967741935484,0.2808889845966761,0.3272613997727753
A Dananjaya,middle,1,13.0,31.0,0.41935483870967744,0.4414331678151601,0.4317933339803719
A Dananjaya,middle,2,0.0,31.0,0.0,0.06664217673287394,0.03754488830021067
A Dananjaya,middle,3,1.0,31.0,0.03225806451612903,0.002286430887717876,0.015372637119841057
A Dananjaya,middle,4,1.0,31.0,0.03225806451612903,0.08739739562221321,0.06332247640688068
A Dananjaya,middle,6,0.0,31.0,0.0,0.048281059991892986,0.02720059717853126
A Dananjaya,middle,W,2.0,31.0,0.06451612903225806,0.04221980137819214,0.05195481767785473
A Dananjaya,middle,Wd,2.0,31.0,0.06451612903225806,0.028171868666396434,0.044040489389519114
A Dananjaya,middle,Nb,0.0,31.0,0.0,0.002679114308877179,0.001509360174015312
A Flintoff,death,0,7.0,36.0,0.19444444444444445,0.21696977459016392,0.20629988136324418
A Flintoff,death,1,15.0,36.0,0.4166666666666667,0.37083760245901637,0.39254610655737704
A Flintoff,death,2,4.0,36.0,0.1111111111111111,0.08837090163934426,0.0991425798101812
A Flintoff,death,3,0.0,36.0,0.0,0.002651127049180328,0.0013953300258843831
A Flintoff,death,4,4.0,36.0,0.1111111111111111,0.11151383196721311,0.11132306945642796
A Flintoff,death,6,2.0,36.0,0.05555555555555555,0.07952100409836066,0.06816894952545298
A Flintoff,death,W,3.0,36.0,0.08333333333333333,0.08016137295081967,0.0816638805004314
A Flintoff,death,Wd,1.0,36.0,0.027777777777777776,0.04340420081967213,0.03600221095772218
A Flintoff,death,Nb,0.0,36.0,0.0,0.006570184426229508,0.0034579918032786885
A Flintoff,middle,0,11.0,37.0,0.2972972972972973,0.2808889845966761,0.2887734984917798
A Flintoff,middle,1,18.0,37.0,0.4864864864864865,0.4414331678151601,0.46308216509878447
A Flintoff,middle,2,1.0,37.0,0.02702702702702703,0.06664217673287394,0.04760632557551893
A Flintoff,middle,3,0.0,37.0,0.0,0.002286430887717876,0.0011877563053079875
A Flintoff,middle,4,6.0,37.0,0.16216216216216217,0.08739739562221321,0.12332332240114971
A Flintoff,middle,6,0.0,37.0,0.0,0.048281059991892986,0.025081070125658692
A Flintoff,middle,W,1.0,37.0,0.02702702702702703,0.04221980137819214,0.034919377339320594
A Flintoff,middle,Wd,0.0,37.0,0.0,0.028171868666396434,0.014634736969556588
A Flintoff,middle,Nb,0.0,37.0,0.0,0.002679114308877179,0.0013917476929232097
A Flintoff,powerplay,0,9.0,20.0,0.45,0.4228881521678736,0.4319254347785824
A Flintoff,powerplay,1,2.0,20.0,0.1,0.25764450947345025,0.20509633964896684
A Flintoff,powerplay,2,0.0,20.0,0.0,0.04384827662845184,0.029232184418967893
A Flintoff,powerplay,3,2.0,20.0,0.1,0.005028429611245902,0.0366856197408306
A Flintoff,powerplay,4,1.0,20.0,0.05,0.15223269683107069,0.11815513122071379
A Flintoff,powerplay,6,1.0,20.0,0.05,0.040523771600022226,0.04368251440001482
A Flintoff,powerplay,W,1.0,20.0,0.05,0.03919952586446391,0.04279968390964261
A Flintoff,powerplay,Wd,3.0,20.0,0.15,0.03486563072990943,0.07324375381993961
A Flintoff,powerplay,Nb,1.0,20.0,0.05,0.003769007093512122,0.019179338062341414
A Mishra,death,0,77.0,244.0,0.3155737704918033,0.21696977459016392,0.30168588374509353
A Mishra,death,1,92.0,244.0,0.3770491803278688,0.37083760245901637,0.37617431020549524
A Mishra,death,2,16.0,244.0,0.06557377049180328,0.08837090163934426,0.06878463403371046
A Mishra,death,3,0.0,244.0,0.0,0.002651127049180328,0.00037339817594089124
A Mishra,death,4,20.0,244.0,0.08196721311475409,0.11151383196721311,0.0861287087277765
A Mishra,death,6,5.0,244.0,0.020491803278688523,0.07952100409836066,0.028805775225121222
A Mishra,death,W,19.0,244.0,0.0778688524590164,0.08016137295081967,0.07819174266912952
A Mishra,death,Wd,13.0,244.0,0.05327868852459016,0.04340420081967213,0.05188791560840453
A Mishra,death,Nb,2.0,244.0,0.00819672131147541,0.006570184426229508,0.0079676316093281
A Mishra,middle,0,64.0,150.0,0.4266666666666667,0.2808889845966761,0.39597662833614233
A Mishra,middle,1,64.0,150.0,0.4266666666666667,0.4414331678151601,0.42977540375056
A Mishra,middle,2,6.0,150.0,0.04,0.06664217673287394,0.045608879312183985
A Mishra,middle,3,0.0,150.0,0.0,0.002286430887717876,0.0004813538710985002
A Mishra,middle,4,6.0,150.0,0.04,0.08739739562221321,0.04997839907836067
A Mishra,middle,6,0.0,150.0,0.0,0.048281059991892986,0.010164433682503787
A Mishra,middle,W,5.0,150.0,0.03333333333333333,0.04221980137819214,0.035204168711198344
A Mishra,middle,Wd,5.0,150.0,0.03333333333333333,0.028171868666396434,0.03224670919292556
A Mishra,middle,Nb,0.0,150.0,0.0,0.002679114308877179,0.0005640240650267745
A Mishra,powerplay,0,4.0,5.0,0.8,0.4228881521678736,0.46478946859366543
A Mishra,powerplay,1,1.0,5.0,0.2,0.25764450947345025,0.25123956397640024
A Mishra,powerplay,2,0.0,5.0,0.0,0.04384827662845184,0.03897624589195719
A Mishra,powerplay,3,0.0,5.0,0.0,0.005028429611245902,0.004469715209996357
A Mishra,powerplay,4,0.0,5.0,0.0,0.15223269683107069,0.13531795273872949
A Mishra,powerplay,6,0.0,5.0,0.0,0.040523771600022226,0.03602113031113087
A Mishra,powerplay,W,0.0,5.0,0.0,0.03919952586446391,0.034844022990634584
A Mishra,powerplay,Wd,0.0,5.0,0.0,0.03486563072990943,0.030991671759919497
A Mishra,powerplay,Nb,0.0,5.0,0.0,0.003769007093512122,0.0033502285275663307
A Nehra,death,0,33.0,74.0,0.44594594594594594,0.21696977459016392,0.3656034296807593
A Nehra,death,1,16.0,74.0,0.21621621621621623,0.37083760245901637,0.2704693341961461
A Nehra,death,2,2.0,74.0,0.02702702702702703,0.08837090163934426,0.04855119355766466
A Nehra,death,3,0.0,74.0,0.0,0.002651127049180328,0.0009302200172562554
A Nehra,death,4,3.0,74.0,0.04054054054054054,0.11151383196721311,0.06544344981305723
A Nehra,death,6,1.0,74.0,0.013513513513513514,0.07952100409836066,0.03667403652574058
A Nehra,death,W,13.0,74.0,0.17567567567567569,0.08016137295081967,0.14216188524590165
A Nehra,death,Wd,4.0,74.0,0.05405405405405406,0.04340420081967213,0.05031726344549899
A Nehra,death,Nb,2.0,74.0,0.02702702702702703,0.006570184426229508,0.019849187517975268
A Nehra,middle,0,6.0,10.0,0.6,0.2808889845966761,0.3447111876773409
A Nehra,middle,1,4.0,10.0,0.4,0.4414331678151601,0.4331465342521281
A Nehra,middle,2,0.0,10.0,0.0,0.06664217673287394,0.05331374138629915
A Nehra,middle,3,0.0,10.0,0.0,0.002286430887717876,0.0018291447101743009
A Nehra,middle,4,0.0,10.0,0.0,0.08739739562221321,0.06991791649777057
A Nehra,middle,6,0.0,10.0,0.0,0.048281059991892986,0.038624847993514386
A Nehra,middle,W,0.0,10.0,0.0,0.04221980137819214,0.03377584110255371
A Nehra,middle,Wd,0.0,10.0,0.0,0.028171868666396434,0.022537494933117144
A Nehra,middle,Nb,0.0,10.0,0.0,0.002679114308877179,0.002143291447101743
A Nortje,death,0,29.0,74.0,0.3918918918918919,0.21696977459016392,0.3305157103825137
A Nortje,death,1,25.0,74.0,0.33783783783783783,0.37083760245901637,0.34941670261719876
A Nortje,death,2,2.0,74.0,0.02702702702702703,0.08837090163934426,0.04855119355766466
A Nortje,death,3,2.0,74.0,0.02702702702702703,0.002651127049180328,0.01847407966637906
A Nortje,death,4,6.0,74.0,0.08108108108108109,0.11151383196721311,0.09175923928674146
A Nortje,death,6,1.0,74.0,0.013513513513513514,0.07952100409836066,0.03667403652574058
A Nortje,death,W,9.0,74.0,0.12162162162162163,0.08016137295081967,0.10707416594765602
A Nortje,death,Wd,0.0,74.0,0.0,0.04340420081967213,0.01522954414725338
A Nortje,death,Nb,0.0,74.0,0.0,0.006570184426229508,0.002305327868852459
A Nortje,middle,0,6.0,13.0,0.46153846153846156,0.2808889845966761,0.3251992336578688
A Nortje,middle,1,4.0,13.0,0.3076923076923077,0.4414331678151601,0.4086288058982341
A Nortje,middle,2,0.0,13.0,0.0,0.06664217673287394,0.05029598243990486
A Nortje,middle,3,0.0,13.0,0.0,0.002286430887717876,0.0017256082171455667
A Nortje,middle,4,0.0,13.0,0.0,0.08739739562221321,0.06596029858280243
A Nortje,middle,6,0.0,13.0,0.0,0.048281059991892986,0.0364385358429381
A Nortje,middle,W,2.0,13.0,0.15384615384615385,0.04221980137819214,0.0695998500967488
A Nortje,middle,Wd,1.0,13.0,0.07692307692307693,0.028171868666396434,0.04012971220105391
A Nortje,middle,Nb,0.0,13.0,0.0,0.002679114308877179,0.002021973063303531
A Symonds,death,0,36.0,205.0,0.17560975609756097,0.21696977459016392,0.18236241217798596
A Symonds,death,1,83.0,205.0,0.40487804878048783,0.37083760245901637,0.39932042489126796
A Symonds,death,2,24.0,205.0,0.11707317073170732,0.08837090163934426,0.11238708598193375
A Symonds,death,3,0.0,205.0,0.0,0.002651127049180328,0.0004328370692539311
A Symonds,death,4,19.0,205.0,0.09268292682926829,0.11151383196721311,0.09575736032117765
A Symonds,death,6,17.0,205.0,0.08292682926829269,0.07952100409836066,0.08237077617932419
A Symonds,death,W,11.0,205.0,0.05365853658536585,0.08016137295081967,0.05798553027768484
A Symonds,death,Wd,14.0,205.0,0.06829268292682927,0.04340420081967213,0.06422925727668116
A Symonds,death,Nb,1.0,205.0,0.004878048780487805,0.006570184426229508,0.005154315824690532
A Symonds,middle,0,160.0,499.0,0.32064128256513025,0.2808889845966761,0.3176912047938164
A Symonds,middle,1,187.0,499.0,0.374749498997996,0.4414331678151601,0.379698194271997
A Symonds,middle,2,48.0,499.0,0.09619238476953908,0.06664217673287394,0.0939994194235899
A Symonds,middle,3,2.0,499.0,0.004008016032064128,0.002286430887717876,0.0038802546113334228
A Symonds,middle,4,52.0,499.0,0.10420841683366733,0.08739739562221321,0.1029608456862496
A Symonds,middle,6,23.0,499.0,0.04609218436873747,0.048281059991892986,0.046254624118136765
A Symonds,middle,W,14.0,499.0,0.028056112224448898,0.04221980137819214,0.02910722088149849
A Symonds,middle,Wd,11.0,499.0,0.022044088176352707,0.028171868666396434,0.02249883997524278
A Symonds,middle,Nb,2.0,499.0,0.004008016032064128,0.002679114308877179,0.003909396238135598
A Symonds,powerplay,0,47.0,80.0,0.5875,0.4228881521678736,0.5326293840559579
A Symonds,powerplay,1,14.0,80.0,0.175,0.25764450947345025,0.20254816982448343
A Symonds,powerplay,2,2.0,80.0,0.025,0.04384827662845184,0.03128275887615061
A Symonds,powerplay,3,2.0,80.0,0.025,0.005028429611245902,0.0183428098704153
A Symonds,powerplay,4,10.0,80.0,0.125,0.15223269683107069,0.13407756561035689
A Symonds,powerplay,6,0.0,80.0,0.0,0.040523771600022226,0.013507923866674076
A Symonds,powerplay,W,1.0,80.0,0.0125,0.03919952586446391,0.021399841954821305
A Symonds,powerplay,Wd,4.0,80.0,0.05,0.03486563072990943,0.044955210243303144
A Symonds,powerplay,Nb,0.0,80.0,0.0,0.003769007093512122,0.0012563356978373742
A Zampa,death,0,15.0,60.0,0.25,0.21696977459016392,0.23678790983606557
A Zampa,death,1,17.0,60.0,0.2833333333333333,0.37083760245901637,0.31833504098360654
A Zampa,death,2,4.0,60.0,0.06666666666666667,0.08837090163934426,0.0753483606557377
A Zampa,death,3,1.0,60.0,0.016666666666666666,0.002651127049180328,0.011060450819672132
A Zampa,death,4,5.0,60.0,0.08333333333333333,0.11151383196721311,0.09460553278688526
A Zampa,death,6,0.0,60.0,0.0,0.07952100409836066,0.031808401639344265
A Zampa,death,W,15.0,60.0,0.25,0.08016137295081967,0.18206454918032786
A Zampa,death,Wd,2.0,60.0,0.03333333333333333,0.04340420081967213,0.03736168032786885
A Zampa,death,Nb,1.0,60.0,0.016666666666666666,0.006570184426229508,0.012628073770491804
A Zampa,middle,0,7.0,17.0,0.4117647058823529,0.2808889845966761,0.3199220944538078
A Zampa,middle,1,5.0,17.0,0.29411764705882354,0.4414331678151601,0.3974969598702878
A Zampa,middle,2,2.0,17.0,0.11764705882352941,0.06664217673287394,0.08185415911078872
A Zampa,middle,3,0.0,17.0,0.0,0.002286430887717876,0.0016045129036616674
A Zampa,middle,4,1.0,17.0,0.058823529411764705,0.08739739562221321,0.07887536534892155
A Zampa,middle,6,0.0,17.0,0.0,0.048281059991892986,0.03388144560834595
A Zampa,middle,W,2.0,17.0,0.11764705882352941,0.04221980137819214,0.0647156500899594
A Zampa,middle,Wd,0.0,17.0,0.0,0.028171868666396434,0.01976973239747118
A Zampa,middle,Nb,0.0,17.0,0.0,0.002679114308877179,0.001880080216755915
AA Noffke,middle,0,4.0,12.0,0.3333333333333333,0.2808889845966761,0.2929915266128278
AA Noffke,middle,1,4.0,12.0,0.3333333333333333,0.4414331678151601,0.4164870521655078
AA Noffke,middle,2,0.0,12.0,0.0,0.06664217673287394,0.05126321287144149
AA Noffke,middle,3,0.0,12.0,0.0,0.002286430887717876,0.0017587929905522122
AA Noffke,middle,4,1.0,12.0,0.08333333333333333,0.08739739562221321,0.08645953509401015
AA Noffke,middle,6,0.0,12.0,0.0,0.048281059991892986,0.037139276916840755
AA Noffke,middle,W,1.0,12.0,0.08333333333333333,0.04221980137819214,0.05170753952168627
AA Noffke,middle,Wd,2.0,12.0,0.16666666666666666,0.028171868666396434,0.06013220666645879
AA Noffke,middle,Nb,0.0,12.0,0.0,0.002679114308877179,0.002060857160674753
AB Agarkar,death,0,15.0,90.0,0.16666666666666666,0.21696977459016392,0.18214454602774274
AB Agarkar,death,1,46.0,90.0,0.5111111111111111,0.37083760245901637,0.4679500315258512
AB Agarkar,death,2,8.0,90.0,0.08888888888888889,0.08837090163934426,0.08872950819672132
AB Agarkar,death,3,0.0,90.0,0.0,0.002651127049180328,0.0008157313997477932
AB Agarkar,death,4,9.0,90.0,0.1,0.11151383196721311,0.10354271752837327
AB Agarkar,death,6,2.0,90.0,0.022222222222222223,0.07952100409836066,0.03985261664564944
AB Agarkar,death,W,3.0,90.0,0.03333333333333333,0.08016137295081967,0.04774196090794451
AB Agarkar,death,Wd,4.0,90.0,0.044444444444444446,0.04340420081967213,0.044124369482976045
AB Agarkar,death,Nb,3.0,90.0,0.03333333333333333,0.006570184426229508,0.025098518284993696
AB Agarkar,middle,0,18.0,34.0,0.5294117647058824,0.2808889845966761,0.39507512680901413
AB Agarkar,middle,1,12.0,34.0,0.35294117647058826,0.4414331678151601,0.400774685305492
AB Agarkar,middle,2,2.0,34.0,0.058823529411764705,0.06664217673287394,0.06304982526101294
AB Agarkar,middle,3,0.0,34.0,0.0,0.002286430887717876,0.0012359085879556087
AB Agarkar,middle,4,0.0,34.0,0.0,0.08739739562221321,0.047241835471466605
AB Agarkar,middle,6,0.0,34.0,0.0,0.048281059991892986,0.0260978702658881
AB Agarkar,middle,W,2.0,34.0,0.058823529411764705,0.04221980137819214,0.049848541285509265
AB Agarkar,middle,Wd,0.0,34.0,0.0,0.028171868666396434,0.015228037116971044
AB Agarkar,middle,Nb,0.0,34.0,0.0,0.002679114308877179,0.001448169896690367
AB Agarkar,powerplay,0,6.0,15.0,0.4,0.4228881521678736,0.41664592884936263
AB Agarkar,powerplay,1,2.0,15.0,0.13333333333333333,0.25764450947345025,0.22374146143523654
AB Agarkar,powerplay,2,1.0,15.0,0.06666666666666667,0.04384827662845184,0.050071473911601334
AB Agarkar,powerplay,3,0.0,15.0,0.0,0.005028429611245902,0.003657039717269747
AB Agarkar,powerplay,4,1.0,15.0,0.06666666666666667,0.15223269683107069,0.1288965067862332
AB Agarkar,powerplay,6,2.0,15.0,0.13333333333333333,0.040523771600022226,0.06583547025456161
AB Agarkar,powerplay,W,1.0,15.0,0.06666666666666667,0.03919952586446391,0.04669056426506466
AB Agarkar,powerplay,Wd,2.0,15.0,0.13333333333333333,0.03486563072990943,0.06172045871266141
AB Agarkar,powerplay,Nb,0.0,15.0,0.0,0.003769007093512122,0.002741096068008816
AB Barath,death,0,3.0,5.0,0.6,0.21696977459016392,0.25952868852459016
AB Barath,death,1,2.0,5.0,0.4,0.37083760245901637,0.37407786885245903
AB Barath,death,2,0.0,5.0,0.0,0.08837090163934426,0.078551912568306
AB Barath,death,3,0.0,5.0,0.0,0.002651127049180328,0.0023565573770491805
AB Barath,death,4,0.0,5.0,0.0,0.11151383196721311,0.09912340619307833
AB Barath,death,6,0.0,5.0,0.0,0.07952100409836066,0.07068533697632058
AB Barath,death,W,0.0,5.0,0.0,0.08016137295081967,0.07125455373406192
AB Barath,death,Wd,0.0,5.0,0.0,0.04340420081967213,0.038581511839708565
AB Barath,death,Nb,0.0,5.0,0.0,0.006570184426229508,0.00584016393442623
AB Barath,middle,0,7.0,16.0,0.4375,0.2808889845966761,0.32563498899762583
AB Barath,middle,1,5.0,16.0,0.3125,0.4414331678151601,0.40459511986797153
AB Barath,middle,2,0.0,16.0,0.0,0.06664217673287394,0.047601554809195666
AB Barath,middle,3,0.0,16.0,0.0,0.002286430887717876,0.001633164919798483
AB Barath,middle,4,2.0,16.0,0.125,0.08739739562221321,0.09814099687300944
AB Barath,middle,6,0.0,16.0,0.0,0.048281059991892986,0.034486471422780704
AB Barath,middle,W,2.0,16.0,0.125,0.04221980137819214,0.06587128669870868
AB Barath,middle,Wd,0.0,16.0,0.0,0.028171868666396434,0.02012276333314031
AB Barath,middle,Nb,0.0,16.0,0.0,0.002679114308877179,0.0019136530777694135
AB Barath,powerplay,0,20.0,36.0,0.5555555555555556,0.4228881521678736,0.48573060640414406
AB Barath,powerplay,1,6.0,36.0,0.16666666666666666,0.25764450947345025,0.21454974182813172
AB Barath,powerplay,2,2.0,36.0,0.05555555555555555,0.04384827662845184,0.049393829804448335
AB Barath,powerplay,3,0.0,36.0,0.0,0.005028429611245902,0.002646541900655738
AB Barath,powerplay,4,4.0,36.0,0.1111111111111111,0.15223269683107069,0.13275405096372142
AB Barath,powerplay,6,1.0,36.0,0.027777777777777776,0.040523771600022226,0.034486195578959065
AB Barath,powerplay,W,2.0,36.0,0.05555555555555555,0.03919952586446391,0.04694711887603364
AB Barath,powerplay,Wd,1.0,36.0,0.027777777777777776,0.03486563072990943,0.03150822669995233
AB Barath,powerplay,Nb,0.0,36.0,0.0,0.003769007093512122,0.0019836879439537485
AB Dinda,death,0,19.0,52.0,0.36538461538461536,0.21696977459016392,0.3008564237348539
AB Dinda,death,1,20.0,52.0,0.38461538461538464,0.37083760245901637,0.3786250445473984
AB Dinda,death,2,1.0,52.0,0.019230769230769232,0.08837090163934426,0.04929169636493229
AB Dinda,death,3,1.0,52.0,0.019230769230769232,0.002651127049180328,0.012022229151817535
AB Dinda,death,4,1.0,52.0,0.019230769230769232,0.11151383196721311,0.05935383998574483
AB Dinda,death,6,0.0,52.0,0.0,0.07952100409836066,0.0345743496079829
AB Dinda,death,W,9.0,52.0,0.17307692307692307,0.08016137295081967,0.1326788578047042
AB Dinda,death,Wd,1.0,52.0,0.019230769230769232,0.04340420081967213,0.02974095687811832
AB Dinda,death,Nb,0.0,52.0,0.0,0.006570184426229508,0.0028566019244476125
AB Dinda,middle,0,3.0,10.0,0.3,0.2808889845966761,0.2847111876773409
AB Dinda,middle,1,4.0,10.0,0.4,0.4414331678151601,0.4331465342521281
AB Dinda,middle,2,1.0,10.0,0.1,0.06664217673287394,0.07331374138629915
AB Dinda,middle,3,0.0,10.0,0.0,0.002286430887717876,0.0018291447101743009
AB Dinda,middle,4,1.0,10.0,0.1,0.08739739562221321,0.08991791649777056
AB Dinda,middle,6,0.0,10.0,0.0,0.048281059991892986,0.038624847993514386
AB Dinda,middle,W,0.0,10.0,0.0,0.04221980137819214,0.03377584110255371
AB Dinda,middle,Wd,1.0,10.0,0.1,0.028171868666396434,0.04253749493311714
AB Dinda,middle,Nb,0.0,10.0,0.0,0.002679114308877179,0.002143291447101743
AB de Villiers,death,0,137.0,854.0,0.16042154566744732,0.21696977459016392,0.1629516677668977
AB de Villiers,death,1,292.0,854.0,0.34192037470725994,0.37083760245901637,0.34321421040085087
AB de Villiers,death,2,90.0,854.0,0.1053864168618267,0.08837090163934426,0.10462509627021675
AB de Villiers,death,3,3.0,854.0,0.00351288056206089,0.002651127049180328,0.00347432335790516
AB de Villiers,death,4,121.0,854.0,0.14168618266978922,0.11151383196721311,0.14033618934976344
AB de Villiers,death,6,130.0,854.0,0.1522248243559719,0.07952100409836066,0.14897185700663806
AB de Villiers,death,W,49.0,854.0,0.05737704918032787,0.08016137295081967,0.05839648201122236
AB de Villiers,death,Wd,26.0,854.0,0.03044496487119438,0.04340420081967213,0.031024796457256025
AB de Villiers,death,Nb,6.0,854.0,0.00702576112412178,0.006570184426229508,0.007005377379249642
AB de Villiers,middle,0,506.0,2039.0,0.24816086316821973,0.2808889845966761,0.24879055285419294
AB de Villiers,middle,1,983.0,2039.0,0.4820990681706719,0.4414331678151601,0.48131665546541913
AB de Villiers,middle,2,167.0,2039.0,0.08190289357528201,0.06664217673287394,0.08160927708961759
AB de Villiers,middle,3,12.0,2039.0,0.005885237861696911,0.002286430887717876,0.005815996746276438
AB de Villiers,middle,4,170.0,2039.0,0.08337420304070622,0.08739739562221321,0.08345160934338072
AB de Villiers,middle,6,83.0,2039.0,0.04070622854340363,0.048281059991892986,0.04085196844621247
AB de Villiers,middle,W,79.0,2039.0,0.03874448258950466,0.04221980137819214,0.03881134778986421
AB de Villiers,middle,Wd,36.0,2039.0,0.01765571358509073,0.028171868666396434,0.017858044611186077
AB de Villiers,middle,Nb,3.0,2039.0,0.0014713094654242277,0.002679114308877179,0.001494547653850451
AB de Villiers,powerplay,0,363.0,821.0,0.44214372716199757,0.4228881521678736,0.44124915921801966
AB de Villiers,powerplay,1,208.0,821.0,0.25334957369062117,0.25764450947345025,0.25354910613117077
AB de Villiers,powerplay,2,43.0,821.0,0.05237515225334957,0.04384827662845184,0.05197901401293621
AB de Villiers,powerplay,3,4.0,821.0,0.0048721071863581,0.005028429611245902,0.004879369552206546
AB de Villiers,powerplay,4,121.0,821.0,0.14738124238733252,0.15223269683107069,0.14760662935335986
AB de Villiers,powerplay,6,23.0,821.0,0.028014616321559074,0.040523771600022226,0.028595761746807072
AB de Villiers,powerplay,W,30.0,821.0,0.03654080389768575,0.03919952586446391,0.0366643217590924
AB de Villiers,powerplay,Wd,28.0,821.0,0.0341047503045067,0.03486563072990943,0.03414009898861368
AB de Villiers,powerplay,Nb,1.0,821.0,0.001218026796589525,0.003769007093512122,0.0013365392377938268
AC Gilchrist,death,0,6.0,29.0,0.20689655172413793,0.21696977459016392,0.21273610121168923
AC Gilchrist,death,1,12.0,29.0,0.41379310344827586,0.37083760245901637,0.38889136374435734
AC Gilchrist,death,2,0.0,29.0,0.0,0.08837090163934426,0.051229508196721306
AC Gilchrist,death,3,0.0,29.0,0.0,0.002651127049180328,0.0015368852459016393
AC Gilchrist,death,4,5.0,29.0,0.1724137931034483,0.11151383196721311,0.13710946780708008
AC Gilchrist,death,6,5.0,29.0,0.1724137931034483,0.07952100409836066,0.11856290092658589
AC Gilchrist,death,W,1.0,29.0,0.034482758620689655,0.08016137295081967,0.06096311475409836
AC Gilchrist,death,Wd,0.0,29.0,0.0,0.04340420081967213,0.02516185554763602
AC Gilchrist,death,Nb,0.0,29.0,0.0,0.006570184426229508,0.00380880256593015
AC Gilchrist,middle,0,119.0,385.0,0.3090909090909091,0.2808889845966761,0.30643661031498126
AC Gilchrist,middle,1,135.0,385.0,0.35064935064935066,0.4414331678151601,0.35919370991201505
AC Gilchrist,middle,2,25.0,385.0,0.06493506493506493,0.06664217673287394,0.06509573428074107
AC Gilchrist,middle,3,1.0,385.0,0.0025974025974025974,0.002286430887717876,0.002568134671785212
AC Gilchrist,middle,4,33.0,385.0,0.08571428571428572,0.08739739562221321,0.08587269605856124
AC Gilchrist,middle,6,34.0,385.0,0.08831168831168831,0.048281059991892986,0.08454409976394286
AC Gilchrist,middle,W,22.0,385.0,0.05714285714285714,0.04221980137819214,0.05573833424735926
AC Gilchrist,middle,Wd,13.0,385.0,0.033766233766233764,0.028171868666396434,0.033239705286249074
AC Gilchrist,middle,Nb,3.0,385.0,0.007792207792207792,0.002679114308877179,0.007310975464364911
AC Gilchrist,powerplay,0,445.0,1057.0,0.4210028382213813,0.4228881521678736,0.4210715825767684
AC Gilchrist,powerplay,1,231.0,1057.0,0.2185430463576159,0.25764450947345025,0.21996880617952416
AC Gilchrist,powerplay,2,46.0,1057.0,0.043519394512771994,0.04384827662845184,0.04353138656803836
AC Gilchrist,powerplay,3,3.0,1057.0,0.002838221381267739,0.005028429611245902,0.002918083121649805
AC Gilchrist,powerplay,4,187.0,1057.0,0.17691579943235572,0.15223269683107069,0.1760157774596562
AC Gilchrist,powerplay,6,46.0,1057.0,0.043519394512771994,0.040523771600022226,0.04341016487146845
AC Gilchrist,powerplay,W,41.0,1057.0,0.03878902554399243,0.03919952586446391,0.03880399365048182
AC Gilchrist,powerplay,Wd,50.0,1057.0,0.04730368968779565,0.03486563072990943,0.0468501597349101
AC Gilchrist,powerplay,Nb,8.0,1057.0,0.007568590350047304,0.003769007093512122,0.007430045837502721
AC Voges,death,0,14.0,66.0,0.21212121212121213,0.21696977459016392,0.21395085833591093
AC Voges,death,1,32.0,66.0,0.48484848484848486,0.37083760245901637,0.441825510361893
AC Voges,death,2,10.0,66.0,0.15151515151515152,0.08837090163934426,0.12768713269409218
AC Voges,death,3,1.0,66.0,0.015151515151515152,0.002651127049180328,0.010434387565728426
AC Voges,death,4,4.0,66.0,0.06060606060606061,0.11151383196721311,0.07981654036498609
AC Voges,death,6,3.0,66.0,0.045454545454545456,0.07952100409836066,0.05830981286730591
AC Voges,death,W,2.0,66.0,0.030303030303030304,0.08016137295081967,0.049117499226724405
AC Voges,death,Wd,0.0,66.0,0.0,0.04340420081967213,0.016378943705536653
AC Voges,death,Nb,0.0,66.0,0.0,0.006570184426229508,0.002479314877822456
AC Voges,middle,0,36.0,120.0,0.3,0.2808889845966761,0.29522224614916903
AC Voges,middle,1,53.0,120.0,0.44166666666666665,0.4414331678151601,0.44160829195379003
AC Voges,middle,2,16.0,120.0,0.13333333333333333,0.06664217673287394,0.11666054418321847
AC Voges,middle,3,1.0,120.0,0.008333333333333333,0.002286430887717876,0.00682160772192947
AC Voges,middle,4,10.0,120.0,0.08333333333333333,0.08739739562221321,0.0843493489055533
AC Voges,middle,6,1.0,120.0,0.008333333333333333,0.048281059991892986,0.018320264997973245
AC Voges,middle,W,3.0,120.0,0.025,0.04221980137819214,0.029304950344548036
AC Voges,middle,Wd,0.0,120.0,0.0,0.028171868666396434,0.0070429671665991084
AC Voges,middle,Nb,0.0,120.0,0.0,0.002679114308877179,0.0006697785772192947
AC Voges,powerplay,0,7.0,24.0,0.2916666666666667,0.4228881521678736,0.373680095104921
AC Voges,powerplay,1,10.0,24.0,0.4166666666666667,0.25764450947345025,0.3172778184209064
AC Voges,powerplay,2,2.0,24.0,0.08333333333333333,0.04384827662845184,0.058655172892782395
AC Voges,powerplay,3,1.0,24.0,0.041666666666666664,0.005028429611245902,0.018767768507028687
AC Voges,powerplay,4,1.0,24.0,0.041666666666666664,0.15223269683107069,0.11077043551941917
AC Voges,powerplay,6,1.0,24.0,0.041666666666666664,0.040523771600022226,0.04095235725001389
AC Voges,powerplay,W,1.0,24.0,0.041666666666666664,0.03919952586446391,0.040124703665289946
AC Voges,powerplay,Wd,1.0,24.0,0.041666666666666664,0.03486563072990943,0.0374160192061934
AC Voges,powerplay,Nb,0.0,24.0,0.0,0.003769007093512122,0.0023556294334450764
AD Hales,death,0,10.0,78.0,0.1282051282051282,0.21696977459016392,0.15829483884412338
AD Hales,death,1,33.0,78.0,0.4230769230769231,0.37083760245901637,0.4053686787996666
AD Hales,death,2,9.0,78.0,0.11538461538461539,0.08837090163934426,0.10622742428452348
AD Hales,death,3,1.0,78.0,0.01282051282051282,0.002651127049180328,0.009373263406501806
AD Hales,death,4,9.0,78.0,0.11538461538461539,0.11151383196721311,0.11407248541261462
AD Hales,death,6,6.0,78.0,0.07692307692307693,0.07952100409836066,0.07780373020283413
AD Hales,death,W,6.0,78.0,0.07692307692307693,0.08016137295081967,0.07802080439010836
AD Hales,death,Wd,1.0,78.0,0.01282051282051282,0.04340420081967213,0.023187864684634622
AD Hales,death,Nb,3.0,78.0,0.038461538461538464,0.006570184426229508,0.027650909974993053
AD Hales,middle,0,125.0,491.0,0.2545824847250509,0.2808889845966761,0.2565641419658513
AD Hales,middle,1,215.0,491.0,0.4378818737270876,0.4414331678151601,0.4381493911725167
AD Hales,middle,2,41.0,491.0,0.0835030549898167,0.06664217673287394,0.08223293233392646
AD Hales,middle,3,2.0,491.0,0.004073319755600814,0.002286430887717876,0.003938714191165188
AD Hales,middle,4,48.0,491.0,0.09775967413441955,0.08739739562221321,0.09697908818246427
AD Hales,middle,6,31.0,491.0,0.06313645621181263,0.048281059991892986,0.062017405649106815
AD Hales,middle,W,19.0,491.0,0.038696537678207736,0.04221980137819214,0.03896194360664348
AD Hales,middle,Wd,8.0,491.0,0.016293279022403257,0.028171868666396434,0.017188088035133442
AD Hales,middle,Nb,2.0,491.0,0.004073319755600814,0.002679114308877179,0.003968294863192255
AD Hales,powerplay,0,286.0,713.0,0.4011220196353436,0.4228881521678736,0.40227825509523896
AD Hales,powerplay,1,181.0,713.0,0.2538569424964937,0.25764450947345025,0.2540581412734901
AD Hales,powerplay,2,39.0,713.0,0.0546984572230014,0.04384827662845184,0.05412208640788589
AD Hales,powerplay,3,5.0,713.0,0.0070126227208976155,0.005028429611245902,0.0069072206964805255
AD Hales,powerplay,4,124.0,713.0,0.17391304347826086,0.15223269683107069,0.17276136503750708
AD Hales,powerplay,6,32.0,713.0,0.04488078541374474,0.040523771600022226,0.04464933713678737
AD Hales,powerplay,W,27.0,713.0,0.037868162692847124,0.03919952586446391,0.0379388858360937
AD Hales,powerplay,Wd,15.0,713.0,0.021037868162692847,0.03486563072990943,0.021772410662943397
AD Hales,powerplay,Nb,4.0,713.0,0.005610098176718092,0.003769007093512122,0.0055122978535730215
AD Mascarenhas,death,0,9.0,80.0,0.1125,0.21696977459016392,0.14732325819672132
AD Mascarenhas,death,1,38.0,80.0,0.475,0.37083760245901637,0.44027920081967215
AD Mascarenhas,death,2,13.0,80.0,0.1625,0.08837090163934426,0.13779030054644809
AD Mascarenhas,death,3,0.0,80.0,0.0,0.002651127049180328,0.0008837090163934426
AD Mascarenhas,death,4,7.0,80.0,0.0875,0.11151383196721311,0.09550461065573772
AD Mascarenhas,death,6,1.0,80.0,0.0125,0.07952100409836066,0.03484033469945356
AD Mascarenhas,death,W,7.0,80.0,0.0875,0.08016137295081967,0.08505379098360656
AD Mascarenhas,death,Wd,5.0,80.0,0.0625,0.04340420081967213,0.05613473360655738
AD Mascarenhas,death,Nb,0.0,80.0,0.0,0.006570184426229508,0.002190061475409836
AD Mascarenhas,middle,0,31.0,72.0,0.4305555555555556,0.2808889845966761,0.37710320878452713
AD Mascarenhas,middle,1,30.0,72.0,0.4166666666666667,0.4414331678151601,0.4255118456482715
AD Mascarenhas,middle,2,2.0,72.0,0.027777777777777776,0.06664217673287394,0.04165792026174069
AD Mascarenhas,middle,3,0.0,72.0,0.0,0.002286430887717876,0.0008165824598992415
AD Mascarenhas,middle,4,2.0,72.0,0.027777777777777776,0.08739739562221321,0.04907049843650472
AD Mascarenhas,middle,6,0.0,72.0,0.0,0.048281059991892986,0.017243235711390352
AD Mascarenhas,middle,W,5.0,72.0,0.06944444444444445,0.04221980137819214,0.059721357635068625
AD Mascarenhas,middle,Wd,2.0,72.0,0.027777777777777776,0.028171868666396434,0.02791852452371301
AD Mascarenhas,middle,Nb,0.0,72.0,0.0,0.002679114308877179,0.0009568265388847067
AD Mascarenhas,powerplay,0,0.0,2.0,0.0,0.4228881521678736,0.40275062111226057
AD Mascarenhas,powerplay,1,0.0,2.0,0.0,0.25764450947345025,0.24537572330804786
AD Mascarenhas,powerplay,2,0.0,2.0,0.0,0.04384827662845184,0.04176026345566842
AD Mascarenhas,powerplay,3,0.0,2.0,0.0,0.005028429611245902,0.004788980582138954
AD Mascarenhas,powerplay,4,1.0,2.0,0.5,0.15223269683107069,0.16879304460101968
AD Mascarenhas,powerplay,6,0.0,2.0,0.0,0.040523771600022226,0.03859406819049736
AD Mascarenhas,powerplay,W,1.0,2.0,0.5,0.03919952586446391,0.06114240558520373
AD Mascarenhas,powerplay,Wd,0.0,2.0,0.0,0.03486563072990943,0.033205362599913746
AD Mascarenhas,powerplay,Nb,0.0,2.0,0.0,0.003769007093512122,0.00358953056524964
AD Mathews,death,0,80.0,481.0,0.16632016632016633,0.21696977459016392,0.1702088118687266
AD Mathews,death,1,203.0,481.0,0.42203742203742206,0.37083760245901637,0.4181065337780435
AD Mathews,death,2,53.0,481.0,0.1101871101871102,0.08837090163934426,0.10851216135426828
AD Mathews,death,3,1.0,481.0,0.002079002079002079,0.002651127049180328,0.0021229272206664362
AD Mathews,death,4,55.0,481.0,0.11434511434511435,0.11151383196721311,0.11412774141782826
AD Mathews,death,6,36.0,481.0,0.07484407484407485,0.07952100409836066,0.07520314810735974
AD Mathews,death,W,35.0,481.0,0.07276507276507277,0.08016137295081967,0.07333292690601304
AD Mathews,death,Wd,18.0,481.0,0.037422037422037424,0.04340420081967213,0.0378813206003587
AD Mathews,death,Nb,0.0,481.0,0.0,0.006570184426229508,0.0005044287467354709
AD Mathews,middle,0,237.0,731.0,0.32421340629274964,0.2808889845966761,0.32196570607505454
AD Mathews,middle,1,353.0,731.0,0.4829001367989056,0.4414331678151601,0.48074880248068275
AD Mathews,middle,2,40.0,731.0,0.05471956224350205,0.06664217673287394,0.05533811552440331
AD Mathews,middle,3,4.0,731.0,0.005471956224350205,0.002286430887717876,0.005306689021412081
AD Mathews,middle,4,31.0,731.0,0.04240766073871409,0.08739739562221321,0.04474175852774128
AD Mathews,middle,6,22.0,731.0,0.030095759233926128,0.048281059991892986,0.031039224902303136
AD Mathews,middle,W,25.0,731.0,0.03419972640218878,0.04221980137819214,0.03461581330107352
AD Mathews,middle,Wd,19.0,731.0,0.025991792065663474,0.028171868666396434,0.02610489591005948
AD Mathews,middle,Nb,0.0,731.0,0.0,0.002679114308877179,0.00013899425726989254
AD Mathews,powerplay,0,48.0,84.0,0.5714285714285714,0.4228881521678736,0.523512307150927
AD Mathews,powerplay,1,16.0,84.0,0.19047619047619047,0.25764450947345025,0.2121433901527259
AD Mathews,powerplay,2,2.0,84.0,0.023809523809523808,0.04384827662845184,0.030273637622081236
AD Mathews,powerplay,3,0.0,84.0,0.0,0.005028429611245902,0.0016220740681438394
AD Mathews,powerplay,4,11.0,84.0,0.13095238095238096,0.15223269683107069,0.13781699897776473
AD Mathews,powerplay,6,0.0,84.0,0.0,0.040523771600022226,0.013072184387103945
AD Mathews,powerplay,W,3.0,84.0,0.03571428571428571,0.03919952586446391,0.03683855673047223
AD Mathews,powerplay,Wd,4.0,84.0,0.047619047619047616,0.03486563072990943,0.04350504217093852
AD Mathews,powerplay,Nb,0.0,84.0,0.0,0.003769007093512122,0.0012158087398426202
AD Russell,death,0,256.0,989.0,0.25884732052578363,0.21696977459016392,0.2572194275836799
AD Russell,death,1,272.0,989.0,0.2750252780586451,0.37083760245901637,0.2787497610285332
AD Russell,death,2,41.0,989.0,0.041456016177957536,0.08837090163934426,0.043279724067613
AD Russell,death,3,0.0,989.0,0.0,0.002651127049180328,0.00010305644506045978
AD Russell,death,4,112.0,989.0,0.11324570273003033,0.11151383196721311,0.11317838025139798
AD Russell,death,6,151.0,989.0,0.15267947421638017,0.07952100409836066,0.14983560754512576
AD Russell,death,W,77.0,989.0,0.07785642062689585,0.08016137295081967,0.07794602032850612
AD Russell,death,Wd,73.0,989.0,0.07381193124368049,0.04340420081967213,0.07262990090649843
AD Russell,death,Nb,7.0,989.0,0.007077856420626896,0.006570184426229508,0.007058121843585209
AD Russell,middle,0,350.0,968.0,0.3615702479338843,0.2808889845966761,0.3583686104998681
AD Russell,middle,1,286.0,968.0,0.29545454545454547,0.4414331678151601,0.301247347929173
AD Russell,middle,2,33.0,968.0,0.03409090909090909,0.06664217673287394,0.03538262606082833
AD Russell,middle,3,2.0,968.0,0.002066115702479339,0.002286430887717876,0.002074858368560233
AD Russell,middle,4,94.0,968.0,0.09710743801652892,0.08739739562221321,0.09672211887389735
AD Russell,middle,6,111.0,968.0,0.11466942148760331,0.048281059991892986,0.112034962698091
AD Russell,middle,W,39.0,968.0,0.040289256198347105,0.04221980137819214,0.04036586513405524
AD Russell,middle,Wd,42.0,968.0,0.04338842975206612,0.028171868666396434,0.04278459796295224
AD Russell,middle,Nb,11.0,968.0,0.011363636363636364,0.002679114308877179,0.011019012472574492
AD Russell,powerplay,0,19.0,43.0,0.4418604651162791,0.4228881521678736,0.43271718176764995
AD Russell,powerplay,1,6.0,43.0,0.13953488372093023,0.25764450947345025,0.19645518528840977
AD Russell,powerplay,2,0.0,43.0,0.0,0.04384827662845184,0.02113169957997679
AD Russell,powerplay,3,0.0,43.0,0.0,0.005028429611245902,0.002423339571684772
AD Russell,powerplay,4,6.0,43.0,0.13953488372093023,0.15223269683107069,0.1456543117258172
AD Russell,powerplay,6,7.0,43.0,0.16279069767441862,0.040523771600022226,0.10386687787952878
AD Russell,powerplay,W,3.0,43.0,0.06976744186046512,0.03919952586446391,0.055035916079259714
AD Russell,powerplay,Wd,2.0,43.0,0.046511627906976744,0.03486563072990943,0.040899099146944305
AD Russell,powerplay,Nb,0.0,43.0,0.0,0.003769007093512122,0.0018163889607287337
AF Milne,death,0,16.0,59.0,0.2711864406779661,0.21696977459016392,0.24928071700612683
AF Milne,death,1,22.0,59.0,0.3728813559322034,0.37083760245901637,0.37205559695313795
AF Milne,death,2,7.0,59.0,0.11864406779661017,0.08837090163934426,0.10641248551084617
AF Milne,death,3,0.0,59.0,0.0,0.002651127049180328,0.0010711624441132638
AF Milne,death,4,1.0,59.0,0.01694915254237288,0.11151383196721311,0.05515710382513661
AF Milne,death,6,3.0,59.0,0.05084745762711865,0.07952100409836066,0.062432728928630575
AF Milne,death,W,7.0,59.0,0.11864406779661017,0.08016137295081967,0.1030955042225534
AF Milne,death,Wd,3.0,59.0,0.05084745762711865,0.04340420081967213,0.04784008113926147
AF Milne,death,Nb,0.0,59.0,0.0,0.006570184426229508,0.002654619970193741
AF Milne,middle,0,8.0,21.0,0.38095238095238093,0.2808889845966761,0.3153370390797876
AF Milne,middle,1,8.0,21.0,0.38095238095238093,0.4414331678151601,0.42061191332141645
AF Milne,middle,2,1.0,21.0,0.047619047619047616,0.06664217673287394,0.0600932306445075
AF Milne,middle,3,0.0,21.0,0.0,0.002286430887717876,0.0014992989427658203
AF Milne,middle,4,0.0,21.0,0.0,0.08739739562221321,0.05730976762112342
AF Milne,middle,6,1.0,21.0,0.047619047619047616,0.048281059991892986,0.04805315409304458
AF Milne,middle,W,3.0,21.0,0.14285714285714285,0.04221980137819214,0.07686544352668337
AF Milne,middle,Wd,0.0,21.0,0.0,0.028171868666396434,0.01847335650255504
AF Milne,middle,Nb,0.0,21.0,0.0,0.002679114308877179,0.0017567962681161828
AJ Finch,death,0,56.0,254.0,0.2204724409448819,0.21696977459016392,0.21999588769934206
AJ Finch,death,1,90.0,254.0,0.3543307086614173,0.37083760245901637,0.35657654455224713
AJ Finch,death,2,33.0,254.0,0.12992125984251968,0.08837090163934426,0.12426814988290398
AJ Finch,death,3,0.0,254.0,0.0,0.002651127049180328,0.00036069755771160925
AJ Finch,death,4,35.0,254.0,0.1377952755905512,0.11151383196721311,0.13421956897513102
AJ Finch,death,6,18.0,254.0,0.07086614173228346,0.07952100409836066,0.07204367402698784
AJ Finch,death,W,16.0,254.0,0.06299212598425197,0.08016137295081967,0.06532807795249247
AJ Finch,death,Wd,5.0,254.0,0.01968503937007874,0.04340420081967213,0.022912136165941788
AJ Finch,death,Nb,1.0,254.0,0.003937007874015748,0.006570184426229508,0.00429526318724211
AJ Finch,middle,0,297.0,1119.0,0.26541554959785524,0.2808889845966761,0.2659495766901355
AJ Finch,middle,1,480.0,1119.0,0.4289544235924933,0.4414331678151601,0.42938509638706335
AJ Finch,middle,2,74.0,1119.0,0.06613047363717604,0.06664217673287394,0.06614813379578512
AJ Finch,middle,3,1.0,1119.0,0.0008936550491510277,0.002286430887717876,0.0009417232403008759
AJ Finch,middle,4,109.0,1119.0,0.09740840035746202,0.08739739562221321,0.09706289544856647
AJ Finch,middle,6,66.0,1119.0,0.058981233243967826,0.048281059991892986,0.058611943399202525
AJ Finch,middle,W,44.0,1119.0,0.03932082216264522,0.04221980137819214,0.039420873214087736
AJ Finch,middle,Wd,44.0,1119.0,0.03932082216264522,0.028171868666396434,0.03893604378486269
AJ Finch,middle,Nb,4.0,1119.0,0.0035746201966041107,0.002679114308877179,0.003543714039995761
AJ Finch,powerplay,0,695.0,1633.0,0.4255970606246173,0.4228881521678736,0.4255322929388613
AJ Finch,powerplay,1,396.0,1633.0,0.2424984690753215,0.25764450947345025,0.24286059795513332
AJ Finch,powerplay,2,102.0,1633.0,0.062461726883037354,0.04384827662845184,0.06201669519733298
AJ Finch,powerplay,3,9.0,1633.0,0.005511328842620943,0.005028429611245902,0.0054997831347578215
AJ Finch,powerplay,4,253.0,1633.0,0.15492957746478872,0.15223269683107069,0.1548650973540005
AJ Finch,powerplay,6,51.0,1633.0,0.031230863441518677,0.040523771600022226,0.0314530489324572
AJ Finch,powerplay,W,68.0,1633.0,0.041641151255358236,0.03919952586446391,0.041582774079245995
AJ Finch,powerplay,Wd,50.0,1633.0,0.03061849357011635,0.03486563072990943,0.030720038989358267
AJ Finch,powerplay,Nb,9.0,1633.0,0.005511328842620943,0.003769007093512122,0.005469671418852651
AJ Hosein,death,0,31.0,108.0,0.28703703703703703,0.21696977459016392,0.2680999390784227
AJ Hosein,death,1,43.0,108.0,0.39814814814814814,0.37083760245901637,0.39076691958351795
AJ Hosein,death,2,6.0,108.0,0.05555555555555555,0.08837090163934426,0.06442456801063359
AJ Hosein,death,3,0.0,108.0,0.0,0.002651127049180328,0.0007165208241027913
AJ Hosein,death,4,11.0,108.0,0.10185185185185185,0.11151383196721311,0.10446319782897652
AJ Hosein,death,6,7.0,108.0,0.06481481481481481,0.07952100409836066,0.06878946056712451
AJ Hosein,death,W,7.0,108.0,0.06481481481481481,0.08016137295081967,0.06896253322995126
AJ Hosein,death,Wd,3.0,108.0,0.027777777777777776,0.04340420081967213,0.032001135356668146
AJ Hosein,death,Nb,0.0,108.0,0.0,0.006570184426229508,0.0017757255206025699
AJ Hosein,middle,0,45.0,92.0,0.4891304347826087,0.2808889845966761,0.42602696502929577
AJ Hosein,middle,1,28.0,92.0,0.30434782608695654,0.4414331678151601,0.3458888387318667
AJ Hosein,middle,2,4.0,92.0,0.043478260869565216,0.06664217673287394,0.0504976293129921
AJ Hosein,middle,3,0.0,92.0,0.0,0.002286430887717876,0.0006928578447629927
AJ Hosein,middle,4,2.0,92.0,0.021739130434782608,0.08739739562221321,0.041635574430973696
AJ Hosein,middle,6,4.0,92.0,0.043478260869565216,0.048281059991892986,0.04493365454299787
AJ Hosein,middle,W,6.0,92.0,0.06521739130434782,0.04221980137819214,0.05824842466005822
AJ Hosein,middle,Wd,2.0,92.0,0.021739130434782608,0.028171868666396434,0.02368844505042316
AJ Hosein,middle,Nb,1.0,92.0,0.010869565217391304,0.002679114308877179,0.008387610396629448
AJ Turner,death,0,16.0,58.0,0.27586206896551724,0.21696977459016392,0.25182439779190363
AJ Turner,death,1,27.0,58.0,0.46551724137931033,0.37083760245901637,0.42687249079959855
AJ Turner,death,2,3.0,58.0,0.05172413793103448,0.08837090163934426,0.06668200066912011
AJ Turner,death,3,0.0,58.0,0.0,0.002651127049180328,0.0010820926731348276
AJ Turner,death,4,3.0,58.0,0.05172413793103448,0.11151383196721311,0.07612809468049515
AJ Turner,death,6,0.0,58.0,0.0,0.07952100409836066,0.032457552693208436
AJ Turner,death,W,8.0,58.0,0.13793103448275862,0.08016137295081967,0.11435158079625292
AJ Turner,death,Wd,0.0,58.0,0.0,0.04340420081967213,0.017716000334560056
AJ Turner,death,Nb,1.0,58.0,0.017241379310344827,0.006570184426229508,0.01288578956172633
AJ Turner,middle,0,10.0,31.0,0.3225806451612903,0.2808889845966761,0.29909238568826824
AJ Turner,middle,1,10.0,31.0,0.3225806451612903,0.4414331678151601,0.38953981285361133
AJ Turner,middle,2,3.0,31.0,0.0967741935483871,0.06664217673287394,0.07979840942697124
AJ Turner,middle,3,0.0,31.0,0.0,0.002286430887717876,0.0012881300775875357
AJ Turner,middle,4,0.0,31.0,0.0,0.08739739562221321,0.04923796936462716
AJ Turner,middle,6,2.0,31.0,0.06451612903225806,0.048281059991892986,0.0553696112630383
AJ Turner,middle,W,2.0,31.0,0.06451612903225806,0.04221980137819214,0.05195481767785473
AJ Turner,middle,Wd,4.0,31.0,0.12903225806451613,0.028171868666396434,0.07220950347402616
AJ Turner,middle,Nb,0.0,31.0,0.0,0.002679114308877179,0.001509360174015312
AJ Tye,death,0,40.0,108.0,0.37037037037037035,0.21696977459016392,0.3289107498892335
AJ Tye,death,1,28.0,108.0,0.25925925925925924,0.37083760245901637,0.2894155682321666
AJ Tye,death,2,9.0,108.0,0.08333333333333333,0.08837090163934426,0.08469483828090385
AJ Tye,death,3,1.0,108.0,0.009259259259259259,0.002651127049180328,0.007473277580859548
AJ Tye,death,4,9.0,108.0,0.08333333333333333,0.11151383196721311,0.090949684315463
AJ Tye,death,6,5.0,108.0,0.046296296296296294,0.07952100409836066,0.05527594705361099
AJ Tye,death,W,10.0,108.0,0.09259259259259259,0.08016137295081967,0.08923280350022153
AJ Tye,death,Wd,5.0,108.0,0.046296296296296294,0.04340420081967213,0.04551464887018166
AJ Tye,death,Nb,1.0,108.0,0.009259259259259259,0.006570184426229508,0.008532482277359327
AJ Tye,middle,0,7.0,18.0,0.3888888888888889,0.2808889845966761,0.31440619627356975
AJ Tye,middle,1,3.0,18.0,0.16666666666666666,0.4414331678151601,0.35616080538976563
AJ Tye,middle,2,2.0,18.0,0.1111111111111111,0.06664217673287394,0.0804428805054303
AJ Tye,middle,3,0.0,18.0,0.0,0.002286430887717876,0.0015768488880812939
AJ Tye,middle,4,1.0,18.0,0.05555555555555555,0.08739739562221321,0.07751544525669876
AJ Tye,middle,6,2.0,18.0,0.1111111111111111,0.048281059991892986,0.0677800413737193
AJ Tye,middle,W,2.0,18.0,0.1111111111111111,0.04221980137819214,0.06359986301944286
AJ Tye,middle,Wd,1.0,18.0,0.05555555555555555,0.028171868666396434,0.03667025425268719
AJ Tye,middle,Nb,0.0,18.0,0.0,0.002679114308877179,0.001847665040604951
AK Markram,death,0,37.0,260.0,0.1423076923076923,0.21696977459016392,0.15226263661202186
AK Markram,death,1,118.0,260.0,0.45384615384615384,0.37083760245901637,0.44277834699453555
AK Markram,death,2,18.0,260.0,0.06923076923076923,0.08837090163934426,0.0717827868852459
AK Markram,death,3,2.0,260.0,0.007692307692307693,0.002651127049180328,0.007020150273224043
AK Markram,death,4,33.0,260.0,0.12692307692307692,0.11151383196721311,0.12486851092896174
AK Markram,death,6,23.0,260.0,0.08846153846153847,0.07952100409836066,0.08726946721311475
AK Markram,death,W,15.0,260.0,0.057692307692307696,0.08016137295081967,0.060688183060109285
AK Markram,death,Wd,13.0,260.0,0.05,0.04340420081967213,0.04912056010928962
AK Markram,death,Nb,1.0,260.0,0.0038461538461538464,0.006570184426229508,0.004209357923497268
AK Markram,middle,0,202.0,992.0,0.20362903225806453,0.2808889845966761,0.20662360405413474
AK Markram,middle,1,518.0,992.0,0.5221774193548387,0.4414331678151601,0.519047797202138
AK Markram,middle,2,79.0,992.0,0.07963709677419355,0.06664217673287394,0.07913341770282457
AK Markram,middle,3,2.0,992.0,0.0020161290322580645,0.002286430887717876,0.0020266058483611577
AK Markram,middle,4,75.0,992.0,0.07560483870967742,0.08739739562221321,0.07606191455900052
AK Markram,middle,6,42.0,992.0,0.04233870967741935,0.048281059991892986,0.042569033333019105
AK Markram,middle,W,44.0,992.0,0.04435483870967742,0.04221980137819214,0.04427208532473613
AK Markram,middle,Wd,27.0,992.0,0.02721774193548387,0.028171868666396434,0.027254723591720792
AK Markram,middle,Nb,3.0,992.0,0.0030241935483870967,0.002679114308877179,0.003010818384065007
AK Markram,powerplay,0,265.0,678.0,0.39085545722713866,0.4228881521678736,0.39264000847731884
AK Markram,powerplay,1,196.0,678.0,0.2890855457227139,0.25764450947345025,0.2873339559595237
AK Markram,powerplay,2,31.0,678.0,0.045722713864306784,0.04384827662845184,0.04561828839155721
AK Markram,powerplay,3,3.0,678.0,0.004424778761061947,0.005028429611245902,0.004458408334888351
AK Markram,powerplay,4,103.0,678.0,0.15191740412979352,0.15223269683107069,0.15193496918278945
AK Markram,powerplay,6,35.0,678.0,0.051622418879056046,0.040523771600022226,0.05100410983844135
AK Markram,powerplay,W,27.0,678.0,0.03982300884955752,0.03919952586446391,0.0397882744214186
AK Markram,powerplay,Wd,17.0,678.0,0.025073746312684365,0.03486563072990943,0.025619255193866822
AK Markram,powerplay,Nb,1.0,678.0,0.0014749262536873156,0.003769007093512122,0.0016027302001956614
AM Nayar,death,0,36.0,173.0,0.20809248554913296,0.21696977459016392,0.2097595820826599
AM Nayar,death,1,64.0,173.0,0.3699421965317919,0.37083760245901637,0.37011034787962743
AM Nayar,death,2,20.0,173.0,0.11560693641618497,0.08837090163934426,0.1104921881012853
AM Nayar,death,3,0.0,173.0,0.0,0.002651127049180328,0.000497864234587855
AM Nayar,death,4,22.0,173.0,0.12716763005780346,0.11151383196721311,0.12422794966520434
AM Nayar,death,6,10.0,173.0,0.057803468208092484,0.07952100409836066,0.061881878703917495
AM Nayar,death,W,17.0,173.0,0.09826589595375723,0.08016137295081967,0.09486598553067035
AM Nayar,death,Wd,3.0,173.0,0.017341040462427744,0.04340420081967213,0.022235530670360965
AM Nayar,death,Nb,1.0,173.0,0.005780346820809248,0.006570184426229508,0.005928673131686293
AM Nayar,middle,0,93.0,260.0,0.3576923076923077,0.2808889845966761,0.3474518646128901
AM Nayar,middle,1,116.0,260.0,0.4461538461538462,0.4414331678151601,0.4455244223753546
AM Nayar,middle,2,17.0,260.0,0.06538461538461539,0.06664217673287394,0.06555229023104986
AM Nayar,middle,3,1.0,260.0,0.0038461538461538464,0.002286430887717876,0.0036381907850290504
AM Nayar,middle,4,13.0,260.0,0.05,0.08739739562221321,0.054986319416295094
AM Nayar,middle,6,3.0,260.0,0.011538461538461539,0.048281059991892986,0.01643747466558573
AM Nayar,middle,W,13.0,260.0,0.05,0.04221980137819214,0.04896264018375895
AM Nayar,middle,Wd,4.0,260.0,0.015384615384615385,0.028171868666396434,0.017089582488852856
AM Nayar,middle,Nb,0.0,260.0,0.0,0.002679114308877179,0.00035721524118362383
AM Nayar,powerplay,0,33.0,70.0,0.4714285714285714,0.4228881521678736,0.4537775098792268
AM Nayar,powerplay,1,16.0,70.0,0.22857142857142856,0.25764450947345025,0.23914345799034556
AM Nayar,powerplay,2,5.0,70.0,0.07142857142857142,0.04384827662845184,0.06139937331943703
AM Nayar,powerplay,3,0.0,70.0,0.0,0.005028429611245902,0.0018285198586348735
AM Nayar,powerplay,4,7.0,70.0,0.1,0.15223269683107069,0.11899370793857116
AM Nayar,powerplay,6,1.0,70.0,0.014285714285714285,0.040523771600022226,0.02382682603637172
AM Nayar,powerplay,W,3.0,70.0,0.04285714285714286,0.03919952586446391,0.041527100314350515
AM Nayar,powerplay,Wd,3.0,70.0,0.04285714285714286,0.03486563072990943,0.03995113844723979
AM Nayar,powerplay,Nb,2.0,70.0,0.02857142857142857,0.003769007093512122,0.01955236621582259
AM Rahane,death,0,50.0,284.0,0.176056338028169,0.21696977459016392,0.18110737957903258
AM Rahane,death,1,124.0,284.0,0.43661971830985913,0.37083760245901637,0.42849846943938474
AM Rahane,death,2,26.0,284.0,0.09154929577464789,0.08837090163934426,0.09115690143695608
AM Rahane,death,3,0.0,284.0,0.0,0.002651127049180328,0.00032729963570127507
AM Rahane,death,4,36.0,284.0,0.1267605633802817,0.11151383196721311,0.12487825086014975
AM Rahane,death,6,18.0,284.0,0.06338028169014084,0.07952100409836066,0.06537296346893341
AM Rahane,death,W,22.0,284.0,0.07746478873239436,0.08016137295081967,0.07779770036429873
AM Rahane,death,Wd,6.0,284.0,0.02112676056338028,0.04340420081967213,0.023877061829589152
AM Rahane,death,Nb,2.0,284.0,0.007042253521126761,0.006570184426229508,0.00698397338595426
AM Rahane,middle,0,326.0,1524.0,0.21391076115485563,0.2808889845966761,0.21562375919684593
AM Rahane,middle,1,785.0,1524.0,0.5150918635170604,0.4414331678151601,0.5132080094070374
AM Rahane,middle,2,137.0,1524.0,0.08989501312335958,0.06664217673287394,0.0893003114253932
AM Rahane,middle,3,4.0,1524.0,0.0026246719160104987,0.002286430887717876,0.0026160212503252653
AM Rahane,middle,4,128.0,1524.0,0.08398950131233596,0.08739739562221321,0.08407665973458345
AM Rahane,middle,6,36.0,1524.0,0.023622047244094488,0.048281059991892986,0.024252712531761967
AM Rahane,middle,W,70.0,1524.0,0.045931758530183726,0.04221980137819214,0.04583682356465965
AM Rahane,middle,Wd,38.0,1524.0,0.024934383202099737,0.028171868666396434,0.025017183341851573
AM Rahane,middle,Nb,0.0,1524.0,0.0,0.002679114308877179,6.851954754161583e-05
AM Rahane,powerplay,0,896.0,2167.0,0.4134748500230734,0.4228881521678736,0.413645458127193
AM Rahane,powerplay,1,648.0,2167.0,0.2990309183202584,0.25764450947345025,0.29828082482054286
AM Rahane,powerplay,2,89.0,2167.0,0.04107060452238117,0.04384827662845184,0.04112094746947806
AM Rahane,powerplay,3,14.0,2167.0,0.006460544531610522,0.005028429611245902,0.0064345886653601435
AM Rahane,powerplay,4,319.0,2167.0,0.14720812182741116,0.15223269683107069,0.14729918798062658
AM Rahane,powerplay,6,59.0,2167.0,0.02722658052607291,0.040523771600022226,0.027467580817399587
AM Rahane,powerplay,W,76.0,2167.0,0.03507152745731426,0.03919952586446391,0.03514634392142209
AM Rahane,powerplay,Wd,65.0,2167.0,0.029995385325334564,0.03486563072990943,0.03008365438568028
AM Rahane,powerplay,Nb,1.0,2167.0,0.00046146746654360867,0.003769007093512122,0.0005214138122974557
AR Patel,death,0,146.0,831.0,0.17569193742478942,0.21696977459016392,0.1775875901074702
AR Patel,death,1,356.0,831.0,0.42839951865222625,0.37083760245901637,0.42575603225988595
AR Patel,death,2,77.0,831.0,0.09265944645006016,0.08837090163934426,0.09246249835312717
AR Patel,death,3,2.0,831.0,0.0024067388688327317,0.002651127049180328,0.00241796220662137
AR Patel,death,4,69.0,831.0,0.08303249097472924,0.11151383196721311,0.08434047448758727
AR Patel,death,6,65.0,831.0,0.07821901323706378,0.07952100409836066,0.07827880615836329
AR Patel,death,W,70.0,831.0,0.0842358604091456,0.08016137295081967,0.08404874273023283
AR Patel,death,Wd,43.0,831.0,0.05174488567990373,0.04340420081967213,0.05136184619148896
AR Patel,death,Nb,3.0,831.0,0.0036101083032490976,0.006570184426229508,0.0037460475052229396
AR Patel,middle,0,280.0,898.0,0.311804008908686,0.2808889845966761,0.3104856709849329
AR Patel,middle,1,388.0,898.0,0.43207126948775054,0.4414331678151601,0.43247049756141404
AR Patel,middle,2,35.0,898.0,0.03897550111358575,0.06664217673287394,0.0401553167050266
AR Patel,middle,3,1.0,898.0,0.0011135857461024498,0.002286430887717876,0.0011636004642950055
AR Patel,middle,4,75.0,898.0,0.08351893095768374,0.08739739562221321,0.08368432390713064
AR Patel,middle,6,48.0,898.0,0.053452115812917596,0.048281059991892986,0.05323160170541121
AR Patel,middle,W,35.0,898.0,0.03897550111358575,0.04221980137819214,0.03911385080504018
AR Patel,middle,Wd,35.0,898.0,0.03897550111358575,0.028171868666396434,0.0385147918407845
AR Patel,middle,Nb,1.0,898.0,0.0011135857461024498,0.002679114308877179,0.0011803460259649117
AR Patel,powerplay,0,35.0,86.0,0.4069767441860465,0.4228881521678736,0.412027984815198
AR Patel,powerplay,1,28.0,86.0,0.32558139534883723,0.25764450947345025,0.3040141299915715
AR Patel,powerplay,2,5.0,86.0,0.05813953488372093,0.04384827662845184,0.05360262750109582
AR Patel,powerplay,3,0.0,86.0,0.0,0.005028429611245902,0.0015963268607129847
AR Patel,powerplay,4,9.0,86.0,0.10465116279069768,0.15223269683107069,0.11975641169240339
AR Patel,powerplay,6,1.0,86.0,0.011627906976744186,0.040523771600022226,0.02080119733334039
AR Patel,powerplay,W,3.0,86.0,0.03488372093023256,0.03919952586446391,0.03625381773475045
AR Patel,powerplay,Wd,5.0,86.0,0.05813953488372093,0.03486563072990943,0.05075099388251093
AR Patel,powerplay,Nb,0.0,86.0,0.0,0.003769007093512122,0.0011965101884165467
AS Joseph,death,0,48.0,120.0,0.4,0.21696977459016392,0.354242443647541
AS Joseph,death,1,45.0,120.0,0.375,0.37083760245901637,0.3739594006147541
AS Joseph,death,2,7.0,120.0,0.058333333333333334,0.08837090163934426,0.06584272540983607
AS Joseph,death,3,0.0,120.0,0.0,0.002651127049180328,0.000662781762295082
AS Joseph,death,4,7.0,120.0,0.058333333333333334,0.11151383196721311,0.07162845799180328
AS Joseph,death,6,4.0,120.0,0.03333333333333333,0.07952100409836066,0.044880251024590166
AS Joseph,death,W,5.0,120.0,0.041666666666666664,0.08016137295081967,0.05129034323770491
AS Joseph,death,Wd,4.0,120.0,0.03333333333333333,0.04340420081967213,0.035851050204918036
AS Joseph,death,Nb,0.0,120.0,0.0,0.006570184426229508,0.001642546106557377
AS Joseph,middle,0,1.0,11.0,0.09090909090909091,0.2808889845966761,0.23991292909543227
AS Joseph,middle,1,7.0,11.0,0.6363636363636364,0.4414331678151601,0.4834769943648315
AS Joseph,middle,2,0.0,11.0,0.0,0.06664217673287394,0.05226837390813642
AS Joseph,middle,3,0.0,11.0,0.0,0.002286430887717876,0.0017932791276218634
AS Joseph,middle,4,1.0,11.0,0.09090909090909091,0.08739739562221321,0.08815482009585349
AS Joseph,middle,6,1.0,11.0,0.09090909090909091,0.048281059991892986,0.057475341170112146
AS Joseph,middle,W,0.0,11.0,0.0,0.04221980137819214,0.03311356970838599
AS Joseph,middle,Wd,1.0,11.0,0.09090909090909091,0.028171868666396434,0.04170342640501681
AS Joseph,middle,Nb,0.0,11.0,0.0,0.002679114308877179,0.002101266124609552
AT Carey,death,0,15.0,63.0,0.23809523809523808,0.21696977459016392,0.22989117459812192
AT Carey,death,1,28.0,63.0,0.4444444444444444,0.37083760245901637,0.41585926309088017
AT Carey,death,2,9.0,63.0,0.14285714285714285,0.08837090163934426,0.12169743752984244
AT Carey,death,3,0.0,63.0,0.0,0.002651127049180328,0.001029563902594302
AT Carey,death,4,2.0,63.0,0.031746031746031744,0.11151383196721311,0.06272381823969442
AT Carey,death,6,2.0,63.0,0.031746031746031744,0.07952100409836066,0.05029941906732453
AT Carey,death,W,6.0,63.0,0.09523809523809523,0.08016137295081967,0.089383057456629
AT Carey,death,Wd,1.0,63.0,0.015873015873015872,0.04340420081967213,0.026564738182396946
AT Carey,death,Nb,0.0,63.0,0.0,0.006570184426229508,0.0025515279325163138
AT Carey,middle,0,26.0,98.0,0.2653061224489796,0.2808889845966761,0.2698228940859931
AT Carey,middle,1,42.0,98.0,0.42857142857142855,0.4414331678151601,0.4322994689319305
AT Carey,middle,2,7.0,98.0,0.07142857142857142,0.06664217673287394,0.07004121064720983
AT Carey,middle,3,0.0,98.0,0.0,0.002286430887717876,0.0006627335906428626
AT Carey,middle,4,10.0,98.0,0.10204081632653061,0.08739739562221321,0.09779634655716325
AT Carey,middle,6,1.0,98.0,0.01020408163265306,0.048281059991892986,0.021240886954171877
AT Carey,middle,W,7.0,98.0,0.07142857142857142,0.04221980137819214,0.0629622612690412
AT Carey,middle,Wd,4.0,98.0,0.04081632653061224,0.028171868666396434,0.037151266280114906
AT Carey,middle,Nb,1.0,98.0,0.01020408163265306,0.002679114308877179,0.008022931683732516
AT Carey,powerplay,0,7.0,15.0,0.4666666666666667,0.4228881521678736,0.4348277470311808
AT Carey,powerplay,1,4.0,15.0,0.26666666666666666,0.25764450947345025,0.2601050977988729
AT Carey,powerplay,2,1.0,15.0,0.06666666666666667,0.04384827662845184,0.050071473911601334
AT Carey,powerplay,3,0.0,15.0,0.0,0.005028429611245902,0.003657039717269747
AT Carey,powerplay,4,0.0,15.0,0.0,0.15223269683107069,0.11071468860441504
AT Carey,powerplay,6,0.0,15.0,0.0,0.040523771600022226,0.029471833890925257
AT Carey,powerplay,W,3.0,15.0,0.2,0.03919952586446391,0.08305420062870103
AT Carey,powerplay,Wd,0.0,15.0,0.0,0.03486563072990943,0.025356822349025043
AT Carey,powerplay,Nb,0.0,15.0,0.0,0.003769007093512122,0.002741096068008816
AT Rayudu,death,0,109.0,647.0,0.16846986089644514,0.21696977459016392,0.17129372777817548
AT Rayudu,death,1,274.0,647.0,0.4234930448222566,0.37083760245901637,0.4204272257618059
AT Rayudu,death,2,48.0,647.0,0.07418856259659969,0.08837090163934426,0.07501431741713795
AT Rayudu,death,3,0.0,647.0,0.0,0.002651127049180328,0.00015435965351850525
AT Rayudu,death,4,75.0,647.0,0.11591962905718702,0.11151383196721311,0.1156631052091536
AT Rayudu,death,6,60.0,647.0,0.09273570324574962,0.07952100409836066,0.09196628844823061
AT Rayudu,death,W,54.0,647.0,0.08346213292117466,0.08016137295081967,0.08326994893454555
AT Rayudu,death,Wd,23.0,647.0,0.03554868624420402,0.04340420081967213,0.036006067005512205
AT Rayudu,death,Nb,4.0,647.0,0.0061823802163833074,0.006570184426229508,0.006204959791920203
AT Rayudu,middle,0,502.0,1766.0,0.2842582106455266,0.2808889845966761,0.2841835876987083
AT Rayudu,middle,1,850.0,1766.0,0.4813137032842582,0.4414331678151601,0.4804304134621298
AT Rayudu,middle,2,91.0,1766.0,0.051528878822197054,0.06664217673287394,0.05186361410261072
AT Rayudu,middle,3,0.0,1766.0,0.0,0.002286430887717876,5.06407727069297e-05
AT Rayudu,middle,4,152.0,1766.0,0.08607021517553794,0.08739739562221321,0.0860996100913004
AT Rayudu,middle,6,66.0,1766.0,0.03737259343148358,0.048281059991892986,0.03761419844943285
AT Rayudu,middle,W,66.0,1766.0,0.03737259343148358,0.04221980137819214,0.037479951304057416
AT Rayudu,middle,Wd,33.0,1766.0,0.01868629671574179,0.028171868666396434,0.01889638690291022
AT Rayudu,middle,Nb,6.0,1766.0,0.0033975084937712344,0.002679114308877179,0.003381597216143459
AT Rayudu,powerplay,0,309.0,670.0,0.46119402985074626,0.4228881521678736,0.45903595223480975
AT Rayudu,powerplay,1,191.0,670.0,0.28507462686567164,0.25764450947345025,0.2835292681393493
AT Rayudu,powerplay,2,22.0,670.0,0.03283582089552239,0.04384827662845184,0.03345624093681419
AT Rayudu,powerplay,3,0.0,670.0,0.0,0.005028429611245902,0.00028329180908427616
AT Rayudu,powerplay,4,83.0,670.0,0.12388059701492538,0.15223269683107069,0.12547789841301807
AT Rayudu,powerplay,6,23.0,670.0,0.034328358208955224,0.040523771600022226,0.034677395583099846
AT Rayudu,powerplay,W,23.0,670.0,0.034328358208955224,0.03919952586446391,0.03460279018954726
AT Rayudu,powerplay,Wd,16.0,670.0,0.023880597014925373,0.03486563072990943,0.024499472153797715
AT Rayudu,powerplay,Nb,3.0,670.0,0.004477611940298508,0.003769007093512122,0.004437690540479556
AU Rashid,death,0,49.0,161.0,0.30434782608695654,0.21696977459016392,0.2869591591224207
AU Rashid,death,1,62.0,161.0,0.38509316770186336,0.37083760245901637,0.3822562392953266
AU Rashid,death,2,11.0,161.0,0.06832298136645963,0.08837090163934426,0.07231261724166055
AU Rashid,death,3,0.0,161.0,0.0,0.002651127049180328,0.000527587472473697
AU Rashid,death,4,12.0,161.0,0.07453416149068323,0.11151383196721311,0.08189329989397276
AU Rashid,death,6,1.0,161.0,0.006211180124223602,0.07952100409836066,0.020800199820569288
AU Rashid,death,W,20.0,161.0,0.12422360248447205,0.08016137295081967,0.11545499959220291
AU Rashid,death,Wd,6.0,161.0,0.037267080745341616,0.04340420081967213,0.03848839817306908
AU Rashid,death,Nb,0.0,161.0,0.0,0.006570184426229508,0.0013074993883043797
AU Rashid,middle,0,9.0,23.0,0.391304347826087,0.2808889845966761,0.3211993552994769
AU Rashid,middle,1,4.0,23.0,0.17391304347826086,0.4414331678151601,0.34376709067629213
AU Rashid,middle,2,3.0,23.0,0.13043478260869565,0.06664217673287394,0.0899315407827771
AU Rashid,middle,3,0.0,23.0,0.0,0.002286430887717876,0.0014517021509319848
AU Rashid,middle,4,2.0,23.0,0.08695652173913043,0.08739739562221321,0.08723644166489727
AU Rashid,middle,6,1.0,23.0,0.043478260869565216,0.048281059991892986,0.04652765713770983
AU Rashid,middle,W,2.0,23.0,0.08695652173913043,0.04221980137819214,0.0585522548432966
AU Rashid,middle,Wd,2.0,23.0,0.08695652173913043,0.028171868666396434,0.0496329324866009
AU Rashid,middle,Nb,0.0,23.0,0.0,0.002679114308877179,0.0017010249580172564
Abdul Samad,death,0,63.0,300.0,0.21,0.21696977459016392,0.21081997348119577
Abdul Samad,death,1,109.0,300.0,0.36333333333333334,0.37083760245901637,0.36421618852459015
Abdul Samad,death,2,22.0,300.0,0.07333333333333333,0.08837090163934426,0.07510245901639344
Abdul Samad,death,3,0.0,300.0,0.0,0.002651127049180328,0.00031189729990356796
Abdul Samad,death,4,27.0,300.0,0.09,0.11151383196721311,0.09253103905496625
Abdul Samad,death,6,37.0,300.0,0.12333333333333334,0.07952100409836066,0.11817894165863067
Abdul Samad,death,W,30.0,300.0,0.1,0.08016137295081967,0.09766604387656704
Abdul Samad,death,Wd,11.0,300.0,0.03666666666666667,0.04340420081967213,0.03745931774349084
Abdul Samad,death,Nb,1.0,300.0,0.0033333333333333335,0.006570184426229508,0.0037141393442622953
Abdul Samad,middle,0,84.0,266.0,0.3157894736842105,0.2808889845966761,0.3112273182479315
Abdul Samad,middle,1,108.0,266.0,0.40601503759398494,0.4414331678151601,0.4106448585379294
Abdul Samad,middle,2,13.0,266.0,0.04887218045112782,0.06664217673287394,0.051195055782075026
Abdul Samad,middle,3,0.0,266.0,0.0,0.002286430887717876,0.0002988798546036439
Abdul Samad,middle,4,23.0,266.0,0.08646616541353383,0.08739739562221321,0.08658789485257688
Abdul Samad,middle,6,15.0,266.0,0.05639097744360902,0.048281059991892986,0.05533085751528012
Abdul Samad,middle,W,15.0,266.0,0.05639097744360902,0.04221980137819214,0.05453853612786825
Abdul Samad,middle,Wd,8.0,266.0,0.03007518796992481,0.028171868666396434,0.029826388060966855
Abdul Samad,middle,Nb,0.0,266.0,0.0,0.002679114308877179,0.00035021102076825865
Abdul Samad,powerplay,0,0.0,2.0,0.0,0.4228881521678736,0.40275062111226057
Abdul Samad,powerplay,1,0.0,2.0,0.0,0.25764450947345025,0.24537572330804786
Abdul Samad,powerplay,2,1.0,2.0,0.5,0.04384827662845184,0.06556978726519222
Abdul Samad,powerplay,3,0.0,2.0,0.0,0.005028429611245902,0.004788980582138954
Abdul Samad,powerplay,4,0.0,2.0,0.0,0.15223269683107069,0.14498352079149587
Abdul Samad,powerplay,6,0.0,2.0,0.0,0.040523771600022226,0.03859406819049736
Abdul Samad,powerplay,W,1.0,2.0,0.5,0.03919952586446391,0.06114240558520373
Abdul Samad,powerplay,Wd,0.0,2.0,0.0,0.03486563072990943,0.033205362599913746
Abdul Samad,powerplay,Nb,0.0,2.0,0.0,0.003769007093512122,0.00358953056524964
Abdur Razzak,death,0,20.0,34.0,0.5882352941176471,0.21696977459016392,0.3875512295081967
Abdur Razzak,death,1,7.0,34.0,0.20588235294117646,0.37083760245901637,0.2950473526805494
Abdur Razzak,death,2,3.0,34.0,0.08823529411764706,0.08837090163934426,0.08830859548072663
Abdur Razzak,death,3,0.0,34.0,0.0,0.002651127049180328,0.0014330416482055827
Abdur Razzak,death,4,0.0,34.0,0.0,0.11151383196721311,0.06027774700930439
Abdur Razzak,death,6,0.0,34.0,0.0,0.07952100409836066,0.04298432653965441
Abdur Razzak,death,W,4.0,34.0,0.11764705882352941,0.08016137295081967,0.09738452591936197
Abdur Razzak,death,Wd,0.0,34.0,0.0,0.04340420081967213,0.023461730172795747
Abdur Razzak,death,Nb,0.0,34.0,0.0,0.006570184426229508,0.0035514510412051397
Abdur Razzak,middle,0,6.0,11.0,0.5454545454545454,0.2808889845966761,0.33795214478170676
Abdur Razzak,middle,1,4.0,11.0,0.36363636363636365,0.4414331678151601,0.4246534649530668
Abdur Razzak,middle,2,0.0,11.0,0.0,0.06664217673287394,0.05226837390813642
Abdur Razzak,middle,3,0.0,11.0,0.0,0.002286430887717876,0.0017932791276218634
Abdur Razzak,middle,4,0.0,11.0,0.0,0.08739739562221321,0.0685469769585986
Abdur Razzak,middle,6,0.0,11.0,0.0,0.048281059991892986,0.037867498032857244
Abdur Razzak,middle,W,1.0,11.0,0.09090909090909091,0.04221980137819214,0.0527214128456409
Abdur Razzak,middle,Wd,0.0,11.0,0.0,0.028171868666396434,0.02209558326776191
Abdur Razzak,middle,Nb,0.0,11.0,0.0,0.002679114308877179,0.002101266124609552
Abhishek Sharma,death,0,28.0,147.0,0.19047619047619047,0.21696977459016392,0.1961432672920137
Abhishek Sharma,death,1,56.0,147.0,0.38095238095238093,0.37083760245901637,0.37878879196984305
Abhishek Sharma,death,2,11.0,147.0,0.07482993197278912,0.08837090163934426,0.07772639607258701
Abhishek Sharma,death,3,0.0,147.0,0.0,0.002651127049180328,0.0005670859998246691
Abhishek Sharma,death,4,12.0,147.0,0.08163265306122448,0.11151383196721311,0.08802434908389586
Abhishek Sharma,death,6,13.0,147.0,0.08843537414965986,0.07952100409836066,0.08652855702638731
Abhishek Sharma,death,W,13.0,147.0,0.08843537414965986,0.08016137295081967,0.08666553432103094
Abhishek Sharma,death,Wd,14.0,147.0,0.09523809523809523,0.04340420081967213,0.08415063119137371
Abhishek Sharma,death,Nb,0.0,147.0,0.0,0.006570184426229508,0.0014053870430437451
Abhishek Sharma,middle,0,105.0,550.0,0.19090909090909092,0.2808889845966761,0.1970094226845204
Abhishek Sharma,middle,1,220.0,550.0,0.4,0.4414331678151601,0.4028090283264515
Abhishek Sharma,middle,2,27.0,550.0,0.04909090909090909,0.06664217673287394,0.05028082554121179
Abhishek Sharma,middle,3,2.0,550.0,0.0036363636363636364,0.002286430887717876,0.0035448427720486692
Abhishek Sharma,middle,4,64.0,550.0,0.11636363636363636,0.08739739562221321,0.11439982343201446
Abhishek Sharma,middle,6,68.0,550.0,0.12363636363636364,0.048281059991892986,0.11852752949097581
Abhishek Sharma,middle,W,39.0,550.0,0.07090909090909091,0.04221980137819214,0.06896405433072489
Abhishek Sharma,middle,Wd,25.0,550.0,0.045454545454545456,0.028171868666396434,0.044282838553653996
Abhishek Sharma,middle,Nb,0.0,550.0,0.0,0.002679114308877179,0.0001816348683984528
Abhishek Sharma,powerplay,0,346.0,1015.0,0.34088669950738915,0.4228881521678736,0.3439957593239004
Abhishek Sharma,powerplay,1,226.0,1015.0,0.22266009852216748,0.25764450947345025,0.22398652168619718
Abhishek Sharma,powerplay,2,56.0,1015.0,0.05517241379310345,0.04384827662845184,0.05474306262098396
Abhishek Sharma,powerplay,3,3.0,1015.0,0.002955665024630542,0.005028429611245902,0.003034253255402688
Abhishek Sharma,powerplay,4,187.0,1015.0,0.18423645320197043,0.15223269683107069,0.18302304063814487
Abhishek Sharma,powerplay,6,96.0,1015.0,0.09458128078817735,0.040523771600022226,0.09253170698009563
Abhishek Sharma,powerplay,W,45.0,1015.0,0.04433497536945813,0.03919952586446391,0.04414026638348679
Abhishek Sharma,powerplay,Wd,52.0,1015.0,0.05123152709359606,0.03486563072990943,0.05061101917459372
Abhishek Sharma,powerplay,Nb,4.0,1015.0,0.003940886699507389,0.003769007093512122,0.003934369937194773
Arshdeep Singh,death,0,39.0,92.0,0.42391304347826086,0.21696977459016392,0.3612029619970194
Arshdeep Singh,death,1,17.0,92.0,0.18478260869565216,0.37083760245901637,0.2411629098360656
Arshdeep Singh,death,2,6.0,92.0,0.06521739130434782,0.08837090163934426,0.07223360655737705
Arshdeep Singh,death,3,1.0,92.0,0.010869565217391304,0.002651127049180328,0.008379129408842525
Arshdeep Singh,death,4,9.0,92.0,0.09782608695652174,0.11151383196721311,0.10197388847491307
Arshdeep Singh,death,6,1.0,92.0,0.010869565217391304,0.07952100409836066,0.03167303154495778
Arshdeep Singh,death,W,13.0,92.0,0.14130434782608695,0.08016137295081967,0.12277617362146051
Arshdeep Singh,death,Wd,5.0,92.0,0.05434782608695652,0.04340420081967213,0.051031576005961254
Arshdeep Singh,death,Nb,1.0,92.0,0.010869565217391304,0.006570184426229508,0.00956672255340288
Arshdeep Singh,middle,0,3.0,6.0,0.5,0.2808889845966761,0.30946868225797924
Arshdeep Singh,middle,1,1.0,6.0,0.16666666666666666,0.4414331678151601,0.40559405896970446
Arshdeep Singh,middle,2,0.0,6.0,0.0,0.06664217673287394,0.05794971889815125
Arshdeep Singh,middle,3,0.0,6.0,0.0,0.002286430887717876,0.0019882007719285878
Arshdeep Singh,middle,4,1.0,6.0,0.16666666666666666,0.08739739562221321,0.09773686575844627
Arshdeep Singh,middle,6,0.0,6.0,0.0,0.048281059991892986,0.04198353042773303
Arshdeep Singh,middle,W,1.0,6.0,0.16666666666666666,0.04221980137819214,0.05845200119842795
Arshdeep Singh,middle,Wd,0.0,6.0,0.0,0.028171868666396434,0.02449727710121429
Arshdeep Singh,middle,Nb,0.0,6.0,0.0,0.002679114308877179,0.002329664616414938
Avesh Khan,death,0,12.0,39.0,0.3076923076923077,0.21696977459016392,0.26175684789375386
Avesh Khan,death,1,12.0,39.0,0.3076923076923077,0.37083760245901637,0.3396646088400083
Avesh Khan,death,2,3.0,39.0,0.07692307692307693,0.08837090163934426,0.08271944386802241
Avesh Khan,death,3,0.0,39.0,0.0,0.002651127049180328,0.0013423428097115585
Avesh Khan,death,4,5.0,39.0,0.1282051282051282,0.11151383196721311,0.11975383897074084
Avesh Khan,death,6,3.0,39.0,0.07692307692307693,0.07952100409836066,0.07823848308777756
Avesh Khan,death,W,2.0,39.0,0.05128205128205128,0.08016137295081967,0.06590449263332641
Avesh Khan,death,Wd,2.0,39.0,0.05128205128205128,0.04340420081967213,0.047293266237808676
Avesh Khan,death,Nb,0.0,39.0,0.0,0.006570184426229508,0.003326675658850384
Avesh Khan,middle,0,3.0,8.0,0.375,0.2808889845966761,0.29657415383056346
Avesh Khan,middle,1,2.0,8.0,0.25,0.4414331678151601,0.4095276398459668
Avesh Khan,middle,2,0.0,8.0,0.0,0.06664217673287394,0.05553514727739495
Avesh Khan,middle,3,0.0,8.0,0.0,0.002286430887717876,0.00190535907309823
Avesh Khan,middle,4,0.0,8.0,0.0,0.08739739562221321,0.07283116301851102
Avesh Khan,middle,6,2.0,8.0,0.25,0.048281059991892986,0.08190088332657748
Avesh Khan,middle,W,1.0,8.0,0.125,0.04221980137819214,0.05601650114849346
Avesh Khan,middle,Wd,0.0,8.0,0.0,0.028171868666396434,0.023476557221997027
Avesh Khan,middle,Nb,0.0,8.0,0.0,0.002679114308877179,0.002232595257397649
B Kumar,death,0,113.0,346.0,0.3265895953757225,0.21696977459016392,0.3152300284549393
B Kumar,death,1,130.0,346.0,0.37572254335260113,0.37083760245901637,0.375216331861038
B Kumar,death,2,23.0,346.0,0.06647398843930635,0.08837090163934426,0.06874309861547609
B Kumar,death,3,3.0,346.0,0.008670520231213872,0.002651127049180328,0.008046748917013504
B Kumar,death,4,24.0,346.0,0.06936416184971098,0.11151383196721311,0.07373200331266458
B Kumar,death,6,3.0,346.0,0.008670520231213872,0.07952100409836066,0.016012539284804214
B Kumar,death,W,36.0,346.0,0.10404624277456648,0.08016137295081967,0.1015711267306549
B Kumar,death,Wd,13.0,346.0,0.03757225433526012,0.04340420081967213,0.03817660112120955
B Kumar,death,Nb,1.0,346.0,0.002890173410404624,0.006570184426229508,0.003271521702199949
B Kumar,middle,0,43.0,81.0,0.5308641975308642,0.2808889845966761,0.4482277635030334
B Kumar,middle,1,28.0,81.0,0.345679012345679,0.4414331678151601,0.37733327861658184
B Kumar,middle,2,1.0,81.0,0.012345679012345678,0.06664217673287394,0.03029493445714841
B Kumar,middle,3,1.0,81.0,0.012345679012345678,0.002286430887717876,0.009020307731476985
B Kumar,middle,4,4.0,81.0,0.04938271604938271,0.08739739562221321,0.06194955227180602
B Kumar,middle,6,0.0,81.0,0.0,0.048281059991892986,0.01596068098905553
B Kumar,middle,W,3.0,81.0,0.037037037037037035,0.04221980137819214,0.038750347563038724
B Kumar,middle,Wd,1.0,81.0,0.012345679012345678,0.028171868666396434,0.017577477245089727
B Kumar,middle,Nb,0.0,81.0,0.0,0.002679114308877179,0.0008856576227693154
B Laughlin,death,0,2.0,6.0,0.3333333333333333,0.21696977459016392,0.23214763007840342
B Laughlin,death,1,2.0,6.0,0.3333333333333333,0.37083760245901637,0.36594574126870993
B Laughlin,death,2,0.0,6.0,0.0,0.08837090163934426,0.07684426229508197
B Laughlin,death,3,0.0,6.0,0.0,0.002651127049180328,0.002305327868852459
B Laughlin,death,4,0.0,6.0,0.0,0.11151383196721311,0.09696854953670705
B Laughlin,death,6,0.0,6.0,0.0,0.07952100409836066,0.0691486992159658
B Laughlin,death,W,2.0,6.0,0.3333333333333333,0.08016137295081967,0.11318380256593015
B Laughlin,death,Wd,0.0,6.0,0.0,0.04340420081967213,0.03774278332145403
B Laughlin,death,Nb,0.0,6.0,0.0,0.006570184426229508,0.005713203848895225
B Laughlin,middle,0,4.0,7.0,0.5714285714285714,0.2808889845966761,0.324160837954618
B Laughlin,middle,1,3.0,7.0,0.42857142857142855,0.4414331678151601,0.43951758962992354
B Laughlin,middle,2,0.0,7.0,0.0,0.06664217673287394,0.05671674615563739
B Laughlin,middle,3,0.0,7.0,0.0,0.002286430887717876,0.0019458986278450008
B Laughlin,middle,4,0.0,7.0,0.0,0.08739739562221321,0.07438076223167082
B Laughlin,middle,6,0.0,7.0,0.0,0.048281059991892986,0.04109026382288764
B Laughlin,middle,W,0.0,7.0,0.0,0.04221980137819214,0.03593174585378055
B Laughlin,middle,Wd,0.0,7.0,0.0,0.028171868666396434,0.023976058439486324
B Laughlin,middle,Nb,0.0,7.0,0.0,0.002679114308877179,0.0022800972841507906
B Lee,death,0,31.0,113.0,0.2743362831858407,0.21696977459016392,0.2593385031608272
B Lee,death,1,36.0,113.0,0.3185840707964602,0.37083760245901637,0.33224512482588664
B Lee,death,2,8.0,113.0,0.07079646017699115,0.08837090163934426,0.075391085395907
B Lee,death,3,0.0,113.0,0.0,0.002651127049180328,0.0006931051108968177
B Lee,death,4,14.0,113.0,0.12389380530973451,0.11151383196721311,0.12065721097182043
B Lee,death,6,8.0,113.0,0.07079646017699115,0.07952100409836066,0.07307738669238187
B Lee,death,W,11.0,113.0,0.09734513274336283,0.08016137295081967,0.09285264652309011
B Lee,death,Wd,4.0,113.0,0.035398230088495575,0.04340420081967213,0.03749129433194043
B Lee,death,Nb,1.0,113.0,0.008849557522123894,0.006570184426229508,0.008253642987249545
B Lee,middle,0,11.0,26.0,0.4230769230769231,0.2808889845966761,0.33690241490707645
B Lee,middle,1,11.0,26.0,0.4230769230769231,0.4414331678151601,0.43420191988797585
B Lee,middle,2,0.0,26.0,0.0,0.06664217673287394,0.0403891980199236
B Lee,middle,3,0.0,26.0,0.0,0.002286430887717876,0.0013857156895259854
B Lee,middle,4,0.0,26.0,0.0,0.08739739562221321,0.0529681185589171
B Lee,middle,6,1.0,26.0,0.038461538461538464,0.048281059991892986,0.044412763631450296
B Lee,middle,W,3.0,26.0,0.11538461538461539,0.04221980137819214,0.07104230386557099
B Lee,middle,Wd,0.0,26.0,0.0,0.028171868666396434,0.01707385979781602
B Lee,middle,Nb,0.0,26.0,0.0,0.002679114308877179,0.0016237056417437448
B Muzarabani,death,0,13.0,27.0,0.48148148148148145,0.21696977459016392,0.32356404453144116
B Muzarabani,death,1,5.0,27.0,0.18518518518518517,0.37083760245901637,0.2960224492292635
B Muzarabani,death,2,1.0,27.0,0.037037037037037035,0.08837090163934426,0.06768412038169808
B Muzarabani,death,3,0.0,27.0,0.0,0.002651127049180328,0.0015827624174210913
B Muzarabani,death,4,2.0,27.0,0.07407407407407407,0.11151383196721311,0.0964261683386347
B Muzarabani,death,6,1.0,27.0,0.037037037037037035,0.07952100409836066,0.06240059946170786
B Muzarabani,death,W,4.0,27.0,0.14814814814814814,0.08016137295081967,0.10755902862735503
B Muzarabani,death,Wd,1.0,27.0,0.037037037037037035,0.04340420081967213,0.040838328847565455
B Muzarabani,death,Nb,0.0,27.0,0.0,0.006570184426229508,0.0039224981649131395
B Muzarabani,middle,0,4.0,5.0,0.8,0.2808889845966761,0.33856798630815654
B Muzarabani,middle,1,0.0,5.0,0.0,0.4414331678151601,0.39238503805792013
B Muzarabani,middle,2,0.0,5.0,0.0,0.06664217673287394,0.05923749042922128
B Muzarabani,middle,3,0.0,5.0,0.0,0.002286430887717876,0.0020323830113047787
B Muzarabani,middle,4,0.0,5.0,0.0,0.08739739562221321,0.07768657388641174
B Muzarabani,middle,6,0.0,5.0,0.0,0.048281059991892986,0.04291649777057154
B Muzarabani,middle,W,1.0,5.0,0.2,0.04221980137819214,0.05975093455839302
B Muzarabani,middle,Wd,0.0,5.0,0.0,0.028171868666396434,0.02504166103679683
B Muzarabani,middle,Nb,0.0,5.0,0.0,0.002679114308877179,0.002381434941224159
B Sai Sudharsan,death,0,10.0,111.0,0.09009009009009009,0.21696977459016392,0.12370060254044078
B Sai Sudharsan,death,1,45.0,111.0,0.40540540540540543,0.37083760245901637,0.39624837151232223
B Sai Sudharsan,death,2,9.0,111.0,0.08108108108108109,0.08837090163934426,0.08301215937466074
B Sai Sudharsan,death,3,0.0,111.0,0.0,0.002651127049180328,0.0007022853110411465
B Sai Sudharsan,death,4,20.0,111.0,0.18018018018018017,0.11151383196721311,0.16199041906416242
B Sai Sudharsan,death,6,12.0,111.0,0.10810810810810811,0.07952100409836066,0.10053536532406905
B Sai Sudharsan,death,W,11.0,111.0,0.0990990990990991,0.08016137295081967,0.09408248290087938
B Sai Sudharsan,death,Wd,2.0,111.0,0.018018018018018018,0.04340420081967213,0.024742834654217782
B Sai Sudharsan,death,Nb,2.0,111.0,0.018018018018018018,0.006570184426229508,0.014985479318206492
B Sai Sudharsan,middle,0,114.0,660.0,0.17272727272727273,0.2808889845966761,0.17890794197695292
B Sai Sudharsan,middle,1,337.0,660.0,0.5106060606060606,0.4414331678151601,0.5066533238751519
B Sai Sudharsan,middle,2,55.0,660.0,0.08333333333333333,0.06664217673287394,0.08237955295616423
B Sai Sudharsan,middle,3,0.0,660.0,0.0,0.002286430887717876,0.00013065319358387863
B Sai Sudharsan,middle,4,80.0,660.0,0.12121212121212122,0.08739739562221321,0.1192798511784122
B Sai Sudharsan,middle,6,30.0,660.0,0.045454545454545456,0.048281059991892986,0.04561606057096531
B Sai Sudharsan,middle,W,16.0,660.0,0.024242424242424242,0.04221980137819214,0.02526970293589669
B Sai Sudharsan,middle,Wd,26.0,660.0,0.03939393939393939,0.028171868666396434,0.03875267820950837
B Sai Sudharsan,middle,Nb,2.0,660.0,0.0030303030303030303,0.002679114308877179,0.0030102351033644103
B Sai Sudharsan,powerplay,0,223.0,605.0,0.3685950413223141,0.4228881521678736,0.37196205594839526
B Sai Sudharsan,powerplay,1,179.0,605.0,0.2958677685950413,0.25764450947345025,0.2934973339208341
B Sai Sudharsan,powerplay,2,32.0,605.0,0.05289256198347107,0.04384827662845184,0.052331676069981514
B Sai Sudharsan,powerplay,3,1.0,605.0,0.001652892561983471,0.005028429611245902,0.0018622281929454821
B Sai Sudharsan,powerplay,4,104.0,605.0,0.171900826446281,0.15223269683107069,0.17068109747789587
B Sai Sudharsan,powerplay,6,17.0,605.0,0.02809917355371901,0.040523771600022226,0.028869691262016883
B Sai Sudharsan,powerplay,W,13.0,605.0,0.021487603305785124,0.03919952586446391,0.02258601710787373
B Sai Sudharsan,powerplay,Wd,32.0,605.0,0.05289256198347107,0.03486563072990943,0.051774612758444
B Sai Sudharsan,powerplay,Nb,4.0,605.0,0.006611570247933884,0.003769007093512122,0.006435287261613155
B Stanlake,death,0,2.0,8.0,0.25,0.21696977459016392,0.22247481215846995
B Stanlake,death,1,2.0,8.0,0.25,0.37083760245901637,0.35069800204918034
B Stanlake,death,2,0.0,8.0,0.0,0.08837090163934426,0.07364241803278689
B Stanlake,death,3,0.0,8.0,0.0,0.002651127049180328,0.0022092725409836064
B Stanlake,death,4,1.0,8.0,0.125,0.11151383196721311,0.11376152663934426
B Stanlake,death,6,1.0,8.0,0.125,0.07952100409836066,0.08710083674863389
B Stanlake,death,W,1.0,8.0,0.125,0.08016137295081967,0.08763447745901638
B Stanlake,death,Wd,1.0,8.0,0.125,0.04340420081967213,0.057003500683060114
B Stanlake,death,Nb,0.0,8.0,0.0,0.006570184426229508,0.005475153688524591
BA Stokes,death,0,48.0,248.0,0.1935483870967742,0.21696977459016392,0.19680135758196723
BA Stokes,death,1,88.0,248.0,0.3548387096774194,0.37083760245901637,0.3570607781193078
BA Stokes,death,2,26.0,248.0,0.10483870967741936,0.08837090163934426,0.10255151411657559
BA Stokes,death,3,2.0,248.0,0.008064516129032258,0.002651127049180328,0.007312656534608378
BA Stokes,death,4,32.0,248.0,0.12903225806451613,0.11151383196721311,0.12659914332877958
BA Stokes,death,6,11.0,248.0,0.04435483870967742,0.07952100409836066,0.049239028346994534
BA Stokes,death,W,28.0,248.0,0.11290322580645161,0.08016137295081967,0.1083557462431694
BA Stokes,death,Wd,10.0,248.0,0.04032258064516129,0.04340420081967213,0.040750583447176685
BA Stokes,death,Nb,3.0,248.0,0.012096774193548387,0.006570184426229508,0.011329192281420765
BA Stokes,middle,0,128.0,522.0,0.24521072796934865,0.2808889845966761,0.24775010566524386
BA Stokes,middle,1,249.0,522.0,0.47701149425287354,0.4414331678151601,0.47447922902599005
BA Stokes,middle,2,45.0,522.0,0.08620689655172414,0.06664217673287394,0.08481438980305152
BA Stokes,middle,3,1.0,522.0,0.0019157088122605363,0.002286430887717876,0.0019420947251044753
BA Stokes,middle,4,42.0,522.0,0.08045977011494253,0.08739739562221321,0.08095355128983724
BA Stokes,middle,6,23.0,522.0,0.044061302681992334,0.048281059991892986,0.044361641280561775
BA Stokes,middle,W,23.0,522.0,0.044061302681992334,0.04221980137819214,0.043930234973536805
BA Stokes,middle,Wd,10.0,522.0,0.019157088122605363,0.028171868666396434,0.019798709513622524
BA Stokes,middle,Nb,1.0,522.0,0.0019157088122605363,0.002679114308877179,0.0019700437230517564
BA Stokes,powerplay,0,77.0,193.0,0.39896373056994816,0.4228881521678736,0.40307092741079376
BA Stokes,powerplay,1,55.0,193.0,0.2849740932642487,0.25764450947345025,0.2802823192229099
BA Stokes,powerplay,2,8.0,193.0,0.04145077720207254,0.04384827662845184,0.0418623650864295
BA Stokes,powerplay,3,1.0,193.0,0.0051813471502590676,0.005028429611245902,0.005155095212231056
BA Stokes,powerplay,4,30.0,193.0,0.15544041450777202,0.15223269683107069,0.1548897333615572
BA Stokes,powerplay,6,5.0,193.0,0.025906735751295335,0.040523771600022226,0.02841609812875918
BA Stokes,powerplay,W,12.0,193.0,0.06217616580310881,0.03919952586446391,0.058231678259993806
BA Stokes,powerplay,Wd,5.0,193.0,0.025906735751295335,0.03486563072990943,0.027444743472945825
BA Stokes,powerplay,Nb,0.0,193.0,0.0,0.003769007093512122,0.0006470398443797635
BAW Mendis,death,0,6.0,17.0,0.35294117647058826,0.21696977459016392,0.25752264883520276
BAW Mendis,death,1,6.0,17.0,0.35294117647058826,0.37083760245901637,0.36550007190106415
BAW Mendis,death,2,0.0,17.0,0.0,0.08837090163934426,0.06201466781708369
BAW Mendis,death,3,0.0,17.0,0.0,0.002651127049180328,0.0018604400345125108
BAW Mendis,death,4,0.0,17.0,0.0,0.11151383196721311,0.07825532067874605
BAW Mendis,death,6,0.0,17.0,0.0,0.07952100409836066,0.05580421340235836
BAW Mendis,death,W,4.0,17.0,0.23529411764705882,0.08016137295081967,0.126429033649698
BAW Mendis,death,Wd,1.0,17.0,0.058823529411764705,0.04340420081967213,0.04800294794362957
BAW Mendis,death,Nb,0.0,17.0,0.0,0.006570184426229508,0.004610655737704918
BAW Mendis,middle,0,4.0,4.0,1.0,0.2808889845966761,0.3462627132697056
BAW Mendis,middle,1,0.0,4.0,0.0,0.4414331678151601,0.4013028798319638
BAW Mendis,middle,2,0.0,4.0,0.0,0.06664217673287394,0.060583797029885395
BAW Mendis,middle,3,0.0,4.0,0.0,0.002286430887717876,0.0020785735342889783
BAW Mendis,middle,4,0.0,4.0,0.0,0.08739739562221321,0.07945217783837565
BAW Mendis,middle,6,0.0,4.0,0.0,0.048281059991892986,0.04389187271990271
BAW Mendis,middle,W,0.0,4.0,0.0,0.04221980137819214,0.03838163761653831
BAW Mendis,middle,Wd,0.0,4.0,0.0,0.028171868666396434,0.02561078969672403
BAW Mendis,middle,Nb,0.0,4.0,0.0,0.002679114308877179,0.0024355584626156172
BB McCullum,death,0,30.0,200.0,0.15,0.21696977459016392,0.16116162909836068
BB McCullum,death,1,84.0,200.0,0.42,0.37083760245901637,0.4118062670765027
BB McCullum,death,2,16.0,200.0,0.08,0.08837090163934426,0.08139515027322404
BB McCullum,death,3,1.0,200.0,0.005,0.002651127049180328,0.0046085211748633885
BB McCullum,death,4,31.0,200.0,0.155,0.11151383196721311,0.14775230532786884
BB McCullum,death,6,17.0,200.0,0.085,0.07952100409836066,0.08408683401639344
BB McCullum,death,W,14.0,200.0,0.07,0.08016137295081967,0.07169356215846995
BB McCullum,death,Wd,2.0,200.0,0.01,0.04340420081967213,0.01556736680327869
BB McCullum,death,Nb,5.0,200.0,0.025,0.006570184426229508,0.02192836407103825
BB McCullum,middle,0,364.0,1248.0,0.2916666666666667,0.2808889845966761,0.29133195604337503
BB McCullum,middle,1,533.0,1248.0,0.4270833333333333,0.4414331678151601,0.42752898036693043
BB McCullum,middle,2,72.0,1248.0,0.057692307692307696,0.06664217673287394,0.05797025393580354
BB McCullum,middle,3,4.0,1248.0,0.003205128205128205,0.002286430887717876,0.003176597232537822
BB McCullum,middle,4,117.0,1248.0,0.09375,0.08739739562221321,0.09355271414975817
BB McCullum,middle,6,70.0,1248.0,0.05608974358974359,0.048281059991892986,0.05584723788794699
BB McCullum,middle,W,49.0,1248.0,0.03926282051282051,0.04221980137819214,0.03935465221671404
BB McCullum,middle,Wd,34.0,1248.0,0.027243589743589744,0.028171868666396434,0.027272418281565108
BB McCullum,middle,Nb,5.0,1248.0,0.004006410256410256,0.002679114308877179,0.003965189885368856
BB McCullum,powerplay,0,706.0,1607.0,0.4393279402613566,0.4228881521678736,0.4389286740052914
BB McCullum,powerplay,1,369.0,1607.0,0.22962041070317363,0.25764450947345025,0.23030102026650762
BB McCullum,powerplay,2,65.0,1607.0,0.04044803982576229,0.04384827662845184,0.040530619954546494
BB McCullum,powerplay,3,9.0,1607.0,0.005600497822028625,0.005028429611245902,0.005586604240710283
BB McCullum,powerplay,4,239.0,1607.0,0.14872433105164903,0.15223269683107069,0.14880953726365684
BB McCullum,powerplay,6,82.0,1607.0,0.05102675793403858,0.040523771600022226,0.0507716762987255
BB McCullum,powerplay,W,61.0,1607.0,0.037958929682638455,0.03919952586446391,0.03798905952311995
BB McCullum,powerplay,Wd,67.0,1607.0,0.04169259489732421,0.03486563072990943,0.041526791274557606
BB McCullum,powerplay,Nb,9.0,1607.0,0.005600497822028625,0.003769007093512122,0.0055560171728843265
BB Sran,death,0,4.0,12.0,0.3333333333333333,0.21696977459016392,0.24382290353089534
BB Sran,death,1,5.0,12.0,0.4166666666666667,0.37083760245901637,0.38141354035308955
BB Sran,death,2,1.0,12.0,0.08333333333333333,0.08837090163934426,0.08720838587641867
BB Sran,death,3,0.0,12.0,0.0,0.002651127049180328,0.002039328499369483
BB Sran,death,4,0.0,12.0,0.0,0.11151383196721311,0.08577987074401008
BB Sran,death,6,0.0,12.0,0.0,0.07952100409836066,0.061170003152585126
BB Sran,death,W,1.0,12.0,0.08333333333333333,0.08016137295081967,0.08089336380832282
BB Sran,death,Wd,0.0,12.0,0.0,0.04340420081967213,0.03338784678436318
BB Sran,death,Nb,1.0,12.0,0.08333333333333333,0.006570184426229508,0.024284757250945775
BCJ Cutting,death,0,32.0,128.0,0.25,0.21696977459016392,0.24213566061670572
BCJ Cutting,death,1,39.0,128.0,0.3046875,0.37083760245901637,0.3204375243950039
BCJ Cutting,death,2,10.0,128.0,0.078125,0.08837090163934426,0.08056450039032007
BCJ Cutting,death,3,0.0,128.0,0.0,0.002651127049180328,0.0006312207259953162
BCJ Cutting,death,4,12.0,128.0,0.09375,0.11151383196721311,0.09797948380171742
BCJ Cutting,death,6,19.0,128.0,0.1484375,0.07952100409836066,0.13202881049960968
BCJ Cutting,death,W,11.0,128.0,0.0859375,0.08016137295081967,0.08456223165495706
BCJ Cutting,death,Wd,5.0,128.0,0.0390625,0.04340420081967213,0.04009623829039813
BCJ Cutting,death,Nb,0.0,128.0,0.0,0.006570184426229508,0.00156432962529274
BCJ Cutting,middle,0,8.0,22.0,0.36363636363636365,0.2808889845966761,0.31025095780430717
BCJ Cutting,middle,1,7.0,22.0,0.3181818181818182,0.4414331678151601,0.3976988179452646
BCJ Cutting,middle,2,1.0,22.0,0.045454545454545456,0.06664217673287394,0.059123984988950926
BCJ Cutting,middle,3,0.0,22.0,0.0,0.002286430887717876,0.0014751167017534683
BCJ Cutting,middle,4,3.0,22.0,0.13636363636363635,0.08739739562221321,0.10477251330465367
BCJ Cutting,middle,6,1.0,22.0,0.045454545454545456,0.048281059991892986,0.047278103220576115
BCJ Cutting,middle,W,2.0,22.0,0.09090909090909091,0.04221980137819214,0.05949664605044654
BCJ Cutting,middle,Wd,0.0,22.0,0.0,0.028171868666396434,0.018175399139610603
BCJ Cutting,middle,Nb,0.0,22.0,0.0,0.002679114308877179,0.0017284608444368896
BE Hendricks,death,0,7.0,16.0,0.4375,0.21696977459016392,0.27997841042154564
BE Hendricks,death,1,4.0,16.0,0.25,0.37083760245901637,0.33631257318501173
BE Hendricks,death,2,0.0,16.0,0.0,0.08837090163934426,0.0631220725995316
BE Hendricks,death,3,1.0,16.0,0.0625,0.002651127049180328,0.019750805035128806
BE Hendricks,death,4,0.0,16.0,0.0,0.11151383196721311,0.07965273711943795
BE Hendricks,death,6,1.0,16.0,0.0625,0.07952100409836066,0.07465786007025763
BE Hendricks,death,W,2.0,16.0,0.125,0.08016137295081967,0.09297240925058547
BE Hendricks,death,Wd,1.0,16.0,0.0625,0.04340420081967213,0.048860143442622954
BE Hendricks,death,Nb,0.0,16.0,0.0,0.006570184426229508,0.00469298887587822
BJ Dwarshuis,death,0,7.0,29.0,0.2413793103448276,0.21696977459016392,0.22722885483487765
BJ Dwarshuis,death,1,12.0,29.0,0.41379310344827586,0.37083760245901637,0.38889136374435734
BJ Dwarshuis,death,2,3.0,29.0,0.10344827586206896,0.08837090163934426,0.09470776906628653
BJ Dwarshuis,death,3,0.0,29.0,0.0,0.002651127049180328,0.0015368852459016393
BJ Dwarshuis,death,4,0.0,29.0,0.0,0.11151383196721311,0.06464569969113804
BJ Dwarshuis,death,6,0.0,29.0,0.0,0.07952100409836066,0.04609913281064386
BJ Dwarshuis,death,W,6.0,29.0,0.20689655172413793,0.08016137295081967,0.1334268828700404
BJ Dwarshuis,death,Wd,1.0,29.0,0.034482758620689655,0.04340420081967213,0.039654609170824424
BJ Dwarshuis,death,Nb,0.0,29.0,0.0,0.006570184426229508,0.00380880256593015
BJ Dwarshuis,middle,0,8.0,25.0,0.32,0.2808889845966761,0.2959316828287238
BJ Dwarshuis,middle,1,11.0,25.0,0.44,0.4414331678151601,0.4408819494247139
BJ Dwarshuis,middle,2,0.0,25.0,0.0,0.06664217673287394,0.041010570297153194
BJ Dwarshuis,middle,3,0.0,25.0,0.0,0.002286430887717876,0.0014070343924417698
BJ Dwarshuis,middle,4,2.0,25.0,0.08,0.08739739562221321,0.08455224345982351
BJ Dwarshuis,middle,6,0.0,25.0,0.0,0.048281059991892986,0.029711421533472605
BJ Dwarshuis,middle,W,1.0,25.0,0.04,0.04221980137819214,0.04136603161734901
BJ Dwarshuis,middle,Wd,3.0,25.0,0.12,0.028171868666396434,0.06349038071778242
BJ Dwarshuis,middle,Nb,0.0,25.0,0.0,0.002679114308877179,0.0016486857285398023
BJ Haddin,death,0,8.0,61.0,0.13114754098360656,0.21696977459016392,0.16513654439214412
BJ Haddin,death,1,25.0,61.0,0.4098360655737705,0.37083760245901637,0.3943911296867392
BJ Haddin,death,2,10.0,61.0,0.16393442622950818,0.08837090163934426,0.13400827787696803
BJ Haddin,death,3,1.0,61.0,0.01639344262295082,0.002651127049180328,0.010950941405615972
BJ Haddin,death,4,3.0,61.0,0.04918032786885246,0.11151383196721311,0.07386686414543094
BJ Haddin,death,6,4.0,61.0,0.06557377049180328,0.07952100409836066,0.07109742736568739
BJ Haddin,death,W,4.0,61.0,0.06557377049180328,0.08016137295081967,0.07135103879240383
BJ Haddin,death,Wd,4.0,61.0,0.06557377049180328,0.04340420081967213,0.056793742898880055
BJ Haddin,death,Nb,2.0,61.0,0.03278688524590164,0.006570184426229508,0.0224040334361305
BJ Haddin,middle,0,43.0,128.0,0.3359375,0.2808889845966761,0.3228307106182562
BJ Haddin,middle,1,48.0,128.0,0.375,0.4414331678151601,0.39081742090837146
BJ Haddin,middle,2,8.0,128.0,0.0625,0.06664217673287394,0.06348623255544618
BJ Haddin,middle,3,1.0,128.0,0.0078125,0.002286430887717876,0.006496769258980447
BJ Haddin,middle,4,10.0,128.0,0.078125,0.08739739562221321,0.08033271324338409
BJ Haddin,middle,6,4.0,128.0,0.03125,0.048281059991892986,0.03530501428378404
BJ Haddin,middle,W,10.0,128.0,0.078125,0.04221980137819214,0.06957614318528384
BJ Haddin,middle,Wd,3.0,128.0,0.0234375,0.028171868666396434,0.024564730634856292
BJ Haddin,middle,Nb,1.0,128.0,0.0078125,0.002679114308877179,0.006590265311637424
BJ Haddin,powerplay,0,26.0,62.0,0.41935483870967744,0.4228881521678736,0.4207404518305387
BJ Haddin,powerplay,1,18.0,62.0,0.2903225806451613,0.25764450947345025,0.27750765077390205
BJ Haddin,powerplay,2,4.0,62.0,0.06451612903225806,0.04384827662845184,0.05641108887390268
BJ Haddin,powerplay,3,2.0,62.0,0.03225806451612903,0.005028429611245902,0.021579776318135648
BJ Haddin,powerplay,4,8.0,62.0,0.12903225806451613,0.15223269683107069,0.13813046934551793
BJ Haddin,powerplay,6,1.0,62.0,0.016129032258064516,0.040523771600022226,0.02569559670589107
BJ Haddin,powerplay,W,2.0,62.0,0.03225806451612903,0.03919952586446391,0.0349802062213584
BJ Haddin,powerplay,Wd,0.0,62.0,0.0,0.03486563072990943,0.013672796364670368
BJ Haddin,powerplay,Nb,1.0,62.0,0.016129032258064516,0.003769007093512122,0.011281963566083185
BJ Hodge,death,0,70.0,400.0,0.175,0.21696977459016392,0.17881543405365127
BJ Hodge,death,1,163.0,400.0,0.4075,0.37083760245901637,0.4041670547690015
BJ Hodge,death,2,45.0,400.0,0.1125,0.08837090163934426,0.11030644560357675
BJ Hodge,death,3,3.0,400.0,0.0075,0.002651127049180328,0.0070591933681073025
BJ Hodge,death,4,53.0,400.0,0.1325,0.11151383196721311,0.1305921665424739
BJ Hodge,death,6,22.0,400.0,0.055,0.07952100409836066,0.057229182190760064
BJ Hodge,death,W,28.0,400.0,0.07,0.08016137295081967,0.07092376117734724
BJ Hodge,death,Wd,12.0,400.0,0.03,0.04340420081967213,0.031218563710879284
BJ Hodge,death,Nb,4.0,400.0,0.01,0.006570184426229508,0.009688198584202681
BJ Hodge,middle,0,180.0,561.0,0.32085561497326204,0.2808889845966761,0.31819560629595184
BJ Hodge,middle,1,245.0,561.0,0.43672014260249553,0.4414331678151601,0.437033821485202
BJ Hodge,middle,2,39.0,561.0,0.06951871657754011,0.06664217673287394,0.06932726633829443
BJ Hodge,middle,3,3.0,561.0,0.0053475935828877,0.002286430887717876,0.0051438556331259815
BJ Hodge,middle,4,49.0,561.0,0.0873440285204991,0.08739739562221321,0.08734758040746843
BJ Hodge,middle,6,16.0,561.0,0.0285204991087344,0.048281059991892986,0.029835677869676735
BJ Hodge,middle,W,16.0,561.0,0.0285204991087344,0.04221980137819214,0.029432266314688326
BJ Hodge,middle,Wd,13.0,561.0,0.023172905525846704,0.028171868666396434,0.02350561521906133
BJ Hodge,middle,Nb,0.0,561.0,0.0,0.002679114308877179,0.00017831043653092704
BJ Hodge,powerplay,0,63.0,125.0,0.504,0.4228881521678736,0.48433652173766634
BJ Hodge,powerplay,1,33.0,125.0,0.264,0.25764450947345025,0.26245927502386673
BJ Hodge,powerplay,2,2.0,125.0,0.016,0.04384827662845184,0.022751097364473172
BJ Hodge,powerplay,3,1.0,125.0,0.008,0.005028429611245902,0.007279619299695976
BJ Hodge,powerplay,4,11.0,125.0,0.088,0.15223269683107069,0.10357156286813834
BJ Hodge,powerplay,6,1.0,125.0,0.008,0.040523771600022226,0.01588455069091448
BJ Hodge,powerplay,W,6.0,125.0,0.048,0.03919952586446391,0.04586655172471853
BJ Hodge,powerplay,Wd,7.0,125.0,0.056,0.03486563072990943,0.0508765165405841
BJ Hodge,powerplay,Nb,1.0,125.0,0.008,0.003769007093512122,0.006974304749942333
BJ Rohrer,death,0,5.0,34.0,0.14705882352941177,0.21696977459016392,0.18484852680549402
BJ Rohrer,death,1,14.0,34.0,0.4117647058823529,0.37083760245901637,0.389641947275144
BJ Rohrer,death,2,3.0,34.0,0.08823529411764706,0.08837090163934426,0.08830859548072663
BJ Rohrer,death,3,1.0,34.0,0.029411764705882353,0.002651127049180328,0.014946555161719097
BJ Rohrer,death,4,5.0,34.0,0.14705882352941177,0.11151383196721311,0.12784531457687195
BJ Rohrer,death,6,3.0,34.0,0.08823529411764706,0.07952100409836066,0.08352486708019495
BJ Rohrer,death,W,2.0,34.0,0.058823529411764705,0.08016137295081967,0.07035749889233496
BJ Rohrer,death,Wd,1.0,34.0,0.029411764705882353,0.04340420081967213,0.036975243686309264
BJ Rohrer,death,Nb,0.0,34.0,0.0,0.006570184426229508,0.0035514510412051397
BJ Rohrer,middle,0,36.0,94.0,0.3829787234042553,0.2808889845966761,0.3525041745064705
BJ Rohrer,middle,1,32.0,94.0,0.3404255319148936,0.4414331678151601,0.3705770650194508
BJ Rohrer,middle,2,10.0,94.0,0.10638297872340426,0.06664217673287394,0.09452005275608177
BJ Rohrer,middle,3,0.0,94.0,0.0,0.002286430887717876,0.0006825166829008585
BJ Rohrer,middle,4,7.0,94.0,0.07446808510638298,0.08739739562221321,0.0783275807827502
BJ Rohrer,middle,6,1.0,94.0,0.010638297872340425,0.048281059991892986,0.021874943281162084
BJ Rohrer,middle,W,5.0,94.0,0.05319148936170213,0.04221980137819214,0.049916358620355865
BJ Rohrer,middle,Wd,3.0,94.0,0.031914893617021274,0.028171868666396434,0.03079757273623774
BJ Rohrer,middle,Nb,0.0,94.0,0.0,0.002679114308877179,0.0007997356145902026
BJ Rohrer,powerplay,0,0.0,1.0,0.0,0.4228881521678736,0.4125738069930474
BJ Rohrer,powerplay,1,0.0,1.0,0.0,0.25764450947345025,0.25136049704726854
BJ Rohrer,powerplay,2,0.0,1.0,0.0,0.04384827662845184,0.04277880646678228
BJ Rohrer,powerplay,3,0.0,1.0,0.0,0.005028429611245902,0.004905784986581368
BJ Rohrer,powerplay,4,0.0,1.0,0.0,0.15223269683107069,0.1485197042254348
BJ Rohrer,powerplay,6,0.0,1.0,0.0,0.040523771600022226,0.039535386926850956
BJ Rohrer,powerplay,W,1.0,1.0,1.0,0.03919952586446391,0.0626336837702087
BJ Rohrer,powerplay,Wd,0.0,1.0,0.0,0.03486563072990943,0.034015249492594574
BJ Rohrer,powerplay,Nb,0.0,1.0,0.0,0.003769007093512122,0.003677080091231339
BKG Mendis,death,0,7.0,35.0,0.2,0.21696977459016392,0.20905054644808743
BKG Mendis,death,1,12.0,35.0,0.34285714285714286,0.37083760245901637,0.3577800546448087
BKG Mendis,death,2,3.0,35.0,0.08571428571428572,0.08837090163934426,0.08713114754098361
BKG Mendis,death,3,1.0,35.0,0.02857142857142857,0.002651127049180328,0.014747267759562843
BKG Mendis,death,4,4.0,35.0,0.11428571428571428,0.11151383196721311,0.11280737704918034
BKG Mendis,death,6,1.0,35.0,0.02857142857142857,0.07952100409836066,0.05574453551912569
BKG Mendis,death,W,3.0,35.0,0.08571428571428572,0.08016137295081967,0.08275273224043715
BKG Mendis,death,Wd,4.0,35.0,0.11428571428571428,0.04340420081967213,0.07648224043715847
BKG Mendis,death,Nb,0.0,35.0,0.0,0.006570184426229508,0.0035040983606557377
BKG Mendis,middle,0,104.0,446.0,0.23318385650224216,0.2808889845966761,0.23711020449355358
BKG Mendis,middle,1,214.0,446.0,0.4798206278026906,0.4414331678151601,0.4766611660753218
BKG Mendis,middle,2,24.0,446.0,0.053811659192825115,0.06664217673287394,0.0548676688669032
BKG Mendis,middle,3,2.0,446.0,0.004484304932735426,0.002286430887717876,0.004303409949606409
BKG Mendis,middle,4,42.0,446.0,0.09417040358744394,0.08739739562221321,0.09361295437219862
BKG Mendis,middle,6,22.0,446.0,0.04932735426008968,0.048281059991892986,0.049241239505505595
BKG Mendis,middle,W,25.0,446.0,0.05605381165919283,0.04221980137819214,0.05491520998997466
BKG Mendis,middle,Wd,13.0,446.0,0.02914798206278027,0.028171868666396434,0.029067643511637566
BKG Mendis,middle,Nb,0.0,446.0,0.0,0.002679114308877179,0.00022050323529853325
BKG Mendis,powerplay,0,262.0,622.0,0.4212218649517685,0.4228881521678736,0.42132254695878385
BKG Mendis,powerplay,1,168.0,622.0,0.27009646302250806,0.25764450947345025,0.2693440791222629
BKG Mendis,powerplay,2,35.0,622.0,0.05627009646302251,0.04384827662845184,0.05551953333102429
BKG Mendis,powerplay,3,4.0,622.0,0.006430868167202572,0.005028429611245902,0.006346128677416671
BKG Mendis,powerplay,4,66.0,622.0,0.10610932475884244,0.15223269683107069,0.10889623545807074
BKG Mendis,powerplay,6,31.0,622.0,0.04983922829581994,0.040523771600022226,0.04927636082175361
BKG Mendis,powerplay,W,27.0,622.0,0.04340836012861737,0.03919952586446391,0.043154049901176064
BKG Mendis,powerplay,Wd,24.0,622.0,0.03858520900321544,0.03486563072990943,0.03836046107129362
BKG Mendis,powerplay,Nb,5.0,622.0,0.008038585209003215,0.003769007093512122,0.007780604658218256
BMAJ Mendis,death,0,6.0,27.0,0.2222222222222222,0.21696977459016392,0.21908643259114266
BMAJ Mendis,death,1,8.0,27.0,0.2962962962962963,0.37083760245901637,0.3407985686322486
BMAJ Mendis,death,2,4.0,27.0,0.14814814814814814,0.08837090163934426,0.11246023978468314
BMAJ Mendis,death,3,0.0,27.0,0.0,0.002651127049180328,0.0015827624174210913
BMAJ Mendis,death,4,2.0,27.0,0.07407407407407407,0.11151383196721311,0.0964261683386347
BMAJ Mendis,death,6,3.0,27.0,0.1111111111111111,0.07952100409836066,0.09225134573036457
BMAJ Mendis,death,W,0.0,27.0,0.0,0.08016137295081967,0.04785753609004159
BMAJ Mendis,death,Wd,3.0,27.0,0.1111111111111111,0.04340420081967213,0.07068907511622217
BMAJ Mendis,death,Nb,1.0,27.0,0.037037037037037035,0.006570184426229508,0.0188478712992415
BMAJ Mendis,middle,0,23.0,96.0,0.23958333333333334,0.2808889845966761,0.25173205429314
BMAJ Mendis,middle,1,48.0,96.0,0.5,0.4414331678151601,0.4827744611221059
BMAJ Mendis,middle,2,8.0,96.0,0.08333333333333333,0.06664217673287394,0.07842416962731587
BMAJ Mendis,middle,3,0.0,96.0,0.0,0.002286430887717876,0.0006724796728581989
BMAJ Mendis,middle,4,5.0,96.0,0.052083333333333336,0.08739739562221321,0.062469822241827414
BMAJ Mendis,middle,6,0.0,96.0,0.0,0.048281059991892986,0.014200311762321465
BMAJ Mendis,middle,W,8.0,96.0,0.08333333333333333,0.04221980137819214,0.07124111805240944
BMAJ Mendis,middle,Wd,4.0,96.0,0.041666666666666664,0.028171868666396434,0.037697608431293064
BMAJ Mendis,middle,Nb,0.0,96.0,0.0,0.002679114308877179,0.000787974796728582
BMAJ Mendis,powerplay,0,4.0,8.0,0.5,0.4228881521678736,0.4357401268065613
BMAJ Mendis,powerplay,1,2.0,8.0,0.25,0.25764450947345025,0.25637042456120857
BMAJ Mendis,powerplay,2,0.0,8.0,0.0,0.04384827662845184,0.03654023052370987
BMAJ Mendis,powerplay,3,0.0,8.0,0.0,0.005028429611245902,0.004190358009371585
BMAJ Mendis,powerplay,4,1.0,8.0,0.125,0.15223269683107069,0.14769391402589224
BMAJ Mendis,powerplay,6,0.0,8.0,0.0,0.040523771600022226,0.03376980966668519
BMAJ Mendis,powerplay,W,0.0,8.0,0.0,0.03919952586446391,0.03266627155371992
BMAJ Mendis,powerplay,Wd,1.0,8.0,0.125,0.03486563072990943,0.04988802560825786
BMAJ Mendis,powerplay,Nb,0.0,8.0,0.0,0.003769007093512122,0.0031408392445934352
BR Dunk,middle,0,7.0,15.0,0.4666666666666667,0.2808889845966761,0.331555625161219
BR Dunk,middle,1,3.0,15.0,0.2,0.4414331678151601,0.37558775841102554
BR Dunk,middle,2,0.0,15.0,0.0,0.06664217673287394,0.04846703762390832
BR Dunk,middle,3,0.0,15.0,0.0,0.002286430887717876,0.0016628588274311825
BR Dunk,middle,4,1.0,15.0,0.06666666666666667,0.08739739562221321,0.0817435604525187
BR Dunk,middle,6,1.0,15.0,0.06666666666666667,0.048281059991892986,0.053295316357740354
BR Dunk,middle,W,3.0,15.0,0.2,0.04221980137819214,0.0852507646386852
BR Dunk,middle,Wd,0.0,15.0,0.0,0.028171868666396434,0.020488631757379222
BR Dunk,middle,Nb,0.0,15.0,0.0,0.002679114308877179,0.0019484467700924936
BR Dunk,powerplay,0,29.0,65.0,0.4461538461538462,0.4228881521678736,0.43729072463538043
BR Dunk,powerplay,1,12.0,65.0,0.18461538461538463,0.25764450947345025,0.21243600360893344
BR Dunk,powerplay,2,4.0,65.0,0.06153846153846154,0.04384827662845184,0.05479934347750546
BR Dunk,powerplay,3,4.0,65.0,0.06153846153846154,0.005028429611245902,0.040010830328093674
BR Dunk,powerplay,4,10.0,65.0,0.15384615384615385,0.15223269683107069,0.1532315035546936
BR Dunk,powerplay,6,0.0,65.0,0.0,0.040523771600022226,0.015437627276198945
BR Dunk,powerplay,W,4.0,65.0,0.06153846153846154,0.03919952586446391,0.05302839080551006
BR Dunk,powerplay,Wd,1.0,65.0,0.015384615384615385,0.03486563072990943,0.022805954563775023
BR Dunk,powerplay,Nb,1.0,65.0,0.015384615384615385,0.003769007093512122,0.01095962174990938
BW Hilfenhaus,death,0,5.0,7.0,0.7142857142857143,0.21696977459016392,0.29103810603418206
BW Hilfenhaus,death,1,0.0,7.0,0.0,0.37083760245901637,0.3156064701778863
BW Hilfenhaus,death,2,1.0,7.0,0.14285714285714285,0.08837090163934426,0.09648587373561214
BW Hilfenhaus,death,3,0.0,7.0,0.0,0.002651127049180328,0.0022562783397279385
BW Hilfenhaus,death,4,0.0,7.0,0.0,0.11151383196721311,0.09490538890826648
BW Hilfenhaus,death,6,0.0,7.0,0.0,0.07952100409836066,0.06767745029647716
BW Hilfenhaus,death,W,1.0,7.0,0.14285714285714285,0.08016137295081967,0.08949904080920823
BW Hilfenhaus,death,Wd,0.0,7.0,0.0,0.04340420081967213,0.03693974537844437
BW Hilfenhaus,death,Nb,0.0,7.0,0.0,0.006570184426229508,0.0055916463201953264
C Bosch,death,0,30.0,78.0,0.38461538461538464,0.21696977459016392,0.32778636426785224
C Bosch,death,1,22.0,78.0,0.28205128205128205,0.37083760245901637,0.3121483398166157
C Bosch,death,2,8.0,78.0,0.10256410256410256,0.08837090163934426,0.09775284801333704
C Bosch,death,3,0.0,78.0,0.0,0.002651127049180328,0.0008986871353153654
C Bosch,death,4,6.0,78.0,0.07692307692307693,0.11151383196721311,0.0886487565990553
C Bosch,death,6,3.0,78.0,0.038461538461538464,0.07952100409836066,0.0523800013892748
C Bosch,death,W,7.0,78.0,0.08974358974358974,0.08016137295081967,0.08649538066129481
C Bosch,death,Wd,2.0,78.0,0.02564102564102564,0.04340420081967213,0.03166244095582106
C Bosch,death,Nb,0.0,78.0,0.0,0.006570184426229508,0.002227181161433732
C Bosch,middle,0,7.0,23.0,0.30434782608695654,0.2808889845966761,0.28945332355344516
C Bosch,middle,1,11.0,23.0,0.4782608695652174,0.4414331678151601,0.45487820178740324
C Bosch,middle,2,1.0,23.0,0.043478260869565216,0.06664217673287394,0.05818550903674536
C Bosch,middle,3,0.0,23.0,0.0,0.002286430887717876,0.0014517021509319848
C Bosch,middle,4,1.0,23.0,0.043478260869565216,0.08739739562221321,0.0713634257918814
C Bosch,middle,6,1.0,23.0,0.043478260869565216,0.048281059991892986,0.04652765713770983
C Bosch,middle,W,2.0,23.0,0.08695652173913043,0.04221980137819214,0.0585522548432966
C Bosch,middle,Wd,0.0,23.0,0.0,0.028171868666396434,0.017886900740569162
C Bosch,middle,Nb,0.0,23.0,0.0,0.002679114308877179,0.0017010249580172564
C Connolly,death,0,5.0,32.0,0.15625,0.21696977459016392,0.18998320810564662
C Connolly,death,1,14.0,32.0,0.4375,0.37083760245901637,0.40046533469945356
C Connolly,death,2,1.0,32.0,0.03125,0.08837090163934426,0.06298383424408015
C Connolly,death,3,0.0,32.0,0.0,0.002651127049180328,0.0014728483606557376
C Connolly,death,4,5.0,32.0,0.15625,0.11151383196721311,0.13139657331511842
C Connolly,death,6,5.0,32.0,0.15625,0.07952100409836066,0.11362278005464482
C Connolly,death,W,2.0,32.0,0.0625,0.08016137295081967,0.07231187386156648
C Connolly,death,Wd,0.0,32.0,0.0,0.04340420081967213,0.024113444899817853
C Connolly,death,Nb,0.0,32.0,0.0,0.006570184426229508,0.0036501024590163936
C Connolly,middle,0,24.0,106.0,0.22641509433962265,0.2808889845966761,0.24133944783470576
C Connolly,middle,1,47.0,106.0,0.44339622641509435,0.4414331678151601,0.44285840214113975
C Connolly,middle,2,4.0,106.0,0.03773584905660377,0.06664217673287394,0.045655390885718884
C Connolly,middle,3,0.0,106.0,0.0,0.002286430887717876,0.0006264194212925688
C Connolly,middle,4,11.0,106.0,0.10377358490566038,0.08739739562221321,0.09928695770471595
C Connolly,middle,6,12.0,106.0,0.11320754716981132,0.048281059991892986,0.09541946849092958
C Connolly,middle,W,2.0,106.0,0.018867924528301886,0.04221980137819214,0.025265699007723876
C Connolly,middle,Wd,5.0,106.0,0.04716981132075472,0.028171868666396434,0.04196489552504012
C Connolly,middle,Nb,1.0,106.0,0.009433962264150943,0.002679114308877179,0.007583318988733474
C Connolly,powerplay,0,30.0,66.0,0.45454545454545453,0.4228881521678736,0.442599302704858
C Connolly,powerplay,1,11.0,66.0,0.16666666666666666,0.25764450947345025,0.20099792810318878
C Connolly,powerplay,2,2.0,66.0,0.030303030303030304,0.04384827662845184,0.03541444401073654
C Connolly,powerplay,3,0.0,66.0,0.0,0.005028429611245902,0.0018975206080173216
C Connolly,powerplay,4,13.0,66.0,0.19696969696969696,0.15223269683107069,0.18008781012493233
C Connolly,powerplay,6,4.0,66.0,0.06060606060606061,0.040523771600022226,0.05302783833963103
C Connolly,powerplay,W,2.0,66.0,0.030303030303030304,0.03919952586446391,0.03366019843942034
C Connolly,powerplay,Wd,3.0,66.0,0.045454545454545456,0.03486563072990943,0.041458728577324314
C Connolly,powerplay,Nb,1.0,66.0,0.015151515151515152,0.003769007093512122,0.010856229091891366
C Green,death,0,23.0,145.0,0.15862068965517243,0.21696977459016392,0.1712367080194949
C Green,death,1,67.0,145.0,0.46206896551724136,0.37083760245901637,0.44234326539654406
C Green,death,2,9.0,145.0,0.06206896551724138,0.08837090163934426,0.06775587062472309
C Green,death,3,2.0,145.0,0.013793103448275862,0.002651127049180328,0.011384027470093042
C Green,death,4,20.0,145.0,0.13793103448275862,0.11151383196721311,0.13221920691182987
C Green,death,6,13.0,145.0,0.0896551724137931,0.07952100409836066,0.08746400088613204
C Green,death,W,7.0,145.0,0.04827586206896552,0.08016137295081967,0.05517002658396101
C Green,death,Wd,4.0,145.0,0.027586206896551724,0.04340420081967213,0.03100631369073992
C Green,death,Nb,0.0,145.0,0.0,0.006570184426229508,0.001420580416482056
C Green,middle,0,78.0,376.0,0.2074468085106383,0.2808889845966761,0.21450855621121884
C Green,middle,1,176.0,376.0,0.46808510638297873,0.4414331678151601,0.4655224199822269
C Green,middle,2,26.0,376.0,0.06914893617021277,0.06664217673287394,0.06890790160893018
C Green,middle,3,0.0,376.0,0.0,0.002286430887717876,0.00021984912381902653
C Green,middle,4,34.0,376.0,0.09042553191489362,0.08739739562221321,0.09013436496367434
C Green,middle,6,30.0,376.0,0.0797872340425532,0.048281059991892986,0.07675779422998971
C Green,middle,W,18.0,376.0,0.047872340425531915,0.04221980137819214,0.04732882705559539
C Green,middle,Wd,13.0,376.0,0.034574468085106384,0.028171868666396434,0.033958833525615045
C Green,middle,Nb,1.0,376.0,0.0026595744680851063,0.002679114308877179,0.002661453298930498
C Green,powerplay,0,81.0,246.0,0.32926829268292684,0.4228881521678736,0.34236197932417817
C Green,powerplay,1,66.0,246.0,0.2682926829268293,0.25764450947345025,0.2668034278983846
C Green,powerplay,2,10.0,246.0,0.04065040650406504,0.04384827662845184,0.04109766106691634
C Green,powerplay,3,0.0,246.0,0.0,0.005028429611245902,0.0007032768687057206
C Green,powerplay,4,50.0,246.0,0.2032520325203252,0.15223269683107069,0.19611646109525466
C Green,powerplay,6,17.0,246.0,0.06910569105691057,0.040523771600022226,0.06510821980419891
C Green,powerplay,W,12.0,246.0,0.04878048780487805,0.03919952586446391,0.04744049312789705
C Green,powerplay,Wd,10.0,246.0,0.04065040650406504,0.03486563072990943,0.03984134695523209
C Green,powerplay,Nb,0.0,246.0,0.0,0.003769007093512122,0.0005271338592324646
C Munro,death,0,13.0,55.0,0.23636363636363636,0.21696977459016392,0.22819779982743746
C Munro,death,1,22.0,55.0,0.4,0.37083760245901637,0.3877210957722174
C Munro,death,2,6.0,55.0,0.10909090909090909,0.08837090163934426,0.10036669542709233
C Munro,death,3,0.0,55.0,0.0,0.002651127049180328,0.0011162640207075065
C Munro,death,4,5.0,55.0,0.09090909090909091,0.11151383196721311,0.09958477135461606
C Munro,death,6,2.0,55.0,0.03636363636363636,0.07952100409836066,0.054535159620362386
C Munro,death,W,4.0,55.0,0.07272727272727272,0.08016137295081967,0.07585742018981881
C Munro,death,Wd,3.0,55.0,0.05454545454545454,0.04340420081967213,0.04985440034512511
C Munro,death,Nb,0.0,55.0,0.0,0.006570184426229508,0.0027663934426229507
C Munro,middle,0,101.0,369.0,0.27371273712737126,0.2808889845966761,0.2744145706207018
C Munro,middle,1,151.0,369.0,0.4092140921409214,0.4414331678151601,0.4123651019868127
C Munro,middle,2,16.0,369.0,0.04336043360433604,0.06664217673287394,0.04563737669759158
C Munro,middle,3,0.0,369.0,0.0,0.002286430887717876,0.00022361182275969446
C Munro,middle,4,32.0,369.0,0.08672086720867209,0.08739739562221321,0.08678703135669567
C Munro,middle,6,34.0,369.0,0.0921409214092141,0.048281059991892986,0.08785144840996507
C Munro,middle,W,24.0,369.0,0.06504065040650407,0.04221980137819214,0.06280878253087453
C Munro,middle,Wd,10.0,369.0,0.02710027100271003,0.028171868666396434,0.02720507273020992
C Munro,middle,Nb,1.0,369.0,0.0027100271002710027,0.002679114308877179,0.0027070038443889662
C Munro,powerplay,0,184.0,504.0,0.36507936507936506,0.4228881521678736,0.36933001118881426
C Munro,powerplay,1,140.0,504.0,0.2777777777777778,0.25764450947345025,0.2762973904024596
C Munro,powerplay,2,17.0,504.0,0.03373015873015873,0.04384827662845184,0.03447413798738616
C Munro,powerplay,3,7.0,504.0,0.013888888888888888,0.005028429611245902,0.013237384530238669
C Munro,powerplay,4,78.0,504.0,0.15476190476190477,0.15223269683107069,0.1545759335905199
C Munro,powerplay,6,41.0,504.0,0.08134920634920635,0.040523771600022226,0.07834733614706046
C Munro,powerplay,W,18.0,504.0,0.03571428571428571,0.03919952586446391,0.03597055337238705
C Munro,powerplay,Wd,18.0,504.0,0.03571428571428571,0.03486563072990943,0.03565188461249334
C Munro,powerplay,Nb,1.0,504.0,0.001984126984126984,0.003769007093512122,0.0021153681686405974
C Sakariya,death,0,16.0,37.0,0.43243243243243246,0.21696977459016392,0.32050377900787735
C Sakariya,death,1,10.0,37.0,0.2702702702702703,0.37083760245901637,0.32251304023845007
C Sakariya,death,2,1.0,37.0,0.02702702702702703,0.08837090163934426,0.05889397487758144
C Sakariya,death,3,0.0,37.0,0.0,0.002651127049180328,0.0013772088567170534
C Sakariya,death,4,3.0,37.0,0.08108108108108109,0.11151383196721311,0.09689030232063019
C Sakariya,death,6,0.0,37.0,0.0,0.07952100409836066,0.04130961251862891
C Sakariya,death,W,5.0,37.0,0.13513513513513514,0.08016137295081967,0.10657733659782839
C Sakariya,death,Wd,1.0,37.0,0.02702702702702703,0.04340420081967213,0.035534649776453056
C Sakariya,death,Nb,1.0,37.0,0.02702702702702703,0.006570184426229508,0.01640009580583351
C Sakariya,middle,0,3.0,4.0,0.75,0.2808889845966761,0.32353544054243283
C Sakariya,middle,1,1.0,4.0,0.25,0.4414331678151601,0.4240301525592365
C Sakariya,middle,2,0.0,4.0,0.0,0.06664217673287394,0.060583797029885395
C Sakariya,middle,3,0.0,4.0,0.0,0.002286430887717876,0.0020785735342889783
C Sakariya,middle,4,0.0,4.0,0.0,0.08739739562221321,0.07945217783837565
C Sakariya,middle,6,0.0,4.0,0.0,0.048281059991892986,0.04389187271990271
C Sakariya,middle,W,0.0,4.0,0.0,0.04221980137819214,0.03838163761653831
C Sakariya,middle,Wd,0.0,4.0,0.0,0.028171868666396434,0.02561078969672403
C Sakariya,middle,Nb,0.0,4.0,0.0,0.002679114308877179,0.0024355584626156172
C de Grandhomme,death,0,43.0,176.0,0.24431818181818182,0.21696977459016392,0.23925366196114148
C de Grandhomme,death,1,72.0,176.0,0.4090909090909091,0.37083760245901637,0.40200696341833636
C de Grandhomme,death,2,16.0,176.0,0.09090909090909091,0.08837090163934426,0.09043905585913782
C de Grandhomme,death,3,1.0,176.0,0.005681818181818182,0.002651127049180328,0.0051205790831815425
C de Grandhomme,death,4,9.0,176.0,0.05113636363636364,0.11151383196721311,0.06231737629022466
C de Grandhomme,death,6,10.0,176.0,0.056818181818181816,0.07952100409836066,0.06102240816636309
C de Grandhomme,death,W,14.0,176.0,0.07954545454545454,0.08016137295081967,0.07965951350941104
C de Grandhomme,death,Wd,9.0,176.0,0.05113636363636364,0.04340420081967213,0.04970448163327262
C de Grandhomme,death,Nb,2.0,176.0,0.011363636363636364,0.006570184426229508,0.01047596007893139
C de Grandhomme,middle,0,62.0,242.0,0.256198347107438,0.2808889845966761,0.25970056519101786
C de Grandhomme,middle,1,100.0,242.0,0.4132231404958678,0.4414331678151601,0.417224562810661
C de Grandhomme,middle,2,16.0,242.0,0.06611570247933884,0.06664217673287394,0.06619037967842183
C de Grandhomme,middle,3,0.0,242.0,0.0,0.002286430887717876,0.0003243164379741668
C de Grandhomme,middle,4,22.0,242.0,0.09090909090909091,0.08739739562221321,0.09041097810244159
C de Grandhomme,middle,6,21.0,242.0,0.08677685950413223,0.048281059991892986,0.08131646241019758
C de Grandhomme,middle,W,15.0,242.0,0.06198347107438017,0.04221980137819214,0.05918011367066555
C de Grandhomme,middle,Wd,6.0,242.0,0.024793388429752067,0.028171868666396434,0.02527260548459524
C de Grandhomme,middle,Nb,0.0,242.0,0.0,0.002679114308877179,0.00038001621402513177
C de Grandhomme,powerplay,0,10.0,28.0,0.35714285714285715,0.4228881521678736,0.39581656009874916
C de Grandhomme,powerplay,1,9.0,28.0,0.32142857142857145,0.25764450947345025,0.2839085349843825
C de Grandhomme,powerplay,2,1.0,28.0,0.03571428571428571,0.04384827662845184,0.04049898625203049
C de Grandhomme,powerplay,3,0.0,28.0,0.0,0.005028429611245902,0.002957899771321119
C de Grandhomme,powerplay,4,2.0,28.0,0.07142857142857142,0.15223269683107069,0.11896040990062981
C de Grandhomme,powerplay,6,1.0,28.0,0.03571428571428571,0.040523771600022226,0.0385433950588366
C de Grandhomme,powerplay,W,2.0,28.0,0.07142857142857142,0.03919952586446391,0.0524703093320376
C de Grandhomme,powerplay,Wd,3.0,28.0,0.10714285714285714,0.03486563072990943,0.06462684160582907
C de Grandhomme,powerplay,Nb,0.0,28.0,0.0,0.003769007093512122,0.0022170629961836014
CA Ingram,death,0,11.0,57.0,0.19298245614035087,0.21696977459016392,0.20287413385161399
CA Ingram,death,1,19.0,57.0,0.3333333333333333,0.37083760245901637,0.3487990113233057
CA Ingram,death,2,6.0,57.0,0.10526315789473684,0.08837090163934426,0.09829727902653372
CA Ingram,death,3,0.0,57.0,0.0,0.002651127049180328,0.001093248267703228
CA Ingram,death,4,8.0,57.0,0.14035087719298245,0.11151383196721311,0.1284593121514281
CA Ingram,death,6,5.0,57.0,0.08771929824561403,0.07952100409836066,0.08433855839107657
CA Ingram,death,W,7.0,57.0,0.12280701754385964,0.08016137295081967,0.10522118472198749
CA Ingram,death,Wd,1.0,57.0,0.017543859649122806,0.04340420081967213,0.028207917863782322
CA Ingram,death,Nb,0.0,57.0,0.0,0.006570184426229508,0.0027093544025688695
CA Ingram,middle,0,47.0,147.0,0.3197278911564626,0.2808889845966761,0.311420103657043
CA Ingram,middle,1,62.0,147.0,0.4217687074829932,0.4414331678151601,0.42597500915832304
CA Ingram,middle,2,6.0,147.0,0.04081632653061224,0.06664217673287394,0.04634057256318159
CA Ingram,middle,3,0.0,147.0,0.0,0.002286430887717876,0.0004890761257150537
CA Ingram,middle,4,16.0,147.0,0.10884353741496598,0.08739739562221321,0.104256127405821
CA Ingram,middle,6,6.0,147.0,0.04081632653061224,0.048281059991892986,0.04241306096083272
CA Ingram,middle,W,7.0,147.0,0.047619047619047616,0.04221980137819214,0.046464128637046444
CA Ingram,middle,Wd,2.0,147.0,0.013605442176870748,0.028171868666396434,0.016721255329710465
CA Ingram,middle,Nb,1.0,147.0,0.006802721088435374,0.002679114308877179,0.005920666162326669
CA Ingram,powerplay,0,32.0,66.0,0.48484848484848486,0.4228881521678736,0.46146722723315986
CA Ingram,powerplay,1,18.0,66.0,0.2727272727272727,0.25764450947345025,0.2670356639522454
CA Ingram,powerplay,2,1.0,66.0,0.015151515151515152,0.04384827662845184,0.0259804817465856
CA Ingram,powerplay,3,0.0,66.0,0.0,0.005028429611245902,0.0018975206080173216
CA Ingram,powerplay,4,9.0,66.0,0.13636363636363635,0.15223269683107069,0.14235196106832856
CA Ingram,powerplay,6,0.0,66.0,0.0,0.040523771600022226,0.015291989283027257
CA Ingram,powerplay,W,5.0,66.0,0.07575757575757576,0.03919952586446391,0.061962085231873174
CA Ingram,powerplay,Wd,1.0,66.0,0.015151515151515152,0.03486563072990943,0.022590804049022428
CA Ingram,powerplay,Nb,0.0,66.0,0.0,0.003769007093512122,0.0014222668277404235
CA Lynn,death,0,8.0,51.0,0.1568627450980392,0.21696977459016392,0.18328341740226986
CA Lynn,death,1,22.0,51.0,0.43137254901960786,0.37083760245901637,0.40476378130066654
CA Lynn,death,2,6.0,51.0,0.11764705882352941,0.08837090163934426,0.10477841830300846
CA Lynn,death,3,0.0,51.0,0.0,0.002651127049180328,0.001165330571068276
CA Lynn,death,4,6.0,51.0,0.11764705882352941,0.11151383196721311,0.11495113493064314
CA Lynn,death,6,0.0,51.0,0.0,0.07952100409836066,0.034954287515762926
CA Lynn,death,W,6.0,51.0,0.11764705882352941,0.08016137295081967,0.10116983426409655
CA Lynn,death,Wd,3.0,51.0,0.058823529411764705,0.04340420081967213,0.05204580255809764
CA Lynn,death,Nb,0.0,51.0,0.0,0.006570184426229508,0.002887993154386597
CA Lynn,middle,0,106.0,417.0,0.2541966426858513,0.2808889845966761,0.2565329526999279
CA Lynn,middle,1,185.0,417.0,0.44364508393285373,0.4414331678151601,0.4434514807715676
CA Lynn,middle,2,24.0,417.0,0.05755395683453238,0.06664217673287394,0.05834942465933251
CA Lynn,middle,3,0.0,417.0,0.0,0.002286430887717876,0.00020012524181338084
CA Lynn,middle,4,29.0,417.0,0.06954436450839328,0.08739739562221321,0.07110699305227249
CA Lynn,middle,6,33.0,417.0,0.07913669064748201,0.048281059991892986,0.07643597899272586
CA Lynn,middle,W,22.0,417.0,0.05275779376498801,0.04221980137819214,0.05183543119283957
CA Lynn,middle,Wd,17.0,417.0,0.0407673860911271,0.028171868666396434,0.039664933800122225
CA Lynn,middle,Nb,1.0,417.0,0.002398081534772182,0.002679114308877179,0.0024226795893984403
CA Lynn,powerplay,0,256.0,583.0,0.4391080617495712,0.4228881521678736,0.4380666550348554
CA Lynn,powerplay,1,130.0,583.0,0.22298456260720412,0.25764450947345025,0.22520992035142537
CA Lynn,powerplay,2,15.0,583.0,0.025728987993138937,0.04384827662845184,0.026892345208889362
CA Lynn,powerplay,3,0.0,583.0,0.0,0.005028429611245902,0.0003228526235149857
CA Lynn,powerplay,4,107.0,583.0,0.1835334476843911,0.15223269683107069,0.18152376865689057
CA Lynn,powerplay,6,37.0,583.0,0.0634648370497427,0.040523771600022226,0.06199189544783449
CA Lynn,powerplay,W,20.0,583.0,0.03430531732418525,0.03919952586446391,0.03461955222243749
CA Lynn,powerplay,Wd,15.0,583.0,0.025728987993138937,0.03486563072990943,0.026315610319737365
CA Lynn,powerplay,Nb,3.0,583.0,0.005145797598627788,0.003769007093512122,0.005057400134414904
CH Gayle,death,0,66.0,348.0,0.1896551724137931,0.21696977459016392,0.19247111078249113
CH Gayle,death,1,120.0,348.0,0.3448275862068966,0.37083760245901637,0.3475090311813419
CH Gayle,death,2,8.0,348.0,0.022988505747126436,0.08837090163934426,0.02972895893189116
CH Gayle,death,3,1.0,348.0,0.0028735632183908046,0.002651127049180328,0.0028506316545546732
CH Gayle,death,4,44.0,348.0,0.12643678160919541,0.11151383196721311,0.12489833319249619
CH Gayle,death,6,57.0,348.0,0.16379310344827586,0.07952100409836066,0.15510525815447018
CH Gayle,death,W,18.0,348.0,0.05172413793103448,0.08016137295081967,0.054655811644414395
CH Gayle,death,Wd,28.0,348.0,0.08045977011494253,0.04340420081967213,0.07663960833192496
CH Gayle,death,Nb,6.0,348.0,0.017241379310344827,0.006570184426229508,0.016141256126415413
CH Gayle,middle,0,453.0,1575.0,0.2876190476190476,0.2808889845966761,0.28745235875162045
CH Gayle,middle,1,630.0,1575.0,0.4,0.4414331678151601,0.40102620849077797
CH Gayle,middle,2,49.0,1575.0,0.03111111111111111,0.06664217673287394,0.03199113750421979
CH Gayle,middle,3,0.0,1575.0,0.0,0.002286430887717876,5.6629867188058846e-05
CH Gayle,middle,4,116.0,1575.0,0.07365079365079365,0.08739739562221321,0.07399126676463687
CH Gayle,middle,6,181.0,1575.0,0.11492063492063492,0.048281059991892986,0.11327011913292613
CH Gayle,middle,W,53.0,1575.0,0.03365079365079365,0.04221980137819214,0.03386302913630197
CH Gayle,middle,Wd,91.0,1575.0,0.057777777777777775,0.028171868666396434,0.05704450448709341
CH Gayle,middle,Nb,2.0,1575.0,0.0012698412698412698,0.002679114308877179,0.0013047458652353482
CH Gayle,powerplay,0,1055.0,2207.0,0.4780244676030811,0.4228881521678736,0.4770429577599977
CH Gayle,powerplay,1,439.0,2207.0,0.1989125509741731,0.25764450947345025,0.1999580687044673
CH Gayle,powerplay,2,54.0,2207.0,0.024467603081105575,0.04384827662845184,0.024812608395700077
CH Gayle,powerplay,3,2.0,2207.0,0.0009062075215224287,0.005028429611245902,0.0009795893121717116
CH Gayle,powerplay,4,294.0,2207.0,0.133212505663797,0.15223269683107069,0.13355109384657002
CH Gayle,powerplay,6,162.0,2207.0,0.07340280924331671,0.040523771600022226,0.07281751262305336
CH Gayle,powerplay,W,87.0,2207.0,0.03942002718622564,0.03919952586446391,0.03941610192905143
CH Gayle,powerplay,Wd,103.0,2207.0,0.04666968735840508,0.03486563072990943,0.046459557289361984
CH Gayle,powerplay,Nb,11.0,2207.0,0.004984141368373357,0.003769007093512122,0.004962510139626384
CH Morris,death,0,69.0,355.0,0.19436619718309858,0.21696977459016392,0.19665516704710523
CH Morris,death,1,137.0,355.0,0.38591549295774646,0.37083760245901637,0.3843886179705333
CH Morris,death,2,39.0,355.0,0.10985915492957747,0.08837090163934426,0.10768312927993359
CH Morris,death,3,1.0,355.0,0.0028169014084507044,0.002651127049180328,0.002800114131562565
CH Morris,death,4,35.0,355.0,0.09859154929577464,0.11151383196721311,0.09990013488275575
CH Morris,death,6,30.0,355.0,0.08450704225352113,0.07952100409836066,0.08400212699730235
CH Morris,death,W,27.0,355.0,0.07605633802816901,0.08016137295081967,0.07647203776717161
CH Morris,death,Wd,16.0,355.0,0.04507042253521127,0.04340420081967213,0.04490169122224528
CH Morris,death,Nb,1.0,355.0,0.0028169014084507044,0.006570184426229508,0.00319698070139033
CH Morris,middle,0,36.0,98.0,0.3673469387755102,0.2808889845966761,0.3422866622019351
CH Morris,middle,1,36.0,98.0,0.3673469387755102,0.4414331678151601,0.38882120806236525
CH Morris,middle,2,2.0,98.0,0.02040816326530612,0.06664217673287394,0.033809326589238825
CH Morris,middle,3,0.0,98.0,0.0,0.002286430887717876,0.0006627335906428626
CH Morris,middle,4,9.0,98.0,0.09183673469387756,0.08739739562221321,0.09054996974556904
CH Morris,middle,6,3.0,98.0,0.030612244897959183,0.048281059991892986,0.03573364057736028
CH Morris,middle,W,9.0,98.0,0.09183673469387756,0.04221980137819214,0.0774550148922296
CH Morris,middle,Wd,3.0,98.0,0.030612244897959183,0.028171868666396434,0.029904889468520702
CH Morris,middle,Nb,0.0,98.0,0.0,0.002679114308877179,0.0007765548721383127
CH Morris,powerplay,0,7.0,17.0,0.4117647058823529,0.4228881521678736,0.41957063310026216
CH Morris,powerplay,1,2.0,17.0,0.11764705882352941,0.25764450947345025,0.21589088384101773
CH Morris,powerplay,2,1.0,17.0,0.058823529411764705,0.04384827662845184,0.04831458009014164
CH Morris,powerplay,3,1.0,17.0,0.058823529411764705,0.005028429611245902,0.021072582183330454
CH Morris,powerplay,4,3.0,17.0,0.17647058823529413,0.15223269683107069,0.15946154163583906
CH Morris,powerplay,6,1.0,17.0,0.058823529411764705,0.040523771600022226,0.04598159410527876
CH Morris,powerplay,W,2.0,17.0,0.11764705882352941,0.03919952586446391,0.06259615850137819
CH Morris,powerplay,Wd,0.0,17.0,0.0,0.03486563072990943,0.024467109284146974
CH Morris,powerplay,Nb,0.0,17.0,0.0,0.003769007093512122,0.002644917258604998
CJ Anderson,death,0,32.0,135.0,0.23703703703703705,0.21696977459016392,0.2324502341920375
CJ Anderson,death,1,47.0,135.0,0.34814814814814815,0.37083760245901637,0.35333430913348945
CJ Anderson,death,2,10.0,135.0,0.07407407407407407,0.08837090163934426,0.07734192037470726
CJ Anderson,death,3,0.0,135.0,0.0,0.002651127049180328,0.0006059718969555035
CJ Anderson,death,4,10.0,135.0,0.07407407407407407,0.11151383196721311,0.08263173302107729
CJ Anderson,death,6,15.0,135.0,0.1111111111111111,0.07952100409836066,0.10389051522248244
CJ Anderson,death,W,16.0,135.0,0.11851851851851852,0.08016137295081967,0.10975117096018736
CJ Anderson,death,Wd,4.0,135.0,0.02962962962962963,0.04340420081967213,0.032778103044496486
CJ Anderson,death,Nb,1.0,135.0,0.007407407407407408,0.006570184426229508,0.007216042154566745
CJ Anderson,middle,0,132.0,359.0,0.36768802228412256,0.2808889845966761,0.3589863643705941
CJ Anderson,middle,1,133.0,359.0,0.37047353760445684,0.4414331678151601,0.37758728499400096
CJ Anderson,middle,2,24.0,359.0,0.06685236768802229,0.06664217673287394,0.06683129591307006
CJ Anderson,middle,3,2.0,359.0,0.005571030640668524,0.002286430887717876,0.005241747457415326
CJ Anderson,middle,4,26.0,359.0,0.07242339832869081,0.08739739562221321,0.07392455093957025
CJ Anderson,middle,6,19.0,359.0,0.052924791086350974,0.048281059991892986,0.05245925413452561
CJ Anderson,middle,W,13.0,359.0,0.036211699164345405,0.04221980137819214,0.03681401517575861
CJ Anderson,middle,Wd,9.0,359.0,0.025069637883008356,0.028171868666396434,0.025380638462796635
CJ Anderson,middle,Nb,1.0,359.0,0.002785515320334262,0.002679114308877179,0.002774848552268389
CJ Anderson,powerplay,0,48.0,89.0,0.5393258426966292,0.4228881521678736,0.5032211324551547
CJ Anderson,powerplay,1,18.0,89.0,0.20224719101123595,0.25764450947345025,0.21942465410029466
CJ Anderson,powerplay,2,2.0,89.0,0.02247191011235955,0.04384827662845184,0.029100240815023826
CJ Anderson,powerplay,3,0.0,89.0,0.0,0.005028429611245902,0.0015592029802312874
CJ Anderson,powerplay,4,10.0,89.0,0.11235955056179775,0.15223269683107069,0.12472331684684362
CJ Anderson,powerplay,6,2.0,89.0,0.02247191011235955,0.040523771600022226,0.02806938654264255
CJ Anderson,powerplay,W,4.0,89.0,0.0449438202247191,0.03919952586446391,0.04316264367890354
CJ Anderson,powerplay,Wd,5.0,89.0,0.056179775280898875,0.03486563072990943,0.049570738210824625
CJ Anderson,powerplay,Nb,0.0,89.0,0.0,0.003769007093512122,0.0011686843700812783
CJ Dala,death,0,1.0,5.0,0.2,0.21696977459016392,0.21508424408014573
CJ Dala,death,1,3.0,5.0,0.6,0.37083760245901637,0.3963000910746812
CJ Dala,death,2,0.0,5.0,0.0,0.08837090163934426,0.078551912568306
CJ Dala,death,3,0.0,5.0,0.0,0.002651127049180328,0.0023565573770491805
CJ Dala,death,4,1.0,5.0,0.2,0.11151383196721311,0.12134562841530055
CJ Dala,death,6,0.0,5.0,0.0,0.07952100409836066,0.07068533697632058
CJ Dala,death,W,0.0,5.0,0.0,0.08016137295081967,0.07125455373406192
CJ Dala,death,Wd,0.0,5.0,0.0,0.04340420081967213,0.038581511839708565
CJ Dala,death,Nb,0.0,5.0,0.0,0.006570184426229508,0.00584016393442623
CJ Dala,middle,0,6.0,11.0,0.5454545454545454,0.2808889845966761,0.33795214478170676
CJ Dala,middle,1,4.0,11.0,0.36363636363636365,0.4414331678151601,0.4246534649530668
CJ Dala,middle,2,0.0,11.0,0.0,0.06664217673287394,0.05226837390813642
CJ Dala,middle,3,0.0,11.0,0.0,0.002286430887717876,0.0017932791276218634
CJ Dala,middle,4,0.0,11.0,0.0,0.08739739562221321,0.0685469769585986
CJ Dala,middle,6,0.0,11.0,0.0,0.048281059991892986,0.037867498032857244
CJ Dala,middle,W,0.0,11.0,0.0,0.04221980137819214,0.03311356970838599
CJ Dala,middle,Wd,1.0,11.0,0.09090909090909091,0.028171868666396434,0.04170342640501681
CJ Dala,middle,Nb,0.0,11.0,0.0,0.002679114308877179,0.002101266124609552
CJ Ferguson,death,0,5.0,19.0,0.2631578947368421,0.21696977459016392,0.23184391497638232
CJ Ferguson,death,1,8.0,19.0,0.42105263157894735,0.37083760245901637,0.3870085440400111
CJ Ferguson,death,2,1.0,19.0,0.05263157894736842,0.08837090163934426,0.07686162823006391
CJ Ferguson,death,3,0.0,19.0,0.0,0.002651127049180328,0.0017973742706307307
CJ Ferguson,death,4,3.0,19.0,0.15789473684210525,0.11151383196721311,0.12645005557099195
CJ Ferguson,death,6,0.0,19.0,0.0,0.07952100409836066,0.05391254515143096
CJ Ferguson,death,W,1.0,19.0,0.05263157894736842,0.08016137295081967,0.07129584606835232
CJ Ferguson,death,Wd,1.0,19.0,0.05263157894736842,0.04340420081967213,0.046375729369269245
CJ Ferguson,death,Nb,0.0,19.0,0.0,0.006570184426229508,0.004454362322867464
CJ Ferguson,middle,0,21.0,66.0,0.3181818181818182,0.2808889845966761,0.3041090507911985
CJ Ferguson,middle,1,27.0,66.0,0.4090909090909091,0.4414331678151601,0.4212955350245887
CJ Ferguson,middle,2,8.0,66.0,0.12121212121212122,0.06664217673287394,0.10061968933315997
CJ Ferguson,middle,3,0.0,66.0,0.0,0.002286430887717876,0.0008628041085727834
CJ Ferguson,middle,4,4.0,66.0,0.06060606060606061,0.08739739562221321,0.07071599834800499
CJ Ferguson,middle,6,0.0,66.0,0.0,0.048281059991892986,0.01821926792146905
CJ Ferguson,middle,W,6.0,66.0,0.09090909090909091,0.04221980137819214,0.07253577410497816
CJ Ferguson,middle,Wd,0.0,66.0,0.0,0.028171868666396434,0.010630893836376012
CJ Ferguson,middle,Nb,0.0,66.0,0.0,0.002679114308877179,0.0010109865316517655
CJ Ferguson,powerplay,0,10.0,18.0,0.5555555555555556,0.4228881521678736,0.4640607945985335
CJ Ferguson,powerplay,1,5.0,18.0,0.2777777777777778,0.25764450947345025,0.26389276515410365
CJ Ferguson,powerplay,2,1.0,18.0,0.05555555555555555,0.04384827662845184,0.04748157008858747
CJ Ferguson,powerplay,3,0.0,18.0,0.0,0.005028429611245902,0.0034678824905144154
CJ Ferguson,powerplay,4,2.0,18.0,0.1111111111111111,0.15223269683107069,0.1394708254007384
CJ Ferguson,powerplay,6,0.0,18.0,0.0,0.040523771600022226,0.027947428689670505
CJ Ferguson,powerplay,W,0.0,18.0,0.0,0.03919952586446391,0.0270341557685958
CJ Ferguson,powerplay,Wd,0.0,18.0,0.0,0.03486563072990943,0.024045262572351334
CJ Ferguson,powerplay,Nb,0.0,18.0,0.0,0.003769007093512122,0.002599315236904912
CJ Green,death,0,1.0,3.0,0.3333333333333333,0.21696977459016392,0.2250881624094548
CJ Green,death,1,2.0,3.0,0.6666666666666666,0.37083760245901637,0.39147683949675943
CJ Green,death,2,0.0,3.0,0.0,0.08837090163934426,0.08220548989706443
CJ Green,death,3,0.0,3.0,0.0,0.002651127049180328,0.002466164696911933
CJ Green,death,4,0.0,3.0,0.0,0.11151383196721311,0.1037337971788029
CJ Green,death,6,0.0,3.0,0.0,0.07952100409836066,0.07397302706824248
CJ Green,death,W,0.0,3.0,0.0,0.08016137295081967,0.07456871902401829
CJ Green,death,Wd,0.0,3.0,0.0,0.04340420081967213,0.04037600076248571
CJ Green,death,Nb,0.0,3.0,0.0,0.006570184426229508,0.006111799466260007
CJ Jordan,death,0,74.0,276.0,0.26811594202898553,0.21696977459016392,0.2616417436190081
CJ Jordan,death,1,92.0,276.0,0.3333333333333333,0.37083760245901637,0.33808070917202737
CJ Jordan,death,2,31.0,276.0,0.11231884057971014,0.08837090163934426,0.10928745590371447
CJ Jordan,death,3,0.0,276.0,0.0,0.002651127049180328,0.0003355857024278896
CJ Jordan,death,4,23.0,276.0,0.08333333333333333,0.11151383196721311,0.0869004850591409
CJ Jordan,death,6,15.0,276.0,0.05434782608695652,0.07952100409836066,0.05753430431624819
CJ Jordan,death,W,30.0,276.0,0.10869565217391304,0.08016137295081967,0.10508371809504048
CJ Jordan,death,Wd,11.0,276.0,0.03985507246376811,0.04340420081967213,0.04030432921768002
CJ Jordan,death,Nb,0.0,276.0,0.0,0.006570184426229508,0.000831668914712596
CJ Jordan,middle,0,31.0,73.0,0.4246575342465753,0.2808889845966761,0.373766012246611
CJ Jordan,middle,1,22.0,73.0,0.3013698630136986,0.4414331678151601,0.35094979391687087
CJ Jordan,middle,2,5.0,73.0,0.0684931506849315,0.06664217673287394,0.06783793866650405
CJ Jordan,middle,3,0.0,73.0,0.0,0.002286430887717876,0.0008093560664488057
CJ Jordan,middle,4,5.0,73.0,0.0684931506849315,0.08739739562221321,0.07518491880432326
CJ Jordan,middle,6,7.0,73.0,0.0958904109589041,0.048281059991892986,0.07903754335996212
CJ Jordan,middle,W,3.0,73.0,0.0410958904109589,0.04221980137819214,0.04149373500112996
CJ Jordan,middle,Wd,0.0,73.0,0.0,0.028171868666396434,0.0099723428907598
CJ Jordan,middle,Nb,0.0,73.0,0.0,0.002679114308877179,0.0009483590473901518
CJ McKay,death,0,9.0,20.0,0.45,0.21696977459016392,0.29464651639344264
CJ McKay,death,1,4.0,20.0,0.2,0.37083760245901637,0.3138917349726776
CJ McKay,death,2,1.0,20.0,0.05,0.08837090163934426,0.07558060109289617
CJ McKay,death,3,0.0,20.0,0.0,0.002651127049180328,0.0017674180327868852
CJ McKay,death,4,1.0,20.0,0.05,0.11151383196721311,0.09100922131147542
CJ McKay,death,6,1.0,20.0,0.05,0.07952100409836066,0.06968066939890712
CJ McKay,death,W,2.0,20.0,0.1,0.08016137295081967,0.08677424863387978
CJ McKay,death,Wd,2.0,20.0,0.1,0.04340420081967213,0.06226946721311476
CJ McKay,death,Nb,0.0,20.0,0.0,0.006570184426229508,0.004380122950819672
CJ McKay,middle,0,7.0,15.0,0.4666666666666667,0.2808889845966761,0.331555625161219
CJ McKay,middle,1,6.0,15.0,0.4,0.4414331678151601,0.4301332129564801
CJ McKay,middle,2,1.0,15.0,0.06666666666666667,0.06664217673287394,0.0666488558057265
CJ McKay,middle,3,0.0,15.0,0.0,0.002286430887717876,0.0016628588274311825
CJ McKay,middle,4,0.0,15.0,0.0,0.08739739562221321,0.06356174227070052
CJ McKay,middle,6,0.0,15.0,0.0,0.048281059991892986,0.03511349817592217
CJ McKay,middle,W,1.0,15.0,0.06666666666666667,0.04221980137819214,0.04888712827504883
CJ McKay,middle,Wd,0.0,15.0,0.0,0.028171868666396434,0.020488631757379222
CJ McKay,middle,Nb,0.0,15.0,0.0,0.002679114308877179,0.0019484467700924936
CK Kapugedera,death,0,28.0,139.0,0.2014388489208633,0.21696977459016392,0.20490944683579085
CK Kapugedera,death,1,52.0,139.0,0.37410071942446044,0.37083760245901637,0.37337153127575784
CK Kapugedera,death,2,18.0,139.0,0.12949640287769784,0.08837090163934426,0.120306346735049
CK Kapugedera,death,3,0.0,139.0,0.0,0.002651127049180328,0.000592430625515157
CK Kapugedera,death,4,16.0,139.0,0.11510791366906475,0.11151383196721311,0.11430476692004762
CK Kapugedera,death,6,11.0,139.0,0.07913669064748201,0.07952100409836066,0.07922257074823702
CK Kapugedera,death,W,11.0,139.0,0.07913669064748201,0.08016137295081967,0.07936566993314406
CK Kapugedera,death,Wd,1.0,139.0,0.007194244604316547,0.04340420081967213,0.01528585493177031
CK Kapugedera,death,Nb,2.0,139.0,0.014388489208633094,0.006570184426229508,0.012641381994688158
CK Kapugedera,middle,0,98.0,282.0,0.3475177304964539,0.2808889845966761,0.339240867651761
CK Kapugedera,middle,1,107.0,282.0,0.37943262411347517,0.4414331678151601,0.3871345550080944
CK Kapugedera,middle,2,17.0,282.0,0.06028368794326241,0.06664217673287394,0.06107356232706508
CK Kapugedera,middle,3,0.0,282.0,0.0,0.002286430887717876,0.000284028681704084
CK Kapugedera,middle,4,26.0,282.0,0.09219858156028368,0.08739739562221321,0.09160216094685879
CK Kapugedera,middle,6,6.0,282.0,0.02127659574468085,0.048281059991892986,0.024631187576632668
CK Kapugedera,middle,W,15.0,282.0,0.05319148936170213,0.04221980137819214,0.051828546755054924
CK Kapugedera,middle,Wd,12.0,282.0,0.0425531914893617,0.028171868666396434,0.0407666917598008
CK Kapugedera,middle,Nb,1.0,282.0,0.0035460992907801418,0.002679114308877179,0.003438399293028221
CK Kapugedera,powerplay,0,23.0,48.0,0.4791666666666667,0.4228881521678736,0.45358552371266986
CK Kapugedera,powerplay,1,16.0,48.0,0.3333333333333333,0.25764450947345025,0.2989293224879319
CK Kapugedera,powerplay,2,1.0,48.0,0.020833333333333332,0.04384827662845184,0.03129467119475083
CK Kapugedera,powerplay,3,1.0,48.0,0.020833333333333332,0.005028429611245902,0.013649286186929954
CK Kapugedera,powerplay,4,5.0,48.0,0.10416666666666667,0.15223269683107069,0.1260148621959412
CK Kapugedera,powerplay,6,1.0,48.0,0.020833333333333332,0.040523771600022226,0.02978353254546465
CK Kapugedera,powerplay,W,0.0,48.0,0.0,0.03919952586446391,0.01781796630202905
CK Kapugedera,powerplay,Wd,1.0,48.0,0.020833333333333332,0.03486563072990943,0.027211650331777016
CK Kapugedera,powerplay,Nb,0.0,48.0,0.0,0.003769007093512122,0.00171318504250551
CK Langeveldt,death,0,3.0,6.0,0.5,0.21696977459016392,0.25388676051318604
CK Langeveldt,death,1,1.0,6.0,0.16666666666666666,0.37083760245901637,0.3442066108339273
CK Langeveldt,death,2,0.0,6.0,0.0,0.08837090163934426,0.07684426229508197
CK Langeveldt,death,3,0.0,6.0,0.0,0.002651127049180328,0.002305327868852459
CK Langeveldt,death,4,0.0,6.0,0.0,0.11151383196721311,0.09696854953670705
CK Langeveldt,death,6,1.0,6.0,0.16666666666666666,0.07952100409836066,0.0908878296507484
CK Langeveldt,death,W,1.0,6.0,0.16666666666666666,0.08016137295081967,0.09144467213114753
CK Langeveldt,death,Wd,0.0,6.0,0.0,0.04340420081967213,0.03774278332145403
CK Langeveldt,death,Nb,0.0,6.0,0.0,0.006570184426229508,0.005713203848895225
CK Langeveldt,middle,0,3.0,4.0,0.75,0.2808889845966761,0.32353544054243283
CK Langeveldt,middle,1,1.0,4.0,0.25,0.4414331678151601,0.4240301525592365
CK Langeveldt,middle,2,0.0,4.0,0.0,0.06664217673287394,0.060583797029885395
CK Langeveldt,middle,3,0.0,4.0,0.0,0.002286430887717876,0.0020785735342889783
CK Langeveldt,middle,4,0.0,4.0,0.0,0.08739739562221321,0.07945217783837565
CK Langeveldt,middle,6,0.0,4.0,0.0,0.048281059991892986,0.04389187271990271
CK Langeveldt,middle,W,0.0,4.0,0.0,0.04221980137819214,0.03838163761653831
CK Langeveldt,middle,Wd,0.0,4.0,0.0,0.028171868666396434,0.02561078969672403
CK Langeveldt,middle,Nb,0.0,4.0,0.0,0.002679114308877179,0.0024355584626156172
CL White,death,0,43.0,298.0,0.14429530201342283,0.21696977459016392,0.15289583131244544
CL White,death,1,139.0,298.0,0.4664429530201342,0.37083760245901637,0.4551287103501795
CL White,death,2,21.0,298.0,0.07046979865771812,0.08837090163934426,0.07258827238335436
CL White,death,3,0.0,298.0,0.0,0.002651127049180328,0.00031374284605684355
CL White,death,4,34.0,298.0,0.11409395973154363,0.11151383196721311,0.11378861916771751
CL White,death,6,36.0,298.0,0.12080536912751678,0.07952100409836066,0.1159196454554273
CL White,death,W,16.0,298.0,0.053691275167785234,0.08016137295081967,0.0568238311184402
CL White,death,Wd,7.0,298.0,0.02348993288590604,0.04340420081967213,0.025846650984576582
CL White,death,Nb,2.0,298.0,0.006711409395973154,0.006570184426229508,0.0066946963818023085
CL White,middle,0,216.0,673.0,0.3209509658246657,0.2808889845966761,0.31870344934623707
CL White,middle,1,301.0,673.0,0.4472511144130758,0.4414331678151601,0.44692472189706367
CL White,middle,2,40.0,673.0,0.05943536404160475,0.06664217673287394,0.05983967330899713
CL White,middle,3,1.0,673.0,0.0014858841010401188,0.002286430887717876,0.001530795561723303
CL White,middle,4,56.0,673.0,0.08320950965824665,0.08739739562221321,0.08344445417235417
CL White,middle,6,24.0,673.0,0.03566121842496285,0.048281059991892986,0.036369203926613906
CL White,middle,W,26.0,673.0,0.03863298662704309,0.04221980137819214,0.03883421045599956
CL White,middle,Wd,6.0,673.0,0.008915304606240713,0.028171868666396434,0.009995616755478061
CL White,middle,Nb,3.0,673.0,0.004457652303120356,0.002679114308877179,0.0043578745755330816
CL White,powerplay,0,63.0,150.0,0.42,0.4228881521678736,0.4206080320353418
CL White,powerplay,1,47.0,150.0,0.31333333333333335,0.25764450947345025,0.3016093704154632
CL White,powerplay,2,10.0,150.0,0.06666666666666667,0.04384827662845184,0.06186279507967408
CL White,powerplay,3,1.0,150.0,0.006666666666666667,0.005028429611245902,0.006321774654999137
CL White,powerplay,4,14.0,150.0,0.09333333333333334,0.15223269683107069,0.10573319933285699
CL White,powerplay,6,2.0,150.0,0.013333333333333334,0.040523771600022226,0.01905763612632047
CL White,powerplay,W,9.0,150.0,0.06,0.03919952586446391,0.05562095281357135
CL White,powerplay,Wd,4.0,150.0,0.02666666666666667,0.03486563072990943,0.02839276436419146
CL White,powerplay,Nb,0.0,150.0,0.0,0.003769007093512122,0.0007934751775814994
CR Brathwaite,death,0,32.0,154.0,0.2077922077922078,0.21696977459016392,0.20968448960621938
CR Brathwaite,death,1,55.0,154.0,0.35714285714285715,0.37083760245901637,0.35996651597093116
CR Brathwaite,death,2,7.0,154.0,0.045454545454545456,0.08837090163934426,0.05430327868852459
CR Brathwaite,death,3,0.0,154.0,0.0,0.002651127049180328,0.000546624133851614
CR Brathwaite,death,4,12.0,154.0,0.07792207792207792,0.11151383196721311,0.08484821277674498
CR Brathwaite,death,6,23.0,154.0,0.14935064935064934,0.07952100409836066,0.13495278435017746
CR Brathwaite,death,W,16.0,154.0,0.1038961038961039,0.08016137295081967,0.09900234493831334
CR Brathwaite,death,Wd,8.0,154.0,0.05194805194805195,0.04340420081967213,0.05018643315869529
CR Brathwaite,death,Nb,1.0,154.0,0.006493506493506494,0.006570184426229508,0.006509316376542167
CR Brathwaite,middle,0,70.0,136.0,0.5147058823529411,0.2808889845966761,0.4615656783174264
CR Brathwaite,middle,1,38.0,136.0,0.27941176470588236,0.4414331678151601,0.31623481086708183
CR Brathwaite,middle,2,5.0,136.0,0.03676470588235294,0.06664217673287394,0.04355504016656226
CR Brathwaite,middle,3,0.0,136.0,0.0,0.002286430887717876,0.0005196433835722446
CR Brathwaite,middle,4,2.0,136.0,0.014705882352941176,0.08739739562221321,0.031226680823230272
CR Brathwaite,middle,6,5.0,136.0,0.03676470588235294,0.048281059991892986,0.039382059089066584
CR Brathwaite,middle,W,11.0,136.0,0.08088235294117647,0.04221980137819214,0.07209540940413457
CR Brathwaite,middle,Wd,5.0,136.0,0.03676470588235294,0.028171868666396434,0.03481178833327191
CR Brathwaite,middle,Nb,0.0,136.0,0.0,0.002679114308877179,0.0006088896156539043
CR Brathwaite,powerplay,0,0.0,2.0,0.0,0.4228881521678736,0.40275062111226057
CR Brathwaite,powerplay,1,0.0,2.0,0.0,0.25764450947345025,0.24537572330804786
CR Brathwaite,powerplay,2,0.0,2.0,0.0,0.04384827662845184,0.04176026345566842
CR Brathwaite,powerplay,3,1.0,2.0,0.5,0.005028429611245902,0.02859850439166276
CR Brathwaite,powerplay,4,1.0,2.0,0.5,0.15223269683107069,0.16879304460101968
CR Brathwaite,powerplay,6,0.0,2.0,0.0,0.040523771600022226,0.03859406819049736
CR Brathwaite,powerplay,W,0.0,2.0,0.0,0.03919952586446391,0.037332881775679914
CR Brathwaite,powerplay,Wd,0.0,2.0,0.0,0.03486563072990943,0.033205362599913746
CR Brathwaite,powerplay,Nb,0.0,2.0,0.0,0.003769007093512122,0.00358953056524964
CR Woakes,death,0,30.0,115.0,0.2608695652173913,0.21696977459016392,0.24954058699101006
CR Woakes,death,1,55.0,115.0,0.4782608695652174,0.37083760245901637,0.4505387361184558
CR Woakes,death,2,7.0,115.0,0.06086956521739131,0.08837090163934426,0.06796668429402433
CR Woakes,death,3,0.0,115.0,0.0,0.002651127049180328,0.0006841618191433104
CR Woakes,death,4,7.0,115.0,0.06086956521739131,0.11151383196721311,0.07393905341089371
CR Woakes,death,6,6.0,115.0,0.05217391304347826,0.07952100409836066,0.05923122686409307
CR Woakes,death,W,10.0,115.0,0.08695652173913043,0.08016137295081967,0.08520293495505024
CR Woakes,death,Wd,0.0,115.0,0.0,0.04340420081967213,0.011201084082496034
CR Woakes,death,Nb,0.0,115.0,0.0,0.006570184426229508,0.0016955314648334214
CR Woakes,middle,0,16.0,30.0,0.5333333333333333,0.2808889845966761,0.3890794197695292
CR Woakes,middle,1,10.0,30.0,0.3333333333333333,0.4414331678151601,0.39510466732294863
CR Woakes,middle,2,0.0,30.0,0.0,0.06664217673287394,0.03808124384735653
CR Woakes,middle,3,0.0,30.0,0.0,0.002286430887717876,0.0013065319358387863
CR Woakes,middle,4,3.0,30.0,0.1,0.08739739562221321,0.09279851178412184
CR Woakes,middle,6,0.0,30.0,0.0,0.048281059991892986,0.027589177138224563
CR Woakes,middle,W,0.0,30.0,0.0,0.04221980137819214,0.024125600787538365
CR Woakes,middle,Wd,1.0,30.0,0.03333333333333333,0.028171868666396434,0.03038392495222653
CR Woakes,middle,Nb,0.0,30.0,0.0,0.002679114308877179,0.0015309224622155307
CRD Fernando,death,0,5.0,13.0,0.38461538461538464,0.21696977459016392,0.25809039591710486
CRD Fernando,death,1,4.0,13.0,0.3076923076923077,0.37083760245901637,0.35534913393133316
CRD Fernando,death,2,1.0,13.0,0.07692307692307693,0.08837090163934426,0.08556294463346738
CRD Fernando,death,3,0.0,13.0,0.0,0.002651127049180328,0.0020008506031549645
CRD Fernando,death,4,0.0,13.0,0.0,0.11151383196721311,0.08416138261676462
CRD Fernando,death,6,0.0,13.0,0.0,0.07952100409836066,0.06001585214970616
CRD Fernando,death,W,3.0,13.0,0.23076923076923078,0.08016137295081967,0.11710292298175069
CRD Fernando,death,Wd,0.0,13.0,0.0,0.04340420081967213,0.03275788741107331
CRD Fernando,death,Nb,0.0,13.0,0.0,0.006570184426229508,0.004958629755644912
CV Varun,death,0,32.0,61.0,0.5245901639344263,0.21696977459016392,0.4027603067683818
CV Varun,death,1,17.0,61.0,0.2786885245901639,0.37083760245901637,0.31518320889465995
CV Varun,death,2,1.0,61.0,0.01639344262295082,0.08837090163934426,0.044899366985878916
CV Varun,death,3,0.0,61.0,0.0,0.002651127049180328,0.0010499513066060705
CV Varun,death,4,3.0,61.0,0.04918032786885246,0.11151383196721311,0.07386686414543094
CV Varun,death,6,0.0,61.0,0.0,0.07952100409836066,0.03149346696964778
CV Varun,death,W,5.0,61.0,0.08196721311475409,0.08016137295081967,0.08125202889141372
CV Varun,death,Wd,3.0,61.0,0.04918032786885246,0.04340420081967213,0.04689275279987015
CV Varun,death,Nb,0.0,61.0,0.0,0.006570184426229508,0.0026020532381106965
CV Varun,middle,0,3.0,3.0,1.0,0.2808889845966761,0.33105952055504756
CV Varun,middle,1,0.0,3.0,0.0,0.4414331678151601,0.410635504944335
CV Varun,middle,2,0.0,3.0,0.0,0.06664217673287394,0.06199272254220831
CV Varun,middle,3,0.0,3.0,0.0,0.002286430887717876,0.0021269124536910473
CV Varun,middle,4,0.0,3.0,0.0,0.08739739562221321,0.08129990290438438
CV Varun,middle,6,0.0,3.0,0.0,0.048281059991892986,0.044912613945946964
CV Varun,middle,W,0.0,3.0,0.0,0.04221980137819214,0.03927423384017874
CV Varun,middle,Wd,0.0,3.0,0.0,0.028171868666396434,0.02620638945711296
CV Varun,middle,Nb,0.0,3.0,0.0,0.002679114308877179,0.00249219935709505
D Brevis,death,0,11.0,61.0,0.18032786885245902,0.21696977459016392,0.19483951468917385
D Brevis,death,1,18.0,61.0,0.29508196721311475,0.37083760245901637,0.32508419899366986
D Brevis,death,2,5.0,61.0,0.08196721311475409,0.08837090163934426,0.08450332738191853
D Brevis,death,3,0.0,61.0,0.0,0.002651127049180328,0.0010499513066060705
D Brevis,death,4,8.0,61.0,0.13114754098360656,0.11151383196721311,0.12337181464048046
D Brevis,death,6,9.0,61.0,0.14754098360655737,0.07952100409836066,0.1206023778607369
D Brevis,death,W,7.0,61.0,0.11475409836065574,0.08016137295081967,0.10105400908943353
D Brevis,death,Wd,2.0,61.0,0.03278688524590164,0.04340420081967213,0.03699176270086025
D Brevis,death,Nb,1.0,61.0,0.01639344262295082,0.006570184426229508,0.012503043337120597
D Brevis,middle,0,113.0,413.0,0.2736077481840194,0.2808889845966761,0.2742506829665939
D Brevis,middle,1,153.0,413.0,0.3704600484261501,0.4414331678151601,0.376726990535555
D Brevis,middle,2,26.0,413.0,0.06295399515738499,0.06664217673287394,0.06327966240466877
D Brevis,middle,3,0.0,413.0,0.0,0.002286430887717876,0.00020189235211636873
D Brevis,middle,4,34.0,413.0,0.08232445520581114,0.08739739562221321,0.08277239696443384
D Brevis,middle,6,50.0,413.0,0.12106537530266344,0.048281059991892986,0.11463850419354463
D Brevis,middle,W,18.0,413.0,0.043583535108958835,0.04221980137819214,0.043463117119487166
D Brevis,middle,Wd,18.0,413.0,0.043583535108958835,0.028171868666396434,0.042222681559946705
D Brevis,middle,Nb,1.0,413.0,0.002421307506053269,0.002679114308877179,0.002444071903653614
D Brevis,powerplay,0,52.0,121.0,0.4297520661157025,0.4228881521678736,0.42804674588021707
D Brevis,powerplay,1,34.0,121.0,0.2809917355371901,0.25764450947345025,0.27519118247787583
D Brevis,powerplay,2,3.0,121.0,0.024793388429752067,0.04384827662845184,0.029527522143714742
D Brevis,powerplay,3,0.0,121.0,0.0,0.005028429611245902,0.0012492992822971186
D Brevis,powerplay,4,16.0,121.0,0.1322314049586777,0.15223269683107069,0.13720067002014177
D Brevis,powerplay,6,6.0,121.0,0.049586776859504134,0.040523771600022226,0.047335098534167015
D Brevis,powerplay,W,6.0,121.0,0.049586776859504134,0.03919952586446391,0.04700609338247551
D Brevis,powerplay,Wd,4.0,121.0,0.03305785123966942,0.03486563072990943,0.033506989001219734
D Brevis,powerplay,Nb,0.0,121.0,0.0,0.003769007093512122,0.0009363992778912105
D Ferreira,death,0,26.0,110.0,0.23636363636363636,0.21696977459016392,0.2311919398907104
D Ferreira,death,1,25.0,110.0,0.22727272727272727,0.37083760245901637,0.26555669398907106
D Ferreira,death,2,13.0,110.0,0.11818181818181818,0.08837090163934426,0.11023224043715847
D Ferreira,death,3,0.0,110.0,0.0,0.002651127049180328,0.0007069672131147541
D Ferreira,death,4,11.0,110.0,0.1,0.11151383196721311,0.10307035519125683
D Ferreira,death,6,22.0,110.0,0.2,0.07952100409836066,0.16787226775956285
D Ferreira,death,W,8.0,110.0,0.07272727272727272,0.08016137295081967,0.07470969945355191
D Ferreira,death,Wd,4.0,110.0,0.03636363636363636,0.04340420081967213,0.038241120218579235
D Ferreira,death,Nb,1.0,110.0,0.00909090909090909,0.006570184426229508,0.008418715846994535
D Ferreira,middle,0,28.0,97.0,0.28865979381443296,0.2808889845966761,0.2863909444077886
D Ferreira,middle,1,34.0,97.0,0.35051546391752575,0.4414331678151601,0.37706077892413437
D Ferreira,middle,2,8.0,97.0,0.08247422680412371,0.06664217673287394,0.07785173043295589
D Ferreira,middle,3,0.0,97.0,0.0,0.002286430887717876,0.000667571062107409
D Ferreira,middle,4,14.0,97.0,0.14432989690721648,0.08739739562221321,0.12770726879480676
D Ferreira,middle,6,4.0,97.0,0.041237113402061855,0.048281059991892986,0.04329374014361839
D Ferreira,middle,W,8.0,97.0,0.08247422680412371,0.04221980137819214,0.07072110989144295
D Ferreira,middle,Wd,1.0,97.0,0.010309278350515464,0.028171868666396434,0.01552463318726903
D Ferreira,middle,Nb,0.0,97.0,0.0,0.002679114308877179,0.0007822231558765486
D Ferreira,powerplay,0,3.0,9.0,0.3333333333333333,0.4228881521678736,0.4064393078921417
D Ferreira,powerplay,1,4.0,9.0,0.4444444444444444,0.25764450947345025,0.2919547016109798
D Ferreira,powerplay,2,0.0,9.0,0.0,0.04384827662845184,0.03579451153343007
D Ferreira,powerplay,3,0.0,9.0,0.0,0.005028429611245902,0.004104840498976247
D Ferreira,powerplay,4,0.0,9.0,0.0,0.15223269683107069,0.12427158924985361
D Ferreira,powerplay,6,2.0,9.0,0.2222222222222222,0.040523771600022226,0.0738969564081814
D Ferreira,powerplay,W,0.0,9.0,0.0,0.03919952586446391,0.03199961295058278
D Ferreira,powerplay,Wd,0.0,9.0,0.0,0.03486563072990943,0.02846173937135464
D Ferreira,powerplay,Nb,0.0,9.0,0.0,0.003769007093512122,0.003076740484499692
D Madushanka,death,0,2.0,7.0,0.2857142857142857,0.21696977459016392,0.22720831880013953
D Madushanka,death,1,1.0,7.0,0.14285714285714285,0.37083760245901637,0.3368830659225671
D Madushanka,death,2,0.0,7.0,0.0,0.08837090163934426,0.07520927799093129
D Madushanka,death,3,0.0,7.0,0.0,0.002651127049180328,0.0022562783397279385
D Madushanka,death,4,0.0,7.0,0.0,0.11151383196721311,0.09490538890826648
D Madushanka,death,6,0.0,7.0,0.0,0.07952100409836066,0.06767745029647716
D Madushanka,death,W,4.0,7.0,0.5714285714285714,0.08016137295081967,0.1533288280432508
D Madushanka,death,Wd,0.0,7.0,0.0,0.04340420081967213,0.03693974537844437
D Madushanka,death,Nb,0.0,7.0,0.0,0.006570184426229508,0.0055916463201953264
D Padikkal,death,0,21.0,101.0,0.2079207920792079,0.21696977459016392,0.21048787931635857
D Padikkal,death,1,31.0,101.0,0.3069306930693069,0.37083760245901637,0.3250603127543309
D Padikkal,death,2,5.0,101.0,0.04950495049504951,0.08837090163934426,0.06053075223811185
D Padikkal,death,3,1.0,101.0,0.009900990099009901,0.002651127049180328,0.007844291361469597
D Padikkal,death,4,21.0,101.0,0.2079207920792079,0.11151383196721311,0.18057129984885478
D Padikkal,death,6,2.0,101.0,0.019801980198019802,0.07952100409836066,0.03674354726194629
D Padikkal,death,W,14.0,101.0,0.13861386138613863,0.08016137295081967,0.1220315951633531
D Padikkal,death,Wd,5.0,101.0,0.04950495049504951,0.04340420081967213,0.04777424136728287
D Padikkal,death,Nb,1.0,101.0,0.009900990099009901,0.006570184426229508,0.008956080688292059
D Padikkal,middle,0,201.0,790.0,0.25443037974683547,0.2808889845966761,0.2557054932335748
D Padikkal,middle,1,359.0,790.0,0.4544303797468354,0.4414331678151601,0.45380400808747756
D Padikkal,middle,2,44.0,790.0,0.05569620253164557,0.06664217673287394,0.05622371936062043
D Padikkal,middle,3,2.0,790.0,0.002531645569620253,0.002286430887717876,0.0025198279945888133
D Padikkal,middle,4,74.0,790.0,0.09367088607594937,0.08739739562221321,0.09336854918661269
D Padikkal,middle,6,41.0,790.0,0.05189873417721519,0.048281059991892986,0.05172438843334424
D Padikkal,middle,W,36.0,790.0,0.04556962025316456,0.04221980137819214,0.045408183198949015
D Padikkal,middle,Wd,30.0,790.0,0.0379746835443038,0.028171868666396434,0.03750225873091067
D Padikkal,middle,Nb,3.0,790.0,0.0037974683544303796,0.002679114308877179,0.003743571773921792
D Padikkal,powerplay,0,309.0,764.0,0.40445026178010474,0.4228881521678736,0.40536756975959565
D Padikkal,powerplay,1,205.0,764.0,0.2683246073298429,0.25764450947345025,0.26779325917778357
D Padikkal,powerplay,2,28.0,764.0,0.03664921465968586,0.04384827662845184,0.037007376946689145
D Padikkal,powerplay,3,4.0,764.0,0.005235602094240838,0.005028429611245902,0.005225295005534622
D Padikkal,powerplay,4,126.0,764.0,0.1649214659685864,0.15223269683107069,0.16429018392194383
D Padikkal,powerplay,6,32.0,764.0,0.041884816753926704,0.040523771600022226,0.04181710306467772
D Padikkal,powerplay,W,29.0,764.0,0.03795811518324607,0.03919952586446391,0.03801987690867979
D Padikkal,powerplay,Wd,30.0,764.0,0.03926701570680628,0.03486563072990943,0.03904804132984624
D Padikkal,powerplay,Nb,1.0,764.0,0.0013089005235602095,0.003769007093512122,0.0014312938852493592
D Pretorius,death,0,16.0,81.0,0.19753086419753085,0.21696977459016392,0.20395695027774013
D Pretorius,death,1,29.0,81.0,0.35802469135802467,0.37083760245901637,0.36226036444926163
D Pretorius,death,2,9.0,81.0,0.1111111111111111,0.08837090163934426,0.10359368649234521
D Pretorius,death,3,0.0,81.0,0.0,0.002651127049180328,0.0008764056360926704
D Pretorius,death,4,12.0,81.0,0.14814814814814814,0.11151383196721311,0.1360376304023845
D Pretorius,death,6,6.0,81.0,0.07407407407407407,0.07952100409836066,0.07587471209863163
D Pretorius,death,W,8.0,81.0,0.09876543209876543,0.08016137295081967,0.09261532990109742
D Pretorius,death,Wd,1.0,81.0,0.012345679012345678,0.04340420081967213,0.022612958948651944
D Pretorius,death,Nb,0.0,81.0,0.0,0.006570184426229508,0.002171961793794879
D Pretorius,middle,0,8.0,37.0,0.21621621621621623,0.2808889845966761,0.24981245953074085
D Pretorius,middle,1,15.0,37.0,0.40540540540540543,0.4414331678151601,0.4241211261377455
D Pretorius,middle,2,1.0,37.0,0.02702702702702703,0.06664217673287394,0.04760632557551893
D Pretorius,middle,3,0.0,37.0,0.0,0.002286430887717876,0.0011877563053079875
D Pretorius,middle,4,3.0,37.0,0.08108108108108109,0.08739739562221321,0.08436228344011075
D Pretorius,middle,6,3.0,37.0,0.08108108108108109,0.048281059991892986,0.06404210908669765
D Pretorius,middle,W,3.0,37.0,0.08108108108108109,0.04221980137819214,0.06089340331334657
D Pretorius,middle,Wd,4.0,37.0,0.10810810810810811,0.028171868666396434,0.06658278891760853
D Pretorius,middle,Nb,0.0,37.0,0.0,0.002679114308877179,0.0013917476929232097
D Pretorius,powerplay,0,16.0,30.0,0.5333333333333333,0.4228881521678736,0.470221801238785
D Pretorius,powerplay,1,4.0,30.0,0.13333333333333333,0.25764450947345025,0.20436829112768587
D Pretorius,powerplay,2,0.0,30.0,0.0,0.04384827662845184,0.02505615807340105
D Pretorius,powerplay,3,0.0,30.0,0.0,0.005028429611245902,0.0028733883492833728
D Pretorius,powerplay,4,3.0,30.0,0.1,0.15223269683107069,0.1298472553320404
D Pretorius,powerplay,6,4.0,30.0,0.13333333333333333,0.040523771600022226,0.08029929805715556
D Pretorius,powerplay,W,3.0,30.0,0.1,0.03919952586446391,0.06525687192255081
D Pretorius,powerplay,Wd,0.0,30.0,0.0,0.03486563072990943,0.019923217559948248
D Pretorius,powerplay,Nb,0.0,30.0,0.0,0.003769007093512122,0.002153718339149784
D Wiese,death,0,25.0,115.0,0.21739130434782608,0.21696977459016392,0.21728252247488103
D Wiese,death,1,42.0,115.0,0.3652173913043478,0.37083760245901637,0.3666677683765204
D Wiese,death,2,11.0,115.0,0.09565217391304348,0.08837090163934426,0.09377313590692755
D Wiese,death,3,0.0,115.0,0.0,0.002651127049180328,0.0006841618191433104
D Wiese,death,4,13.0,115.0,0.11304347826086956,0.11151383196721311,0.11264873083024855
D Wiese,death,6,9.0,115.0,0.0782608695652174,0.07952100409836066,0.0785860655737705
D Wiese,death,W,12.0,115.0,0.10434782608695652,0.08016137295081967,0.09810616076150185
D Wiese,death,Wd,3.0,115.0,0.02608695652173913,0.04340420081967213,0.030555922792173455
D Wiese,death,Nb,0.0,115.0,0.0,0.006570184426229508,0.0016955314648334214
D Wiese,middle,0,13.0,53.0,0.24528301886792453,0.2808889845966761,0.2605974127297532
D Wiese,middle,1,27.0,53.0,0.5094339622641509,0.4414331678151601,0.4801863087377033
D Wiese,middle,2,6.0,53.0,0.11320754716981132,0.06664217673287394,0.09317943085284901
D Wiese,middle,3,0.0,53.0,0.0,0.002286430887717876,0.0009834111345023123
D Wiese,middle,4,3.0,53.0,0.05660377358490566,0.08739739562221321,0.06984834220310246
D Wiese,middle,6,1.0,53.0,0.018867924528301886,0.048281059991892986,0.03151873548038408
D Wiese,middle,W,0.0,53.0,0.0,0.04221980137819214,0.018159054356211672
D Wiese,middle,Wd,3.0,53.0,0.05660377358490566,0.028171868666396434,0.04437499727586943
D Wiese,middle,Nb,0.0,53.0,0.0,0.002679114308877179,0.001152307229624593
DA Miller,death,0,234.0,1290.0,0.1813953488372093,0.21696977459016392,0.18246525637865155
DA Miller,death,1,534.0,1290.0,0.413953488372093,0.37083760245901637,0.41265676999876744
DA Miller,death,2,118.0,1290.0,0.09147286821705426,0.08837090163934426,0.09137957598915321
DA Miller,death,3,0.0,1290.0,0.0,0.002651127049180328,7.973314433625046e-05
DA Miller,death,4,143.0,1290.0,0.11085271317829458,0.11151383196721311,0.11087259645014176
DA Miller,death,6,128.0,1290.0,0.09922480620155039,0.07952100409836066,0.09863221064957475
DA Miller,death,W,75.0,1290.0,0.05813953488372093,0.08016137295081967,0.058801845803032174
DA Miller,death,Wd,51.0,1290.0,0.03953488372093023,0.04340420081967213,0.039651254159990136
DA Miller,death,Nb,7.0,1290.0,0.005426356589147287,0.006570184426229508,0.005460757426352767
DA Miller,middle,0,554.0,1940.0,0.28556701030927834,0.2808889845966761,0.28547250473932684
DA Miller,middle,1,863.0,1940.0,0.44484536082474224,0.4414331678151601,0.4447764276326295
DA Miller,middle,2,155.0,1940.0,0.07989690721649484,0.06664217673287394,0.07962913488349241
DA Miller,middle,3,1.0,1940.0,0.0005154639175257732,0.002286430887717876,0.0005512410280347046
DA Miller,middle,4,159.0,1940.0,0.08195876288659794,0.08739739562221321,0.08206863425499421
DA Miller,middle,6,82.0,1940.0,0.042268041237113405,0.048281059991892986,0.04238951636347259
DA Miller,middle,W,67.0,1940.0,0.034536082474226806,0.04221980137819214,0.03469130911875136
DA Miller,middle,Wd,51.0,1940.0,0.026288659793814433,0.028171868666396434,0.02632670441750296
DA Miller,middle,Nb,8.0,1940.0,0.004123711340206186,0.002679114308877179,0.004094527561795499
DA Miller,powerplay,0,93.0,202.0,0.4603960396039604,0.4228881521678736,0.4541963887880783
DA Miller,powerplay,1,54.0,202.0,0.26732673267326734,0.25764450947345025,0.2657263652022232
DA Miller,powerplay,2,9.0,202.0,0.04455445544554455,0.04384827662845184,0.04443773167412427
DA Miller,powerplay,3,1.0,202.0,0.0049504950495049506,0.005028429611245902,0.004963376795247256
DA Miller,powerplay,4,21.0,202.0,0.10396039603960396,0.15223269683107069,0.11193928873240838
DA Miller,powerplay,6,5.0,202.0,0.024752475247524754,0.040523771600022226,0.027359301090912766
DA Miller,powerplay,W,9.0,202.0,0.04455445544554455,0.03919952586446391,0.04366934311809321
DA Miller,powerplay,Wd,10.0,202.0,0.04950495049504951,0.03486563072990943,0.04708522821981974
DA Miller,powerplay,Nb,0.0,202.0,0.0,0.003769007093512122,0.0006229763790929128
DA Warner,death,0,73.0,400.0,0.1825,0.21696977459016392,0.18563361587183308
DA Warner,death,1,152.0,400.0,0.38,0.37083760245901637,0.37916705476900153
DA Warner,death,2,43.0,400.0,0.1075,0.08837090163934426,0.1057609910581222
DA Warner,death,3,1.0,400.0,0.0025,0.002651127049180328,0.0025137388226527573
DA Warner,death,4,56.0,400.0,0.14,0.11151383196721311,0.13741034836065574
DA Warner,death,6,28.0,400.0,0.07,0.07952100409836066,0.07086554582712369
DA Warner,death,W,31.0,400.0,0.0775,0.08016137295081967,0.07774194299552907
DA Warner,death,Wd,14.0,400.0,0.035,0.04340420081967213,0.03576401825633383
DA Warner,death,Nb,2.0,400.0,0.005,0.006570184426229508,0.005142744038748137
DA Warner,middle,0,573.0,2305.0,0.24859002169197397,0.2808889845966761,0.249140963489922
DA Warner,middle,1,1043.0,2305.0,0.4524945770065076,0.4414331678151601,0.4523058962527106
DA Warner,middle,2,226.0,2305.0,0.09804772234273319,0.06664217673287394,0.09751202007220254
DA Warner,middle,3,7.0,2305.0,0.003036876355748373,0.002286430887717876,0.003024075580174292
DA Warner,middle,4,204.0,2305.0,0.08850325379609544,0.08739739562221321,0.08848439054366249
DA Warner,middle,6,113.0,2305.0,0.049023861171366596,0.048281059991892986,0.0490111907887743
DA Warner,middle,W,79.0,2305.0,0.03427331887201735,0.04221980137819214,0.03440886654802887
DA Warner,middle,Wd,53.0,2305.0,0.02299349240780911,0.028171868666396434,0.02308182291968267
DA Warner,middle,Nb,7.0,2305.0,0.003036876355748373,0.002679114308877179,0.0030307738048422545
DA Warner,powerplay,0,1216.0,3094.0,0.3930187459599224,0.4228881521678736,0.39339997641567165
DA Warner,powerplay,1,769.0,3094.0,0.24854557207498384,0.25764450947345025,0.24866170401370072
DA Warner,powerplay,2,182.0,3094.0,0.058823529411764705,0.04384827662845184,0.05863239663852523
DA Warner,powerplay,3,27.0,3094.0,0.008726567550096962,0.005028429611245902,0.008679367321139067
DA Warner,powerplay,4,531.0,3094.0,0.17162249515190692,0.15223269683107069,0.17137501846625489
DA Warner,powerplay,6,134.0,3094.0,0.04330963154492566,0.040523771600022226,0.04327407494065121
DA Warner,powerplay,W,107.0,3094.0,0.0345830639948287,0.03919952586446391,0.03464198501422417
DA Warner,powerplay,Wd,116.0,3094.0,0.03749191984486102,0.03486563072990943,0.03745839988168359
DA Warner,powerplay,Nb,12.0,3094.0,0.003878474466709761,0.003769007093512122,0.0038770773081494847
DAJ Bracewell,death,0,10.0,48.0,0.20833333333333334,0.21696977459016392,0.21225898845007451
DAJ Bracewell,death,1,19.0,48.0,0.3958333333333333,0.37083760245901637,0.3844716374813711
DAJ Bracewell,death,2,5.0,48.0,0.10416666666666667,0.08837090163934426,0.09698677347242922
DAJ Bracewell,death,3,0.0,48.0,0.0,0.002651127049180328,0.0012050577496274218
DAJ Bracewell,death,4,3.0,48.0,0.0625,0.11151383196721311,0.08477901453055142
DAJ Bracewell,death,6,7.0,48.0,0.14583333333333334,0.07952100409836066,0.11569136549925485
DAJ Bracewell,death,W,4.0,48.0,0.08333333333333333,0.08016137295081967,0.08189153315946349
DAJ Bracewell,death,Wd,0.0,48.0,0.0,0.04340420081967213,0.019729182190760062
DAJ Bracewell,death,Nb,0.0,48.0,0.0,0.006570184426229508,0.002986447466467958
DAJ Bracewell,middle,0,9.0,17.0,0.5294117647058824,0.2808889845966761,0.3550098137520534
DAJ Bracewell,middle,1,6.0,17.0,0.35294117647058826,0.4414331678151601,0.41504081951941063
DAJ Bracewell,middle,2,1.0,17.0,0.058823529411764705,0.06664217673287394,0.06431029946166592
DAJ Bracewell,middle,3,0.0,17.0,0.0,0.002286430887717876,0.0016045129036616674
DAJ Bracewell,middle,4,0.0,17.0,0.0,0.08739739562221321,0.06133150569979875
DAJ Bracewell,middle,6,0.0,17.0,0.0,0.048281059991892986,0.03388144560834595
DAJ Bracewell,middle,W,1.0,17.0,0.058823529411764705,0.04221980137819214,0.047171790440836595
DAJ Bracewell,middle,Wd,0.0,17.0,0.0,0.028171868666396434,0.01976973239747118
DAJ Bracewell,middle,Nb,0.0,17.0,0.0,0.002679114308877179,0.001880080216755915
DE Bollinger,death,0,9.0,24.0,0.375,0.21696977459016392,0.27623110911885246
DE Bollinger,death,1,10.0,24.0,0.4166666666666667,0.37083760245901637,0.38802350153688525
DE Bollinger,death,2,1.0,24.0,0.041666666666666664,0.08837090163934426,0.07085681352459017
DE Bollinger,death,3,0.0,24.0,0.0,0.002651127049180328,0.001656954405737705
DE Bollinger,death,4,1.0,24.0,0.041666666666666664,0.11151383196721311,0.0853211449795082
DE Bollinger,death,6,1.0,24.0,0.041666666666666664,0.07952100409836066,0.06532562756147542
DE Bollinger,death,W,1.0,24.0,0.041666666666666664,0.08016137295081967,0.06572585809426229
DE Bollinger,death,Wd,0.0,24.0,0.0,0.04340420081967213,0.027127625512295084
DE Bollinger,death,Nb,1.0,24.0,0.041666666666666664,0.006570184426229508,0.019731365266393443
DJ Bravo,death,0,101.0,624.0,0.16185897435897437,0.21696977459016392,0.16517890208374483
DJ Bravo,death,1,234.0,624.0,0.375,0.37083760245901637,0.3747492531601817
DJ Bravo,death,2,82.0,624.0,0.13141025641025642,0.08837090163934426,0.12881752419514123
DJ Bravo,death,3,3.0,624.0,0.004807692307692308,0.002651127049180328,0.004677778737902429
DJ Bravo,death,4,65.0,624.0,0.10416666666666667,0.11151383196721311,0.1046092669859767
DJ Bravo,death,6,54.0,624.0,0.08653846153846154,0.07952100409836066,0.08611572313845546
DJ Bravo,death,W,56.0,624.0,0.08974358974358974,0.08016137295081967,0.08916634776812167
DJ Bravo,death,Wd,25.0,624.0,0.04006410256410257,0.04340420081967213,0.04026531330238989
DJ Bravo,death,Nb,4.0,624.0,0.00641025641025641,0.006570184426229508,0.0064198906280861145
DJ Bravo,middle,0,346.0,924.0,0.37445887445887444,0.2808889845966761,0.3705763064147998
DJ Bravo,middle,1,362.0,924.0,0.3917748917748918,0.4414331678151601,0.393835401154156
DJ Bravo,middle,2,59.0,924.0,0.06385281385281386,0.06664217673287394,0.06396855505115659
DJ Bravo,middle,3,2.0,924.0,0.0021645021645021645,0.002286430887717876,0.002169561447623148
DJ Bravo,middle,4,55.0,924.0,0.05952380952380952,0.08739739562221321,0.06068038985984287
DJ Bravo,middle,6,27.0,924.0,0.02922077922077922,0.048281059991892986,0.03001166224032751
DJ Bravo,middle,W,38.0,924.0,0.04112554112554113,0.04221980137819214,0.04117094611527768
DJ Bravo,middle,Wd,32.0,924.0,0.03463203463203463,0.028171868666396434,0.03436397795296251
DJ Bravo,middle,Nb,3.0,924.0,0.003246753246753247,0.002679114308877179,0.003223199763853825
DJ Bravo,powerplay,0,94.0,183.0,0.5136612021857924,0.4228881521678736,0.49737904074760064
DJ Bravo,powerplay,1,45.0,183.0,0.2459016393442623,0.25764450947345025,0.24800798376205385
DJ Bravo,powerplay,2,7.0,183.0,0.03825136612021858,0.04384827662845184,0.03925529625622455
DJ Bravo,powerplay,3,0.0,183.0,0.0,0.005028429611245902,0.0009019604683849152
DJ Bravo,powerplay,4,19.0,183.0,0.10382513661202186,0.15223269683107069,0.11250810705490057
DJ Bravo,powerplay,6,5.0,183.0,0.0273224043715847,0.040523771600022226,0.02969036261883807
DJ Bravo,powerplay,W,6.0,183.0,0.03278688524590164,0.03919952586446391,0.033937134684208774
DJ Bravo,powerplay,Wd,7.0,183.0,0.03825136612021858,0.03486563072990943,0.03764405932375057
DJ Bravo,powerplay,Nb,0.0,183.0,0.0,0.003769007093512122,0.0006760550840380488
DJ Hooda,death,0,61.0,353.0,0.17280453257790368,0.21696977459016392,0.17729972260459684
DJ Hooda,death,1,142.0,353.0,0.40226628895184136,0.37083760245901637,0.3990674404538439
DJ Hooda,death,2,34.0,353.0,0.09631728045325778,0.08837090163934426,0.0955084887164727
DJ Hooda,death,3,0.0,353.0,0.0,0.002651127049180328,0.0002698348141659367
DJ Hooda,death,4,26.0,353.0,0.07365439093484419,0.11151383196721311,0.07750776915696826
DJ Hooda,death,6,24.0,353.0,0.0679886685552408,0.07952100409836066,0.06916244316522754
DJ Hooda,death,W,39.0,353.0,0.11048158640226628,0.08016137295081967,0.1073955595878697
DJ Hooda,death,Wd,21.0,353.0,0.059490084985835696,0.04340420081967213,0.0578528448671422
DJ Hooda,death,Nb,6.0,353.0,0.0169971671388102,0.006570184426229508,0.015935896633712927
DJ Hooda,middle,0,178.0,725.0,0.24551724137931036,0.2808889845966761,0.24736674429263666
DJ Hooda,middle,1,345.0,725.0,0.47586206896551725,0.4414331678151601,0.4740618649837992
DJ Hooda,middle,2,56.0,725.0,0.07724137931034483,0.06664217673287394,0.07668717263962739
DJ Hooda,middle,3,2.0,725.0,0.002758620689655172,0.002286430887717876,0.0027339310268087776
DJ Hooda,middle,4,56.0,725.0,0.07724137931034483,0.08739739562221321,0.07777241284299154
DJ Hooda,middle,6,34.0,725.0,0.04689655172413793,0.048281059991892986,0.04696894431330159
DJ Hooda,middle,W,36.0,725.0,0.0496551724137931,0.04221980137819214,0.04926639484330416
DJ Hooda,middle,Wd,18.0,725.0,0.02482758620689655,0.028171868666396434,0.025002450649223344
DJ Hooda,middle,Nb,0.0,725.0,0.0,0.002679114308877179,0.00014008440830730348
DJ Hooda,powerplay,0,78.0,176.0,0.4431818181818182,0.4228881521678736,0.4394237318829396
DJ Hooda,powerplay,1,48.0,176.0,0.2727272727272727,0.25764450947345025,0.2699341684210093
DJ Hooda,powerplay,2,9.0,176.0,0.05113636363636364,0.04384827662845184,0.04978671789415775
DJ Hooda,powerplay,3,2.0,176.0,0.011363636363636364,0.005028429611245902,0.0101904499280085
DJ Hooda,powerplay,4,22.0,176.0,0.125,0.15223269683107069,0.13004309200575384
DJ Hooda,powerplay,6,5.0,176.0,0.028409090909090908,0.040523771600022226,0.030652550296300412
DJ Hooda,powerplay,W,8.0,176.0,0.045454545454545456,0.03919952586446391,0.04429620849341925
DJ Hooda,powerplay,Wd,3.0,176.0,0.017045454545454544,0.03486563072990943,0.02034548717220545
DJ Hooda,powerplay,Nb,1.0,176.0,0.005681818181818182,0.003769007093512122,0.005327593906205948
DJ Hussey,death,0,57.0,289.0,0.1972318339100346,0.21696977459016392,0.19963158353679805
DJ Hussey,death,1,118.0,289.0,0.4083044982698962,0.37083760245901637,0.40374925257860383
DJ Hussey,death,2,25.0,289.0,0.08650519031141868,0.08837090163934426,0.0867320245154218
DJ Hussey,death,3,0.0,289.0,0.0,0.002651127049180328,0.00032232547710399123
DJ Hussey,death,4,25.0,289.0,0.08650519031141868,0.11151383196721311,0.08954575464646969
DJ Hussey,death,6,35.0,289.0,0.12110726643598616,0.07952100409836066,0.11605118590861528
DJ Hussey,death,W,22.0,289.0,0.07612456747404844,0.08016137295081967,0.07661536449250086
DJ Hussey,death,Wd,4.0,289.0,0.01384083044982699,0.04340420081967213,0.01743516119388111
DJ Hussey,death,Nb,3.0,289.0,0.010380622837370242,0.006570184426229508,0.009917347650605412
DJ Hussey,middle,0,288.0,931.0,0.30934479054779807,0.2808889845966761,0.3081725637320979
DJ Hussey,middle,1,422.0,931.0,0.4532760472610097,0.4414331678151601,0.45278818405005805
DJ Hussey,middle,2,62.0,931.0,0.06659505907626208,0.06664217673287394,0.06659700007138512
DJ Hussey,middle,3,3.0,931.0,0.00322234156820623,0.002286430887717876,0.003183787060256143
DJ Hussey,middle,4,62.0,931.0,0.06659505907626208,0.08739739562221321,0.06745200393912311
DJ Hussey,middle,6,29.0,931.0,0.031149301825993556,0.048281059991892986,0.03185503851665882
DJ Hussey,middle,W,39.0,931.0,0.04189044038668099,0.04221980137819214,0.04190400829570307
DJ Hussey,middle,Wd,23.0,931.0,0.024704618689581095,0.028171868666396434,0.024847450820448876
DJ Hussey,middle,Nb,3.0,931.0,0.00322234156820623,0.002679114308877179,0.003199963514268885
DJ Hussey,powerplay,0,76.0,145.0,0.5241379310344828,0.4228881521678736,0.5022460869552159
DJ Hussey,powerplay,1,30.0,145.0,0.20689655172413793,0.25764450947345025,0.21786908312939465
DJ Hussey,powerplay,2,6.0,145.0,0.041379310344827586,0.04384827662845184,0.041913140892638236
DJ Hussey,powerplay,3,2.0,145.0,0.013793103448275862,0.005028429611245902,0.011898038834863978
DJ Hussey,powerplay,4,18.0,145.0,0.12413793103448276,0.15223269683107069,0.13021247499050176
DJ Hussey,powerplay,6,3.0,145.0,0.020689655172413793,0.040523771600022226,0.024978112778383185
DJ Hussey,powerplay,W,4.0,145.0,0.027586206896551724,0.03919952586446391,0.03009719478150571
DJ Hussey,powerplay,Wd,6.0,145.0,0.041379310344827586,0.03486563072990943,0.03997094718484528
DJ Hussey,powerplay,Nb,0.0,145.0,0.0,0.003769007093512122,0.0008149204526512697
DJ Malan,death,0,12.0,82.0,0.14634146341463414,0.21696977459016392,0.16949828675087342
DJ Malan,death,1,24.0,82.0,0.2926829268292683,0.37083760245901637,0.31830741064230045
DJ Malan,death,2,8.0,82.0,0.0975609756097561,0.08837090163934426,0.09454783660306369
DJ Malan,death,3,1.0,82.0,0.012195121951219513,0.002651127049180328,0.009065943294813222
DJ Malan,death,4,10.0,82.0,0.12195121951219512,0.11151383196721311,0.11852912523515186
DJ Malan,death,6,12.0,82.0,0.14634146341463414,0.07952100409836066,0.12443311609782318
DJ Malan,death,W,11.0,82.0,0.13414634146341464,0.08016137295081967,0.11644635178715398
DJ Malan,death,Wd,4.0,82.0,0.04878048780487805,0.04340420081967213,0.04701777076054824
DJ Malan,death,Nb,0.0,82.0,0.0,0.006570184426229508,0.00215415882827197
DJ Malan,middle,0,155.0,594.0,0.2609427609427609,0.2808889845966761,0.2622011977663518
DJ Malan,middle,1,252.0,594.0,0.42424242424242425,0.4414331678151601,0.4253270137422814
DJ Malan,middle,2,30.0,594.0,0.050505050505050504,0.06664217673287394,0.05152316572447154
DJ Malan,middle,3,6.0,594.0,0.010101010101010102,0.002286430887717876,0.009607976712158857
DJ Malan,middle,4,74.0,594.0,0.12457912457912458,0.08739739562221321,0.12223327417174848
DJ Malan,middle,6,36.0,594.0,0.06060606060606061,0.048281059991892986,0.05982845804365255
DJ Malan,middle,W,18.0,594.0,0.030303030303030304,0.04221980137819214,0.03105487705856102
DJ Malan,middle,Wd,22.0,594.0,0.037037037037037035,0.028171868666396434,0.03647772042059284
DJ Malan,middle,Nb,1.0,594.0,0.0016835016835016834,0.002679114308877179,0.0017463163601815254
DJ Malan,powerplay,0,159.0,375.0,0.424,0.4228881521678736,0.42389283394389143
DJ Malan,powerplay,1,108.0,375.0,0.288,0.25764450947345025,0.28507416958780246
DJ Malan,powerplay,2,14.0,375.0,0.037333333333333336,0.04384827662845184,0.0379612796750315
DJ Malan,powerplay,3,1.0,375.0,0.0026666666666666666,0.005028429611245902,0.0028943064685538217
DJ Malan,powerplay,4,55.0,375.0,0.14666666666666667,0.15223269683107069,0.14720315150178995
DJ Malan,powerplay,6,5.0,375.0,0.013333333333333334,0.040523771600022226,0.015954098467472023
DJ Malan,powerplay,W,8.0,375.0,0.021333333333333333,0.03919952586446391,0.023055375986936282
DJ Malan,powerplay,Wd,24.0,375.0,0.064,0.03486563072990943,0.06119186802215995
DJ Malan,powerplay,Nb,1.0,375.0,0.0026666666666666666,0.003769007093512122,0.002772916346362614
DJ Mitchell,death,0,34.0,233.0,0.1459227467811159,0.21696977459016392,0.15633256770551854
DJ Mitchell,death,1,95.0,233.0,0.40772532188841204,0.37083760245901637,0.4023205278328229
DJ Mitchell,death,2,28.0,233.0,0.12017167381974249,0.08837090163934426,0.11551222002041674
DJ Mitchell,death,3,0.0,233.0,0.0,0.002651127049180328,0.0003884435236894253
DJ Mitchell,death,4,26.0,233.0,0.11158798283261803,0.11151383196721311,0.1115771182369543
DJ Mitchell,death,6,17.0,233.0,0.07296137339055794,0.07952100409836066,0.07392249144298325
DJ Mitchell,death,W,22.0,233.0,0.0944206008583691,0.08016137295081967,0.0923313366960908
DJ Mitchell,death,Wd,9.0,233.0,0.03862660944206009,0.04340420081967213,0.03932662283072119
DJ Mitchell,death,Nb,2.0,233.0,0.008583690987124463,0.006570184426229508,0.008288671710802858
DJ Mitchell,middle,0,124.0,520.0,0.23846153846153847,0.2808889845966761,0.241492070328334
DJ Mitchell,middle,1,244.0,520.0,0.46923076923076923,0.4414331678151601,0.4672452262725114
DJ Mitchell,middle,2,45.0,520.0,0.08653846153846154,0.06664217673287394,0.08511729833806242
DJ Mitchell,middle,3,1.0,520.0,0.0019230769230769232,0.002286430887717876,0.0019490307776941342
DJ Mitchell,middle,4,38.0,520.0,0.07307692307692308,0.08739739562221321,0.07409981397301522
DJ Mitchell,middle,6,23.0,520.0,0.04423076923076923,0.048281059991892986,0.04452007571370664
DJ Mitchell,middle,W,27.0,520.0,0.051923076923076926,0.04221980137819214,0.05122998581272801
DJ Mitchell,middle,Wd,16.0,520.0,0.03076923076923077,0.028171868666396434,0.030583704904742604
DJ Mitchell,middle,Nb,2.0,520.0,0.0038461538461538464,0.002679114308877179,0.003762793879205513
DJ Mitchell,powerplay,0,61.0,172.0,0.3546511627906977,0.4228881521678736,0.3675260664467686
DJ Mitchell,powerplay,1,58.0,172.0,0.3372093023255814,0.25764450947345025,0.32219707725914154
DJ Mitchell,powerplay,2,12.0,172.0,0.06976744186046512,0.04384827662845184,0.06487703332612299
DJ Mitchell,powerplay,3,4.0,172.0,0.023255813953488372,0.005028429611245902,0.019816684832310548
DJ Mitchell,powerplay,4,21.0,172.0,0.12209302325581395,0.15223269683107069,0.12777975411906994
DJ Mitchell,powerplay,6,9.0,172.0,0.05232558139534884,0.040523771600022226,0.05009882483019287
DJ Mitchell,powerplay,W,4.0,172.0,0.023255813953488372,0.03919952586446391,0.026264061483861116
DJ Mitchell,powerplay,Wd,3.0,172.0,0.01744186046511628,0.03486563072990943,0.020729364288662157
DJ Mitchell,powerplay,Nb,0.0,172.0,0.0,0.003769007093512122,0.0007111334138702117
DJ Willey,death,0,33.0,115.0,0.28695652173913044,0.21696977459016392,0.2688954257006875
DJ Willey,death,1,43.0,115.0,0.3739130434782609,0.37083760245901637,0.37311938127974614
DJ Willey,death,2,9.0,115.0,0.0782608695652174,0.08837090163934426,0.08086991010047594
DJ Willey,death,3,0.0,115.0,0.0,0.002651127049180328,0.0006841618191433104
DJ Willey,death,4,10.0,115.0,0.08695652173913043,0.11151383196721311,0.09329389212057114
DJ Willey,death,6,9.0,115.0,0.0782608695652174,0.07952100409836066,0.0785860655737705
DJ Willey,death,W,7.0,115.0,0.06086956521739131,0.08016137295081967,0.06584809624537281
DJ Willey,death,Wd,4.0,115.0,0.034782608695652174,0.04340420081967213,0.03700753569539926
DJ Willey,death,Nb,0.0,115.0,0.0,0.006570184426229508,0.0016955314648334214
DJ Willey,middle,0,19.0,44.0,0.4318181818181818,0.2808889845966761,0.35994713552222674
DJ Willey,middle,1,11.0,44.0,0.25,0.4414331678151601,0.34115865134055245
DJ Willey,middle,2,3.0,44.0,0.06818181818181818,0.06664217673287394,0.06744865558708282
DJ Willey,middle,3,0.0,44.0,0.0,0.002286430887717876,0.0010887766131989886
DJ Willey,middle,4,5.0,44.0,0.11363636363636363,0.08739739562221321,0.10114161696295867
DJ Willey,middle,6,1.0,44.0,0.022727272727272728,0.048281059991892986,0.034895742853282376
DJ Willey,middle,W,4.0,44.0,0.09090909090909091,0.04221980137819214,0.06772371494199626
DJ Willey,middle,Wd,1.0,44.0,0.022727272727272728,0.028171868666396434,0.025319937460188773
DJ Willey,middle,Nb,0.0,44.0,0.0,0.002679114308877179,0.0012757687185129423
DJ Willey,powerplay,0,8.0,12.0,0.6666666666666666,0.4228881521678736,0.47914473243682587
DJ Willey,powerplay,1,2.0,12.0,0.16666666666666666,0.25764450947345025,0.2366496226718848
DJ Willey,powerplay,2,0.0,12.0,0.0,0.04384827662845184,0.033729443560347565
DJ Willey,powerplay,3,0.0,12.0,0.0,0.005028429611245902,0.0038680227778814633
DJ Willey,powerplay,4,1.0,12.0,0.08333333333333333,0.15223269683107069,0.1363328437162082
DJ Willey,powerplay,6,0.0,12.0,0.0,0.040523771600022226,0.0311721320000171
DJ Willey,powerplay,W,0.0,12.0,0.0,0.03919952586446391,0.030153481434203006
DJ Willey,powerplay,Wd,1.0,12.0,0.08333333333333333,0.03486563072990943,0.04605048517685341
DJ Willey,powerplay,Nb,0.0,12.0,0.0,0.003769007093512122,0.0028992362257785555
DJG Sammy,death,0,68.0,284.0,0.23943661971830985,0.21696977459016392,0.23666293513458814
DJG Sammy,death,1,81.0,284.0,0.2852112676056338,0.37083760245901637,0.29578242005666866
DJG Sammy,death,2,32.0,284.0,0.11267605633802817,0.08837090163934426,0.1096754199554746
DJG Sammy,death,3,0.0,284.0,0.0,0.002651127049180328,0.00032729963570127507
DJG Sammy,death,4,31.0,284.0,0.10915492957746478,0.11151383196721311,0.10944615209471766
DJG Sammy,death,6,21.0,284.0,0.07394366197183098,0.07952100409836066,0.07463222272819267
DJG Sammy,death,W,28.0,284.0,0.09859154929577464,0.08016137295081967,0.09631621888281724
DJG Sammy,death,Wd,22.0,284.0,0.07746478873239436,0.04340420081967213,0.07325977787897187
DJG Sammy,death,Nb,1.0,284.0,0.0035211267605633804,0.006570184426229508,0.0038975536328678404
DJG Sammy,middle,0,63.0,170.0,0.37058823529411766,0.2808889845966761,0.3535026637327002
DJG Sammy,middle,1,71.0,170.0,0.4176470588235294,0.4414331678151601,0.4221777462505067
DJG Sammy,middle,2,9.0,170.0,0.052941176470588235,0.06664217673287394,0.0555508908062617
DJG Sammy,middle,3,1.0,170.0,0.0058823529411764705,0.002286430887717876,0.005197415407184358
DJG Sammy,middle,4,6.0,170.0,0.03529411764705882,0.08739739562221321,0.04521855154708823
DJG Sammy,middle,6,10.0,170.0,0.058823529411764705,0.048281059991892986,0.056815439998455806
DJG Sammy,middle,W,7.0,170.0,0.041176470588235294,0.04221980137819214,0.04137520026251278
DJG Sammy,middle,Wd,3.0,170.0,0.01764705882352941,0.028171868666396434,0.019651784507885035
DJG Sammy,middle,Nb,0.0,170.0,0.0,0.002679114308877179,0.000510307487405177
DJG Sammy,powerplay,0,1.0,4.0,0.25,0.4228881521678736,0.40717104742533966
DJG Sammy,powerplay,1,0.0,4.0,0.0,0.25764450947345025,0.23422228133950024
DJG Sammy,powerplay,2,0.0,4.0,0.0,0.04384827662845184,0.039862069662228945
DJG Sammy,powerplay,3,0.0,4.0,0.0,0.005028429611245902,0.004571299646587184
DJG Sammy,powerplay,4,2.0,4.0,0.5,0.15223269683107069,0.18384790621006425
DJG Sammy,powerplay,6,0.0,4.0,0.0,0.040523771600022226,0.03683979236365657
DJG Sammy,powerplay,W,0.0,4.0,0.0,0.03919952586446391,0.0356359326040581
DJG Sammy,powerplay,Wd,1.0,4.0,0.25,0.03486563072990943,0.05442330066355403
DJG Sammy,powerplay,Nb,0.0,4.0,0.0,0.003769007093512122,0.00342637008501102
DJM Short,death,0,0.0,12.0,0.0,0.21696977459016392,0.1668998266078184
DJM Short,death,1,5.0,12.0,0.4166666666666667,0.37083760245901637,0.38141354035308955
DJM Short,death,2,1.0,12.0,0.08333333333333333,0.08837090163934426,0.08720838587641867
DJM Short,death,3,0.0,12.0,0.0,0.002651127049180328,0.002039328499369483
DJM Short,death,4,1.0,12.0,0.08333333333333333,0.11151383196721311,0.10501063997477932
DJM Short,death,6,0.0,12.0,0.0,0.07952100409836066,0.061170003152585126
DJM Short,death,W,3.0,12.0,0.25,0.08016137295081967,0.11935490226986128
DJM Short,death,Wd,2.0,12.0,0.16666666666666666,0.04340420081967213,0.07184938524590165
DJM Short,death,Nb,0.0,12.0,0.0,0.006570184426229508,0.005053988020176545
DJM Short,middle,0,46.0,159.0,0.2893081761006289,0.2808889845966761,0.2876158763008394
DJM Short,middle,1,72.0,159.0,0.4528301886792453,0.4414331678151601,0.45053933021410253
DJM Short,middle,2,7.0,159.0,0.0440251572327044,0.06664217673287394,0.0485712918056028
DJM Short,middle,3,0.0,159.0,0.0,0.002286430887717876,0.0004595840980337439
DJM Short,middle,4,16.0,159.0,0.10062893081761007,0.08739739562221321,0.09796932575320869
DJM Short,middle,6,7.0,159.0,0.0440251572327044,0.048281059991892986,0.04488061507374733
DJM Short,middle,W,8.0,159.0,0.050314465408805034,0.04221980137819214,0.048687397261948165
DJM Short,middle,Wd,3.0,159.0,0.018867924528301886,0.028171868666396434,0.02073806405354702
DJM Short,middle,Nb,0.0,159.0,0.0,0.002679114308877179,0.0005385154389702872
DJM Short,powerplay,0,106.0,252.0,0.42063492063492064,0.4228881521678736,0.4209435824887498
DJM Short,powerplay,1,73.0,252.0,0.2896825396825397,0.25764450947345025,0.2852937684210206
DJM Short,powerplay,2,8.0,252.0,0.031746031746031744,0.04384827662845184,0.03340387351074683
DJM Short,powerplay,3,1.0,252.0,0.003968253968253968,0.005028429611245902,0.0041134835083898496
DJM Short,powerplay,4,39.0,252.0,0.15476190476190477,0.15223269683107069,0.1544154379220645
DJM Short,powerplay,6,5.0,252.0,0.01984126984126984,0.040523771600022226,0.022674489260277018
DJM Short,powerplay,W,11.0,252.0,0.04365079365079365,0.03919952586446391,0.043041030940337524
DJM Short,powerplay,Wd,9.0,252.0,0.03571428571428571,0.03486563072990943,0.03559803160683691
DJM Short,powerplay,Nb,0.0,252.0,0.0,0.003769007093512122,0.0005163023415770031
DL Chahar,death,0,19.0,70.0,0.2714285714285714,0.21696977459016392,0.2516253725782414
DL Chahar,death,1,23.0,70.0,0.32857142857142857,0.37083760245901637,0.34394094634873323
DL Chahar,death,2,8.0,70.0,0.11428571428571428,0.08837090163934426,0.10486214605067064
DL Chahar,death,3,0.0,70.0,0.0,0.002651127049180328,0.0009640461997019374
DL Chahar,death,4,6.0,70.0,0.08571428571428572,0.11151383196721311,0.09509593889716841
DL Chahar,death,6,7.0,70.0,0.1,0.07952100409836066,0.09255309239940387
DL Chahar,death,W,6.0,70.0,0.08571428571428572,0.08016137295081967,0.08369504470938897
DL Chahar,death,Wd,1.0,70.0,0.014285714285714285,0.04340420081967213,0.02487425484351714
DL Chahar,death,Nb,0.0,70.0,0.0,0.006570184426229508,0.002389157973174367
DL Chahar,middle,0,14.0,52.0,0.2692307692307692,0.2808889845966761,0.274299558520294
DL Chahar,middle,1,19.0,52.0,0.36538461538461536,0.4414331678151601,0.3984492033978957
DL Chahar,middle,2,4.0,52.0,0.07692307692307693,0.06664217673287394,0.07245312031864085
DL Chahar,middle,3,0.0,52.0,0.0,0.002286430887717876,0.0009941003859642939
DL Chahar,middle,4,4.0,52.0,0.07692307692307693,0.08739739562221321,0.08147712853139705
DL Chahar,middle,6,6.0,52.0,0.11538461538461539,0.048281059991892986,0.08620915651821434
DL Chahar,middle,W,4.0,52.0,0.07692307692307693,0.04221980137819214,0.06183469625138789
DL Chahar,middle,Wd,1.0,52.0,0.019230769230769232,0.028171868666396434,0.023118203767998446
DL Chahar,middle,Nb,0.0,52.0,0.0,0.002679114308877179,0.001164832308207469
DL Vettori,death,0,31.0,123.0,0.25203252032520324,0.21696977459016392,0.24342816554359853
DL Vettori,death,1,56.0,123.0,0.45528455284552843,0.37083760245901637,0.4345613748365684
DL Vettori,death,2,8.0,123.0,0.06504065040650407,0.08837090163934426,0.07076586543296792
DL Vettori,death,3,3.0,123.0,0.024390243902439025,0.002651127049180328,0.01905549130041235
DL Vettori,death,4,11.0,123.0,0.08943089430894309,0.11151383196721311,0.09485002011465353
DL Vettori,death,6,1.0,123.0,0.008130081300813009,0.07952100409836066,0.025649326159106912
DL Vettori,death,W,8.0,123.0,0.06504065040650407,0.08016137295081967,0.06875125716584532
DL Vettori,death,Wd,4.0,123.0,0.032520325203252036,0.04340420081967213,0.03519121492507292
DL Vettori,death,Nb,1.0,123.0,0.008130081300813009,0.006570184426229508,0.007747284521774113
DL Vettori,middle,0,32.0,118.0,0.2711864406779661,0.2808889845966761,0.2736427809105509
DL Vettori,middle,1,53.0,118.0,0.4491525423728814,0.4414331678151601,0.44719827033295195
DL Vettori,middle,2,8.0,118.0,0.06779661016949153,0.06664217673287394,0.06750434853996809
DL Vettori,middle,3,0.0,118.0,0.0,0.002286430887717876,0.0005788432627133863
DL Vettori,middle,4,8.0,118.0,0.06779661016949153,0.08739739562221321,0.07275883433473752
DL Vettori,middle,6,2.0,118.0,0.01694915254237288,0.048281059991892986,0.02488128101060582
DL Vettori,middle,W,8.0,118.0,0.06779661016949153,0.04221980137819214,0.06132146870333978
DL Vettori,middle,Wd,6.0,118.0,0.05084745762711865,0.028171868666396434,0.04510680219402441
DL Vettori,middle,Nb,1.0,118.0,0.00847457627118644,0.002679114308877179,0.007007370711108146
DL Vettori,powerplay,0,3.0,7.0,0.42857142857142855,0.4228881521678736,0.4237345975896797
DL Vettori,powerplay,1,1.0,7.0,0.14285714285714285,0.25764450947345025,0.24054851870080873
DL Vettori,powerplay,2,2.0,7.0,0.2857142857142857,0.04384827662845184,0.07987087372634198
DL Vettori,powerplay,3,0.0,7.0,0.0,0.005028429611245902,0.00427951456276247
DL Vettori,powerplay,4,0.0,7.0,0.0,0.15223269683107069,0.12955974198388995
DL Vettori,powerplay,6,0.0,7.0,0.0,0.040523771600022226,0.03448831625533807
DL Vettori,powerplay,W,1.0,7.0,0.14285714285714285,0.03919952586446391,0.05463789435273524
DL Vettori,powerplay,Wd,0.0,7.0,0.0,0.03486563072990943,0.029672877216944202
DL Vettori,powerplay,Nb,0.0,7.0,0.0,0.003769007093512122,0.0032076656114996783
DM Bravo,death,0,13.0,41.0,0.3170731707317073,0.21696977459016392,0.26763939485934024
DM Bravo,death,1,17.0,41.0,0.4146341463414634,0.37083760245901637,0.3930062234365513
DM Bravo,death,2,1.0,41.0,0.024390243902439025,0.08837090163934426,0.05598563043918235
DM Bravo,death,3,0.0,41.0,0.0,0.002651127049180328,0.0013091985428051003
DM Bravo,death,4,2.0,41.0,0.04878048780487805,0.11151383196721311,0.07975991702084598
DM Bravo,death,6,2.0,41.0,0.04878048780487805,0.07952100409836066,0.0639609896782028
DM Bravo,death,W,3.0,41.0,0.07317073170731707,0.08016137295081967,0.076622900222627
DM Bravo,death,Wd,3.0,41.0,0.07317073170731707,0.04340420081967213,0.058471210281319574
DM Bravo,death,Nb,0.0,41.0,0.0,0.006570184426229508,0.003244535519125683
DM Bravo,middle,0,76.0,218.0,0.3486238532110092,0.2808889845966761,0.3381223231932831
DM Bravo,middle,1,85.0,218.0,0.38990825688073394,0.4414331678151601,0.39789661516514113
DM Bravo,middle,2,12.0,218.0,0.05504587155963303,0.06664217673287394,0.05684374833067813
DM Bravo,middle,3,0.0,218.0,0.0,0.002286430887717876,0.0003544854089485079
DM Bravo,middle,4,16.0,218.0,0.07339449541284404,0.08739739562221321,0.07556548769336639
DM Bravo,middle,6,9.0,218.0,0.04128440366972477,0.048281059991892986,0.04236915658789039
DM Bravo,middle,W,9.0,218.0,0.04128440366972477,0.04221980137819214,0.04142942657026234
DM Bravo,middle,Wd,11.0,218.0,0.05045871559633028,0.028171868666396434,0.047003390490914176
DM Bravo,middle,Nb,0.0,218.0,0.0,0.002679114308877179,0.00041536655951584167
DM Bravo,powerplay,0,28.0,59.0,0.4745762711864407,0.4228881521678736,0.4536921826940904
DM Bravo,powerplay,1,18.0,59.0,0.3050847457627119,0.25764450947345025,0.28591697352462636
DM Bravo,powerplay,2,1.0,59.0,0.01694915254237288,0.04384827662845184,0.027817485506445184
DM Bravo,powerplay,3,1.0,59.0,0.01694915254237288,0.005028429611245902,0.012132698832826626
DM Bravo,powerplay,4,5.0,59.0,0.0847457627118644,0.15223269683107069,0.11201321084083664
DM Bravo,powerplay,6,1.0,59.0,0.01694915254237288,0.040523771600022226,0.026474251151524134
DM Bravo,powerplay,W,2.0,59.0,0.03389830508474576,0.03919952586446391,0.03604021247049047
DM Bravo,powerplay,Wd,3.0,59.0,0.05084745762711865,0.03486563072990943,0.044390153830266434
DM Bravo,powerplay,Nb,0.0,59.0,0.0,0.003769007093512122,0.0015228311488937867
DP Conway,death,0,20.0,141.0,0.14184397163120568,0.21696977459016392,0.1584463590254506
DP Conway,death,1,59.0,141.0,0.41843971631205673,0.37083760245901637,0.40791991214563894
DP Conway,death,2,14.0,141.0,0.09929078014184398,0.08837090163934426,0.09687754732361199
DP Conway,death,3,1.0,141.0,0.0070921985815602835,0.002651127049180328,0.006110746309211122
DP Conway,death,4,23.0,141.0,0.16312056737588654,0.11151383196721311,0.15171576397065484
DP Conway,death,6,7.0,141.0,0.04964539007092199,0.07952100409836066,0.0562477357123449
DP Conway,death,W,9.0,141.0,0.06382978723404255,0.08016137295081967,0.06743897744769495
DP Conway,death,Wd,5.0,141.0,0.03546099290780142,0.04340420081967213,0.03721639797119826
DP Conway,death,Nb,3.0,141.0,0.02127659574468085,0.006570184426229508,0.018026560094194368
DP Conway,middle,0,140.0,656.0,0.21341463414634146,0.2808889845966761,0.2172924703791193
DP Conway,middle,1,321.0,656.0,0.4893292682926829,0.4414331678151601,0.48657661883995174
DP Conway,middle,2,50.0,656.0,0.07621951219512195,0.06664217673287394,0.07566909061683183
DP Conway,middle,3,5.0,656.0,0.007621951219512195,0.002286430887717876,0.007315312119983786
DP Conway,middle,4,70.0,656.0,0.10670731707317073,0.08739739562221321,0.105597551472541
DP Conway,middle,6,36.0,656.0,0.054878048780487805,0.048281059991892986,0.05449891149378695
DP Conway,middle,W,18.0,656.0,0.027439024390243903,0.04221980137819214,0.028288494332080007
DP Conway,middle,Wd,14.0,656.0,0.021341463414634148,0.028171868666396434,0.0217340154405975
DP Conway,middle,Nb,2.0,656.0,0.003048780487804878,0.002679114308877179,0.0030275353051078843
DP Conway,powerplay,0,267.0,673.0,0.3967310549777117,0.4228881521678736,0.39819849381025935
DP Conway,powerplay,1,200.0,673.0,0.2971768202080238,0.25764450947345025,0.2949590187642889
DP Conway,powerplay,2,36.0,673.0,0.05349182763744428,0.04384827662845184,0.05295081495811792
DP Conway,powerplay,3,2.0,673.0,0.0029717682020802376,0.005028429611245902,0.003087148926297105
DP Conway,powerplay,4,99.0,673.0,0.14710252600297177,0.15223269683107069,0.14739033362306148
DP Conway,powerplay,6,22.0,673.0,0.03268945022288262,0.040523771600022226,0.03312896334361976
DP Conway,powerplay,W,21.0,673.0,0.031203566121842496,0.03919952586446391,0.03165214731357441
DP Conway,powerplay,Wd,25.0,673.0,0.03714710252600297,0.03486563072990943,0.03701910971836799
DP Conway,powerplay,Nb,1.0,673.0,0.0014858841010401188,0.003769007093512122,0.0016139695424130223
DP Nannes,death,0,8.0,16.0,0.5,0.21696977459016392,0.29783555327868855
DP Nannes,death,1,3.0,16.0,0.1875,0.37083760245901637,0.3184554303278689
DP Nannes,death,2,1.0,16.0,0.0625,0.08837090163934426,0.08097921545667448
DP Nannes,death,3,0.0,16.0,0.0,0.002651127049180328,0.0018936621779859484
DP Nannes,death,4,0.0,16.0,0.0,0.11151383196721311,0.07965273711943795
DP Nannes,death,6,1.0,16.0,0.0625,0.07952100409836066,0.07465786007025763
DP Nannes,death,W,2.0,16.0,0.125,0.08016137295081967,0.09297240925058547
DP Nannes,death,Wd,1.0,16.0,0.0625,0.04340420081967213,0.048860143442622954
DP Nannes,death,Nb,0.0,16.0,0.0,0.006570184426229508,0.00469298887587822
DP Nannes,middle,0,2.0,4.0,0.5,0.2808889845966761,0.3008081678151601
DP Nannes,middle,1,2.0,4.0,0.5,0.4414331678151601,0.4467574252865092
DP Nannes,middle,2,0.0,4.0,0.0,0.06664217673287394,0.060583797029885395
DP Nannes,middle,3,0.0,4.0,0.0,0.002286430887717876,0.0020785735342889783
DP Nannes,middle,4,0.0,4.0,0.0,0.08739739562221321,0.07945217783837565
DP Nannes,middle,6,0.0,4.0,0.0,0.048281059991892986,0.04389187271990271
DP Nannes,middle,W,0.0,4.0,0.0,0.04221980137819214,0.03838163761653831
DP Nannes,middle,Wd,0.0,4.0,0.0,0.028171868666396434,0.02561078969672403
DP Nannes,middle,Nb,0.0,4.0,0.0,0.002679114308877179,0.0024355584626156172
DPMD Jayawardene,death,0,57.0,288.0,0.19791666666666666,0.21696977459016392,0.20024021641343465
DPMD Jayawardene,death,1,120.0,288.0,0.4166666666666667,0.37083760245901637,0.41107775639744104
DPMD Jayawardene,death,2,31.0,288.0,0.1076388888888889,0.08837090163934426,0.1052891343462615
DPMD Jayawardene,death,3,1.0,288.0,0.003472222222222222,0.002651127049180328,0.0033720886645341864
DPMD Jayawardene,death,4,42.0,288.0,0.14583333333333334,0.11151383196721311,0.14164802828868453
DPMD Jayawardene,death,6,9.0,288.0,0.03125,0.07952100409836066,0.037136707816873255
DPMD Jayawardene,death,W,15.0,288.0,0.052083333333333336,0.08016137295081967,0.05550748450619752
DPMD Jayawardene,death,Wd,11.0,288.0,0.03819444444444445,0.04340420081967213,0.038829780587764894
DPMD Jayawardene,death,Nb,2.0,288.0,0.006944444444444444,0.006570184426229508,0.006898802978808477
DPMD Jayawardene,middle,0,290.0,912.0,0.31798245614035087,0.2808889845966761,0.3164239069158267
DPMD Jayawardene,middle,1,389.0,912.0,0.42653508771929827,0.4414331678151601,0.4271610574712252
DPMD Jayawardene,middle,2,64.0,912.0,0.07017543859649122,0.06664217673287394,0.07002698221566697
DPMD Jayawardene,middle,3,3.0,912.0,0.003289473684210526,0.002286430887717876,0.003247329028895709
DPMD Jayawardene,middle,4,80.0,912.0,0.08771929824561403,0.08739739562221321,0.08770577292530309
DPMD Jayawardene,middle,6,21.0,912.0,0.023026315789473683,0.048281059991892986,0.024087439495457687
DPMD Jayawardene,middle,W,34.0,912.0,0.03728070175438596,0.04221980137819214,0.037488226948663536
DPMD Jayawardene,middle,Wd,30.0,912.0,0.03289473684210526,0.028171868666396434,0.03269629700278977
DPMD Jayawardene,middle,Nb,1.0,912.0,0.0010964912280701754,0.002679114308877179,0.00116298799617131
DPMD Jayawardene,powerplay,0,311.0,731.0,0.42544459644322846,0.4228881521678736,0.4253119663900323
DPMD Jayawardene,powerplay,1,180.0,731.0,0.24623803009575923,0.25764450947345025,0.2468298059389598
DPMD Jayawardene,powerplay,2,24.0,731.0,0.03283173734610123,0.04384827662845184,0.03340328283416093
DPMD Jayawardene,powerplay,3,3.0,731.0,0.004103967168262654,0.005028429611245902,0.00415192890330718
DPMD Jayawardene,powerplay,4,130.0,731.0,0.17783857729138167,0.15223269683107069,0.17651012694324622
DPMD Jayawardene,powerplay,6,19.0,731.0,0.025991792065663474,0.040523771600022226,0.0267457209649817
DPMD Jayawardene,powerplay,W,33.0,731.0,0.04514363885088919,0.03919952586446391,0.04483525426015377
DPMD Jayawardene,powerplay,Wd,30.0,731.0,0.04103967168262654,0.03486563072990943,0.04071935827392526
DPMD Jayawardene,powerplay,Nb,1.0,731.0,0.0013679890560875513,0.003769007093512122,0.001492555491232795
DR Martyn,death,0,1.0,12.0,0.08333333333333333,0.21696977459016392,0.18613059583858765
DR Martyn,death,1,4.0,12.0,0.3333333333333333,0.37083760245901637,0.36218277112232033
DR Martyn,death,2,1.0,12.0,0.08333333333333333,0.08837090163934426,0.08720838587641867
DR Martyn,death,3,1.0,12.0,0.08333333333333333,0.002651127049180328,0.021270097730138715
DR Martyn,death,4,1.0,12.0,0.08333333333333333,0.11151383196721311,0.10501063997477932
DR Martyn,death,6,2.0,12.0,0.16666666666666666,0.07952100409836066,0.09963154161412359
DR Martyn,death,W,1.0,12.0,0.08333333333333333,0.08016137295081967,0.08089336380832282
DR Martyn,death,Wd,1.0,12.0,0.08333333333333333,0.04340420081967213,0.05261861601513241
DR Martyn,death,Nb,0.0,12.0,0.0,0.006570184426229508,0.005053988020176545
DR Martyn,middle,0,1.0,18.0,0.05555555555555555,0.2808889845966761,0.21095792041150077
DR Martyn,middle,1,15.0,18.0,0.8333333333333334,0.4414331678151601,0.5630573571139036
DR Martyn,middle,2,0.0,18.0,0.0,0.06664217673287394,0.04596012188474065
DR Martyn,middle,3,0.0,18.0,0.0,0.002286430887717876,0.0015768488880812939
DR Martyn,middle,4,1.0,18.0,0.05555555555555555,0.08739739562221321,0.07751544525669876
DR Martyn,middle,6,0.0,18.0,0.0,0.048281059991892986,0.03329728275302964
DR Martyn,middle,W,0.0,18.0,0.0,0.04221980137819214,0.0291171043987532
DR Martyn,middle,Wd,1.0,18.0,0.05555555555555555,0.028171868666396434,0.03667025425268719
DR Martyn,middle,Nb,0.0,18.0,0.0,0.002679114308877179,0.001847665040604951
DR Martyn,powerplay,0,7.0,17.0,0.4117647058823529,0.4228881521678736,0.41957063310026216
DR Martyn,powerplay,1,3.0,17.0,0.17647058823529413,0.25764450947345025,0.23343474349014054
DR Martyn,powerplay,2,1.0,17.0,0.058823529411764705,0.04384827662845184,0.04831458009014164
DR Martyn,powerplay,3,0.0,17.0,0.0,0.005028429611245902,0.0035287225342076505
DR Martyn,powerplay,4,3.0,17.0,0.17647058823529413,0.15223269683107069,0.15946154163583906
DR Martyn,powerplay,6,2.0,17.0,0.11764705882352941,0.040523771600022226,0.06352545375440156
DR Martyn,powerplay,W,1.0,17.0,0.058823529411764705,0.03919952586446391,0.045052298852255375
DR Martyn,powerplay,Wd,0.0,17.0,0.0,0.03486563072990943,0.024467109284146974
DR Martyn,powerplay,Nb,0.0,17.0,0.0,0.003769007093512122,0.002644917258604998
DR Sams,death,0,11.0,64.0,0.171875,0.21696977459016392,0.18921914407313997
DR Sams,death,1,24.0,64.0,0.375,0.37083760245901637,0.37339907786885246
DR Sams,death,2,4.0,64.0,0.0625,0.08837090163934426,0.07245034678436318
DR Sams,death,3,1.0,64.0,0.015625,0.002651127049180328,0.010635048865069358
DR Sams,death,4,5.0,64.0,0.078125,0.11151383196721311,0.09096685844892813
DR Sams,death,6,7.0,64.0,0.109375,0.07952100409836066,0.09789269388398487
DR Sams,death,W,9.0,64.0,0.140625,0.08016137295081967,0.11736975882723834
DR Sams,death,Wd,3.0,64.0,0.046875,0.04340420081967213,0.04554007723833543
DR Sams,death,Nb,0.0,64.0,0.0,0.006570184426229508,0.0025269940100882725
DR Sams,middle,0,6.0,26.0,0.23076923076923078,0.2808889845966761,0.2611448391495007
DR Sams,middle,1,9.0,26.0,0.34615384615384615,0.4414331678151601,0.4038988895849455
DR Sams,middle,2,4.0,26.0,0.15384615384615385,0.06664217673287394,0.1009952586259842
DR Sams,middle,3,0.0,26.0,0.0,0.002286430887717876,0.0013857156895259854
DR Sams,middle,4,2.0,26.0,0.07692307692307693,0.08739739562221321,0.08327114886194739
DR Sams,middle,6,1.0,26.0,0.038461538461538464,0.048281059991892986,0.044412763631450296
DR Sams,middle,W,3.0,26.0,0.11538461538461539,0.04221980137819214,0.07104230386557099
DR Sams,middle,Wd,1.0,26.0,0.038461538461538464,0.028171868666396434,0.03222537494933117
DR Sams,middle,Nb,0.0,26.0,0.0,0.002679114308877179,0.0016237056417437448
DR Smith,death,0,22.0,124.0,0.1774193548387097,0.21696977459016392,0.18706579868052778
DR Smith,death,1,46.0,124.0,0.3709677419354839,0.37083760245901637,0.3709360005997601
DR Smith,death,2,8.0,124.0,0.06451612903225806,0.08837090163934426,0.0703343662534986
DR Smith,death,3,0.0,124.0,0.0,0.002651127049180328,0.0006466163534586166
DR Smith,death,4,11.0,124.0,0.08870967741935484,0.11151383196721311,0.09427166633346662
DR Smith,death,6,15.0,124.0,0.12096774193548387,0.07952100409836066,0.11085878148740504
DR Smith,death,W,18.0,124.0,0.14516129032258066,0.08016137295081967,0.1293076519392243
DR Smith,death,Wd,3.0,124.0,0.024193548387096774,0.04340420081967213,0.02887907337065174
DR Smith,death,Nb,1.0,124.0,0.008064516129032258,0.006570184426229508,0.007700044982007197
DR Smith,middle,0,189.0,615.0,0.3073170731707317,0.2808889845966761,0.30570314409750693
DR Smith,middle,1,222.0,615.0,0.36097560975609755,0.4414331678151601,0.36588904841619296
DR Smith,middle,2,32.0,615.0,0.05203252032520325,0.06664217673287394,0.0529247130829236
DR Smith,middle,3,1.0,615.0,0.0016260162601626016,0.002286430887717876,0.0016663469244407865
DR Smith,middle,4,68.0,615.0,0.11056910569105691,0.08739739562221321,0.10915403942731074
DR Smith,middle,6,54.0,615.0,0.08780487804878048,0.048281059991892986,0.08539120977049727
DR Smith,middle,W,38.0,615.0,0.061788617886178863,0.04221980137819214,0.06059357565668349
DR Smith,middle,Wd,9.0,615.0,0.014634146341463415,0.028171868666396434,0.01546087747581047
DR Smith,middle,Nb,2.0,615.0,0.0032520325203252032,0.002679114308877179,0.003217045148633721
DR Smith,powerplay,0,522.0,1062.0,0.4915254237288136,0.4228881521678736,0.4890340527102677
DR Smith,powerplay,1,226.0,1062.0,0.2128060263653484,0.25764450947345025,0.21443355751264792
DR Smith,powerplay,2,43.0,1062.0,0.04048964218455744,0.04384827662845184,0.04061155269068791
DR Smith,powerplay,3,2.0,1062.0,0.0018832391713747645,0.005028429611245902,0.0019974021637475825
DR Smith,powerplay,4,158.0,1062.0,0.1487758945386064,0.15223269683107069,0.148901368306028
DR Smith,powerplay,6,40.0,1062.0,0.03766478342749529,0.040523771600022226,0.03776855795281387
DR Smith,powerplay,W,34.0,1062.0,0.032015065913371,0.03919952586446391,0.03227584485896421
DR Smith,powerplay,Wd,31.0,1062.0,0.02919020715630885,0.03486563072990943,0.029396211641739
DR Smith,powerplay,Nb,6.0,1062.0,0.005649717514124294,0.003769007093512122,0.005581452163103889
DS Kulkarni,death,0,30.0,94.0,0.3191489361702128,0.21696977459016392,0.28864769390751166
DS Kulkarni,death,1,37.0,94.0,0.39361702127659576,0.37083760245901637,0.3868171947638855
DS Kulkarni,death,2,7.0,94.0,0.07446808510638298,0.08837090163934426,0.0786181795938341
DS Kulkarni,death,3,1.0,94.0,0.010638297872340425,0.002651127049180328,0.008254067775874726
DS Kulkarni,death,4,6.0,94.0,0.06382978723404255,0.11151383196721311,0.07806383043797407
DS Kulkarni,death,6,2.0,94.0,0.02127659574468085,0.07952100409836066,0.038662986298018114
DS Kulkarni,death,W,7.0,94.0,0.07446808510638298,0.08016137295081967,0.07616757401517005
DS Kulkarni,death,Wd,4.0,94.0,0.0425531914893617,0.04340420081967213,0.04280722412527527
DS Kulkarni,death,Nb,0.0,94.0,0.0,0.006570184426229508,0.0019612490824565698
DS Kulkarni,middle,0,3.0,6.0,0.5,0.2808889845966761,0.30946868225797924
DS Kulkarni,middle,1,1.0,6.0,0.16666666666666666,0.4414331678151601,0.40559405896970446
DS Kulkarni,middle,2,1.0,6.0,0.16666666666666666,0.06664217673287394,0.07968884933293385
DS Kulkarni,middle,3,0.0,6.0,0.0,0.002286430887717876,0.0019882007719285878
DS Kulkarni,middle,4,0.0,6.0,0.0,0.08739739562221321,0.07599773532366366
DS Kulkarni,middle,6,0.0,6.0,0.0,0.048281059991892986,0.04198353042773303
DS Kulkarni,middle,W,1.0,6.0,0.16666666666666666,0.04221980137819214,0.05845200119842795
DS Kulkarni,middle,Wd,0.0,6.0,0.0,0.028171868666396434,0.02449727710121429
DS Kulkarni,middle,Nb,0.0,6.0,0.0,0.002679114308877179,0.002329664616414938
DT Christian,death,0,58.0,233.0,0.24892703862660945,0.21696977459016392,0.24424465561760644
DT Christian,death,1,91.0,233.0,0.3905579399141631,0.37083760245901637,0.38766851318080825
DT Christian,death,2,26.0,233.0,0.11158798283261803,0.08837090163934426,0.10818621269440942
DT Christian,death,3,1.0,233.0,0.004291845493562232,0.002651127049180328,0.004051447186693089
DT Christian,death,4,13.0,233.0,0.055793991416309016,0.11151383196721311,0.06395807061790669
DT Christian,death,6,12.0,233.0,0.05150214592274678,0.07952100409836066,0.055607473127964935
DT Christian,death,W,21.0,233.0,0.09012875536480687,0.08016137295081967,0.08866833303308713
DT Christian,death,Wd,8.0,233.0,0.034334763948497854,0.04340420081967213,0.03566361916771753
DT Christian,death,Nb,3.0,233.0,0.012875536480686695,0.006570184426229508,0.01195167537380652
DT Christian,middle,0,49.0,157.0,0.31210191082802546,0.2808889845966761,0.3057642608318124
DT Christian,middle,1,87.0,157.0,0.554140127388535,0.4414331678151601,0.5312554655462254
DT Christian,middle,2,2.0,157.0,0.012738853503184714,0.06664217673287394,0.023683690707182525
DT Christian,middle,3,1.0,157.0,0.006369426751592357,0.002286430887717876,0.005540392058419874
DT Christian,middle,4,5.0,157.0,0.03184713375796178,0.08739739562221321,0.04312637474562705
DT Christian,middle,6,3.0,157.0,0.01910828025477707,0.048281059991892986,0.025031687307998575
DT Christian,middle,W,7.0,157.0,0.044585987261146494,0.04221980137819214,0.044105543427044085
DT Christian,middle,Wd,3.0,157.0,0.01910828025477707,0.028171868666396434,0.020948602774902826
DT Christian,middle,Nb,0.0,157.0,0.0,0.002679114308877179,0.0005439826007872444
DT Christian,powerplay,0,6.0,17.0,0.35294117647058826,0.4228881521678736,0.40202677345113935
DT Christian,powerplay,1,4.0,17.0,0.23529411764705882,0.25764450947345025,0.25097860313926335
DT Christian,powerplay,2,0.0,17.0,0.0,0.04384827662845184,0.030770720441018834
DT Christian,powerplay,3,0.0,17.0,0.0,0.005028429611245902,0.0035287225342076505
DT Christian,powerplay,4,0.0,17.0,0.0,0.15223269683107069,0.10682996268847066
DT Christian,powerplay,6,5.0,17.0,0.29411764705882354,0.040523771600022226,0.11615703270176998
DT Christian,powerplay,W,2.0,17.0,0.11764705882352941,0.03919952586446391,0.06259615850137819
DT Christian,powerplay,Wd,0.0,17.0,0.0,0.03486563072990943,0.024467109284146974
DT Christian,powerplay,Nb,0.0,17.0,0.0,0.003769007093512122,0.002644917258604998
DW Steyn,death,0,45.0,146.0,0.3082191780821918,0.21696977459016392,0.28859565044949764
DW Steyn,death,1,51.0,146.0,0.3493150684931507,0.37083760245901637,0.3539435704212938
DW Steyn,death,2,16.0,146.0,0.1095890410958904,0.08837090163934426,0.10502600035254715
DW Steyn,death,3,0.0,146.0,0.0,0.002651127049180328,0.000570134849286092
DW Steyn,death,4,12.0,146.0,0.0821917808219178,0.11151383196721311,0.08849759827251895
DW Steyn,death,6,2.0,146.0,0.0136986301369863,0.07952100409836066,0.02785397937599154
DW Steyn,death,W,19.0,146.0,0.13013698630136986,0.08016137295081967,0.11938954257006874
DW Steyn,death,Wd,1.0,146.0,0.00684931506849315,0.04340420081967213,0.014710580821434867
DW Steyn,death,Nb,0.0,146.0,0.0,0.006570184426229508,0.0014129428873611847
DW Steyn,middle,0,5.0,10.0,0.5,0.2808889845966761,0.3247111876773409
DW Steyn,middle,1,3.0,10.0,0.3,0.4414331678151601,0.4131465342521281
DW Steyn,middle,2,1.0,10.0,0.1,0.06664217673287394,0.07331374138629915
DW Steyn,middle,3,0.0,10.0,0.0,0.002286430887717876,0.0018291447101743009
DW Steyn,middle,4,0.0,10.0,0.0,0.08739739562221321,0.06991791649777057
DW Steyn,middle,6,0.0,10.0,0.0,0.048281059991892986,0.038624847993514386
DW Steyn,middle,W,1.0,10.0,0.1,0.04221980137819214,0.05377584110255371
DW Steyn,middle,Wd,0.0,10.0,0.0,0.028171868666396434,0.022537494933117144
DW Steyn,middle,Nb,0.0,10.0,0.0,0.002679114308877179,0.002143291447101743
Dhruv Jurel,death,0,40.0,234.0,0.17094017094017094,0.21696977459016392,0.17765982110805315
Dhruv Jurel,death,1,100.0,234.0,0.42735042735042733,0.37083760245901637,0.4191003799210243
Dhruv Jurel,death,2,20.0,234.0,0.08547008547008547,0.08837090163934426,0.08589356228311595
Dhruv Jurel,death,3,0.0,234.0,0.0,0.002651127049180328,0.0003870258465956683
Dhruv Jurel,death,4,27.0,234.0,0.11538461538461539,0.11151383196721311,0.11481953751346177
Dhruv Jurel,death,6,24.0,234.0,0.10256410256410256,0.07952100409836066,0.09920014658370228
Dhruv Jurel,death,W,14.0,234.0,0.05982905982905983,0.08016137295081967,0.0627972807227474
Dhruv Jurel,death,Wd,9.0,234.0,0.038461538461538464,0.04340420081967213,0.039183095010171115
Dhruv Jurel,death,Nb,0.0,234.0,0.0,0.006570184426229508,0.0009591510111283954
Dhruv Jurel,middle,0,81.0,288.0,0.28125,0.2808889845966761,0.28120597373130196
Dhruv Jurel,middle,1,128.0,288.0,0.4444444444444444,0.4414331678151601,0.4440772155872146
Dhruv Jurel,middle,2,11.0,288.0,0.03819444444444445,0.06664217673287394,0.04166368008937487
Dhruv Jurel,middle,3,0.0,288.0,0.0,0.002286430887717876,0.00027883303508754586
Dhruv Jurel,middle,4,30.0,288.0,0.10416666666666667,0.08739739562221321,0.10212163361246503
Dhruv Jurel,middle,6,14.0,288.0,0.04861111111111111,0.048281059991892986,0.04857086097462109
Dhruv Jurel,middle,W,16.0,288.0,0.05555555555555555,0.04221980137819214,0.05392924407051124
Dhruv Jurel,middle,Wd,8.0,288.0,0.027777777777777776,0.028171868666396434,0.02782583764224347
Dhruv Jurel,middle,Nb,0.0,288.0,0.0,0.002679114308877179,0.00032672125718014375
Dhruv Jurel,powerplay,0,32.0,75.0,0.4266666666666667,0.4228881521678736,0.425352400754043
Dhruv Jurel,powerplay,1,18.0,75.0,0.24,0.25764450947345025,0.24613722068641747
Dhruv Jurel,powerplay,2,3.0,75.0,0.04,0.04384827662845184,0.041338531001200635
Dhruv Jurel,powerplay,3,0.0,75.0,0.0,0.005028429611245902,0.001749018995215966
Dhruv Jurel,powerplay,4,13.0,75.0,0.17333333333333334,0.15223269683107069,0.16599398150645936
Dhruv Jurel,powerplay,6,6.0,75.0,0.08,0.040523771600022226,0.06626913794783382
Dhruv Jurel,powerplay,W,2.0,75.0,0.02666666666666667,0.03919952586446391,0.031025922039813535
Dhruv Jurel,powerplay,Wd,1.0,75.0,0.013333333333333334,0.03486563072990943,0.0208228280799685
Dhruv Jurel,powerplay,Nb,0.0,75.0,0.0,0.003769007093512122,0.0013109589890476947
E Lewis,death,0,10.0,35.0,0.2857142857142857,0.21696977459016392,0.24905054644808744
E Lewis,death,1,10.0,35.0,0.2857142857142857,0.37083760245901637,0.3311133879781421
E Lewis,death,2,1.0,35.0,0.02857142857142857,0.08837090163934426,0.060464480874316946
E Lewis,death,3,0.0,35.0,0.0,0.002651127049180328,0.0014139344262295082
E Lewis,death,4,4.0,35.0,0.11428571428571428,0.11151383196721311,0.11280737704918034
E Lewis,death,6,5.0,35.0,0.14285714285714285,0.07952100409836066,0.10907786885245903
E Lewis,death,W,2.0,35.0,0.05714285714285714,0.08016137295081967,0.06941939890710382
E Lewis,death,Wd,3.0,35.0,0.08571428571428572,0.04340420081967213,0.06314890710382513
E Lewis,death,Nb,0.0,35.0,0.0,0.006570184426229508,0.0035040983606557377
E Lewis,middle,0,113.0,385.0,0.2935064935064935,0.2808889845966761,0.29231896325615775
E Lewis,middle,1,135.0,385.0,0.35064935064935066,0.4414331678151601,0.35919370991201505
E Lewis,middle,2,14.0,385.0,0.03636363636363636,0.06664217673287394,0.039213381339564604
E Lewis,middle,3,0.0,385.0,0.0,0.002286430887717876,0.00021519349531462362
E Lewis,middle,4,27.0,385.0,0.07012987012987013,0.08739739562221321,0.07175504899973771
E Lewis,middle,6,50.0,385.0,0.12987012987012986,0.048281059991892986,0.12219115858747227
E Lewis,middle,W,19.0,385.0,0.04935064935064935,0.04221980137819214,0.048679510717947495
E Lewis,middle,Wd,26.0,385.0,0.06753246753246753,0.028171868666396434,0.06382794058036673
E Lewis,middle,Nb,1.0,385.0,0.0025974025974025974,0.002679114308877179,0.0026050931114237346
E Lewis,powerplay,0,290.0,711.0,0.4078762306610408,0.4228881521678736,0.40867580038177753
E Lewis,powerplay,1,151.0,711.0,0.21237693389592124,0.25764450947345025,0.21478798985211453
E Lewis,powerplay,2,30.0,711.0,0.04219409282700422,0.04384827662845184,0.04228219848886561
E Lewis,powerplay,3,3.0,711.0,0.004219409282700422,0.005028429611245902,0.004262499579826679
E Lewis,powerplay,4,108.0,711.0,0.1518987341772152,0.15223269683107069,0.15191652180192122
E Lewis,powerplay,6,57.0,711.0,0.08016877637130802,0.040523771600022226,0.07805719156325018
E Lewis,powerplay,W,34.0,711.0,0.04781997187060478,0.03919952586446391,0.047360826943513394
E Lewis,powerplay,Wd,34.0,711.0,0.04781997187060478,0.03486563072990943,0.047129993647398644
E Lewis,powerplay,Nb,4.0,711.0,0.005625879043600563,0.003769007093512122,0.005526977741332205
E Malinga,death,0,0.0,6.0,0.0,0.21696977459016392,0.1886693692088382
E Malinga,death,1,3.0,6.0,0.5,0.37083760245901637,0.38768487170349253
E Malinga,death,2,1.0,6.0,0.16666666666666666,0.08837090163934426,0.09858339272986458
E Malinga,death,3,0.0,6.0,0.0,0.002651127049180328,0.002305327868852459
E Malinga,death,4,0.0,6.0,0.0,0.11151383196721311,0.09696854953670705
E Malinga,death,6,0.0,6.0,0.0,0.07952100409836066,0.0691486992159658
E Malinga,death,W,2.0,6.0,0.3333333333333333,0.08016137295081967,0.11318380256593015
E Malinga,death,Wd,0.0,6.0,0.0,0.04340420081967213,0.03774278332145403
E Malinga,death,Nb,0.0,6.0,0.0,0.006570184426229508,0.005713203848895225
E Malinga,middle,0,3.0,4.0,0.75,0.2808889845966761,0.32353544054243283
E Malinga,middle,1,1.0,4.0,0.25,0.4414331678151601,0.4240301525592365
E Malinga,middle,2,0.0,4.0,0.0,0.06664217673287394,0.060583797029885395
E Malinga,middle,3,0.0,4.0,0.0,0.002286430887717876,0.0020785735342889783
E Malinga,middle,4,0.0,4.0,0.0,0.08739739562221321,0.07945217783837565
E Malinga,middle,6,0.0,4.0,0.0,0.048281059991892986,0.04389187271990271
E Malinga,middle,W,0.0,4.0,0.0,0.04221980137819214,0.03838163761653831
E Malinga,middle,Wd,0.0,4.0,0.0,0.028171868666396434,0.02561078969672403
E Malinga,middle,Nb,0.0,4.0,0.0,0.002679114308877179,0.0024355584626156172
EJG Morgan,death,0,118.0,615.0,0.191869918699187,0.21696977459016392,0.19340273432611688
EJG Morgan,death,1,215.0,615.0,0.34959349593495936,0.37083760245901637,0.3508908459516957
EJG Morgan,death,2,64.0,615.0,0.1040650406504065,0.08837090163934426,0.10310661994744087
EJG Morgan,death,3,1.0,615.0,0.0016260162601626016,0.002651127049180328,0.0016886184457514705
EJG Morgan,death,4,69.0,615.0,0.11219512195121951,0.11151383196721311,0.11215351645601301
EJG Morgan,death,6,73.0,615.0,0.11869918699186992,0.07952100409836066,0.11630662620448003
EJG Morgan,death,W,45.0,615.0,0.07317073170731707,0.08016137295081967,0.07359764109623326
EJG Morgan,death,Wd,29.0,615.0,0.04715447154471545,0.04340420081967213,0.04692544737830059
EJG Morgan,death,Nb,1.0,615.0,0.0016260162601626016,0.006570184426229508,0.0019279501939682142
EJG Morgan,middle,0,472.0,1460.0,0.3232876712328767,0.2808889845966761,0.3221570395892447
EJG Morgan,middle,1,616.0,1460.0,0.42191780821917807,0.4414331678151601,0.42243821780840424
EJG Morgan,middle,2,84.0,1460.0,0.057534246575342465,0.06664217673287394,0.05777712471287664
EJG Morgan,middle,3,3.0,1460.0,0.002054794520547945,0.002286430887717876,0.0020609714903391434
EJG Morgan,middle,4,133.0,1460.0,0.0910958904109589,0.08739739562221321,0.09099726388325902
EJG Morgan,middle,6,71.0,1460.0,0.04863013698630137,0.048281059991892986,0.048620828266450485
EJG Morgan,middle,W,51.0,1460.0,0.03493150684931507,0.04221980137819214,0.035125861370085124
EJG Morgan,middle,Wd,27.0,1460.0,0.018493150684931507,0.028171868666396434,0.018751249831103906
EJG Morgan,middle,Nb,3.0,1460.0,0.002054794520547945,0.002679114308877179,0.002071443048236725
EJG Morgan,powerplay,0,203.0,362.0,0.5607734806629834,0.4228881521678736,0.5470535474793904
EJG Morgan,powerplay,1,70.0,362.0,0.19337016574585636,0.25764450947345025,0.19976562283317914
EJG Morgan,powerplay,2,13.0,362.0,0.03591160220994475,0.04384827662845184,0.0367013210575574
EJG Morgan,powerplay,3,1.0,362.0,0.0027624309392265192,0.005028429611245902,0.0029879034439050647
EJG Morgan,powerplay,4,40.0,362.0,0.11049723756906077,0.15223269683107069,0.11465001958518117
EJG Morgan,powerplay,6,8.0,362.0,0.022099447513812154,0.040523771600022226,0.023932713592042014
EJG Morgan,powerplay,W,15.0,362.0,0.04143646408839779,0.03919952586446391,0.04121388317059342
EJG Morgan,powerplay,Wd,12.0,362.0,0.03314917127071823,0.03486563072990943,0.033319963256707406
EJG Morgan,powerplay,Nb,0.0,362.0,0.0,0.003769007093512122,0.00037502558144399226
F Behardien,death,0,36.0,171.0,0.21052631578947367,0.21696977459016392,0.21174782456685573
F Behardien,death,1,72.0,171.0,0.42105263157894735,0.37083760245901637,0.41153319477896044
F Behardien,death,2,19.0,171.0,0.1111111111111111,0.08837090163934426,0.10680017092688991
F Behardien,death,3,1.0,171.0,0.005847953216374269,0.002651127049180328,0.005241919819749826
F Behardien,death,4,16.0,171.0,0.0935672514619883,0.11151383196721311,0.09696944681842903
F Behardien,death,6,8.0,171.0,0.04678362573099415,0.07952100409836066,0.05298976381011577
F Behardien,death,W,10.0,171.0,0.05847953216374269,0.08016137295081967,0.06258983373475255
F Behardien,death,Wd,9.0,171.0,0.05263157894736842,0.04340420081967213,0.05088231295159661
F Behardien,death,Nb,0.0,171.0,0.0,0.006570184426229508,0.0012455325926501437
F Behardien,middle,0,39.0,142.0,0.2746478873239437,0.2808889845966761,0.2760195570542145
F Behardien,middle,1,71.0,142.0,0.5,0.4414331678151601,0.4871281687505846
F Behardien,middle,2,6.0,142.0,0.04225352112676056,0.06664217673287394,0.04761366521601625
F Behardien,middle,3,0.0,142.0,0.0,0.002286430887717876,0.0005025122830149178
F Behardien,middle,4,13.0,142.0,0.09154929577464789,0.08739739562221321,0.09063679024664026
F Behardien,middle,6,4.0,142.0,0.028169014084507043,0.048281059991892986,0.032589243954262194
F Behardien,middle,W,7.0,142.0,0.04929577464788732,0.04221980137819214,0.047740615687514754
F Behardien,middle,Wd,2.0,142.0,0.014084507042253521,0.028171868666396434,0.01718063047613108
F Behardien,middle,Nb,0.0,142.0,0.0,0.002679114308877179,0.000588816331621358
F Behardien,powerplay,0,2.0,7.0,0.2857142857142857,0.4228881521678736,0.4024580018449988
F Behardien,powerplay,1,3.0,7.0,0.42857142857142855,0.25764450947345025,0.28310171019017044
F Behardien,powerplay,2,1.0,7.0,0.14285714285714285,0.04384827662845184,0.058594277981661134
F Behardien,powerplay,3,0.0,7.0,0.0,0.005028429611245902,0.00427951456276247
F Behardien,powerplay,4,1.0,7.0,0.14285714285714285,0.15223269683107069,0.1508363377285708
F Behardien,powerplay,6,0.0,7.0,0.0,0.040523771600022226,0.03448831625533807
F Behardien,powerplay,W,0.0,7.0,0.0,0.03919952586446391,0.03336129860805439
F Behardien,powerplay,Wd,0.0,7.0,0.0,0.03486563072990943,0.029672877216944202
F Behardien,powerplay,Nb,0.0,7.0,0.0,0.003769007093512122,0.0032076656114996783
F du Plessis,death,0,58.0,406.0,0.14285714285714285,0.21696977459016392,0.14950401565831067
F du Plessis,death,1,143.0,406.0,0.3522167487684729,0.37083760245901637,0.3538867804895979
F du Plessis,death,2,50.0,406.0,0.12315270935960591,0.08837090163934426,0.12003326472101743
F du Plessis,death,3,1.0,406.0,0.0024630541871921183,0.002651127049180328,0.0024799217084466663
F du Plessis,death,4,62.0,406.0,0.15270935960591134,0.11151383196721311,0.14901469344997426
F du Plessis,death,6,36.0,406.0,0.08866995073891626,0.07952100409836066,0.08784941740792472
F du Plessis,death,W,34.0,406.0,0.08374384236453201,0.08016137295081967,0.08342254465926635
F du Plessis,death,Wd,18.0,406.0,0.04433497536945813,0.04340420081967213,0.04425149783136073
F du Plessis,death,Nb,4.0,406.0,0.009852216748768473,0.006570184426229508,0.0095578640741013
F du Plessis,middle,0,386.0,1738.0,0.22209436133486765,0.2808889845966761,0.22341707501904784
F du Plessis,middle,1,912.0,1738.0,0.5247410817031071,0.4414331678151601,0.5228668879148517
F du Plessis,middle,2,141.0,1738.0,0.0811277330264672,0.06664217673287394,0.08080184874539649
F du Plessis,middle,3,3.0,1738.0,0.0017261219792865361,0.002286430887717876,0.0017387273540543954
F du Plessis,middle,4,128.0,1738.0,0.07364787111622555,0.08739739562221321,0.0739571967519058
F du Plessis,middle,6,66.0,1738.0,0.0379746835443038,0.048281059991892986,0.03820654803131368
F du Plessis,middle,W,57.0,1738.0,0.03279631760644419,0.04221980137819214,0.03300831949107294
F du Plessis,middle,Wd,38.0,1738.0,0.02186421173762946,0.028171868666396434,0.022006116280458864
F du Plessis,middle,Nb,7.0,1738.0,0.004027617951668585,0.002679114308877179,0.003997280411898249
F du Plessis,powerplay,0,707.0,1759.0,0.4019329164297897,0.4228881521678736,0.4023988471855003
F du Plessis,powerplay,1,512.0,1759.0,0.2910744741330301,0.25764450947345025,0.29033117308445694
F du Plessis,powerplay,2,77.0,1759.0,0.04377487208641274,0.04384827662845184,0.043776504205190706
F du Plessis,powerplay,3,13.0,1759.0,0.007390562819783968,0.005028429611245902,0.007338041792356774
F du Plessis,powerplay,4,279.0,1759.0,0.1586128482092098,0.15223269683107069,0.15847098825638845
F du Plessis,powerplay,6,77.0,1759.0,0.04377487208641274,0.040523771600022226,0.0437025852495836
F du Plessis,powerplay,W,52.0,1759.0,0.029562251279135872,0.03919952586446391,0.029776531981422213
F du Plessis,powerplay,Wd,40.0,1759.0,0.02274019329164298,0.03486563072990943,0.02300979723690738
F du Plessis,powerplay,Nb,2.0,1759.0,0.0011370096645821489,0.003769007093512122,0.0011955310081937104
FA Allen,death,0,31.0,122.0,0.2540983606557377,0.21696977459016392,0.24493080854078125
FA Allen,death,1,39.0,122.0,0.319672131147541,0.37083760245901637,0.33230558085407813
FA Allen,death,2,6.0,122.0,0.04918032786885246,0.08837090163934426,0.05885701275045537
FA Allen,death,3,1.0,122.0,0.00819672131147541,0.002651127049180328,0.00682743877757539
FA Allen,death,4,11.0,122.0,0.09016393442622951,0.11151383196721311,0.09543551406597856
FA Allen,death,6,16.0,122.0,0.13114754098360656,0.07952100409836066,0.11840024792552116
FA Allen,death,W,14.0,122.0,0.11475409836065574,0.08016137295081967,0.10621268467921473
FA Allen,death,Wd,4.0,122.0,0.03278688524590164,0.04340420081967213,0.035408444646832626
FA Allen,death,Nb,0.0,122.0,0.0,0.006570184426229508,0.0016222677595628416
FA Allen,middle,0,37.0,76.0,0.4868421052631579,0.2808889845966761,0.4158237877919573
FA Allen,middle,1,20.0,76.0,0.2631578947368421,0.4414331678151601,0.32463212683281384
FA Allen,middle,2,2.0,76.0,0.02631578947368421,0.06664217673287394,0.04022144025271515
FA Allen,middle,3,0.0,76.0,0.0,0.002286430887717876,0.0007884244440406469
FA Allen,middle,4,5.0,76.0,0.06578947368421052,0.08739739562221321,0.07324048124903904
FA Allen,middle,6,5.0,76.0,0.06578947368421052,0.048281059991892986,0.05975208965237689
FA Allen,middle,W,5.0,76.0,0.06578947368421052,0.04221980137819214,0.05766200047523867
FA Allen,middle,Wd,1.0,76.0,0.013157894736842105,0.028171868666396434,0.018335127126343595
FA Allen,middle,Nb,1.0,76.0,0.013157894736842105,0.002679114308877179,0.00954452217547489
FA Allen,powerplay,0,3.0,6.0,0.5,0.4228881521678736,0.43294621927641186
FA Allen,powerplay,1,2.0,6.0,0.3333333333333333,0.25764450947345025,0.26751696475952197
FA Allen,powerplay,2,0.0,6.0,0.0,0.04384827662845184,0.03812893619865377
FA Allen,powerplay,3,0.0,6.0,0.0,0.005028429611245902,0.004372547488039915
FA Allen,powerplay,4,0.0,6.0,0.0,0.15223269683107069,0.1323762581139745
FA Allen,powerplay,6,0.0,6.0,0.0,0.040523771600022226,0.035238062260888894
FA Allen,powerplay,W,1.0,6.0,0.16666666666666666,0.03919952586446391,0.05582567466475123
FA Allen,powerplay,Wd,0.0,6.0,0.0,0.03486563072990943,0.03031793976513864
FA Allen,powerplay,Nb,0.0,6.0,0.0,0.003769007093512122,0.0032773974726192368
FH Allen,death,0,0.0,5.0,0.0,0.21696977459016392,0.1928620218579235
FH Allen,death,1,3.0,5.0,0.6,0.37083760245901637,0.3963000910746812
FH Allen,death,2,1.0,5.0,0.2,0.08837090163934426,0.10077413479052824
FH Allen,death,3,0.0,5.0,0.0,0.002651127049180328,0.0023565573770491805
FH Allen,death,4,0.0,5.0,0.0,0.11151383196721311,0.09912340619307833
FH Allen,death,6,0.0,5.0,0.0,0.07952100409836066,0.07068533697632058
FH Allen,death,W,1.0,5.0,0.2,0.08016137295081967,0.09347677595628415
FH Allen,death,Wd,0.0,5.0,0.0,0.04340420081967213,0.038581511839708565
FH Allen,death,Nb,0.0,5.0,0.0,0.006570184426229508,0.00584016393442623
FH Allen,middle,0,18.0,95.0,0.18947368421052632,0.2808889845966761,0.2165596991397559
FH Allen,middle,1,37.0,95.0,0.3894736842105263,0.4414331678151601,0.40486908676004746
FH Allen,middle,2,5.0,95.0,0.05263157894736842,0.06664217673287394,0.056782867180110795
FH Allen,middle,3,0.0,95.0,0.0,0.002286430887717876,0.0006774610037682595
FH Allen,middle,4,8.0,95.0,0.08421052631578947,0.08739739562221321,0.08515478388806318
FH Allen,middle,6,23.0,95.0,0.24210526315789474,0.048281059991892986,0.18467586962722754
FH Allen,middle,W,4.0,95.0,0.042105263157894736,0.04221980137819214,0.04213920040835323
FH Allen,middle,Wd,0.0,95.0,0.0,0.028171868666396434,0.008347220345598943
FH Allen,middle,Nb,0.0,95.0,0.0,0.002679114308877179,0.0007938116470747196
FH Allen,powerplay,0,130.0,371.0,0.3504043126684636,0.4228881521678736,0.35745870094091226
FH Allen,powerplay,1,87.0,371.0,0.23450134770889489,0.25764450947345025,0.2367537235497275
FH Allen,powerplay,2,13.0,371.0,0.03504043126684636,0.04384827662845184,0.03589764249425322
FH Allen,powerplay,3,4.0,371.0,0.01078167115902965,0.005028429611245902,0.010221744974330501
FH Allen,powerplay,4,63.0,371.0,0.16981132075471697,0.15223269683107069,0.16810050577431346
FH Allen,powerplay,6,34.0,371.0,0.09164420485175202,0.040523771600022226,0.08666898020438173
FH Allen,powerplay,W,27.0,371.0,0.07277628032345014,0.03919952586446391,0.06950846967050743
FH Allen,powerplay,Wd,12.0,371.0,0.03234501347708895,0.03486563072990943,0.032590329024808705
FH Allen,powerplay,Nb,1.0,371.0,0.0026954177897574125,0.003769007093512122,0.00279990336676517
FH Edwards,death,0,6.0,14.0,0.42857142857142855,0.21696977459016392,0.2718294626593807
FH Edwards,death,1,5.0,14.0,0.35714285714285715,0.37083760245901637,0.36728711293260474
FH Edwards,death,2,0.0,14.0,0.0,0.08837090163934426,0.065459927140255
FH Edwards,death,3,1.0,14.0,0.07142857142857142,0.002651127049180328,0.02048231633272617
FH Edwards,death,4,0.0,14.0,0.0,0.11151383196721311,0.08260283849423194
FH Edwards,death,6,0.0,14.0,0.0,0.07952100409836066,0.05890444748026716
FH Edwards,death,W,2.0,14.0,0.14285714285714285,0.08016137295081967,0.09641583181542197
FH Edwards,death,Wd,0.0,14.0,0.0,0.04340420081967213,0.0321512598664238
FH Edwards,death,Nb,0.0,14.0,0.0,0.006570184426229508,0.004866803278688525
G Coetzee,death,0,17.0,68.0,0.25,0.21696977459016392,0.2377665831815422
G Coetzee,death,1,22.0,68.0,0.3235294117647059,0.37083760245901637,0.34105096387370976
G Coetzee,death,2,2.0,68.0,0.029411764705882353,0.08837090163934426,0.051248482088646026
G Coetzee,death,3,0.0,68.0,0.0,0.002651127049180328,0.0009818989071038251
G Coetzee,death,4,5.0,68.0,0.07352941176470588,0.11151383196721311,0.08759771554341228
G Coetzee,death,6,6.0,68.0,0.08823529411764706,0.07952100409836066,0.08500777929568913
G Coetzee,death,W,12.0,68.0,0.17647058823529413,0.08016137295081967,0.14080050850030357
G Coetzee,death,Wd,3.0,68.0,0.04411764705882353,0.04340420081967213,0.04385340771098968
G Coetzee,death,Nb,1.0,68.0,0.014705882352941176,0.006570184426229508,0.011692660898603522
G Coetzee,middle,0,14.0,41.0,0.34146341463414637,0.2808889845966761,0.3115501158502104
G Coetzee,middle,1,17.0,41.0,0.4146341463414634,0.4414331678151601,0.4278682310198322
G Coetzee,middle,2,0.0,41.0,0.0,0.06664217673287394,0.032909716905122934
G Coetzee,middle,3,0.0,41.0,0.0,0.002286430887717876,0.0011291016729470993
G Coetzee,middle,4,4.0,41.0,0.0975609756097561,0.08739739562221321,0.0925419237640559
G Coetzee,middle,6,3.0,41.0,0.07317073170731707,0.048281059991892986,0.06087953579846567
G Coetzee,middle,W,3.0,41.0,0.07317073170731707,0.04221980137819214,0.057886321668243035
G Coetzee,middle,Wd,0.0,41.0,0.0,0.028171868666396434,0.01391203390933157
G Coetzee,middle,Nb,0.0,41.0,0.0,0.002679114308877179,0.0013230194117911994
G Gambhir,death,0,44.0,206.0,0.21359223300970873,0.21696977459016392,0.2141414267626283
G Gambhir,death,1,80.0,206.0,0.3883495145631068,0.37083760245901637,0.3855020491803278
G Gambhir,death,2,20.0,206.0,0.0970873786407767,0.08837090163934426,0.09567006530721045
G Gambhir,death,3,2.0,206.0,0.009708737864077669,0.002651127049180328,0.008561158869785418
G Gambhir,death,4,29.0,206.0,0.1407766990291262,0.11151383196721311,0.13601850926296147
G Gambhir,death,6,7.0,206.0,0.03398058252427184,0.07952100409836066,0.04138552912168466
G Gambhir,death,W,16.0,206.0,0.07766990291262135,0.08016137295081967,0.0780750199920032
G Gambhir,death,Wd,7.0,206.0,0.03398058252427184,0.04340420081967213,0.03551287818206051
G Gambhir,death,Nb,1.0,206.0,0.0048543689320388345,0.006570184426229508,0.005133363321338132
G Gambhir,middle,0,306.0,1323.0,0.23129251700680273,0.2808889845966761,0.23274802596028396
G Gambhir,middle,1,662.0,1323.0,0.5003779289493575,0.4414331678151601,0.49864807535774497
G Gambhir,middle,2,114.0,1323.0,0.08616780045351474,0.06664217673287394,0.08559478141549152
G Gambhir,middle,3,3.0,1323.0,0.0022675736961451248,0.002286430887717876,0.0022681270986857774
G Gambhir,middle,4,137.0,1323.0,0.10355253212396069,0.08739739562221321,0.10307842687079129
G Gambhir,middle,6,17.0,1323.0,0.012849584278155708,0.048281059991892986,0.013889392809740072
G Gambhir,middle,W,46.0,1323.0,0.03476946334089191,0.04221980137819214,0.034988108624451716
G Gambhir,middle,Wd,35.0,1323.0,0.026455026455026454,0.028171868666396434,0.02650541067252814
G Gambhir,middle,Nb,3.0,1323.0,0.0022675736961451248,0.002679114308877179,0.002279651190282529
G Gambhir,powerplay,0,777.0,1982.0,0.3920282542885974,0.4228881521678736,0.3926387369370499
G Gambhir,powerplay,1,595.0,1982.0,0.3002018163471241,0.25764450947345025,0.2993599309490297
G Gambhir,powerplay,2,101.0,1982.0,0.05095862764883956,0.04384827662845184,0.05081796788582496
G Gambhir,powerplay,3,10.0,1982.0,0.005045408678102927,0.005028429611245902,0.0050450727915182176
G Gambhir,powerplay,4,312.0,1982.0,0.1574167507568113,0.15223269683107069,0.1573141977612477
G Gambhir,powerplay,6,32.0,1982.0,0.016145307769929364,0.040523771600022226,0.016627572138477195
G Gambhir,powerplay,W,69.0,1982.0,0.03481331987891019,0.03919952586446391,0.03490008953243252
G Gambhir,powerplay,Wd,78.0,1982.0,0.039354187689202826,0.03486563072990943,0.03926539328842551
G Gambhir,powerplay,Nb,8.0,1982.0,0.004036326942482341,0.003769007093512122,0.004031038715994305
GB Hogg,death,0,5.0,29.0,0.1724137931034483,0.21696977459016392,0.19824334758850082
GB Hogg,death,1,16.0,29.0,0.5517241379310345,0.37083760245901637,0.44686237823711095
GB Hogg,death,2,2.0,29.0,0.06896551724137931,0.08837090163934426,0.08021501544309813
GB Hogg,death,3,0.0,29.0,0.0,0.002651127049180328,0.0015368852459016393
GB Hogg,death,4,2.0,29.0,0.06896551724137931,0.11151383196721311,0.09363120693751485
GB Hogg,death,6,0.0,29.0,0.0,0.07952100409836066,0.04609913281064386
GB Hogg,death,W,4.0,29.0,0.13793103448275862,0.08016137295081967,0.10444137562366357
GB Hogg,death,Wd,0.0,29.0,0.0,0.04340420081967213,0.02516185554763602
GB Hogg,death,Nb,0.0,29.0,0.0,0.006570184426229508,0.00380880256593015
GB Hogg,middle,0,4.0,17.0,0.23529411764705882,0.2808889845966761,0.2672905155064394
GB Hogg,middle,1,7.0,17.0,0.4117647058823529,0.4414331678151601,0.43258467916853344
GB Hogg,middle,2,2.0,17.0,0.11764705882352941,0.06664217673287394,0.08185415911078872
GB Hogg,middle,3,0.0,17.0,0.0,0.002286430887717876,0.0016045129036616674
GB Hogg,middle,4,0.0,17.0,0.0,0.08739739562221321,0.06133150569979875
GB Hogg,middle,6,3.0,17.0,0.17647058823529413,0.048281059991892986,0.08651302455571437
GB Hogg,middle,W,0.0,17.0,0.0,0.04221980137819214,0.02962793079171378
GB Hogg,middle,Wd,1.0,17.0,0.058823529411764705,0.028171868666396434,0.037313592046593985
GB Hogg,middle,Nb,0.0,17.0,0.0,0.002679114308877179,0.001880080216755915
GC Smith,death,0,6.0,38.0,0.15789473684210525,0.21696977459016392,0.18818962799495587
GC Smith,death,1,16.0,38.0,0.42105263157894735,0.37083760245901637,0.3953013345943674
GC Smith,death,2,4.0,38.0,0.10526315789473684,0.08837090163934426,0.0966004623791509
GC Smith,death,3,0.0,38.0,0.0,0.002651127049180328,0.0013595523329129886
GC Smith,death,4,7.0,38.0,0.18421052631578946,0.11151383196721311,0.14693017023959648
GC Smith,death,6,0.0,38.0,0.0,0.07952100409836066,0.04078000210172342
GC Smith,death,W,3.0,38.0,0.07894736842105263,0.08016137295081967,0.07956993484657418
GC Smith,death,Wd,1.0,38.0,0.02631578947368421,0.04340420081967213,0.035079077343421604
GC Smith,death,Nb,1.0,38.0,0.02631578947368421,0.006570184426229508,0.016189838167297185
GC Smith,middle,0,81.0,310.0,0.26129032258064516,0.2808889845966761,0.26353016966819154
GC Smith,middle,1,140.0,310.0,0.45161290322580644,0.4414331678151601,0.4504495048931611
GC Smith,middle,2,24.0,310.0,0.07741935483870968,0.06664217673287394,0.07618767734089987
GC Smith,middle,3,1.0,310.0,0.0032258064516129032,0.002286430887717876,0.0031184492443106144
GC Smith,middle,4,25.0,310.0,0.08064516129032258,0.08739739562221321,0.08141684521396722
GC Smith,middle,6,13.0,310.0,0.041935483870967745,0.048281059991892986,0.042660692570502055
GC Smith,middle,W,15.0,310.0,0.04838709677419355,0.04221980137819214,0.047682263014650526
GC Smith,middle,Wd,9.0,310.0,0.02903225806451613,0.028171868666396434,0.028933927847588164
GC Smith,middle,Nb,2.0,310.0,0.0064516129032258064,0.002679114308877179,0.006020470206728821
GC Smith,powerplay,0,281.0,585.0,0.48034188034188036,0.4228881521678736,0.47666484173874385
GC Smith,powerplay,1,141.0,585.0,0.24102564102564103,0.25764450947345025,0.24208924860630082
GC Smith,powerplay,2,30.0,585.0,0.05128205128205128,0.04384827662845184,0.050806289704220915
GC Smith,powerplay,3,0.0,585.0,0.0,0.005028429611245902,0.00032181949511973773
GC Smith,powerplay,4,85.0,585.0,0.1452991452991453,0.15223269683107069,0.14574289259718853
GC Smith,powerplay,6,2.0,585.0,0.003418803418803419,0.040523771600022226,0.005793521382401422
GC Smith,powerplay,W,24.0,585.0,0.041025641025641026,0.03919952586446391,0.04090876965532569
GC Smith,powerplay,Wd,21.0,585.0,0.035897435897435895,0.03486563072990943,0.03583140036671421
GC Smith,powerplay,Nb,1.0,585.0,0.0017094017094017094,0.003769007093512122,0.0018412164539847759
GD McGrath,death,0,3.0,5.0,0.6,0.21696977459016392,0.25952868852459016
GD McGrath,death,1,0.0,5.0,0.0,0.37083760245901637,0.3296334244080145
GD McGrath,death,2,0.0,5.0,0.0,0.08837090163934426,0.078551912568306
GD McGrath,death,3,0.0,5.0,0.0,0.002651127049180328,0.0023565573770491805
GD McGrath,death,4,1.0,5.0,0.2,0.11151383196721311,0.12134562841530055
GD McGrath,death,6,0.0,5.0,0.0,0.07952100409836066,0.07068533697632058
GD McGrath,death,W,1.0,5.0,0.2,0.08016137295081967,0.09347677595628415
GD McGrath,death,Wd,0.0,5.0,0.0,0.04340420081967213,0.038581511839708565
GD McGrath,death,Nb,0.0,5.0,0.0,0.006570184426229508,0.00584016393442623
GD McGrath,middle,0,6.0,9.0,0.6666666666666666,0.2808889845966761,0.3517461098748377
GD McGrath,middle,1,2.0,9.0,0.2222222222222222,0.4414331678151601,0.4011699329103348
GD McGrath,middle,2,0.0,9.0,0.0,0.06664217673287394,0.05440177692479505
GD McGrath,middle,3,1.0,9.0,0.1111111111111111,0.002286430887717876,0.02227463745936153
GD McGrath,middle,4,0.0,9.0,0.0,0.08739739562221321,0.07134481275282711
GD McGrath,middle,6,0.0,9.0,0.0,0.048281059991892986,0.03941311019746366
GD McGrath,middle,W,0.0,9.0,0.0,0.04221980137819214,0.03446514398219767
GD McGrath,middle,Wd,0.0,9.0,0.0,0.028171868666396434,0.02299744380930321
GD McGrath,middle,Nb,0.0,9.0,0.0,0.002679114308877179,0.0021870320888793295
GD Phillips,death,0,32.0,174.0,0.1839080459770115,0.21696977459016392,0.1900878083346101
GD Phillips,death,1,50.0,174.0,0.28735632183908044,0.37083760245901637,0.30296029952504977
GD Phillips,death,2,14.0,174.0,0.08045977011494253,0.08837090163934426,0.0819384862877279
GD Phillips,death,3,1.0,174.0,0.005747126436781609,0.002651127049180328,0.005168434962463613
GD Phillips,death,4,24.0,174.0,0.13793103448275862,0.11151383196721311,0.13299323962003984
GD Phillips,death,6,21.0,174.0,0.1206896551724138,0.07952100409836066,0.11299458020530107
GD Phillips,death,W,17.0,174.0,0.09770114942528736,0.08016137295081967,0.0944226865328635
GD Phillips,death,Wd,11.0,174.0,0.06321839080459771,0.04340420081967213,0.0595148038915275
GD Phillips,death,Nb,4.0,174.0,0.022988505747126436,0.006570184426229508,0.01991966064041673
GD Phillips,middle,0,142.0,548.0,0.2591240875912409,0.2808889845966761,0.26060469282970583
GD Phillips,middle,1,227.0,548.0,0.4142335766423358,0.4414331678151601,0.41608388896701765
GD Phillips,middle,2,41.0,548.0,0.07481751824817519,0.06664217673287394,0.07426137256686217
GD Phillips,middle,3,0.0,548.0,0.0,0.002286430887717876,0.00015553951617128408
GD Phillips,middle,4,61.0,548.0,0.11131386861313869,0.08739739562221321,0.10968689766137506
GD Phillips,middle,6,43.0,548.0,0.07846715328467153,0.048281059991892986,0.0764136775504689
GD Phillips,middle,W,27.0,548.0,0.04927007299270073,0.04221980137819214,0.04879046267878858
GD Phillips,middle,Wd,6.0,548.0,0.010948905109489052,0.028171868666396434,0.012120535283428328
GD Phillips,middle,Nb,1.0,548.0,0.0018248175182481751,0.002679114308877179,0.001882932946182121
GD Phillips,powerplay,0,94.0,175.0,0.5371428571428571,0.4228881521678736,0.5158861678451858
GD Phillips,powerplay,1,46.0,175.0,0.26285714285714284,0.25764450947345025,0.2618873505997117
GD Phillips,powerplay,2,6.0,175.0,0.03428571428571429,0.04384827662845184,0.03606479565180499
GD Phillips,powerplay,3,0.0,175.0,0.0,0.005028429611245902,0.0009355217881387725
GD Phillips,powerplay,4,14.0,175.0,0.08,0.15223269683107069,0.09343864127089688
GD Phillips,powerplay,6,6.0,175.0,0.03428571428571429,0.040523771600022226,0.03544628308837623
GD Phillips,powerplay,W,6.0,175.0,0.03428571428571429,0.03919952586446391,0.03519991178873747
GD Phillips,powerplay,Wd,3.0,175.0,0.017142857142857144,0.03486563072990943,0.02044011734509943
GD Phillips,powerplay,Nb,0.0,175.0,0.0,0.003769007093512122,0.000701210622048767
GF Linde,death,0,19.0,84.0,0.2261904761904762,0.21696977459016392,0.22321605631940772
GF Linde,death,1,27.0,84.0,0.32142857142857145,0.37083760245901637,0.33736696853516657
GF Linde,death,2,7.0,84.0,0.08333333333333333,0.08837090163934426,0.08495835536753041
GF Linde,death,3,0.0,84.0,0.0,0.002651127049180328,0.0008552022739291381
GF Linde,death,4,11.0,84.0,0.13095238095238096,0.11151383196721311,0.12468188127974618
GF Linde,death,6,4.0,84.0,0.047619047619047616,0.07952100409836066,0.05791000132205183
GF Linde,death,W,11.0,84.0,0.13095238095238096,0.08016137295081967,0.11456818482284506
GF Linde,death,Wd,5.0,84.0,0.05952380952380952,0.04340420081967213,0.054323935748281336
GF Linde,death,Nb,0.0,84.0,0.0,0.006570184426229508,0.002119414331041777
GF Linde,middle,0,18.0,64.0,0.28125,0.2808889845966761,0.28111114792179853
GF Linde,middle,1,26.0,64.0,0.40625,0.4414331678151601,0.41978198762121544
GF Linde,middle,2,6.0,64.0,0.09375,0.06664217673287394,0.08332391412802843
GF Linde,middle,3,0.0,64.0,0.0,0.002286430887717876,0.0008793964952761061
GF Linde,middle,4,5.0,64.0,0.078125,0.08739739562221321,0.08169130600854355
GF Linde,middle,6,6.0,64.0,0.09375,0.048281059991892986,0.07626194615072807
GF Linde,middle,W,3.0,64.0,0.046875,0.04221980137819214,0.04508453899161236
GF Linde,middle,Wd,0.0,64.0,0.0,0.028171868666396434,0.010835334102460166
GF Linde,middle,Nb,0.0,64.0,0.0,0.002679114308877179,0.0010304285803373766
GHS Garton,death,0,2.0,8.0,0.25,0.21696977459016392,0.22247481215846995
GHS Garton,death,1,4.0,8.0,0.5,0.37083760245901637,0.392364668715847
GHS Garton,death,2,0.0,8.0,0.0,0.08837090163934426,0.07364241803278689
GHS Garton,death,3,0.0,8.0,0.0,0.002651127049180328,0.0022092725409836064
GHS Garton,death,4,0.0,8.0,0.0,0.11151383196721311,0.09292819330601093
GHS Garton,death,6,0.0,8.0,0.0,0.07952100409836066,0.06626750341530055
GHS Garton,death,W,2.0,8.0,0.25,0.08016137295081967,0.10846781079234973
GHS Garton,death,Wd,0.0,8.0,0.0,0.04340420081967213,0.03617016734972678
GHS Garton,death,Nb,0.0,8.0,0.0,0.006570184426229508,0.005475153688524591
GJ Bailey,death,0,35.0,209.0,0.1674641148325359,0.21696977459016392,0.1754168312594641
GJ Bailey,death,1,91.0,209.0,0.4354066985645933,0.37083760245901637,0.42503415300546443
GJ Bailey,death,2,25.0,209.0,0.11961722488038277,0.08837090163934426,0.11459773520310751
GJ Bailey,death,3,0.0,209.0,0.0,0.002651127049180328,0.00042588386332214105
GJ Bailey,death,4,27.0,209.0,0.1291866028708134,0.11151383196721311,0.1263476035288696
GJ Bailey,death,6,16.0,209.0,0.07655502392344497,0.07952100409836066,0.07703148660214629
GJ Bailey,death,W,11.0,209.0,0.05263157894736842,0.08016137295081967,0.057054035815392715
GJ Bailey,death,Wd,2.0,209.0,0.009569377990430622,0.04340420081967213,0.015004690894726447
GJ Bailey,death,Nb,2.0,209.0,0.009569377990430622,0.006570184426229508,0.009087579827506749
GJ Bailey,middle,0,101.0,355.0,0.28450704225352114,0.2808889845966761,0.2841406566680178
GJ Bailey,middle,1,159.0,355.0,0.447887323943662,0.4414331678151601,0.4472337385129276
GJ Bailey,middle,2,28.0,355.0,0.07887323943661972,0.06664217673287394,0.0776346508083923
GJ Bailey,middle,3,2.0,355.0,0.005633802816901409,0.002286430887717876,0.0052948284443258605
GJ Bailey,middle,4,24.0,355.0,0.0676056338028169,0.08739739562221321,0.06960986284781906
GJ Bailey,middle,6,12.0,355.0,0.03380281690140845,0.048281059991892986,0.03526896810044486
GJ Bailey,middle,W,26.0,355.0,0.07323943661971831,0.04221980137819214,0.07009820773450047
GJ Bailey,middle,Wd,3.0,355.0,0.008450704225352112,0.028171868666396434,0.010447784168749006
GJ Bailey,middle,Nb,0.0,355.0,0.0,0.002679114308877179,0.00027130271482300543
GJ Bailey,powerplay,0,78.0,158.0,0.4936708860759494,0.4228881521678736,0.47937134387229774
GJ Bailey,powerplay,1,39.0,158.0,0.2468354430379747,0.25764450947345025,0.24901909282291923
GJ Bailey,powerplay,2,6.0,158.0,0.0379746835443038,0.04384827662845184,0.039161268005747846
GJ Bailey,powerplay,3,1.0,158.0,0.006329113924050633,0.005028429611245902,0.006066349416413313
GJ Bailey,powerplay,4,27.0,158.0,0.17088607594936708,0.15223269683107069,0.16711771653152946
GJ Bailey,powerplay,6,0.0,158.0,0.0,0.040523771600022226,0.008186620525257015
GJ Bailey,powerplay,W,2.0,158.0,0.012658227848101266,0.03919952586446391,0.018020106235245234
GJ Bailey,powerplay,Wd,4.0,158.0,0.02531645569620253,0.03486563072990943,0.02724558196563827
GJ Bailey,powerplay,Nb,1.0,158.0,0.006329113924050633,0.003769007093512122,0.005811920624951944
GJ Maxwell,death,0,121.0,555.0,0.218018018018018,0.21696977459016392,0.21794754787160764
GJ Maxwell,death,1,154.0,555.0,0.2774774774774775,0.37083760245901637,0.28375378840060617
GJ Maxwell,death,2,58.0,555.0,0.1045045045045045,0.08837090163934426,0.10341989254718281
GJ Maxwell,death,3,1.0,555.0,0.0018018018018018018,0.002651127049180328,0.0018588992974238876
GJ Maxwell,death,4,87.0,555.0,0.15675675675675677,0.11151383196721311,0.1537152155944345
GJ Maxwell,death,6,63.0,555.0,0.11351351351351352,0.07952100409836066,0.11122830279652844
GJ Maxwell,death,W,45.0,555.0,0.08108108108108109,0.08016137295081967,0.08101925196308032
GJ Maxwell,death,Wd,22.0,555.0,0.03963963963963964,0.04340420081967213,0.039892719382835104
GJ Maxwell,death,Nb,4.0,555.0,0.007207207207207207,0.006570184426229508,0.007164382146301143
GJ Maxwell,middle,0,522.0,2028.0,0.257396449704142,0.2808889845966761,0.2578508507658932
GJ Maxwell,middle,1,763.0,2028.0,0.376232741617357,0.4414331678151601,0.3774938717178948
GJ Maxwell,middle,2,150.0,2028.0,0.07396449704142012,0.06664217673287394,0.07382286608767648
GJ Maxwell,middle,3,6.0,2028.0,0.0029585798816568047,0.002286430887717876,0.0029455789339984115
GJ Maxwell,middle,4,213.0,2028.0,0.10502958579881656,0.08739739562221321,0.10468853763292482
GJ Maxwell,middle,6,166.0,2028.0,0.08185404339250493,0.048281059991892986,0.08120466266908884
GJ Maxwell,middle,W,104.0,2028.0,0.05128205128205128,0.04221980137819214,0.051106765984104296
GJ Maxwell,middle,Wd,94.0,2028.0,0.046351084812623275,0.028171868666396434,0.04599945587362469
GJ Maxwell,middle,Nb,10.0,2028.0,0.004930966469428008,0.002679114308877179,0.00488741033479453
GJ Maxwell,powerplay,0,197.0,503.0,0.39165009940357853,0.4228881521678736,0.3939512450952393
GJ Maxwell,powerplay,1,124.0,503.0,0.24652087475149106,0.25764450947345025,0.24734029535716023
GJ Maxwell,powerplay,2,24.0,503.0,0.04771371769383698,0.04384827662845184,0.0474289706540296
GJ Maxwell,powerplay,3,0.0,503.0,0.0,0.005028429611245902,0.0003704183875687589
GJ Maxwell,powerplay,4,87.0,503.0,0.17296222664015903,0.15223269683107069,0.17143518945348588
GJ Maxwell,powerplay,6,25.0,503.0,0.04970178926441352,0.040523771600022226,0.049025692198896666
GJ Maxwell,powerplay,W,27.0,503.0,0.0536779324055666,0.03919952586446391,0.05261138312077082
GJ Maxwell,powerplay,Wd,18.0,503.0,0.03578528827037773,0.03486563072990943,0.03571754185855687
GJ Maxwell,powerplay,Nb,1.0,503.0,0.0019880715705765406,0.003769007093512122,0.002119263874291869
H Klaasen,death,0,55.0,411.0,0.13381995133819952,0.21696977459016392,0.14119465850023627
H Klaasen,death,1,158.0,411.0,0.3844282238442822,0.37083760245901637,0.3832228472247465
H Klaasen,death,2,48.0,411.0,0.11678832116788321,0.08837090163934426,0.11426792919195958
H Klaasen,death,3,1.0,411.0,0.0024330900243309003,0.002651127049180328,0.0024524281196612267
H Klaasen,death,4,51.0,411.0,0.12408759124087591,0.11151383196721311,0.12297240194831158
H Klaasen,death,6,45.0,411.0,0.10948905109489052,0.07952100409836066,0.10683113118389008
H Klaasen,death,W,32.0,411.0,0.07785888077858881,0.08016137295081967,0.07806309294464034
H Klaasen,death,Wd,20.0,411.0,0.04866180048661801,0.04340420081967213,0.048195494529460946
H Klaasen,death,Nb,1.0,411.0,0.0024330900243309003,0.006570184426229508,0.0028000163570935264
H Klaasen,middle,0,225.0,981.0,0.22935779816513763,0.2808889845966761,0.23137664973934088
H Klaasen,middle,1,439.0,981.0,0.4475025484199796,0.4414331678151601,0.44726476661371833
H Klaasen,middle,2,62.0,981.0,0.06320081549439348,0.06664217673287394,0.0633356386575073
H Klaasen,middle,3,4.0,981.0,0.004077471967380225,0.002286430887717876,0.004007303854562894
H Klaasen,middle,4,100.0,981.0,0.1019367991845056,0.08739739562221321,0.10136718494112491
H Klaasen,middle,6,77.0,981.0,0.07849133537206932,0.048281059991892986,0.0773077790398391
H Klaasen,middle,W,33.0,981.0,0.03363914373088685,0.04221980137819214,0.03397531053391546
H Klaasen,middle,Wd,37.0,981.0,0.03771661569826707,0.028171868666396434,0.03734267849819379
H Klaasen,middle,Nb,4.0,981.0,0.004077471967380225,0.002679114308877179,0.004022688121797343
H Klaasen,powerplay,0,54.0,130.0,0.4153846153846154,0.4228881521678736,0.4171501534512644
H Klaasen,powerplay,1,40.0,130.0,0.3076923076923077,0.25764450947345025,0.2959163551702236
H Klaasen,powerplay,2,5.0,130.0,0.038461538461538464,0.04384827662845184,0.03972900626551808
H Klaasen,powerplay,3,1.0,130.0,0.007692307692307693,0.005028429611245902,0.007065512849704918
H Klaasen,powerplay,4,13.0,130.0,0.1,0.15223269683107069,0.1122900463131931
H Klaasen,powerplay,6,7.0,130.0,0.05384615384615385,0.040523771600022226,0.05071147567059347
H Klaasen,powerplay,W,4.0,130.0,0.03076923076923077,0.03919952586446391,0.032752829615167976
H Klaasen,powerplay,Wd,4.0,130.0,0.03076923076923077,0.03486563072990943,0.0317330895835081
H Klaasen,powerplay,Nb,2.0,130.0,0.015384615384615385,0.003769007093512122,0.012651531080826381
HC Brook,death,0,24.0,140.0,0.17142857142857143,0.21696977459016392,0.18154883879781422
HC Brook,death,1,49.0,140.0,0.35,0.37083760245901637,0.35463057832422584
HC Brook,death,2,18.0,140.0,0.12857142857142856,0.08837090163934426,0.11963797814207651
HC Brook,death,3,0.0,140.0,0.0,0.002651127049180328,0.0005891393442622951
HC Brook,death,4,22.0,140.0,0.15714285714285714,0.11151383196721311,0.14700307377049182
HC Brook,death,6,10.0,140.0,0.07142857142857142,0.07952100409836066,0.07322688979963571
HC Brook,death,W,7.0,140.0,0.05,0.08016137295081967,0.05670252732240437
HC Brook,death,Wd,6.0,140.0,0.04285714285714286,0.04340420081967213,0.042978711293260474
HC Brook,death,Nb,4.0,140.0,0.02857142857142857,0.006570184426229508,0.023682263205828776
HC Brook,middle,0,77.0,329.0,0.23404255319148937,0.2808889845966761,0.23912075713785105
HC Brook,middle,1,129.0,329.0,0.39209726443769,0.4414331678151601,0.3974453298444618
HC Brook,middle,2,35.0,329.0,0.10638297872340426,0.06664217673287394,0.10207503270817062
HC Brook,middle,3,0.0,329.0,0.0,0.002286430887717876,0.0002478515867444852
HC Brook,middle,4,34.0,329.0,0.1033434650455927,0.08739739562221321,0.10161489383438625
HC Brook,middle,6,24.0,329.0,0.0729483282674772,0.048281059991892986,0.07027436964681766
HC Brook,middle,W,18.0,329.0,0.0547112462006079,0.04221980137819214,0.053357160040996436
HC Brook,middle,Wd,10.0,329.0,0.030395136778115502,0.028171868666396434,0.030154132104758424
HC Brook,middle,Nb,2.0,329.0,0.0060790273556231,0.002679114308877179,0.005710473095813245
HC Brook,powerplay,0,68.0,138.0,0.4927536231884058,0.4228881521678736,0.4770535173410952
HC Brook,powerplay,1,31.0,138.0,0.2246376811594203,0.25764450947345025,0.23205494594908996
HC Brook,powerplay,2,4.0,138.0,0.028985507246376812,0.04384827662845184,0.032325455422124005
HC Brook,powerplay,3,0.0,138.0,0.0,0.005028429611245902,0.00112998418230245
HC Brook,powerplay,4,20.0,138.0,0.14492753623188406,0.15223269683107069,0.14656914535529678
HC Brook,powerplay,6,4.0,138.0,0.028985507246376812,0.040523771600022226,0.03157837564045443
HC Brook,powerplay,W,7.0,138.0,0.050724637681159424,0.03919952586446391,0.048134724913362674
HC Brook,powerplay,Wd,4.0,138.0,0.028985507246376812,0.03486563072990943,0.030306883310092004
HC Brook,powerplay,Nb,0.0,138.0,0.0,0.003769007093512122,0.0008469678861824994
HE van der Dussen,death,0,32.0,187.0,0.1711229946524064,0.21696977459016392,0.17920172239474255
HE van der Dussen,death,1,71.0,187.0,0.37967914438502676,0.37083760245901637,0.37812116342890156
HE van der Dussen,death,2,21.0,187.0,0.11229946524064172,0.08837090163934426,0.10808297826243952
HE van der Dussen,death,3,0.0,187.0,0.0,0.002651127049180328,0.0004671589513974146
HE van der Dussen,death,4,22.0,187.0,0.11764705882352941,0.11151383196721311,0.11656631400303315
HE van der Dussen,death,6,22.0,187.0,0.11764705882352941,0.07952100409836066,0.11092881129486531
HE van der Dussen,death,W,10.0,187.0,0.053475935828877004,0.08016137295081967,0.05817821549794179
HE van der Dussen,death,Wd,9.0,187.0,0.0481283422459893,0.04340420081967213,0.04729589441756337
HE van der Dussen,death,Nb,0.0,187.0,0.0,0.006570184426229508,0.001157741749115332
HE van der Dussen,middle,0,102.0,395.0,0.2582278481012658,0.2808889845966761,0.26031163076751046
HE van der Dussen,middle,1,206.0,395.0,0.5215189873417722,0.4414331678151601,0.5141547740519687
HE van der Dussen,middle,2,24.0,395.0,0.060759493670886074,0.06664217673287394,0.0613004300444022
HE van der Dussen,middle,3,3.0,395.0,0.007594936708860759,0.002286430887717876,0.00710679824254877
HE van der Dussen,middle,4,21.0,395.0,0.053164556962025315,0.08739739562221321,0.05631240419514604
HE van der Dussen,middle,6,10.0,395.0,0.02531645569620253,0.048281059991892986,0.02742814344753039
HE van der Dussen,middle,W,11.0,395.0,0.027848101265822784,0.04221980137819214,0.029169636908339507
HE van der Dussen,middle,Wd,16.0,395.0,0.04050632911392405,0.028171868666396434,0.03937212585438128
HE van der Dussen,middle,Nb,2.0,395.0,0.005063291139240506,0.002679114308877179,0.0048440564881726145
HE van der Dussen,powerplay,0,54.0,131.0,0.4122137404580153,0.4228881521678736,0.41471067886967805
HE van der Dussen,powerplay,1,43.0,131.0,0.3282442748091603,0.25764450947345025,0.31172970981835096
HE van der Dussen,powerplay,2,5.0,131.0,0.03816793893129771,0.04384827662845184,0.03949667289554429
HE van der Dussen,powerplay,3,0.0,131.0,0.0,0.005028429611245902,0.0011762408447358835
HE van der Dussen,powerplay,4,15.0,131.0,0.11450381679389313,0.15223269683107069,0.12332928580843759
HE van der Dussen,powerplay,6,6.0,131.0,0.04580152671755725,0.040523771600022226,0.044566964116964265
HE van der Dussen,powerplay,W,6.0,131.0,0.04580152671755725,0.03919952586446391,0.04425719903262314
HE van der Dussen,powerplay,Wd,1.0,131.0,0.007633587786259542,0.03486563072990943,0.014003656311089926
HE van der Dussen,powerplay,Nb,1.0,131.0,0.007633587786259542,0.003769007093512122,0.006729592302575935
HF Gurney,death,0,4.0,5.0,0.8,0.21696977459016392,0.2817509107468124
HF Gurney,death,1,1.0,5.0,0.2,0.37083760245901637,0.3518556466302368
HF Gurney,death,2,0.0,5.0,0.0,0.08837090163934426,0.078551912568306
HF Gurney,death,3,0.0,5.0,0.0,0.002651127049180328,0.0023565573770491805
HF Gurney,death,4,0.0,5.0,0.0,0.11151383196721311,0.09912340619307833
HF Gurney,death,6,0.0,5.0,0.0,0.07952100409836066,0.07068533697632058
HF Gurney,death,W,0.0,5.0,0.0,0.08016137295081967,0.07125455373406192
HF Gurney,death,Wd,0.0,5.0,0.0,0.04340420081967213,0.038581511839708565
HF Gurney,death,Nb,0.0,5.0,0.0,0.006570184426229508,0.00584016393442623
HH Gibbs,death,0,10.0,61.0,0.16393442622950818,0.21696977459016392,0.18493852459016394
HH Gibbs,death,1,27.0,61.0,0.4426229508196721,0.37083760245901637,0.414193109884759
HH Gibbs,death,2,5.0,61.0,0.08196721311475409,0.08837090163934426,0.08450332738191853
HH Gibbs,death,3,0.0,61.0,0.0,0.002651127049180328,0.0010499513066060705
HH Gibbs,death,4,9.0,61.0,0.14754098360655737,0.11151383196721311,0.13327280473949035
HH Gibbs,death,6,6.0,61.0,0.09836065573770492,0.07952100409836066,0.0908994075637072
HH Gibbs,death,W,1.0,61.0,0.01639344262295082,0.08016137295081967,0.04164806849537413
HH Gibbs,death,Wd,2.0,61.0,0.03278688524590164,0.04340420081967213,0.03699176270086025
HH Gibbs,death,Nb,1.0,61.0,0.01639344262295082,0.006570184426229508,0.012503043337120597
HH Gibbs,middle,0,138.0,420.0,0.32857142857142857,0.2808889845966761,0.32442512909536314
HH Gibbs,middle,1,168.0,420.0,0.4,0.4414331678151601,0.40360288415783996
HH Gibbs,middle,2,29.0,420.0,0.06904761904761905,0.06664217673287394,0.06883845015068468
HH Gibbs,middle,3,2.0,420.0,0.004761904761904762,0.002286430887717876,0.00454664616414938
HH Gibbs,middle,4,38.0,420.0,0.09047619047619047,0.08739739562221321,0.09020846918454029
HH Gibbs,middle,6,16.0,420.0,0.0380952380952381,0.048281059991892986,0.038980961738425475
HH Gibbs,middle,W,15.0,420.0,0.03571428571428571,0.04221980137819214,0.03627998272853845
HH Gibbs,middle,Wd,13.0,420.0,0.030952380952380953,0.028171868666396434,0.03071059727533882
HH Gibbs,middle,Nb,1.0,420.0,0.002380952380952381,0.002679114308877179,0.002406879505119755
HH Gibbs,powerplay,0,218.0,440.0,0.4954545454545455,0.4228881521678736,0.4894073460139895
HH Gibbs,powerplay,1,93.0,440.0,0.21136363636363636,0.25764450947345025,0.2152203757894542
HH Gibbs,powerplay,2,18.0,440.0,0.04090909090909091,0.04384827662845184,0.04115402305237099
HH Gibbs,powerplay,3,2.0,440.0,0.004545454545454545,0.005028429611245902,0.004585702467603825
HH Gibbs,powerplay,4,56.0,440.0,0.12727272727272726,0.15223269683107069,0.12935272473592258
HH Gibbs,powerplay,6,14.0,440.0,0.031818181818181815,0.040523771600022226,0.032543647633335185
HH Gibbs,powerplay,W,20.0,440.0,0.045454545454545456,0.03919952586446391,0.04493329382203866
HH Gibbs,powerplay,Wd,18.0,440.0,0.04090909090909091,0.03486563072990943,0.040405469227492455
HH Gibbs,powerplay,Nb,1.0,440.0,0.0022727272727272726,0.003769007093512122,0.0023974172577926767
HH Pandya,death,0,302.0,1415.0,0.21342756183745584,0.21696977459016392,0.2135249422567743
HH Pandya,death,1,522.0,1415.0,0.36890459363957595,0.37083760245901637,0.3689577347755056
HH Pandya,death,2,105.0,1415.0,0.07420494699646643,0.08837090163934426,0.07459438904850431
HH Pandya,death,3,2.0,1415.0,0.0014134275618374558,0.002651127049180328,0.001447453664582277
HH Pandya,death,4,155.0,1415.0,0.10954063604240283,0.11151383196721311,0.1095948819784801
HH Pandya,death,6,143.0,1415.0,0.1010600706713781,0.07952100409836066,0.10046793138414736
HH Pandya,death,W,97.0,1415.0,0.0685512367491166,0.08016137295081967,0.06887041575122528
HH Pandya,death,Wd,79.0,1415.0,0.0558303886925795,0.04340420081967213,0.0554887752802659
HH Pandya,death,Nb,10.0,1415.0,0.007067137809187279,0.006570184426229508,0.007053475860514901
HH Pandya,middle,0,414.0,1355.0,0.30553505535055353,0.2808889845966761,0.3048283579812667
HH Pandya,middle,1,593.0,1355.0,0.43763837638376385,0.4414331678151601,0.43774718760760317
HH Pandya,middle,2,72.0,1355.0,0.053136531365313655,0.06664217673287394,0.05352379001384585
HH Pandya,middle,3,5.0,1355.0,0.0036900369003690036,0.002286430887717876,0.0036497901329811577
HH Pandya,middle,4,118.0,1355.0,0.08708487084870849,0.08739739562221321,0.08709383213253659
HH Pandya,middle,6,67.0,1355.0,0.04944649446494465,0.048281059991892986,0.049413076989014856
HH Pandya,middle,W,51.0,1355.0,0.037638376383763834,0.04221980137819214,0.03776974340869368
HH Pandya,middle,Wd,35.0,1355.0,0.025830258302583026,0.028171868666396434,0.025897401252083053
HH Pandya,middle,Nb,0.0,1355.0,0.0,0.002679114308877179,7.682048197497287e-05
HH Pandya,powerplay,0,103.0,216.0,0.47685185185185186,0.4228881521678736,0.46842002377623027
HH Pandya,powerplay,1,51.0,216.0,0.2361111111111111,0.25764450947345025,0.2394757046052266
HH Pandya,powerplay,2,8.0,216.0,0.037037037037037035,0.04384827662845184,0.0381012932231956
HH Pandya,powerplay,3,1.0,216.0,0.004629629629629629,0.005028429611245902,0.004691942126757172
HH Pandya,powerplay,4,29.0,216.0,0.13425925925925927,0.15223269683107069,0.1370676088798548
HH Pandya,powerplay,6,4.0,216.0,0.018518518518518517,0.040523771600022226,0.021956839312503473
HH Pandya,powerplay,W,7.0,216.0,0.032407407407407406,0.03919952586446391,0.033468675916322486
HH Pandya,powerplay,Wd,12.0,216.0,0.05555555555555555,0.03486563072990943,0.05232275480154835
HH Pandya,powerplay,Nb,1.0,216.0,0.004629629629629629,0.003769007093512122,0.004495157358361269
HM Amla,death,0,15.0,71.0,0.2112676056338028,0.21696977459016392,0.21332244129375277
HM Amla,death,1,27.0,71.0,0.38028169014084506,0.37083760245901637,0.37687841530054644
HM Amla,death,2,2.0,71.0,0.028169014084507043,0.08837090163934426,0.049863387978142076
HM Amla,death,3,0.0,71.0,0.0,0.002651127049180328,0.0009553610988037218
HM Amla,death,4,12.0,71.0,0.16901408450704225,0.11151383196721311,0.1482932727809777
HM Amla,death,6,10.0,71.0,0.14084507042253522,0.07952100409836066,0.11874630778319303
HM Amla,death,W,2.0,71.0,0.028169014084507043,0.08016137295081967,0.04690499926155663
HM Amla,death,Wd,2.0,71.0,0.028169014084507043,0.04340420081967213,0.03365917146654852
HM Amla,death,Nb,1.0,71.0,0.014084507042253521,0.006570184426229508,0.011376643036479102
HM Amla,middle,0,87.0,346.0,0.2514450867052023,0.2808889845966761,0.25449626783385243
HM Amla,middle,1,183.0,346.0,0.5289017341040463,0.4414331678151601,0.5198376339704829
HM Amla,middle,2,27.0,346.0,0.07803468208092486,0.06664217673287394,0.07685411157853615
HM Amla,middle,3,0.0,346.0,0.0,0.002286430887717876,0.00023693584328682654
HM Amla,middle,4,24.0,346.0,0.06936416184971098,0.08739739562221321,0.07123289073805318
HM Amla,middle,6,11.0,346.0,0.031791907514450865,0.048281059991892986,0.033500627978434505
HM Amla,middle,W,11.0,346.0,0.031791907514450865,0.04221980137819214,0.03287251827753286
HM Amla,middle,Wd,3.0,346.0,0.008670520231213872,0.028171868666396434,0.010691385354030717
HM Amla,middle,Nb,0.0,346.0,0.0,0.002679114308877179,0.00027762842579038123
HM Amla,powerplay,0,192.0,527.0,0.36432637571157495,0.4228881521678736,0.3684577179659876
HM Amla,powerplay,1,163.0,527.0,0.3092979127134725,0.25764450947345025,0.30565393364892063
HM Amla,powerplay,2,28.0,527.0,0.05313092979127135,0.04384827662845184,0.05247606889795074
HM Amla,powerplay,3,2.0,527.0,0.003795066413662239,0.005028429611245902,0.003882076163050857
HM Amla,powerplay,4,91.0,527.0,0.17267552182163187,0.15223269683107069,0.17123334721912317
HM Amla,powerplay,6,14.0,527.0,0.026565464895635674,0.040523771600022226,0.027550177890654125
HM Amla,powerplay,W,17.0,527.0,0.03225806451612903,0.03919952586446391,0.03274776196574701
HM Amla,powerplay,Wd,20.0,527.0,0.03795066413662239,0.03486563072990943,0.03773302509558444
HM Amla,powerplay,Nb,0.0,527.0,0.0,0.003769007093512122,0.00026589115298145485
HV Patel,death,0,41.0,196.0,0.20918367346938777,0.21696977459016392,0.21050335162545153
HV Patel,death,1,74.0,196.0,0.37755102040816324,0.37083760245901637,0.3764131529591553
HV Patel,death,2,11.0,196.0,0.05612244897959184,0.08837090163934426,0.06158828841344818
HV Patel,death,3,0.0,196.0,0.0,0.002651127049180328,0.0004493435676576827
HV Patel,death,4,20.0,196.0,0.10204081632653061,0.11151383196721311,0.10364641219783273
HV Patel,death,6,13.0,196.0,0.0663265306122449,0.07952100409836066,0.06856288205056961
HV Patel,death,W,25.0,196.0,0.12755102040816327,0.08016137295081967,0.11951887677132536
HV Patel,death,Wd,12.0,196.0,0.061224489795918366,0.04340420081967213,0.05820410183384273
HV Patel,death,Nb,0.0,196.0,0.0,0.006570184426229508,0.001113590580716866
HV Patel,middle,0,35.0,75.0,0.4666666666666667,0.2808889845966761,0.40204834246840904
HV Patel,middle,1,21.0,75.0,0.28,0.4414331678151601,0.33615066706614266
HV Patel,middle,2,2.0,75.0,0.02666666666666667,0.06664217673287394,0.040571191907086586
HV Patel,middle,3,0.0,75.0,0.0,0.002286430887717876,0.0007952803087714352
HV Patel,middle,4,4.0,75.0,0.05333333333333334,0.08739739562221321,0.06518170282511764
HV Patel,middle,6,4.0,75.0,0.05333333333333334,0.048281059991892986,0.051576020866745384
HV Patel,middle,W,6.0,75.0,0.08,0.04221980137819214,0.0668590613489364
HV Patel,middle,Wd,3.0,75.0,0.04,0.028171868666396434,0.03588586736222484
HV Patel,middle,Nb,0.0,75.0,0.0,0.002679114308877179,0.0009318658465659752
Harbhajan Singh,death,0,112.0,425.0,0.2635294117647059,0.21696977459016392,0.2595242816851754
Harbhajan Singh,death,1,141.0,425.0,0.33176470588235296,0.37083760245901637,0.3351258152652917
Harbhajan Singh,death,2,18.0,425.0,0.042352941176470586,0.08837090163934426,0.046311475409836066
Harbhajan Singh,death,3,0.0,425.0,0.0,0.002651127049180328,0.0002280539397144368
Harbhajan Singh,death,4,57.0,425.0,0.13411764705882354,0.11151383196721311,0.13217323285739468
Harbhajan Singh,death,6,29.0,425.0,0.06823529411764706,0.07952100409836066,0.06920610787942888
Harbhajan Singh,death,W,44.0,425.0,0.10352941176470588,0.08016137295081967,0.10151925788824256
Harbhajan Singh,death,Wd,23.0,425.0,0.05411764705882353,0.04340420081967213,0.053196060285563194
Harbhajan Singh,death,Nb,1.0,425.0,0.002352941176470588,0.006570184426229508,0.002715714789353076
Harbhajan Singh,middle,0,62.0,155.0,0.4,0.2808889845966761,0.37556697119931814
Harbhajan Singh,middle,1,48.0,155.0,0.3096774193548387,0.4414331678151601,0.3367042395518277
Harbhajan Singh,middle,2,5.0,155.0,0.03225806451612903,0.06664217673287394,0.039311215740076705
Harbhajan Singh,middle,3,0.0,155.0,0.0,0.002286430887717876,0.0004690114641472566
Harbhajan Singh,middle,4,15.0,155.0,0.0967741935483871,0.08739739562221321,0.09485074781994117
Harbhajan Singh,middle,6,5.0,155.0,0.03225806451612903,0.048281059991892986,0.03554483281884984
Harbhajan Singh,middle,W,10.0,155.0,0.06451612903225806,0.04221980137819214,0.05994252335962915
Harbhajan Singh,middle,Wd,9.0,155.0,0.05806451612903226,0.028171868666396434,0.05193269100849158
Harbhajan Singh,middle,Nb,1.0,155.0,0.0064516129032258064,0.002679114308877179,0.0056777670377183955
Harbhajan Singh,powerplay,0,12.0,36.0,0.3333333333333333,0.4228881521678736,0.38046744850940717
Harbhajan Singh,powerplay,1,6.0,36.0,0.16666666666666666,0.25764450947345025,0.21454974182813172
Harbhajan Singh,powerplay,2,7.0,36.0,0.19444444444444445,0.04384827662845184,0.11518330348865886
Harbhajan Singh,powerplay,3,0.0,36.0,0.0,0.005028429611245902,0.002646541900655738
Harbhajan Singh,powerplay,4,6.0,36.0,0.16666666666666666,0.15223269683107069,0.15906984043740563
Harbhajan Singh,powerplay,6,0.0,36.0,0.0,0.040523771600022226,0.021328300842116964
Harbhajan Singh,powerplay,W,3.0,36.0,0.08333333333333333,0.03919952586446391,0.06010501361287574
Harbhajan Singh,powerplay,Wd,2.0,36.0,0.05555555555555555,0.03486563072990943,0.04466612143679444
Harbhajan Singh,powerplay,Nb,0.0,36.0,0.0,0.003769007093512122,0.0019836879439537485
Harpreet Brar,death,0,37.0,142.0,0.2605633802816901,0.21696977459016392,0.2509823680417943
Harpreet Brar,death,1,53.0,142.0,0.3732394366197183,0.37083760245901637,0.3727115609800036
Harpreet Brar,death,2,15.0,142.0,0.1056338028169014,0.08837090163934426,0.10183975860205369
Harpreet Brar,death,3,0.0,142.0,0.0,0.002651127049180328,0.000582665285534138
Harpreet Brar,death,4,13.0,142.0,0.09154929577464789,0.11151383196721311,0.09593710592686003
Harpreet Brar,death,6,8.0,142.0,0.056338028169014086,0.07952100409836066,0.06143318771392542
Harpreet Brar,death,W,9.0,142.0,0.06338028169014084,0.08016137295081967,0.06706843361556476
Harpreet Brar,death,Wd,7.0,142.0,0.04929577464788732,0.04340420081967213,0.048000923257070796
Harpreet Brar,death,Nb,0.0,142.0,0.0,0.006570184426229508,0.0014439965771932985
Harpreet Brar,middle,0,18.0,41.0,0.43902439024390244,0.2808889845966761,0.36093283189959313
Harpreet Brar,middle,1,14.0,41.0,0.34146341463414637,0.4414331678151601,0.39083119398279514
Harpreet Brar,middle,2,0.0,41.0,0.0,0.06664217673287394,0.032909716905122934
Harpreet Brar,middle,3,0.0,41.0,0.0,0.002286430887717876,0.0011291016729470993
Harpreet Brar,middle,4,4.0,41.0,0.0975609756097561,0.08739739562221321,0.0925419237640559
Harpreet Brar,middle,6,1.0,41.0,0.024390243902439025,0.048281059991892986,0.03618817777377431
Harpreet Brar,middle,W,4.0,41.0,0.0975609756097561,0.04221980137819214,0.07023200068058871
Harpreet Brar,middle,Wd,0.0,41.0,0.0,0.028171868666396434,0.01391203390933157
Harpreet Brar,middle,Nb,0.0,41.0,0.0,0.002679114308877179,0.0013230194117911994
Harshit Rana,death,0,17.0,38.0,0.4473684210526316,0.21696977459016392,0.3292152690205969
Harshit Rana,death,1,8.0,38.0,0.21052631578947367,0.37083760245901637,0.2927372320302648
Harshit Rana,death,2,0.0,38.0,0.0,0.08837090163934426,0.045318411097099616
Harshit Rana,death,3,0.0,38.0,0.0,0.002651127049180328,0.0013595523329129886
Harshit Rana,death,4,5.0,38.0,0.13157894736842105,0.11151383196721311,0.12128914459857085
Harshit Rana,death,6,1.0,38.0,0.02631578947368421,0.07952100409836066,0.05360051492223624
Harshit Rana,death,W,6.0,38.0,0.15789473684210525,0.08016137295081967,0.11803147330811264
Harshit Rana,death,Wd,1.0,38.0,0.02631578947368421,0.04340420081967213,0.035079077343421604
Harshit Rana,death,Nb,0.0,38.0,0.0,0.006570184426229508,0.003369325346784363
Harshit Rana,middle,0,18.0,45.0,0.4,0.2808889845966761,0.34394775745725936
Harshit Rana,middle,1,11.0,45.0,0.24444444444444444,0.4414331678151601,0.33714502014831066
Harshit Rana,middle,2,5.0,45.0,0.1111111111111111,0.06664217673287394,0.09018455375664655
Harshit Rana,middle,3,1.0,45.0,0.022222222222222223,0.002286430887717876,0.01284067335892606
Harshit Rana,middle,4,2.0,45.0,0.044444444444444446,0.08739739562221321,0.06465759793986503
Harshit Rana,middle,6,3.0,45.0,0.06666666666666667,0.048281059991892986,0.05801461646677317
Harshit Rana,middle,W,3.0,45.0,0.06666666666666667,0.04221980137819214,0.05516225947209042
Harshit Rana,middle,Wd,2.0,45.0,0.044444444444444446,0.028171868666396434,0.03678676172536303
Harshit Rana,middle,Nb,0.0,45.0,0.0,0.002679114308877179,0.0012607596747657313
I Sharma,death,0,23.0,55.0,0.41818181818181815,0.21696977459016392,0.33346095772217427
I Sharma,death,1,18.0,55.0,0.32727272727272727,0.37083760245901637,0.3456158326143227
I Sharma,death,2,2.0,55.0,0.03636363636363636,0.08837090163934426,0.05826143226919759
I Sharma,death,3,0.0,55.0,0.0,0.002651127049180328,0.0011162640207075065
I Sharma,death,4,3.0,55.0,0.05454545454545454,0.11151383196721311,0.07853213977566868
I Sharma,death,6,1.0,55.0,0.01818181818181818,0.07952100409836066,0.044008843830888704
I Sharma,death,W,6.0,55.0,0.10909090909090909,0.08016137295081967,0.09691005176876617
I Sharma,death,Wd,2.0,55.0,0.03636363636363636,0.04340420081967213,0.03932808455565143
I Sharma,death,Nb,0.0,55.0,0.0,0.006570184426229508,0.0027663934426229507
I Sharma,middle,0,5.0,11.0,0.45454545454545453,0.2808889845966761,0.3183443016444519
I Sharma,middle,1,4.0,11.0,0.36363636363636365,0.4414331678151601,0.4246534649530668
I Sharma,middle,2,0.0,11.0,0.0,0.06664217673287394,0.05226837390813642
I Sharma,middle,3,0.0,11.0,0.0,0.002286430887717876,0.0017932791276218634
I Sharma,middle,4,2.0,11.0,0.18181818181818182,0.08739739562221321,0.10776266323310839
I Sharma,middle,6,0.0,11.0,0.0,0.048281059991892986,0.037867498032857244
I Sharma,middle,W,0.0,11.0,0.0,0.04221980137819214,0.03311356970838599
I Sharma,middle,Wd,0.0,11.0,0.0,0.028171868666396434,0.02209558326776191
I Sharma,middle,Nb,0.0,11.0,0.0,0.002679114308877179,0.002101266124609552
I Udana,death,0,21.0,85.0,0.24705882352941178,0.21696977459016392,0.23743032786885246
I Udana,death,1,29.0,85.0,0.3411764705882353,0.37083760245901637,0.35066803278688524
I Udana,death,2,9.0,85.0,0.10588235294117647,0.08837090163934426,0.10027868852459017
I Udana,death,3,0.0,85.0,0.0,0.002651127049180328,0.000848360655737705
I Udana,death,4,9.0,85.0,0.10588235294117647,0.11151383196721311,0.1076844262295082
I Udana,death,6,6.0,85.0,0.07058823529411765,0.07952100409836066,0.07344672131147542
I Udana,death,W,8.0,85.0,0.09411764705882353,0.08016137295081967,0.08965163934426229
I Udana,death,Wd,2.0,85.0,0.023529411764705882,0.04340420081967213,0.029889344262295083
I Udana,death,Nb,1.0,85.0,0.011764705882352941,0.006570184426229508,0.010102459016393443
I Udana,middle,0,27.0,54.0,0.5,0.2808889845966761,0.40676127004113877
I Udana,middle,1,20.0,54.0,0.37037037037037035,0.4414331678151601,0.400609858644749
I Udana,middle,2,1.0,54.0,0.018518518518518517,0.06664217673287394,0.03899667095015912
I Udana,middle,3,0.0,54.0,0.0,0.002286430887717876,0.0009729493139225004
I Udana,middle,4,2.0,54.0,0.037037037037037035,0.08739739562221321,0.05846697686051626
I Udana,middle,6,0.0,54.0,0.0,0.048281059991892986,0.02054513191144382
I Udana,middle,W,2.0,54.0,0.037037037037037035,0.04221980137819214,0.03924246867157113
I Udana,middle,Wd,2.0,54.0,0.037037037037037035,0.028171868666396434,0.03326462496442401
I Udana,middle,Nb,0.0,54.0,0.0,0.002679114308877179,0.0011400486420753953
IK Pathan,death,0,101.0,448.0,0.22544642857142858,0.21696977459016392,0.22475162086804623
IK Pathan,death,1,165.0,448.0,0.36830357142857145,0.37083760245901637,0.36851127889008334
IK Pathan,death,2,48.0,448.0,0.10714285714285714,0.08837090163934426,0.10560417226552002
IK Pathan,death,3,2.0,448.0,0.004464285714285714,0.002651127049180328,0.004315666151572158
IK Pathan,death,4,60.0,448.0,0.13392857142857142,0.11151383196721311,0.13209129770223058
IK Pathan,death,6,23.0,448.0,0.05133928571428571,0.07952100409836066,0.05364926263101317
IK Pathan,death,W,29.0,448.0,0.06473214285714286,0.08016137295081967,0.06599683384842785
IK Pathan,death,Wd,17.0,448.0,0.03794642857142857,0.04340420081967213,0.03839378695243214
IK Pathan,death,Nb,3.0,448.0,0.006696428571428571,0.006570184426229508,0.00668608069067455
IK Pathan,middle,0,153.0,440.0,0.3477272727272727,0.2808889845966761,0.34215741538305633
IK Pathan,middle,1,206.0,440.0,0.4681818181818182,0.4414331678151601,0.4659527639845967
IK Pathan,middle,2,28.0,440.0,0.06363636363636363,0.06664217673287394,0.06388684806107282
IK Pathan,middle,3,2.0,440.0,0.004545454545454545,0.002286430887717876,0.00435720257397649
IK Pathan,middle,4,13.0,440.0,0.029545454545454545,0.08739739562221321,0.03436644963518443
IK Pathan,middle,6,10.0,440.0,0.022727272727272728,0.048281059991892986,0.024856754999324417
IK Pathan,middle,W,17.0,440.0,0.038636363636363635,0.04221980137819214,0.03893498344818268
IK Pathan,middle,Wd,11.0,440.0,0.025,0.028171868666396434,0.025264322388866372
IK Pathan,middle,Nb,0.0,440.0,0.0,0.002679114308877179,0.0002232595257397649
IK Pathan,powerplay,0,29.0,73.0,0.3972602739726027,0.4228881521678736,0.40633208926296416
IK Pathan,powerplay,1,26.0,73.0,0.3561643835616438,0.25764450947345025,0.3212900918490089
IK Pathan,powerplay,2,2.0,73.0,0.0273972602739726,0.04384827662845184,0.0332206288950272
IK Pathan,powerplay,3,0.0,73.0,0.0,0.005028429611245902,0.001779975083626868
IK Pathan,powerplay,4,9.0,73.0,0.1232876712328767,0.15223269683107069,0.13353369799329937
IK Pathan,powerplay,6,3.0,73.0,0.0410958904109589,0.040523771600022226,0.040893370477883974
IK Pathan,powerplay,W,4.0,73.0,0.0547945205479452,0.03919952586446391,0.04927416844759785
IK Pathan,powerplay,Wd,0.0,73.0,0.0,0.03486563072990943,0.01234181618757856
IK Pathan,powerplay,Nb,0.0,73.0,0.0,0.003769007093512122,0.0013341618030131407
IS Sodhi,death,0,44.0,123.0,0.35772357723577236,0.21696977459016392,0.3231827667705924
IS Sodhi,death,1,39.0,123.0,0.3170731707317073,0.37083760245901637,0.33026689630896106
IS Sodhi,death,2,8.0,123.0,0.06504065040650407,0.08837090163934426,0.07076586543296792
IS Sodhi,death,3,2.0,123.0,0.016260162601626018,0.002651127049180328,0.012920521975258975
IS Sodhi,death,4,6.0,123.0,0.04878048780487805,0.11151383196721311,0.06417517348888666
IS Sodhi,death,6,9.0,123.0,0.07317073170731707,0.07952100409836066,0.07472908076033391
IS Sodhi,death,W,12.0,123.0,0.0975609756097561,0.08016137295081967,0.09329113446645881
IS Sodhi,death,Wd,3.0,123.0,0.024390243902439025,0.04340420081967213,0.029056245599919543
IS Sodhi,death,Nb,0.0,123.0,0.0,0.006570184426229508,0.0016123151966207382
IS Sodhi,middle,0,17.0,27.0,0.6296296296296297,0.2808889845966761,0.42142625946070217
IS Sodhi,middle,1,6.0,27.0,0.2222222222222222,0.4414331678151601,0.35309442854636425
IS Sodhi,middle,2,0.0,27.0,0.0,0.06664217673287394,0.039786374168879965
IS Sodhi,middle,3,0.0,27.0,0.0,0.002286430887717876,0.001365033365801717
IS Sodhi,middle,4,2.0,27.0,0.07407407407407407,0.08739739562221321,0.08202829589385863
IS Sodhi,middle,6,1.0,27.0,0.037037037037037035,0.048281059991892986,0.04374988656232417
IS Sodhi,middle,W,1.0,27.0,0.037037037037037035,0.04221980137819214,0.0401312247033983
IS Sodhi,middle,Wd,0.0,27.0,0.0,0.028171868666396434,0.016819026069490407
IS Sodhi,middle,Nb,0.0,27.0,0.0,0.002679114308877179,0.0015994712291804052
Imran Tahir,death,0,19.0,43.0,0.4418604651162791,0.21696977459016392,0.3334794094410429
Imran Tahir,death,1,11.0,43.0,0.2558139534883721,0.37083760245901637,0.3112470373296465
Imran Tahir,death,2,3.0,43.0,0.06976744186046512,0.08837090163934426,0.07873296464546711
Imran Tahir,death,3,0.0,43.0,0.0,0.002651127049180328,0.001277651589966423
Imran Tahir,death,4,4.0,43.0,0.09302325581395349,0.11151383196721311,0.10193437685166898
Imran Tahir,death,6,1.0,43.0,0.023255813953488372,0.07952100409836066,0.05037156824017382
Imran Tahir,death,W,4.0,43.0,0.09302325581395349,0.08016137295081967,0.08682475804858779
Imran Tahir,death,Wd,1.0,43.0,0.023255813953488372,0.04340420081967213,0.032965879913095006
Imran Tahir,death,Nb,0.0,43.0,0.0,0.006570184426229508,0.0031663539403515703
Imran Tahir,middle,0,4.0,6.0,0.6666666666666666,0.2808889845966761,0.33120781269276184
Imran Tahir,middle,1,0.0,6.0,0.0,0.4414331678151601,0.38385492853492187
Imran Tahir,middle,2,0.0,6.0,0.0,0.06664217673287394,0.05794971889815125
Imran Tahir,middle,3,0.0,6.0,0.0,0.002286430887717876,0.0019882007719285878
Imran Tahir,middle,4,1.0,6.0,0.16666666666666666,0.08739739562221321,0.09773686575844627
Imran Tahir,middle,6,0.0,6.0,0.0,0.048281059991892986,0.04198353042773303
Imran Tahir,middle,W,1.0,6.0,0.16666666666666666,0.04221980137819214,0.05845200119842795
Imran Tahir,middle,Wd,0.0,6.0,0.0,0.028171868666396434,0.02449727710121429
Imran Tahir,middle,Nb,0.0,6.0,0.0,0.002679114308877179,0.002329664616414938
Ishan Kishan,death,0,37.0,211.0,0.17535545023696683,0.21696977459016392,0.18198721507412974
Ishan Kishan,death,1,74.0,211.0,0.35071090047393366,0.37083760245901637,0.35391834302135716
Ishan Kishan,death,2,15.0,211.0,0.07109004739336493,0.08837090163934426,0.07384396838874012
Ishan Kishan,death,3,0.0,211.0,0.0,0.002651127049180328,0.0004224903664032395
Ishan Kishan,death,4,29.0,211.0,0.13744075829383887,0.11151383196721311,0.13330897720593038
Ishan Kishan,death,6,25.0,211.0,0.11848341232227488,0.07952100409836066,0.11227426360133237
Ishan Kishan,death,W,20.0,211.0,0.0947867298578199,0.08016137295081967,0.09245599568937365
Ishan Kishan,death,Wd,10.0,211.0,0.04739336492890995,0.04340420081967213,0.046757641564887986
Ishan Kishan,death,Nb,1.0,211.0,0.004739336492890996,0.006570184426229508,0.00503110508784534
Ishan Kishan,middle,0,283.0,1260.0,0.2246031746031746,0.2808889845966761,0.22633504567989773
Ishan Kishan,middle,1,580.0,1260.0,0.4603174603174603,0.4414331678151601,0.45973640516354336
Ishan Kishan,middle,2,68.0,1260.0,0.05396825396825397,0.06664217673287394,0.054358220822549964
Ishan Kishan,middle,3,1.0,1260.0,0.0007936507936507937,0.002286430887717876,0.0008395824888528578
Ishan Kishan,middle,4,127.0,1260.0,0.1007936507936508,0.08739739562221321,0.10038145832683733
Ishan Kishan,middle,6,95.0,1260.0,0.07539682539682539,0.048281059991892986,0.07456249415359671
Ishan Kishan,middle,W,64.0,1260.0,0.050793650793650794,0.04221980137819214,0.05052984004240592
Ishan Kishan,middle,Wd,36.0,1260.0,0.02857142857142857,0.028171868666396434,0.028559134420504506
Ishan Kishan,middle,Nb,6.0,1260.0,0.004761904761904762,0.002679114308877179,0.004697818901811606
Ishan Kishan,powerplay,0,599.0,1367.0,0.4381858083394294,0.4228881521678736,0.43775090695573204
Ishan Kishan,powerplay,1,333.0,1367.0,0.24359912216532553,0.25764450947345025,0.2439984224441635
Ishan Kishan,powerplay,2,53.0,1367.0,0.038771031455742504,0.04384827662845184,0.03891537389135613
Ishan Kishan,powerplay,3,4.0,1367.0,0.002926115581565472,0.005028429611245902,0.0029858828603054983
Ishan Kishan,powerplay,4,222.0,1367.0,0.1623994147768837,0.15223269683107069,0.16211038228375468
Ishan Kishan,powerplay,6,73.0,1367.0,0.053401609363569864,0.040523771600022226,0.05303550168017121
Ishan Kishan,powerplay,W,41.0,1367.0,0.029992684711046085,0.03919952586446391,0.030254428596004662
Ishan Kishan,powerplay,Wd,36.0,1367.0,0.026335040234089245,0.03486563072990943,0.02657755879829167
Ishan Kishan,powerplay,Nb,6.0,1367.0,0.0043891733723482075,0.003769007093512122,0.004371542490220672
J Botha,death,0,40.0,172.0,0.23255813953488372,0.21696977459016392,0.22961693860191773
J Botha,death,1,75.0,172.0,0.436046511627907,0.37083760245901637,0.42374294386019173
J Botha,death,2,13.0,172.0,0.0755813953488372,0.08837090163934426,0.0779945097432725
J Botha,death,3,2.0,172.0,0.011627906976744186,0.002651127049180328,0.009934174914939684
J Botha,death,4,16.0,172.0,0.09302325581395349,0.11151383196721311,0.0965120437673987
J Botha,death,6,6.0,172.0,0.03488372093023256,0.07952100409836066,0.043305849829879374
J Botha,death,W,18.0,172.0,0.10465116279069768,0.08016137295081967,0.10003044772656974
J Botha,death,Wd,2.0,172.0,0.011627906976744186,0.04340420081967213,0.01762343411691927
J Botha,death,Nb,0.0,172.0,0.0,0.006570184426229508,0.001239657438911228
J Botha,middle,0,69.0,210.0,0.32857142857142857,0.2808889845966761,0.3209422375354682
J Botha,middle,1,83.0,210.0,0.3952380952380952,0.4414331678151601,0.40262930685042564
J Botha,middle,2,21.0,210.0,0.1,0.06664217673287394,0.09466274827725982
J Botha,middle,3,1.0,210.0,0.004761904761904762,0.002286430887717876,0.00436582894203486
J Botha,middle,4,18.0,210.0,0.08571428571428572,0.08739739562221321,0.0859835832995541
J Botha,middle,6,5.0,210.0,0.023809523809523808,0.048281059991892986,0.027724969598702878
J Botha,middle,W,6.0,210.0,0.02857142857142857,0.04221980137819214,0.030755168220510744
J Botha,middle,Wd,6.0,210.0,0.02857142857142857,0.028171868666396434,0.028507498986623428
J Botha,middle,Nb,1.0,210.0,0.004761904761904762,0.002679114308877179,0.004428658289420348
J Botha,powerplay,0,28.0,50.0,0.56,0.4228881521678736,0.49906140096349944
J Botha,powerplay,1,8.0,50.0,0.16,0.25764450947345025,0.2033975597659779
J Botha,powerplay,2,2.0,50.0,0.04,0.04384827662845184,0.04171034516820082
J Botha,powerplay,3,0.0,50.0,0.0,0.005028429611245902,0.0022348576049981785
J Botha,powerplay,4,8.0,50.0,0.16,0.15223269683107069,0.15654786525825365
J Botha,powerplay,6,1.0,50.0,0.02,0.040523771600022226,0.029121676266676548
J Botha,powerplay,W,1.0,50.0,0.02,0.03919952586446391,0.028533122606428405
J Botha,powerplay,Wd,2.0,50.0,0.04,0.03486563072990943,0.03771805810218197
J Botha,powerplay,Nb,0.0,50.0,0.0,0.003769007093512122,0.0016751142637831653
J Fraser-McGurk,middle,0,14.0,50.0,0.28,0.2808889845966761,0.2803951042651894
J Fraser-McGurk,middle,1,14.0,50.0,0.28,0.4414331678151601,0.3517480745845156
J Fraser-McGurk,middle,2,6.0,50.0,0.12,0.06664217673287394,0.0962854118812773
J Fraser-McGurk,middle,3,0.0,50.0,0.0,0.002286430887717876,0.0010161915056523894
J Fraser-McGurk,middle,4,0.0,50.0,0.0,0.08739739562221321,0.03884328694320587
J Fraser-McGurk,middle,6,9.0,50.0,0.18,0.048281059991892986,0.12145824888528577
J Fraser-McGurk,middle,W,3.0,50.0,0.06,0.04221980137819214,0.05209768950141873
J Fraser-McGurk,middle,Wd,4.0,50.0,0.08,0.028171868666396434,0.05696527496284286
J Fraser-McGurk,middle,Nb,0.0,50.0,0.0,0.002679114308877179,0.0011907174706120795
J Fraser-McGurk,powerplay,0,49.0,137.0,0.35766423357664234,0.4228881521678736,0.3724041021848302
J Fraser-McGurk,powerplay,1,17.0,137.0,0.12408759124087591,0.25764450947345025,0.15426994564371757
J Fraser-McGurk,powerplay,2,3.0,137.0,0.021897810218978103,0.04384827662845184,0.026858367599650133
J Fraser-McGurk,powerplay,3,0.0,137.0,0.0,0.005028429611245902,0.0011363682737278874
J Fraser-McGurk,powerplay,4,35.0,137.0,0.25547445255474455,0.15223269683107069,0.23214298233470526
J Fraser-McGurk,powerplay,6,17.0,137.0,0.12408759124087591,0.040523771600022226,0.10520311222599373
J Fraser-McGurk,powerplay,W,10.0,137.0,0.072992700729927,0.03919952586446391,0.06535582505411613
J Fraser-McGurk,powerplay,Wd,5.0,137.0,0.0364963503649635,0.03486563072990943,0.03612782615365185
J Fraser-McGurk,powerplay,Nb,1.0,137.0,0.0072992700729927005,0.003769007093512122,0.00650147052960726
J Little,death,0,26.0,63.0,0.4126984126984127,0.21696977459016392,0.3366872911029763
J Little,death,1,25.0,63.0,0.3968253968253968,0.37083760245901637,0.3867330494986471
J Little,death,2,1.0,63.0,0.015873015873015872,0.08837090163934426,0.04402753461722107
J Little,death,3,0.0,63.0,0.0,0.002651127049180328,0.001029563902594302
J Little,death,4,3.0,63.0,0.047619047619047616,0.11151383196721311,0.07243255610377208
J Little,death,6,2.0,63.0,0.031746031746031744,0.07952100409836066,0.05029941906732453
J Little,death,W,5.0,63.0,0.07936507936507936,0.08016137295081967,0.07967431959255132
J Little,death,Wd,1.0,63.0,0.015873015873015872,0.04340420081967213,0.026564738182396946
J Little,death,Nb,0.0,63.0,0.0,0.006570184426229508,0.0025515279325163138
J Little,middle,0,9.0,21.0,0.42857142857142855,0.2808889845966761,0.33173048170273844
J Little,middle,1,7.0,21.0,0.3333333333333333,0.4414331678151601,0.40421847069846567
J Little,middle,2,1.0,21.0,0.047619047619047616,0.06664217673287394,0.0600932306445075
J Little,middle,3,0.0,21.0,0.0,0.002286430887717876,0.0014992989427658203
J Little,middle,4,2.0,21.0,0.09523809523809523,0.08739739562221321,0.09009665286702505
J Little,middle,6,0.0,21.0,0.0,0.048281059991892986,0.03165971147009376
J Little,middle,W,1.0,21.0,0.047619047619047616,0.04221980137819214,0.044078558280781735
J Little,middle,Wd,1.0,21.0,0.047619047619047616,0.028171868666396434,0.03486679912550585
J Little,middle,Nb,0.0,21.0,0.0,0.002679114308877179,0.0017567962681161828
J Overton,death,0,22.0,84.0,0.2619047619047619,0.21696977459016392,0.2474096047065045
J Overton,death,1,35.0,84.0,0.4166666666666667,0.37083760245901637,0.40188309756742463
J Overton,death,2,9.0,84.0,0.10714285714285714,0.08837090163934426,0.10108738762559492
J Overton,death,3,0.0,84.0,0.0,0.002651127049180328,0.0008552022739291381
J Overton,death,4,6.0,84.0,0.07142857142857142,0.11151383196721311,0.08435930063458488
J Overton,death,6,4.0,84.0,0.047619047619047616,0.07952100409836066,0.05791000132205183
J Overton,death,W,6.0,84.0,0.07142857142857142,0.08016137295081967,0.07424560417768376
J Overton,death,Wd,1.0,84.0,0.011904761904761904,0.04340420081967213,0.0220658712321523
J Overton,death,Nb,1.0,84.0,0.011904761904761904,0.006570184426229508,0.010183930460074035
J Overton,middle,0,14.0,44.0,0.3181818181818182,0.2808889845966761,0.3004233259984172
J Overton,middle,1,13.0,44.0,0.29545454545454547,0.4414331678151601,0.36496817515007624
J Overton,middle,2,5.0,44.0,0.11363636363636363,0.06664217673287394,0.09125817939660663
J Overton,middle,3,1.0,44.0,0.022727272727272728,0.002286430887717876,0.012993538517960894
J Overton,middle,4,3.0,44.0,0.06818181818181818,0.08739739562221321,0.07733209315343485
J Overton,middle,6,3.0,44.0,0.06818181818181818,0.048281059991892986,0.058705266662806184
J Overton,middle,W,3.0,44.0,0.06818181818181818,0.04221980137819214,0.05581895303723435
J Overton,middle,Wd,2.0,44.0,0.045454545454545456,0.028171868666396434,0.03722469936495068
J Overton,middle,Nb,0.0,44.0,0.0,0.002679114308877179,0.0012757687185129423
J Theron,death,0,10.0,30.0,0.3333333333333333,0.21696977459016392,0.2668398711943794
J Theron,death,1,9.0,30.0,0.3,0.37083760245901637,0.3404786299765808
J Theron,death,2,1.0,30.0,0.03333333333333333,0.08837090163934426,0.06478337236533958
J Theron,death,3,1.0,30.0,0.03333333333333333,0.002651127049180328,0.015800644028103047
J Theron,death,4,4.0,30.0,0.13333333333333333,0.11151383196721311,0.12086504683840751
J Theron,death,6,1.0,30.0,0.03333333333333333,0.07952100409836066,0.0597262880562061
J Theron,death,W,2.0,30.0,0.06666666666666667,0.08016137295081967,0.07437792740046838
J Theron,death,Wd,2.0,30.0,0.06666666666666667,0.04340420081967213,0.05337382903981265
J Theron,death,Nb,0.0,30.0,0.0,0.006570184426229508,0.003754391100702576
J Theron,middle,0,0.0,2.0,0.0,0.2808889845966761,0.2675133186635011
J Theron,middle,1,1.0,2.0,0.5,0.4414331678151601,0.44422206458586677
J Theron,middle,2,1.0,2.0,0.5,0.06664217673287394,0.08727826355511803
J Theron,middle,3,0.0,2.0,0.0,0.002286430887717876,0.0021775532263979772
J Theron,middle,4,0.0,2.0,0.0,0.08739739562221321,0.0832356148782983
J Theron,middle,6,0.0,2.0,0.0,0.048281059991892986,0.045981961897040936
J Theron,middle,W,0.0,2.0,0.0,0.04221980137819214,0.04020933464589728
J Theron,middle,Wd,0.0,2.0,0.0,0.028171868666396434,0.026830351110853745
J Theron,middle,Nb,0.0,2.0,0.0,0.002679114308877179,0.0025515374370258847
JA Duffy,death,0,2.0,25.0,0.08,0.21696977459016392,0.1642890920554855
JA Duffy,death,1,15.0,25.0,0.6,0.37083760245901637,0.4589769861286255
JA Duffy,death,2,2.0,25.0,0.08,0.08837090163934426,0.08515132408575032
JA Duffy,death,3,0.0,25.0,0.0,0.002651127049180328,0.0016314627994955865
JA Duffy,death,4,2.0,25.0,0.08,0.11151383196721311,0.09939312736443884
JA Duffy,death,6,0.0,25.0,0.0,0.07952100409836066,0.048936002522068096
JA Duffy,death,W,3.0,25.0,0.12,0.08016137295081967,0.09548392181588902
JA Duffy,death,Wd,1.0,25.0,0.04,0.04340420081967213,0.042094892812105926
JA Duffy,death,Nb,0.0,25.0,0.0,0.006570184426229508,0.0040431904161412355
JA Morkel,death,0,97.0,500.0,0.194,0.21696977459016392,0.1957014647844566
JA Morkel,death,1,210.0,500.0,0.42,0.37083760245901637,0.4163583409228901
JA Morkel,death,2,41.0,500.0,0.082,0.08837090163934426,0.08247191863995143
JA Morkel,death,3,1.0,500.0,0.002,0.002651127049180328,0.002048231633272617
JA Morkel,death,4,42.0,500.0,0.084,0.11151383196721311,0.08603806162720097
JA Morkel,death,6,50.0,500.0,0.1,0.07952100409836066,0.0984830373406193
JA Morkel,death,W,38.0,500.0,0.076,0.08016137295081967,0.07630824984820887
JA Morkel,death,Wd,17.0,500.0,0.034,0.04340420081967213,0.03469660746812386
JA Morkel,death,Nb,4.0,500.0,0.008,0.006570184426229508,0.00789408773527626
JA Morkel,middle,0,117.0,317.0,0.36908517350157727,0.2808889845966761,0.35920324757385724
JA Morkel,middle,1,115.0,317.0,0.3627760252365931,0.4414331678151601,0.3715891504554801
JA Morkel,middle,2,18.0,317.0,0.056782334384858045,0.06664217673287394,0.057887078625532086
JA Morkel,middle,3,1.0,317.0,0.0031545741324921135,0.002286430887717876,0.003057303180696681
JA Morkel,middle,4,23.0,317.0,0.07255520504731862,0.08739739562221321,0.07421819558792304
JA Morkel,middle,6,23.0,317.0,0.07255520504731862,0.048281059991892986,0.0698354128842457
JA Morkel,middle,W,9.0,317.0,0.028391167192429023,0.04221980137819214,0.029940593991954298
JA Morkel,middle,Wd,11.0,317.0,0.03470031545741325,0.028171868666396434,0.03396883682536655
JA Morkel,middle,Nb,0.0,317.0,0.0,0.002679114308877179,0.0003001808749442217
JA Morkel,powerplay,0,11.0,26.0,0.4230769230769231,0.4228881521678736,0.42296251646537797
JA Morkel,powerplay,1,8.0,26.0,0.3076923076923077,0.25764450947345025,0.277360308771788
JA Morkel,powerplay,2,0.0,26.0,0.0,0.04384827662845184,0.02657471310815263
JA Morkel,powerplay,3,0.0,26.0,0.0,0.005028429611245902,0.003047533097724789
JA Morkel,powerplay,4,3.0,26.0,0.11538461538461539,0.15223269683107069,0.13771678595822465
JA Morkel,powerplay,6,0.0,26.0,0.0,0.040523771600022226,0.024559861575771048
JA Morkel,powerplay,W,3.0,26.0,0.11538461538461539,0.03919952586446391,0.06921183385725085
JA Morkel,powerplay,Wd,1.0,26.0,0.038461538461538464,0.03486563072990943,0.03628220044236936
JA Morkel,powerplay,Nb,0.0,26.0,0.0,0.003769007093512122,0.00228424672334068
JA Richardson,death,0,9.0,32.0,0.28125,0.21696977459016392,0.2455387636612022
JA Richardson,death,1,12.0,32.0,0.375,0.37083760245901637,0.37268755692167577
JA Richardson,death,2,3.0,32.0,0.09375,0.08837090163934426,0.09076161202185792
JA Richardson,death,3,0.0,32.0,0.0,0.002651127049180328,0.0014728483606557376
JA Richardson,death,4,2.0,32.0,0.0625,0.11151383196721311,0.08972990664845173
JA Richardson,death,6,1.0,32.0,0.03125,0.07952100409836066,0.058067224499089264
JA Richardson,death,W,5.0,32.0,0.15625,0.08016137295081967,0.11397854052823314
JA Richardson,death,Wd,0.0,32.0,0.0,0.04340420081967213,0.024113444899817853
JA Richardson,death,Nb,0.0,32.0,0.0,0.006570184426229508,0.0036501024590163936
JA Richardson,middle,0,17.0,32.0,0.53125,0.2808889845966761,0.3921605469981534
JA Richardson,middle,1,11.0,32.0,0.34375,0.4414331678151601,0.39801842656397785
JA Richardson,middle,2,0.0,32.0,0.0,0.06664217673287394,0.037023431518263296
JA Richardson,middle,3,0.0,32.0,0.0,0.002286430887717876,0.0012702393820654867
JA Richardson,middle,4,2.0,32.0,0.0625,0.08739739562221321,0.07633188645678511
JA Richardson,middle,6,0.0,32.0,0.0,0.048281059991892986,0.02682281110660721
JA Richardson,middle,W,1.0,32.0,0.03125,0.04221980137819214,0.03734433409899564
JA Richardson,middle,Wd,1.0,32.0,0.03125,0.028171868666396434,0.029539927036886904
JA Richardson,middle,Nb,0.0,32.0,0.0,0.002679114308877179,0.0014883968382650994
JC Archer,death,0,38.0,211.0,0.18009478672985782,0.21696977459016392,0.18597127881914965
JC Archer,death,1,76.0,211.0,0.36018957345971564,0.37083760245901637,0.361886470511397
JC Archer,death,2,19.0,211.0,0.09004739336492891,0.08837090163934426,0.0897802233688198
JC Archer,death,3,0.0,211.0,0.0,0.002651127049180328,0.0004224903664032395
JC Archer,death,4,18.0,211.0,0.08530805687203792,0.11151383196721311,0.08948427601071125
JC Archer,death,6,21.0,211.0,0.0995260663507109,0.07952100409836066,0.09633800862125269
JC Archer,death,W,23.0,211.0,0.10900473933649289,0.08016137295081967,0.10440818692443342
JC Archer,death,Wd,11.0,211.0,0.052132701421800945,0.04340420081967213,0.05074170530990791
JC Archer,death,Nb,5.0,211.0,0.023696682464454975,0.006570184426229508,0.02096736006792502
JC Archer,middle,0,28.0,67.0,0.417910447761194,0.2808889845966761,0.36668747087726206
JC Archer,middle,1,21.0,67.0,0.31343283582089554,0.4414331678151601,0.3612834272206206
JC Archer,middle,2,1.0,67.0,0.014925373134328358,0.06664217673287394,0.034258757657149135
JC Archer,middle,3,1.0,67.0,0.014925373134328358,0.002286430887717876,0.010200534911296404
JC Archer,middle,4,4.0,67.0,0.05970149253731343,0.08739739562221321,0.07005510116718251
JC Archer,middle,6,5.0,67.0,0.07462686567164178,0.048281059991892986,0.06477796635210953
JC Archer,middle,W,6.0,67.0,0.08955223880597014,0.04221980137819214,0.07185786967409052
JC Archer,middle,Wd,0.0,67.0,0.0,0.028171868666396434,0.010531539688372497
JC Archer,middle,Nb,1.0,67.0,0.014925373134328358,0.002679114308877179,0.010347332451916703
JC Archer,powerplay,0,3.0,4.0,0.75,0.4228881521678736,0.4526255928798851
JC Archer,powerplay,1,0.0,4.0,0.0,0.25764450947345025,0.23422228133950024
JC Archer,powerplay,2,0.0,4.0,0.0,0.04384827662845184,0.039862069662228945
JC Archer,powerplay,3,0.0,4.0,0.0,0.005028429611245902,0.004571299646587184
JC Archer,powerplay,4,0.0,4.0,0.0,0.15223269683107069,0.1383933607555188
JC Archer,powerplay,6,0.0,4.0,0.0,0.040523771600022226,0.03683979236365657
JC Archer,powerplay,W,1.0,4.0,0.25,0.03919952586446391,0.05836320533133083
JC Archer,powerplay,Wd,0.0,4.0,0.0,0.03486563072990943,0.031696027936281304
JC Archer,powerplay,Nb,0.0,4.0,0.0,0.003769007093512122,0.00342637008501102
JC Buttler,death,0,126.0,647.0,0.1947449768160742,0.21696977459016392,0.19603899706492947
JC Buttler,death,1,223.0,647.0,0.3446676970633694,0.37083760245901637,0.3461914179015439
JC Buttler,death,2,77.0,647.0,0.11901081916537867,0.08837090163934426,0.1172268356121889
JC Buttler,death,3,2.0,647.0,0.0030911901081916537,0.002651127049180328,0.003065567804901329
JC Buttler,death,4,70.0,647.0,0.10819165378670788,0.11151383196721311,0.10838508483069653
JC Buttler,death,6,68.0,647.0,0.10510046367851623,0.07952100409836066,0.1036111210537619
JC Buttler,death,W,44.0,647.0,0.06800618238021638,0.08016137295081967,0.06871390817763143
JC Buttler,death,Wd,32.0,647.0,0.04945904173106646,0.04340420081967213,0.049106503686734915
JC Buttler,death,Nb,5.0,647.0,0.0077279752704791345,0.006570184426229508,0.007660563867611616
JC Buttler,middle,0,540.0,2058.0,0.26239067055393583,0.2808889845966761,0.2627433552830634
JC Buttler,middle,1,885.0,2058.0,0.43002915451895046,0.4414331678151601,0.4302465808925674
JC Buttler,middle,2,179.0,2058.0,0.08697764820213799,0.06664217673287394,0.0865899366393303
JC Buttler,middle,3,5.0,2058.0,0.0024295432458697765,0.002286430887717876,0.002426814697573267
JC Buttler,middle,4,224.0,2058.0,0.10884353741496598,0.08739739562221321,0.10843465005952742
JC Buttler,middle,6,92.0,2058.0,0.04470359572400389,0.048281059991892986,0.044771802859711975
JC Buttler,middle,W,74.0,2058.0,0.03595724003887269,0.04221980137819214,0.03607664063638117
JC Buttler,middle,Wd,54.0,2058.0,0.026239067055393587,0.028171868666396434,0.026275917419759702
JC Buttler,middle,Nb,5.0,2058.0,0.0024295432458697765,0.002679114308877179,0.002434301512085361
JC Buttler,powerplay,0,818.0,2024.0,0.4041501976284585,0.4228881521678736,0.40451333628232317
JC Buttler,powerplay,1,495.0,2024.0,0.24456521739130435,0.25764450947345025,0.24481869204405912
JC Buttler,powerplay,2,97.0,2024.0,0.04792490118577075,0.04384827662845184,0.047845896833884724
JC Buttler,powerplay,3,14.0,2024.0,0.00691699604743083,0.005028429611245902,0.006880395922698564
JC Buttler,powerplay,4,347.0,2024.0,0.17144268774703558,0.15223269683107069,0.17107040110137733
JC Buttler,powerplay,6,113.0,2024.0,0.055830039525691696,0.040523771600022226,0.05553340642635702
JC Buttler,powerplay,W,65.0,2024.0,0.032114624505928856,0.03919952586446391,0.03225192879582294
JC Buttler,powerplay,Wd,68.0,2024.0,0.03359683794466403,0.03486563072990943,0.03362142695213003
JC Buttler,powerplay,Nb,7.0,2024.0,0.003458498023715415,0.003769007093512122,0.0034645156413471343
JD Ryder,death,0,17.0,45.0,0.37777777777777777,0.21696977459016392,0.3021034233365477
JD Ryder,death,1,15.0,45.0,0.3333333333333333,0.37083760245901637,0.3509824011571842
JD Ryder,death,2,4.0,45.0,0.08888888888888889,0.08837090163934426,0.08864513018322083
JD Ryder,death,3,0.0,45.0,0.0,0.002651127049180328,0.0012475891996142718
JD Ryder,death,4,3.0,45.0,0.06666666666666667,0.11151383196721311,0.08777121504339441
JD Ryder,death,6,3.0,45.0,0.06666666666666667,0.07952100409836066,0.07271576663452267
JD Ryder,death,W,2.0,45.0,0.044444444444444446,0.08016137295081967,0.06125241080038572
JD Ryder,death,Wd,1.0,45.0,0.022222222222222223,0.04340420081967213,0.032190212150433946
JD Ryder,death,Nb,0.0,45.0,0.0,0.006570184426229508,0.0030918514946962393
JD Ryder,middle,0,42.0,183.0,0.22950819672131148,0.2808889845966761,0.23872448154200468
JD Ryder,middle,1,86.0,183.0,0.46994535519125685,0.4414331678151601,0.46483106149150855
JD Ryder,middle,2,13.0,183.0,0.07103825136612021,0.06664217673287394,0.07024971779961864
JD Ryder,middle,3,1.0,183.0,0.00546448087431694,0.002286430887717876,0.004894427065061503
JD Ryder,middle,4,18.0,183.0,0.09836065573770492,0.08739739562221321,0.09639415168111448
JD Ryder,middle,6,10.0,183.0,0.0546448087431694,0.048281059991892986,0.05350332914652789
JD Ryder,middle,W,12.0,183.0,0.06557377049180328,0.04221980137819214,0.06138471773599859
JD Ryder,middle,Wd,1.0,183.0,0.00546448087431694,0.028171868666396434,0.00953755491773927
JD Ryder,middle,Nb,0.0,183.0,0.0,0.002679114308877179,0.0004805586204263998
JD Ryder,powerplay,0,161.0,396.0,0.4065656565656566,0.4228881521678736,0.4080631332264104
JD Ryder,powerplay,1,98.0,396.0,0.2474747474747475,0.25764450947345025,0.24840775316270186
JD Ryder,powerplay,2,21.0,396.0,0.05303030303030303,0.04384827662845184,0.05218791528701393
JD Ryder,powerplay,3,4.0,396.0,0.010101010101010102,0.005028429611245902,0.009635635744151
JD Ryder,powerplay,4,59.0,396.0,0.14898989898989898,0.15223269683107069,0.14928740337899732
JD Ryder,powerplay,6,18.0,396.0,0.045454545454545456,0.040523771600022226,0.04500218088073599
JD Ryder,powerplay,W,22.0,396.0,0.05555555555555555,0.03919952586446391,0.054055002372886594
JD Ryder,powerplay,Wd,10.0,396.0,0.025252525252525252,0.03486563072990943,0.026134461534854075
JD Ryder,powerplay,Nb,3.0,396.0,0.007575757575757576,0.003769007093512122,0.007226514412248818
JD Unadkat,death,0,39.0,140.0,0.2785714285714286,0.21696977459016392,0.26488217213114756
JD Unadkat,death,1,49.0,140.0,0.35,0.37083760245901637,0.35463057832422584
JD Unadkat,death,2,16.0,140.0,0.11428571428571428,0.08837090163934426,0.1085268670309654
JD Unadkat,death,3,0.0,140.0,0.0,0.002651127049180328,0.0005891393442622951
JD Unadkat,death,4,14.0,140.0,0.1,0.11151383196721311,0.10255862932604737
JD Unadkat,death,6,6.0,140.0,0.04285714285714286,0.07952100409836066,0.05100466757741348
JD Unadkat,death,W,12.0,140.0,0.08571428571428572,0.08016137295081967,0.08448030510018215
JD Unadkat,death,Wd,4.0,140.0,0.02857142857142857,0.04340420081967213,0.03186760018214936
JD Unadkat,death,Nb,0.0,140.0,0.0,0.006570184426229508,0.0014600409836065574
JD Unadkat,middle,0,15.0,28.0,0.5357142857142857,0.2808889845966761,0.38581704976275066
JD Unadkat,middle,1,9.0,28.0,0.32142857142857145,0.4414331678151601,0.39201951047950595
JD Unadkat,middle,2,0.0,28.0,0.0,0.06664217673287394,0.03920128043110232
JD Unadkat,middle,3,0.0,28.0,0.0,0.002286430887717876,0.0013449593457163977
JD Unadkat,middle,4,2.0,28.0,0.07142857142857142,0.08739739562221321,0.0808219974248313
JD Unadkat,middle,6,1.0,28.0,0.03571428571428571,0.048281059991892986,0.043106505877584106
JD Unadkat,middle,W,1.0,28.0,0.03571428571428571,0.04221980137819214,0.03954105963423067
JD Unadkat,middle,Wd,0.0,28.0,0.0,0.028171868666396434,0.01657168745082143
JD Unadkat,middle,Nb,0.0,28.0,0.0,0.002679114308877179,0.001575949593457164
JDP Oram,death,0,40.0,178.0,0.2247191011235955,0.21696977459016392,0.2232972063468191
JDP Oram,death,1,63.0,178.0,0.3539325842696629,0.37083760245901637,0.35703442246954425
JDP Oram,death,2,16.0,178.0,0.0898876404494382,0.08837090163934426,0.0896093397503384
JDP Oram,death,3,0.0,178.0,0.0,0.002651127049180328,0.0004864453301248308
JDP Oram,death,4,17.0,178.0,0.09550561797752809,0.11151383196721311,0.0984429049481125
JDP Oram,death,6,19.0,178.0,0.10674157303370786,0.07952100409836066,0.101746973229057
JDP Oram,death,W,19.0,178.0,0.10674157303370786,0.08016137295081967,0.10186447210106783
JDP Oram,death,Wd,3.0,178.0,0.016853932584269662,0.04340420081967213,0.021725541434802226
JDP Oram,death,Nb,1.0,178.0,0.0056179775280898875,0.006570184426229508,0.005792694390133855
JDP Oram,middle,0,64.0,175.0,0.3657142857142857,0.2808889845966761,0.34993283434356764
JDP Oram,middle,1,77.0,175.0,0.44,0.4414331678151601,0.4402666358725879
JDP Oram,middle,2,6.0,175.0,0.03428571428571429,0.06664217673287394,0.04030552125262771
JDP Oram,middle,3,0.0,175.0,0.0,0.002286430887717876,0.0004253824907382095
JDP Oram,middle,4,16.0,175.0,0.09142857142857143,0.08739739562221321,0.09067858523203967
JDP Oram,middle,6,3.0,175.0,0.017142857142857144,0.048281059991892986,0.022936011161282414
JDP Oram,middle,W,6.0,175.0,0.03428571428571429,0.04221980137819214,0.0357618235122218
JDP Oram,middle,Wd,3.0,175.0,0.017142857142857144,0.028171868666396434,0.019194766263515614
JDP Oram,middle,Nb,0.0,175.0,0.0,0.002679114308877179,0.00049843987141901
JDS Neesham,death,0,58.0,238.0,0.24369747899159663,0.21696977459016392,0.23985176612808115
JDS Neesham,death,1,83.0,238.0,0.3487394957983193,0.37083760245901637,0.35191907949050594
JDS Neesham,death,2,19.0,238.0,0.07983193277310924,0.08837090163934426,0.08106056138695601
JDS Neesham,death,3,0.0,238.0,0.0,0.002651127049180328,0.00038145712937846446
JDS Neesham,death,4,19.0,238.0,0.07983193277310924,0.11151383196721311,0.0843904794197429
JDS Neesham,death,6,19.0,238.0,0.07983193277310924,0.07952100409836066,0.0797871948342965
JDS Neesham,death,W,23.0,238.0,0.09663865546218488,0.08016137295081967,0.09426782344616111
JDS Neesham,death,Wd,17.0,238.0,0.07142857142857142,0.04340420081967213,0.0673962878877226
JDS Neesham,death,Nb,0.0,238.0,0.0,0.006570184426229508,0.0009453502771553249
JDS Neesham,middle,0,63.0,179.0,0.35195530726256985,0.2808889845966761,0.3389751570039591
JDS Neesham,middle,1,56.0,179.0,0.3128491620111732,0.4414331678151601,0.33633482517171875
JDS Neesham,middle,2,19.0,179.0,0.10614525139664804,0.06664217673287394,0.09893007794207742
JDS Neesham,middle,3,0.0,179.0,0.0,0.002286430887717876,0.0004176129475283792
JDS Neesham,middle,4,17.0,179.0,0.09497206703910614,0.08739739562221321,0.0935885654104499
JDS Neesham,middle,6,7.0,179.0,0.03910614525139665,0.048281059991892986,0.04078192876564255
JDS Neesham,middle,W,10.0,179.0,0.055865921787709494,0.04221980137819214,0.05337347970377938
JDS Neesham,middle,Wd,6.0,179.0,0.0335195530726257,0.028171868666396434,0.03254280706235551
JDS Neesham,middle,Nb,1.0,179.0,0.00558659217877095,0.002679114308877179,0.005055545992488982
JDS Neesham,powerplay,0,7.0,20.0,0.35,0.4228881521678736,0.3985921014452491
JDS Neesham,powerplay,1,3.0,20.0,0.15,0.25764450947345025,0.2217630063156335
JDS Neesham,powerplay,2,1.0,20.0,0.05,0.04384827662845184,0.04589885108563455
JDS Neesham,powerplay,3,0.0,20.0,0.0,0.005028429611245902,0.003352286407497268
JDS Neesham,powerplay,4,4.0,20.0,0.2,0.15223269683107069,0.1681551312207138
JDS Neesham,powerplay,6,1.0,20.0,0.05,0.040523771600022226,0.04368251440001482
JDS Neesham,powerplay,W,3.0,20.0,0.15,0.03919952586446391,0.07613301724297594
JDS Neesham,powerplay,Wd,1.0,20.0,0.05,0.03486563072990943,0.03991042048660629
JDS Neesham,powerplay,Nb,0.0,20.0,0.0,0.003769007093512122,0.0025126713956747483
JE Root,death,0,13.0,79.0,0.16455696202531644,0.21696977459016392,0.18217471414795428
JE Root,death,1,29.0,79.0,0.3670886075949367,0.37083760245901637,0.36834877393580384
JE Root,death,2,9.0,79.0,0.11392405063291139,0.08837090163934426,0.1053347568535611
JE Root,death,3,0.0,79.0,0.0,0.002651127049180328,0.0008911351425816228
JE Root,death,4,17.0,79.0,0.21518987341772153,0.11151383196721311,0.18034078385452543
JE Root,death,6,2.0,79.0,0.02531645569620253,0.07952100409836066,0.04353647196583552
JE Root,death,W,4.0,79.0,0.05063291139240506,0.08016137295081967,0.06055844468935115
JE Root,death,Wd,3.0,79.0,0.0379746835443038,0.04340420081967213,0.03979973136795702
JE Root,death,Nb,2.0,79.0,0.02531645569620253,0.006570184426229508,0.019015188042430086
JE Root,middle,0,77.0,324.0,0.23765432098765432,0.2808889845966761,0.24240538292271166
JE Root,middle,1,155.0,324.0,0.4783950617283951,0.4414331678151601,0.47433331514452304
JE Root,middle,2,29.0,324.0,0.08950617283950617,0.06664217673287394,0.0869936457948213
JE Root,middle,3,0.0,324.0,0.0,0.002286430887717876,0.0002512561415074589
JE Root,middle,4,32.0,324.0,0.09876543209876543,0.08739739562221321,0.09751619732112234
JE Root,middle,6,9.0,324.0,0.027777777777777776,0.048281059991892986,0.030030885713394833
JE Root,middle,W,12.0,324.0,0.037037037037037035,0.04221980137819214,0.03760657158002111
JE Root,middle,Wd,9.0,324.0,0.027777777777777776,0.028171868666396434,0.027821084468834776
JE Root,middle,Nb,1.0,324.0,0.0030864197530864196,0.002679114308877179,0.0030416609130634264
JE Root,powerplay,0,78.0,182.0,0.42857142857142855,0.4228881521678736,0.4275474148050223
JE Root,powerplay,1,56.0,182.0,0.3076923076923077,0.25764450947345025,0.29867468639161265
JE Root,powerplay,2,9.0,182.0,0.04945054945054945,0.04384827662845184,0.04844113092404538
JE Root,powerplay,3,2.0,182.0,0.01098901098901099,0.005028429611245902,0.00991503236238665
JE Root,powerplay,4,26.0,182.0,0.14285714285714285,0.15223269683107069,0.1445464318614542
JE Root,powerplay,6,3.0,182.0,0.016483516483516484,0.040523771600022226,0.02081509398198599
JE Root,powerplay,W,3.0,182.0,0.016483516483516484,0.03919952586446391,0.020576491146750253
JE Root,powerplay,Wd,5.0,182.0,0.027472527472527472,0.03486563072990943,0.02880461814953323
JE Root,powerplay,Nb,0.0,182.0,0.0,0.003769007093512122,0.0006791003772093914
JE Taylor,death,0,17.0,51.0,0.3333333333333333,0.21696977459016392,0.28218451630336877
JE Taylor,death,1,14.0,51.0,0.27450980392156865,0.37083760245901637,0.31685169338857866
JE Taylor,death,2,5.0,51.0,0.09803921568627451,0.08837090163934426,0.09378940731399749
JE Taylor,death,3,0.0,51.0,0.0,0.002651127049180328,0.001165330571068276
JE Taylor,death,4,4.0,51.0,0.0784313725490196,0.11151383196721311,0.09297311295262116
JE Taylor,death,6,3.0,51.0,0.058823529411764705,0.07952100409836066,0.0679213204827959
JE Taylor,death,W,7.0,51.0,0.13725490196078433,0.08016137295081967,0.11215884525310754
JE Taylor,death,Wd,1.0,51.0,0.0196078431372549,0.04340420081967213,0.030067780580075663
JE Taylor,death,Nb,0.0,51.0,0.0,0.006570184426229508,0.002887993154386597
JE Taylor,middle,0,6.0,15.0,0.4,0.2808889845966761,0.3133738069794008
JE Taylor,middle,1,3.0,15.0,0.2,0.4414331678151601,0.37558775841102554
JE Taylor,middle,2,2.0,15.0,0.13333333333333333,0.06664217673287394,0.08483067398754468
JE Taylor,middle,3,0.0,15.0,0.0,0.002286430887717876,0.0016628588274311825
JE Taylor,middle,4,0.0,15.0,0.0,0.08739739562221321,0.06356174227070052
JE Taylor,middle,6,2.0,15.0,0.13333333333333333,0.048281059991892986,0.07147713453955853
JE Taylor,middle,W,2.0,15.0,0.13333333333333333,0.04221980137819214,0.06706894645686702
JE Taylor,middle,Wd,0.0,15.0,0.0,0.028171868666396434,0.020488631757379222
JE Taylor,middle,Nb,0.0,15.0,0.0,0.002679114308877179,0.0019484467700924936
JEC Franklin,death,0,28.0,132.0,0.21212121212121213,0.21696977459016392,0.21324878478841025
JEC Franklin,death,1,60.0,132.0,0.45454545454545453,0.37083760245901637,0.43507851219977123
JEC Franklin,death,2,13.0,132.0,0.09848484848484848,0.08837090163934426,0.09613276782310332
JEC Franklin,death,3,0.0,132.0,0.0,0.002651127049180328,0.0006165411742279832
JEC Franklin,death,4,14.0,132.0,0.10606060606060606,0.11151383196721311,0.10732879813191003
JEC Franklin,death,6,5.0,132.0,0.03787878787878788,0.07952100409836066,0.047563024208921084
JEC Franklin,death,W,8.0,132.0,0.06060606060606061,0.08016137295081967,0.06515380766298132
JEC Franklin,death,Wd,3.0,132.0,0.022727272727272728,0.04340420081967213,0.027535860655737706
JEC Franklin,death,Nb,1.0,132.0,0.007575757575757576,0.006570184426229508,0.007341903354937095
JEC Franklin,middle,0,76.0,244.0,0.3114754098360656,0.2808889845966761,0.30716746261925015
JEC Franklin,middle,1,114.0,244.0,0.4672131147540984,0.4414331678151601,0.46358213631199435
JEC Franklin,middle,2,16.0,244.0,0.06557377049180328,0.06664217673287394,0.06572425024406675
JEC Franklin,middle,3,0.0,244.0,0.0,0.002286430887717876,0.00032203251939688394
JEC Franklin,middle,4,11.0,244.0,0.045081967213114756,0.08739739562221321,0.051041886707353976
JEC Franklin,middle,6,10.0,244.0,0.040983606557377046,0.048281059991892986,0.042011416900266614
JEC Franklin,middle,W,11.0,244.0,0.045081967213114756,0.04221980137819214,0.044678845264534105
JEC Franklin,middle,Wd,6.0,244.0,0.02459016393442623,0.028171868666396434,0.025094629389633298
JEC Franklin,middle,Nb,0.0,244.0,0.0,0.002679114308877179,0.000377340043503828
JEC Franklin,powerplay,0,52.0,101.0,0.5148514851485149,0.4228881521678736,0.4887625963596805
JEC Franklin,powerplay,1,29.0,101.0,0.2871287128712871,0.25764450947345025,0.2787643998506242
JEC Franklin,powerplay,2,4.0,101.0,0.039603960396039604,0.04384827662845184,0.040808021738567894
JEC Franklin,powerplay,3,0.0,101.0,0.0,0.005028429611245902,0.0014265048542541567
JEC Franklin,powerplay,4,7.0,101.0,0.06930693069306931,0.15223269683107069,0.09283197073221863
JEC Franklin,powerplay,6,1.0,101.0,0.009900990099009901,0.040523771600022226,0.018588304000006307
JEC Franklin,powerplay,W,2.0,101.0,0.019801980198019802,0.03919952586446391,0.025304830032472032
JEC Franklin,powerplay,Wd,4.0,101.0,0.039603960396039604,0.03486563072990943,0.03825975339855586
JEC Franklin,powerplay,Nb,2.0,101.0,0.019801980198019802,0.003769007093512122,0.01525361903362046
JG Bethell,death,0,14.0,69.0,0.2028985507246377,0.21696977459016392,0.208062302601895
JG Bethell,death,1,25.0,69.0,0.36231884057971014,0.37083760245901637,0.3654449917280794
JG Bethell,death,2,6.0,69.0,0.08695652173913043,0.08837090163934426,0.08747556023462175
JG Bethell,death,3,0.0,69.0,0.0,0.002651127049180328,0.0009728906602496616
JG Bethell,death,4,3.0,69.0,0.043478260869565216,0.11151383196721311,0.06844544292374793
JG Bethell,death,6,10.0,69.0,0.14492753623188406,0.07952100409836066,0.12092513911866447
JG Bethell,death,W,4.0,69.0,0.057971014492753624,0.08016137295081967,0.06611426530305309
JG Bethell,death,Wd,7.0,69.0,0.10144927536231885,0.04340420081967213,0.08014833057602647
JG Bethell,death,Nb,0.0,69.0,0.0,0.006570184426229508,0.002411076853662205
JG Bethell,middle,0,42.0,152.0,0.27631578947368424,0.2808889845966761,0.2772685384576408
JG Bethell,middle,1,61.0,152.0,0.40131578947368424,0.4414331678151601,0.40967357662815834
JG Bethell,middle,2,12.0,152.0,0.07894736842105263,0.06664217673287394,0.07638378681934874
JG Bethell,middle,3,0.0,152.0,0.0,0.002286430887717876,0.0004763397682745575
JG Bethell,middle,4,19.0,152.0,0.125,0.08739739562221321,0.11716612408796108
JG Bethell,middle,6,7.0,152.0,0.046052631578947366,0.048281059991892986,0.04651688749831104
JG Bethell,middle,W,6.0,152.0,0.039473684210526314,0.04221980137819214,0.04004579195379003
JG Bethell,middle,Wd,5.0,152.0,0.03289473684210526,0.028171868666396434,0.031910805972165925
JG Bethell,middle,Nb,0.0,152.0,0.0,0.002679114308877179,0.0005581488143494123
JG Bethell,powerplay,0,60.0,163.0,0.36809815950920244,0.4228881521678736,0.3788942171759357
JG Bethell,powerplay,1,38.0,163.0,0.2331288343558282,0.25764450947345025,0.23795950925585227
JG Bethell,powerplay,2,4.0,163.0,0.024539877300613498,0.04384827662845184,0.028344488005606273
JG Bethell,powerplay,3,0.0,163.0,0.0,0.005028429611245902,0.0009908235687184042
JG Bethell,powerplay,4,30.0,163.0,0.18404907975460122,0.15223269683107069,0.17777984174011247
JG Bethell,powerplay,6,13.0,163.0,0.07975460122699386,0.040523771600022226,0.07202438849261522
JG Bethell,powerplay,W,14.0,163.0,0.08588957055214724,0.03919952586446391,0.07668956174669239
JG Bethell,powerplay,Wd,4.0,163.0,0.024539877300613498,0.03486563072990943,0.026574508518208754
JG Bethell,powerplay,Nb,0.0,163.0,0.0,0.003769007093512122,0.0007426614962585462
JH Kallis,death,0,33.0,215.0,0.15348837209302327,0.21696977459016392,0.16344623915139828
JH Kallis,death,1,89.0,215.0,0.413953488372093,0.37083760245901637,0.40719021215043394
JH Kallis,death,2,21.0,215.0,0.09767441860465116,0.08837090163934426,0.09621504339440694
JH Kallis,death,3,1.0,215.0,0.004651162790697674,0.002651127049180328,0.004337431693989071
JH Kallis,death,4,35.0,215.0,0.16279069767441862,0.11151383196721311,0.15474726775956282
JH Kallis,death,6,13.0,215.0,0.06046511627906977,0.07952100409836066,0.06345427515268402
JH Kallis,death,W,21.0,215.0,0.09767441860465116,0.08016137295081967,0.09492727418836387
JH Kallis,death,Wd,2.0,215.0,0.009302325581395349,0.04340420081967213,0.014651639344262295
JH Kallis,death,Nb,0.0,215.0,0.0,0.006570184426229508,0.0010306171648987465
JH Kallis,middle,0,302.0,1034.0,0.29206963249516443,0.2808889845966761,0.29165322102780916
JH Kallis,middle,1,531.0,1034.0,0.5135396518375241,0.4414331678151601,0.5108541217063374
JH Kallis,middle,2,62.0,1034.0,0.059961315280464215,0.06664217673287394,0.060210136936047445
JH Kallis,middle,3,3.0,1034.0,0.0029013539651837525,0.002286430887717876,0.0028784518021496416
JH Kallis,middle,4,67.0,1034.0,0.06479690522243714,0.08739739562221321,0.06563863670846232
JH Kallis,middle,6,19.0,1034.0,0.0183752417794971,0.048281059991892986,0.01948905251366454
JH Kallis,middle,W,32.0,1034.0,0.030947775628626693,0.04221980137819214,0.031367590367902876
JH Kallis,middle,Wd,16.0,1034.0,0.015473887814313346,0.028171868666396434,0.015946810751076217
JH Kallis,middle,Nb,2.0,1034.0,0.0019342359767891683,0.002679114308877179,0.0019619781865503607
JH Kallis,powerplay,0,443.0,953.0,0.4648478488982162,0.4228881521678736,0.4631576294931671
JH Kallis,powerplay,1,252.0,953.0,0.2644281217208814,0.25764450947345025,0.2641548644299477
JH Kallis,powerplay,2,35.0,953.0,0.03672612801678909,0.04384827662845184,0.037013022220682854
JH Kallis,powerplay,3,5.0,953.0,0.005246589716684155,0.005028429611245902,0.005237801797029039
JH Kallis,powerplay,4,139.0,953.0,0.1458551941238195,0.15223269683107069,0.14611209252088905
JH Kallis,powerplay,6,13.0,953.0,0.013641133263378805,0.040523771600022226,0.014724018996979747
JH Kallis,powerplay,W,28.0,953.0,0.02938090241343127,0.03919952586446391,0.029776415946201968
JH Kallis,powerplay,Wd,32.0,953.0,0.033578174186778595,0.03486563072990943,0.03363003547753915
JH Kallis,powerplay,Nb,6.0,953.0,0.0062959076600209865,0.003769007093512122,0.006194119117563429
JJ Bumrah,death,0,33.0,92.0,0.358695652173913,0.21696977459016392,0.31574841654247393
JJ Bumrah,death,1,33.0,92.0,0.358695652173913,0.37083760245901637,0.3623750310481868
JJ Bumrah,death,2,5.0,92.0,0.05434782608695652,0.08837090163934426,0.06465784898161947
JJ Bumrah,death,3,0.0,92.0,0.0,0.002651127049180328,0.0008033718330849478
JJ Bumrah,death,4,6.0,92.0,0.06521739130434782,0.11151383196721311,0.07924661574764034
JJ Bumrah,death,6,1.0,92.0,0.010869565217391304,0.07952100409836066,0.03167303154495778
JJ Bumrah,death,W,10.0,92.0,0.10869565217391304,0.08016137295081967,0.10004890089418778
JJ Bumrah,death,Wd,3.0,92.0,0.03260869565217391,0.04340420081967213,0.0358800608544461
JJ Bumrah,death,Nb,1.0,92.0,0.010869565217391304,0.006570184426229508,0.00956672255340288
JJ Bumrah,middle,0,3.0,7.0,0.42857142857142855,0.2808889845966761,0.30288424220993715
JJ Bumrah,middle,1,2.0,7.0,0.2857142857142857,0.4414331678151601,0.41824099388524266
JJ Bumrah,middle,2,0.0,7.0,0.0,0.06664217673287394,0.05671674615563739
JJ Bumrah,middle,3,0.0,7.0,0.0,0.002286430887717876,0.0019458986278450008
JJ Bumrah,middle,4,2.0,7.0,0.2857142857142857,0.08739739562221321,0.11693395372103252
JJ Bumrah,middle,6,0.0,7.0,0.0,0.048281059991892986,0.04109026382288764
JJ Bumrah,middle,W,0.0,7.0,0.0,0.04221980137819214,0.03593174585378055
JJ Bumrah,middle,Wd,0.0,7.0,0.0,0.028171868666396434,0.023976058439486324
JJ Bumrah,middle,Nb,0.0,7.0,0.0,0.002679114308877179,0.0022800972841507906
JJ Roy,death,0,7.0,23.0,0.30434782608695654,0.21696977459016392,0.24886969815248502
JJ Roy,death,1,9.0,23.0,0.391304347826087,0.37083760245901637,0.37830958886286753
JJ Roy,death,2,1.0,23.0,0.043478260869565216,0.08837090163934426,0.07198152485037732
JJ Roy,death,3,0.0,23.0,0.0,0.002651127049180328,0.001683255269320843
JJ Roy,death,4,3.0,23.0,0.13043478260869565,0.11151383196721311,0.11842148061410357
JJ Roy,death,6,3.0,23.0,0.13043478260869565,0.07952100409836066,0.09810857403070519
JJ Roy,death,W,0.0,23.0,0.0,0.08016137295081967,0.050896109810044235
JJ Roy,death,Wd,0.0,23.0,0.0,0.04340420081967213,0.027558222742648974
JJ Roy,death,Nb,0.0,23.0,0.0,0.006570184426229508,0.004171545667447307
JJ Roy,middle,0,75.0,313.0,0.23961661341853036,0.2808889845966761,0.24429336935939672
JJ Roy,middle,1,129.0,313.0,0.41214057507987223,0.4414331678151601,0.41545984904421074
JJ Roy,middle,2,17.0,313.0,0.054313099041533544,0.06664217673287394,0.055710161669447464
JJ Roy,middle,3,1.0,313.0,0.003194888178913738,0.002286430887717876,0.003091946842800893
JJ Roy,middle,4,36.0,313.0,0.11501597444089456,0.08739739562221321,0.1118863904387777
JJ Roy,middle,6,19.0,313.0,0.06070287539936102,0.048281059991892986,0.059295304248373135
JJ Roy,middle,W,24.0,313.0,0.07667731629392971,0.04221980137819214,0.07277278202585746
JJ Roy,middle,Wd,12.0,313.0,0.038338658146964855,0.028171868666396434,0.0371866140131894
JJ Roy,middle,Nb,0.0,313.0,0.0,0.002679114308877179,0.00030358235794642255
JJ Roy,powerplay,0,420.0,995.0,0.4221105527638191,0.4228881521678736,0.4221406049147004
JJ Roy,powerplay,1,243.0,995.0,0.2442211055276382,0.25764450947345025,0.2447398844240947
JJ Roy,powerplay,2,52.0,995.0,0.05226130653266332,0.04384827662845184,0.05193616528032664
JJ Roy,powerplay,3,4.0,995.0,0.004020100502512563,0.005028429611245902,0.004059069743429794
JJ Roy,powerplay,4,152.0,995.0,0.1527638190954774,0.15223269683107069,0.1527432926311525
JJ Roy,powerplay,6,46.0,995.0,0.04623115577889447,0.040523771600022226,0.046010580544928396
JJ Roy,powerplay,W,43.0,995.0,0.04321608040201005,0.03919952586446391,0.0430608512411387
JJ Roy,powerplay,Wd,34.0,995.0,0.034170854271356785,0.03486563072990943,0.03419770553545544
JJ Roy,powerplay,Nb,1.0,995.0,0.0010050251256281408,0.003769007093512122,0.0011118456847734152
JJ van der Wath,death,0,8.0,36.0,0.2222222222222222,0.21696977459016392,0.2194577761000863
JJ van der Wath,death,1,13.0,36.0,0.3611111111111111,0.37083760245901637,0.36623031708369286
JJ van der Wath,death,2,5.0,36.0,0.1388888888888889,0.08837090163934426,0.1123004745470233
JJ van der Wath,death,3,0.0,36.0,0.0,0.002651127049180328,0.0013953300258843831
JJ van der Wath,death,4,4.0,36.0,0.1111111111111111,0.11151383196721311,0.11132306945642796
JJ van der Wath,death,6,1.0,36.0,0.027777777777777776,0.07952100409836066,0.05501105478861088
JJ van der Wath,death,W,3.0,36.0,0.08333333333333333,0.08016137295081967,0.0816638805004314
JJ van der Wath,death,Wd,1.0,36.0,0.027777777777777776,0.04340420081967213,0.03600221095772218
JJ van der Wath,death,Nb,1.0,36.0,0.027777777777777776,0.006570184426229508,0.016615886540120795
JJ van der Wath,middle,0,5.0,11.0,0.45454545454545453,0.2808889845966761,0.3183443016444519
JJ van der Wath,middle,1,5.0,11.0,0.45454545454545453,0.4414331678151601,0.44426130809032166
JJ van der Wath,middle,2,0.0,11.0,0.0,0.06664217673287394,0.05226837390813642
JJ van der Wath,middle,3,0.0,11.0,0.0,0.002286430887717876,0.0017932791276218634
JJ van der Wath,middle,4,0.0,11.0,0.0,0.08739739562221321,0.0685469769585986
JJ van der Wath,middle,6,0.0,11.0,0.0,0.048281059991892986,0.037867498032857244
JJ van der Wath,middle,W,1.0,11.0,0.09090909090909091,0.04221980137819214,0.0527214128456409
JJ van der Wath,middle,Wd,0.0,11.0,0.0,0.028171868666396434,0.02209558326776191
JJ van der Wath,middle,Nb,0.0,11.0,0.0,0.002679114308877179,0.002101266124609552
JL Denly,death,0,9.0,33.0,0.2727272727272727,0.21696977459016392,0.2421752189535145
JL Denly,death,1,15.0,33.0,0.45454545454545453,0.37083760245901637,0.40867813833370764
JL Denly,death,2,3.0,33.0,0.09090909090909091,0.08837090163934426,0.08951830226813384
JL Denly,death,3,0.0,33.0,0.0,0.002651127049180328,0.0014526723557152482
JL Denly,death,4,4.0,33.0,0.12121212121212122,0.11151383196721311,0.1158979901190209
JL Denly,death,6,0.0,33.0,0.0,0.07952100409836066,0.04357315293060858
JL Denly,death,W,2.0,33.0,0.06060606060606061,0.08016137295081967,0.07132130024702447
JL Denly,death,Wd,0.0,33.0,0.0,0.04340420081967213,0.02378312373680665
JL Denly,death,Nb,0.0,33.0,0.0,0.006570184426229508,0.003600101055468224
JL Denly,middle,0,7.0,16.0,0.4375,0.2808889845966761,0.32563498899762583
JL Denly,middle,1,6.0,16.0,0.375,0.4414331678151601,0.4224522627251144
JL Denly,middle,2,0.0,16.0,0.0,0.06664217673287394,0.047601554809195666
JL Denly,middle,3,0.0,16.0,0.0,0.002286430887717876,0.001633164919798483
JL Denly,middle,4,3.0,16.0,0.1875,0.08739739562221321,0.11599813973015229
JL Denly,middle,6,0.0,16.0,0.0,0.048281059991892986,0.034486471422780704
JL Denly,middle,W,0.0,16.0,0.0,0.04221980137819214,0.030157000984422956
JL Denly,middle,Wd,0.0,16.0,0.0,0.028171868666396434,0.02012276333314031
JL Denly,middle,Nb,0.0,16.0,0.0,0.002679114308877179,0.0019136530777694135
JL Denly,powerplay,0,9.0,24.0,0.375,0.4228881521678736,0.404930095104921
JL Denly,powerplay,1,6.0,24.0,0.25,0.25764450947345025,0.2547778184209064
JL Denly,powerplay,2,1.0,24.0,0.041666666666666664,0.04384827662845184,0.043030172892782395
JL Denly,powerplay,3,0.0,24.0,0.0,0.005028429611245902,0.0031427685070286888
JL Denly,powerplay,4,2.0,24.0,0.08333333333333333,0.15223269683107069,0.12639543551941917
JL Denly,powerplay,6,0.0,24.0,0.0,0.040523771600022226,0.025327357250013893
JL Denly,powerplay,W,5.0,24.0,0.20833333333333334,0.03919952586446391,0.10262470366528995
JL Denly,powerplay,Wd,1.0,24.0,0.041666666666666664,0.03486563072990943,0.0374160192061934
JL Denly,powerplay,Nb,0.0,24.0,0.0,0.003769007093512122,0.0023556294334450764
JL Pattinson,death,0,4.0,16.0,0.25,0.21696977459016392,0.2264069818501171
JL Pattinson,death,1,8.0,16.0,0.5,0.37083760245901637,0.40774114461358313
JL Pattinson,death,2,0.0,16.0,0.0,0.08837090163934426,0.0631220725995316
JL Pattinson,death,3,0.0,16.0,0.0,0.002651127049180328,0.0018936621779859484
JL Pattinson,death,4,3.0,16.0,0.1875,0.11151383196721311,0.1332241656908665
JL Pattinson,death,6,0.0,16.0,0.0,0.07952100409836066,0.056800717213114756
JL Pattinson,death,W,1.0,16.0,0.0625,0.08016137295081967,0.07511526639344261
JL Pattinson,death,Wd,0.0,16.0,0.0,0.04340420081967213,0.031003000585480094
JL Pattinson,death,Nb,0.0,16.0,0.0,0.006570184426229508,0.00469298887587822
JM Bairstow,death,0,47.0,177.0,0.2655367231638418,0.21696977459016392,0.25658429024703483
JM Bairstow,death,1,62.0,177.0,0.3502824858757062,0.37083760245901637,0.35407144745788316
JM Bairstow,death,2,17.0,177.0,0.096045197740113,0.08837090163934426,0.09463058094734457
JM Bairstow,death,3,1.0,177.0,0.005649717514124294,0.002651127049180328,0.00509698194454937
JM Bairstow,death,4,18.0,177.0,0.1016949152542373,0.11151383196721311,0.10350485381884113
JM Bairstow,death,6,13.0,177.0,0.07344632768361582,0.07952100409836066,0.07456608370476694
JM Bairstow,death,W,14.0,177.0,0.07909604519774012,0.08016137295081967,0.07929241897710962
JM Bairstow,death,Wd,4.0,177.0,0.022598870056497175,0.04340420081967213,0.026433954068142328
JM Bairstow,death,Nb,1.0,177.0,0.005649717514124294,0.006570184426229508,0.00581938883432802
JM Bairstow,middle,0,240.0,895.0,0.2681564245810056,0.2808889845966761,0.26870113303087384
JM Bairstow,middle,1,369.0,895.0,0.4122905027932961,0.4414331678151601,0.4135372478209694
JM Bairstow,middle,2,69.0,895.0,0.07709497206703911,0.06664217673287394,0.07664779365702135
JM Bairstow,middle,3,2.0,895.0,0.0022346368715083797,0.002286430887717876,0.0022368526582980906
JM Bairstow,middle,4,92.0,895.0,0.10279329608938548,0.08739739562221321,0.10213464794105725
JM Bairstow,middle,6,62.0,895.0,0.06927374301675977,0.048281059991892986,0.06837566032050879
JM Bairstow,middle,W,38.0,895.0,0.042458100558659215,0.04221980137819214,0.04244790594131303
JM Bairstow,middle,Wd,20.0,895.0,0.0223463687150838,0.028171868666396434,0.022595587964337815
JM Bairstow,middle,Nb,3.0,895.0,0.0033519553072625698,0.002679114308877179,0.003323170665620414
JM Bairstow,powerplay,0,356.0,867.0,0.41061130334486734,0.4228881521678736,0.4111527299743274
JM Bairstow,powerplay,1,222.0,867.0,0.2560553633217993,0.25764450947345025,0.2561254469448049
JM Bairstow,powerplay,2,39.0,867.0,0.04498269896193772,0.04384827662845184,0.04493266931106734
JM Bairstow,powerplay,3,5.0,867.0,0.0057670126874279125,0.005028429611245902,0.005734440115159687
JM Bairstow,powerplay,4,144.0,867.0,0.16608996539792387,0.15223269683107069,0.16547883999254998
JM Bairstow,powerplay,6,42.0,867.0,0.04844290657439446,0.040523771600022226,0.04809366137155555
JM Bairstow,powerplay,W,29.0,867.0,0.03344867358708189,0.03919952586446391,0.03370229441519135
JM Bairstow,powerplay,Wd,26.0,867.0,0.029988465974625143,0.03486563072990943,0.030203555930756756
JM Bairstow,powerplay,Nb,4.0,867.0,0.00461361014994233,0.003769007093512122,0.004576361944587084
JM Kemp,death,0,9.0,35.0,0.2571428571428571,0.21696977459016392,0.2357172131147541
JM Kemp,death,1,12.0,35.0,0.34285714285714286,0.37083760245901637,0.3577800546448087
JM Kemp,death,2,2.0,35.0,0.05714285714285714,0.08837090163934426,0.07379781420765028
JM Kemp,death,3,0.0,35.0,0.0,0.002651127049180328,0.0014139344262295082
JM Kemp,death,4,4.0,35.0,0.11428571428571428,0.11151383196721311,0.11280737704918034
JM Kemp,death,6,3.0,35.0,0.08571428571428572,0.07952100409836066,0.08241120218579236
JM Kemp,death,W,2.0,35.0,0.05714285714285714,0.08016137295081967,0.06941939890710382
JM Kemp,death,Wd,3.0,35.0,0.08571428571428572,0.04340420081967213,0.06314890710382513
JM Kemp,death,Nb,0.0,35.0,0.0,0.006570184426229508,0.0035040983606557377
JM Kemp,middle,0,23.0,78.0,0.2948717948717949,0.2808889845966761,0.2901318591853139
JM Kemp,middle,1,30.0,78.0,0.38461538461538464,0.4414331678151601,0.40387565010683396
JM Kemp,middle,2,7.0,78.0,0.08974358974358974,0.06664217673287394,0.08191260228233015
JM Kemp,middle,3,1.0,78.0,0.01282051282051282,0.002286430887717876,0.009249637589056907
JM Kemp,middle,4,10.0,78.0,0.1282051282051282,0.08739739562221321,0.11437199851600448
JM Kemp,middle,6,4.0,78.0,0.05128205128205128,0.048281059991892986,0.05026476609894678
JM Kemp,middle,W,2.0,78.0,0.02564102564102564,0.04221980137819214,0.03126094961972615
JM Kemp,middle,Wd,1.0,78.0,0.01282051282051282,0.028171868666396434,0.0180243622597954
JM Kemp,middle,Nb,0.0,78.0,0.0,0.002679114308877179,0.000908174341992264
JM Kemp,powerplay,0,21.0,26.0,0.8076923076923077,0.4228881521678736,0.5744776679805295
JM Kemp,powerplay,1,4.0,26.0,0.15384615384615385,0.25764450947345025,0.21675424816572741
JM Kemp,powerplay,2,0.0,26.0,0.0,0.04384827662845184,0.02657471310815263
JM Kemp,powerplay,3,0.0,26.0,0.0,0.005028429611245902,0.003047533097724789
JM Kemp,powerplay,4,1.0,26.0,0.038461538461538464,0.15223269683107069,0.10741375565519436
JM Kemp,powerplay,6,0.0,26.0,0.0,0.040523771600022226,0.024559861575771048
JM Kemp,powerplay,W,0.0,26.0,0.0,0.03919952586446391,0.023757288402705398
JM Kemp,powerplay,Wd,0.0,26.0,0.0,0.03486563072990943,0.021130685290854205
JM Kemp,powerplay,Nb,0.0,26.0,0.0,0.003769007093512122,0.00228424672334068
JM Sharma,death,0,55.0,253.0,0.21739130434782608,0.21696977459016392,0.2173337576232306
JM Sharma,death,1,79.0,253.0,0.31225296442687744,0.37083760245901637,0.3202508672298998
JM Sharma,death,2,19.0,253.0,0.07509881422924901,0.08837090163934426,0.07691070329547361
JM Sharma,death,3,1.0,253.0,0.003952569169960474,0.002651127049180328,0.0037748978906730827
JM Sharma,death,4,31.0,253.0,0.1225296442687747,0.11151383196721311,0.12102577910815195
JM Sharma,death,6,27.0,253.0,0.1067193675889328,0.07952100409836066,0.10300628042298439
JM Sharma,death,W,24.0,253.0,0.09486166007905138,0.08016137295081967,0.09285479494209142
JM Sharma,death,Wd,16.0,253.0,0.06324110671936758,0.04340420081967213,0.06053299669893135
JM Sharma,death,Nb,1.0,253.0,0.003952569169960474,0.006570184426229508,0.004309922788563755
JM Sharma,middle,0,132.0,388.0,0.3402061855670103,0.2808889845966761,0.334662521924923
JM Sharma,middle,1,136.0,388.0,0.35051546391752575,0.4414331678151601,0.35901244559020185
JM Sharma,middle,2,23.0,388.0,0.059278350515463915,0.06664217673287394,0.05996655857316578
JM Sharma,middle,3,1.0,388.0,0.002577319587628866,0.002286430887717876,0.002550133727824101
JM Sharma,middle,4,46.0,388.0,0.11855670103092783,0.08739739562221321,0.11564461641329095
JM Sharma,middle,6,24.0,388.0,0.061855670103092786,0.048281059991892986,0.06058701495251336
JM Sharma,middle,W,15.0,388.0,0.03865979381443299,0.04221980137819214,0.0389925048017002
JM Sharma,middle,Wd,10.0,388.0,0.02577319587628866,0.028171868666396434,0.025997370903401536
JM Sharma,middle,Nb,1.0,388.0,0.002577319587628866,0.002679114308877179,0.0025868331129791757
JM Sharma,powerplay,0,13.0,23.0,0.5652173913043478,0.4228881521678736,0.4748496204240467
JM Sharma,powerplay,1,5.0,23.0,0.21739130434782608,0.25764450947345025,0.24294889490377794
JM Sharma,powerplay,2,0.0,23.0,0.0,0.04384827662845184,0.027840175637112278
JM Sharma,powerplay,3,0.0,23.0,0.0,0.005028429611245902,0.0031926537214259695
JM Sharma,powerplay,4,2.0,23.0,0.08695652173913043,0.15223269683107069,0.12840171227369568
JM Sharma,powerplay,6,0.0,23.0,0.0,0.040523771600022226,0.02572937879366491
JM Sharma,powerplay,W,3.0,23.0,0.13043478260869565,0.03919952586446391,0.0725076354695009
JM Sharma,powerplay,Wd,0.0,23.0,0.0,0.03486563072990943,0.0221369083999425
JM Sharma,powerplay,Nb,0.0,23.0,0.0,0.003769007093512122,0.0023930203768330934
JO Holder,death,0,84.0,364.0,0.23076923076923078,0.21696977459016392,0.22940294797922417
JO Holder,death,1,128.0,364.0,0.3516483516483517,0.37083760245901637,0.3535482774711898
JO Holder,death,2,20.0,364.0,0.054945054945054944,0.08837090163934426,0.05825454471676676
JO Holder,death,3,2.0,364.0,0.005494505494505495,0.002651127049180328,0.005212982876156467
JO Holder,death,4,34.0,364.0,0.09340659340659341,0.11151383196721311,0.09519938930368446
JO Holder,death,6,45.0,364.0,0.12362637362637363,0.07952100409836066,0.11925950535627333
JO Holder,death,W,36.0,364.0,0.0989010989010989,0.08016137295081967,0.09704568049018017
JO Holder,death,Wd,12.0,364.0,0.03296703296703297,0.04340420081967213,0.034000415922739814
JO Holder,death,Nb,3.0,364.0,0.008241758241758242,0.006570184426229508,0.0080762558837851
JO Holder,middle,0,101.0,312.0,0.32371794871794873,0.2808889845966761,0.318851020976895
JO Holder,middle,1,126.0,312.0,0.40384615384615385,0.4414331678151601,0.40811740543354086
JO Holder,middle,2,20.0,312.0,0.0641025641025641,0.06664217673287394,0.0643911564469175
JO Holder,middle,3,0.0,312.0,0.0,0.002286430887717876,0.0002598216917861223
JO Holder,middle,4,15.0,312.0,0.04807692307692308,0.08739739562221321,0.05254515859343332
JO Holder,middle,6,24.0,312.0,0.07692307692307693,0.048281059991892986,0.07366830227180601
JO Holder,middle,W,19.0,312.0,0.060897435897435896,0.04221980137819214,0.058774977429340014
JO Holder,middle,Wd,5.0,312.0,0.016025641025641024,0.028171868666396434,0.017405894166635957
JO Holder,middle,Nb,2.0,312.0,0.00641025641025641,0.002679114308877179,0.005986262989645135
JO Holder,powerplay,0,21.0,29.0,0.7241379310344828,0.4228881521678736,0.5495003780683326
JO Holder,powerplay,1,1.0,29.0,0.034482758620689655,0.25764450947345025,0.16385188954982624
JO Holder,powerplay,2,0.0,29.0,0.0,0.04384827662845184,0.025419290799102514
JO Holder,powerplay,3,0.0,29.0,0.0,0.005028429611245902,0.0029150316586932764
JO Holder,powerplay,4,3.0,29.0,0.10344827586206896,0.15223269683107069,0.13172909961221488
JO Holder,powerplay,6,0.0,29.0,0.0,0.040523771600022226,0.023492041507259264
JO Holder,powerplay,W,4.0,29.0,0.13793103448275862,0.03919952586446391,0.0806953773127327
JO Holder,powerplay,Wd,0.0,29.0,0.0,0.03486563072990943,0.02021195984342576
JO Holder,powerplay,Nb,0.0,29.0,0.0,0.003769007093512122,0.0021849316484128245
JP Behrendorff,death,0,6.0,19.0,0.3157894736842105,0.21696977459016392,0.2487930675187552
JP Behrendorff,death,1,8.0,19.0,0.42105263157894735,0.37083760245901637,0.3870085440400111
JP Behrendorff,death,2,2.0,19.0,0.10526315789473684,0.08837090163934426,0.09381078077243679
JP Behrendorff,death,3,0.0,19.0,0.0,0.002651127049180328,0.0017973742706307307
JP Behrendorff,death,4,0.0,19.0,0.0,0.11151383196721311,0.0756025979438733
JP Behrendorff,death,6,0.0,19.0,0.0,0.07952100409836066,0.05391254515143096
JP Behrendorff,death,W,1.0,19.0,0.05263157894736842,0.08016137295081967,0.07129584606835232
JP Behrendorff,death,Wd,2.0,19.0,0.10526315789473684,0.04340420081967213,0.06332488191164212
JP Behrendorff,death,Nb,0.0,19.0,0.0,0.006570184426229508,0.004454362322867464
JP Duminy,death,0,117.0,724.0,0.16160220994475138,0.21696977459016392,0.16450103531885676
JP Duminy,death,1,330.0,724.0,0.4558011049723757,0.37083760245901637,0.4513527540554459
JP Duminy,death,2,72.0,724.0,0.09944751381215469,0.08837090163934426,0.0988675864732641
JP Duminy,death,3,3.0,724.0,0.004143646408839779,0.002651127049180328,0.004065504033988499
JP Duminy,death,4,76.0,724.0,0.10497237569060773,0.11151383196721311,0.10531486031241953
JP Duminy,death,6,67.0,724.0,0.0925414364640884,0.07952100409836066,0.09185973843446914
JP Duminy,death,W,37.0,724.0,0.05110497237569061,0.08016137295081967,0.05262624989271308
JP Duminy,death,Wd,18.0,724.0,0.024861878453038673,0.04340420081967213,0.025832680671187023
JP Duminy,death,Nb,4.0,724.0,0.0055248618784530384,0.006570184426229508,0.005579590807655995
JP Duminy,middle,0,395.0,1388.0,0.2845821325648415,0.2808889845966761,0.2844786830419237
JP Duminy,middle,1,719.0,1388.0,0.5180115273775217,0.4414331678151601,0.51586647528894
JP Duminy,middle,2,91.0,1388.0,0.06556195965417867,0.06664217673287394,0.06559221783565473
JP Duminy,middle,3,5.0,1388.0,0.0036023054755043226,0.002286430887717876,0.003565446243353442
JP Duminy,middle,4,76.0,1388.0,0.05475504322766571,0.08739739562221321,0.055669394835356115
JP Duminy,middle,6,43.0,1388.0,0.030979827089337175,0.048281059991892986,0.03146445546195779
JP Duminy,middle,W,26.0,1388.0,0.018731988472622477,0.04221980137819214,0.01938991040275048
JP Duminy,middle,Wd,33.0,1388.0,0.02377521613832853,0.028171868666396434,0.02389837167132763
JP Duminy,middle,Nb,0.0,1388.0,0.0,0.002679114308877179,7.504521873605543e-05
JP Duminy,powerplay,0,204.0,391.0,0.5217391304347826,0.4228881521678736,0.5125650257232366
JP Duminy,powerplay,1,84.0,391.0,0.21483375959079284,0.25764450947345025,0.21880691503233876
JP Duminy,powerplay,2,26.0,391.0,0.06649616368286446,0.04384827662845184,0.06439427161284936
JP Duminy,powerplay,3,0.0,391.0,0.0,0.005028429611245902,0.00046667560197177744
JP Duminy,powerplay,4,45.0,391.0,0.11508951406649616,0.15223269683107069,0.11853667720009937
JP Duminy,powerplay,6,6.0,391.0,0.015345268542199489,0.040523771600022226,0.017682020566127353
JP Duminy,powerplay,W,10.0,391.0,0.02557544757033248,0.03919952586446391,0.026839863189277394
JP Duminy,powerplay,Wd,16.0,391.0,0.04092071611253197,0.03486563072990943,0.040358759232474194
JP Duminy,powerplay,Nb,0.0,391.0,0.0,0.003769007093512122,0.00034979184162525496
JP Faulkner,death,0,62.0,357.0,0.17366946778711484,0.21696977459016392,0.17803221910228353
JP Faulkner,death,1,152.0,357.0,0.4257703081232493,0.37083760245901637,0.4202355266961226
JP Faulkner,death,2,40.0,357.0,0.11204481792717087,0.08837090163934426,0.1096595366891027
JP Faulkner,death,3,1.0,357.0,0.0028011204481792717,0.002651127049180328,0.002786007763141595
JP Faulkner,death,4,32.0,357.0,0.0896358543417367,0.11151383196721311,0.0918401845810794
JP Faulkner,death,6,23.0,357.0,0.06442577030812324,0.07952100409836066,0.06594670066482224
JP Faulkner,death,W,29.0,357.0,0.08123249299719888,0.08016137295081967,0.08112457158194658
JP Faulkner,death,Wd,14.0,357.0,0.0392156862745098,0.04340420081967213,0.03963770285336747
JP Faulkner,death,Nb,4.0,357.0,0.011204481792717087,0.006570184426229508,0.010737550068133954
JP Faulkner,middle,0,54.0,124.0,0.43548387096774194,0.2808889845966761,0.3977778011211405
JP Faulkner,middle,1,46.0,124.0,0.3709677419354839,0.4414331678151601,0.3881544311744293
JP Faulkner,middle,2,5.0,124.0,0.04032258064516129,0.06664217673287394,0.046741994325091206
JP Faulkner,middle,3,1.0,124.0,0.008064516129032258,0.002286430887717876,0.006655227045784848
JP Faulkner,middle,4,5.0,124.0,0.04032258064516129,0.08739739562221321,0.05180424283468615
JP Faulkner,middle,6,3.0,124.0,0.024193548387096774,0.048281059991892986,0.030068551217534874
JP Faulkner,middle,W,2.0,124.0,0.016129032258064516,0.04221980137819214,0.02249263448248589
JP Faulkner,middle,Wd,7.0,124.0,0.056451612903225805,0.028171868666396434,0.049554114308877184
JP Faulkner,middle,Nb,1.0,124.0,0.008064516129032258,0.002679114308877179,0.006751003489970044
JP Faulkner,powerplay,0,8.0,19.0,0.42105263157894735,0.4228881521678736,0.42229705231720244
JP Faulkner,powerplay,1,6.0,19.0,0.3157894736842105,0.25764450947345025,0.27636915896505104
JP Faulkner,powerplay,2,0.0,19.0,0.0,0.04384827662845184,0.029727645171831754
JP Faulkner,powerplay,3,0.0,19.0,0.0,0.005028429611245902,0.0034091048211836623
JP Faulkner,powerplay,4,2.0,19.0,0.10526315789473684,0.15223269683107069,0.13710691310581063
JP Faulkner,powerplay,6,0.0,19.0,0.0,0.040523771600022226,0.02747374345764219
JP Faulkner,powerplay,W,3.0,19.0,0.15789473684210525,0.03919952586446391,0.07742340736573824
JP Faulkner,powerplay,Wd,0.0,19.0,0.0,0.03486563072990943,0.023637715749091143
JP Faulkner,powerplay,Nb,0.0,19.0,0.0,0.003769007093512122,0.0025552590464488966
JP Inglis,death,0,14.0,60.0,0.23333333333333334,0.21696977459016392,0.22678790983606556
JP Inglis,death,1,19.0,60.0,0.31666666666666665,0.37083760245901637,0.33833504098360656
JP Inglis,death,2,3.0,60.0,0.05,0.08837090163934426,0.06534836065573771
JP Inglis,death,3,0.0,60.0,0.0,0.002651127049180328,0.001060450819672131
JP Inglis,death,4,11.0,60.0,0.18333333333333332,0.11151383196721311,0.15460553278688527
JP Inglis,death,6,2.0,60.0,0.03333333333333333,0.07952100409836066,0.05180840163934427
JP Inglis,death,W,8.0,60.0,0.13333333333333333,0.08016137295081967,0.11206454918032786
JP Inglis,death,Wd,3.0,60.0,0.05,0.04340420081967213,0.04736168032786885
JP Inglis,death,Nb,0.0,60.0,0.0,0.006570184426229508,0.0026280737704918035
JP Inglis,middle,0,76.0,353.0,0.21529745042492918,0.2808889845966761,0.2219734335467355
JP Inglis,middle,1,142.0,353.0,0.40226628895184136,0.4414331678151601,0.4062527397267338
JP Inglis,middle,2,37.0,353.0,0.1048158640226629,0.06664217673287394,0.10093050144863856
JP Inglis,middle,3,2.0,353.0,0.0056657223796034,0.002286430887717876,0.005321774136154491
JP Inglis,middle,4,41.0,353.0,0.11614730878186968,0.08739739562221321,0.113221108969182
JP Inglis,middle,6,24.0,353.0,0.0679886685552408,0.048281059991892986,0.06598280508823338
JP Inglis,middle,W,17.0,353.0,0.04815864022662889,0.04221980137819214,0.04755417825732235
JP Inglis,middle,Wd,14.0,353.0,0.039660056657223795,0.028171868666396434,0.03849077543678335
JP Inglis,middle,Nb,0.0,353.0,0.0,0.002679114308877179,0.00027268339021650675
JP Inglis,powerplay,0,80.0,225.0,0.35555555555555557,0.4228881521678736,0.3657189663649621
JP Inglis,powerplay,1,47.0,225.0,0.2088888888888889,0.25764450947345025,0.2162482278450491
JP Inglis,powerplay,2,13.0,225.0,0.057777777777777775,0.04384827662845184,0.05567521156655877
JP Inglis,powerplay,3,1.0,225.0,0.0044444444444444444,0.005028429611245902,0.004532593148867305
JP Inglis,powerplay,4,48.0,225.0,0.21333333333333335,0.15223269683107069,0.20411059574808615
JP Inglis,powerplay,6,18.0,225.0,0.08,0.040523771600022226,0.07404132401509769
JP Inglis,powerplay,W,10.0,225.0,0.044444444444444446,0.03919952586446391,0.043652758621051155
JP Inglis,powerplay,Wd,8.0,225.0,0.035555555555555556,0.03486563072990943,0.03545141595923161
JP Inglis,powerplay,Nb,0.0,225.0,0.0,0.003769007093512122,0.0005689067310961694
JR Hazlewood,death,0,6.0,29.0,0.20689655172413793,0.21696977459016392,0.21273610121168923
JR Hazlewood,death,1,14.0,29.0,0.4827586206896552,0.37083760245901637,0.4178768709907342
JR Hazlewood,death,2,1.0,29.0,0.034482758620689655,0.08837090163934426,0.06572226181990973
JR Hazlewood,death,3,0.0,29.0,0.0,0.002651127049180328,0.0015368852459016393
JR Hazlewood,death,4,2.0,29.0,0.06896551724137931,0.11151383196721311,0.09363120693751485
JR Hazlewood,death,6,0.0,29.0,0.0,0.07952100409836066,0.04609913281064386
JR Hazlewood,death,W,3.0,29.0,0.10344827586206896,0.08016137295081967,0.08994862200047517
JR Hazlewood,death,Wd,3.0,29.0,0.10344827586206896,0.04340420081967213,0.06864011641720123
JR Hazlewood,death,Nb,0.0,29.0,0.0,0.006570184426229508,0.00380880256593015
JR Hazlewood,middle,0,9.0,11.0,0.8181818181818182,0.2808889845966761,0.3967756741934715
JR Hazlewood,middle,1,2.0,11.0,0.18181818181818182,0.4414331678151601,0.38543777867855694
JR Hazlewood,middle,2,0.0,11.0,0.0,0.06664217673287394,0.05226837390813642
JR Hazlewood,middle,3,0.0,11.0,0.0,0.002286430887717876,0.0017932791276218634
JR Hazlewood,middle,4,0.0,11.0,0.0,0.08739739562221321,0.0685469769585986
JR Hazlewood,middle,6,0.0,11.0,0.0,0.048281059991892986,0.037867498032857244
JR Hazlewood,middle,W,0.0,11.0,0.0,0.04221980137819214,0.03311356970838599
JR Hazlewood,middle,Wd,0.0,11.0,0.0,0.028171868666396434,0.02209558326776191
JR Hazlewood,middle,Nb,0.0,11.0,0.0,0.002679114308877179,0.002101266124609552
JR Hopes,death,0,15.0,77.0,0.19480519480519481,0.21696977459016392,0.20238282891971415
JR Hopes,death,1,33.0,77.0,0.42857142857142855,0.37083760245901637,0.4088333683620569
JR Hopes,death,2,15.0,77.0,0.19480519480519481,0.08837090163934426,0.15841740226986128
JR Hopes,death,3,0.0,77.0,0.0,0.002651127049180328,0.0009063682219419924
JR Hopes,death,4,7.0,77.0,0.09090909090909091,0.11151383196721311,0.09795344682639766
JR Hopes,death,6,2.0,77.0,0.025974025974025976,0.07952100409836066,0.04428068516183271
JR Hopes,death,W,4.0,77.0,0.05194805194805195,0.08016137295081967,0.061593631778058
JR Hopes,death,Wd,1.0,77.0,0.012987012987012988,0.04340420081967213,0.02338605156228107
JR Hopes,death,Nb,0.0,77.0,0.0,0.006570184426229508,0.002246216897856242
JR Hopes,middle,0,29.0,113.0,0.25663716814159293,0.2808889845966761,0.2629775123128565
JR Hopes,middle,1,44.0,113.0,0.3893805309734513,0.4414331678151601,0.4029890634810876
JR Hopes,middle,2,9.0,113.0,0.07964601769911504,0.06664217673287394,0.07624632071447685
JR Hopes,middle,3,0.0,113.0,0.0,0.002286430887717876,0.0005977597092072878
JR Hopes,middle,4,18.0,113.0,0.1592920353982301,0.08739739562221321,0.14049605114306227
JR Hopes,middle,6,3.0,113.0,0.02654867256637168,0.048281059991892986,0.03223034248154065
JR Hopes,middle,W,7.0,113.0,0.061946902654867256,0.04221980137819214,0.0567894905563901
JR Hopes,middle,Wd,3.0,113.0,0.02654867256637168,0.028171868666396434,0.026973037559842202
JR Hopes,middle,Nb,0.0,113.0,0.0,0.002679114308877179,0.0007004220415365173
JR Hopes,powerplay,0,60.0,135.0,0.4444444444444444,0.4228881521678736,0.4395172919240854
JR Hopes,powerplay,1,39.0,135.0,0.28888888888888886,0.25764450947345025,0.28174731645107437
JR Hopes,powerplay,2,5.0,135.0,0.037037037037037035,0.04384827662845184,0.03859389180078899
JR Hopes,powerplay,3,0.0,135.0,0.0,0.005028429611245902,0.001149355339713349
JR Hopes,powerplay,4,19.0,135.0,0.14074074074074075,0.15223269683107069,0.14336747356138757
JR Hopes,powerplay,6,3.0,135.0,0.022222222222222223,0.040523771600022226,0.02640543350857651
JR Hopes,powerplay,W,7.0,135.0,0.05185185185185185,0.03919952586446391,0.04895989162616318
JR Hopes,powerplay,Wd,2.0,135.0,0.014814814814814815,0.03486563072990943,0.019397858452550727
JR Hopes,powerplay,Nb,0.0,135.0,0.0,0.003769007093512122,0.0008614873356599137
JR Philippe,death,0,1.0,2.0,0.5,0.21696977459016392,0.2304474043715847
JR Philippe,death,1,1.0,2.0,0.5,0.37083760245901637,0.3769881928181108
JR Philippe,death,2,0.0,2.0,0.0,0.08837090163934426,0.08416276346604215
JR Philippe,death,3,0.0,2.0,0.0,0.002651127049180328,0.002524882903981265
JR Philippe,death,4,0.0,2.0,0.0,0.11151383196721311,0.10620364949258392
JR Philippe,death,6,0.0,2.0,0.0,0.07952100409836066,0.07573428961748634
JR Philippe,death,W,0.0,2.0,0.0,0.08016137295081967,0.07634416471506635
JR Philippe,death,Wd,0.0,2.0,0.0,0.04340420081967213,0.04133733411397346
JR Philippe,death,Nb,0.0,2.0,0.0,0.006570184426229508,0.00625731850117096
JR Philippe,middle,0,13.0,73.0,0.1780821917808219,0.2808889845966761,0.21447397684838093
JR Philippe,middle,1,31.0,73.0,0.4246575342465753,0.4414331678151601,0.43059581161598587
JR Philippe,middle,2,11.0,73.0,0.1506849315068493,0.06664217673287394,0.12093528379924741
JR Philippe,middle,3,0.0,73.0,0.0,0.002286430887717876,0.0008093560664488057
JR Philippe,middle,4,9.0,73.0,0.1232876712328767,0.08739739562221321,0.11058314889281884
JR Philippe,middle,6,1.0,73.0,0.0136986301369863,0.048281059991892986,0.025940198227218755
JR Philippe,middle,W,6.0,73.0,0.0821917808219178,0.04221980137819214,0.06804240756750164
JR Philippe,middle,Wd,2.0,73.0,0.0273972602739726,0.028171868666396434,0.027671457935007585
JR Philippe,middle,Nb,0.0,73.0,0.0,0.002679114308877179,0.0009483590473901518
JR Philippe,powerplay,0,64.0,143.0,0.44755244755244755,0.4228881521678736,0.44216134473614727
JR Philippe,powerplay,1,41.0,143.0,0.2867132867132867,0.25764450947345025,0.28035945562261205
JR Philippe,powerplay,2,5.0,143.0,0.03496503496503497,0.04384827662845184,0.03690672713190204
JR Philippe,powerplay,3,2.0,143.0,0.013986013986013986,0.005028429611245902,0.012028072046173966
JR Philippe,powerplay,4,12.0,143.0,0.08391608391608392,0.15223269683107069,0.09884867690296627
JR Philippe,powerplay,6,4.0,143.0,0.027972027972027972,0.040523771600022226,0.030715578491808136
JR Philippe,powerplay,W,9.0,143.0,0.06293706293706294,0.03919952586446391,0.05774853024359867
JR Philippe,powerplay,Wd,6.0,143.0,0.04195804195804196,0.03486563072990943,0.04040778813768512
JR Philippe,powerplay,Nb,0.0,143.0,0.0,0.003769007093512122,0.0008238266871064748
JW Hastings,death,0,5.0,26.0,0.19230769230769232,0.21696977459016392,0.2072544088425236
JW Hastings,death,1,12.0,26.0,0.46153846153846156,0.37083760245901637,0.40656824391455537
JW Hastings,death,2,2.0,26.0,0.07692307692307693,0.08837090163934426,0.0838611525086935
JW Hastings,death,3,0.0,26.0,0.0,0.002651127049180328,0.0016067436661698956
JW Hastings,death,4,2.0,26.0,0.07692307692307693,0.11151383196721311,0.09788717088922007
JW Hastings,death,6,0.0,26.0,0.0,0.07952100409836066,0.048194547938400396
JW Hastings,death,W,4.0,26.0,0.15384615384615385,0.08016137295081967,0.10918871087928464
JW Hastings,death,Wd,1.0,26.0,0.038461538461538464,0.04340420081967213,0.0414570914058619
JW Hastings,death,Nb,0.0,26.0,0.0,0.006570184426229508,0.003981929955290611
JW Hastings,middle,0,4.0,8.0,0.5,0.2808889845966761,0.3174074871638968
JW Hastings,middle,1,3.0,8.0,0.375,0.4414331678151601,0.4303609731793001
JW Hastings,middle,2,0.0,8.0,0.0,0.06664217673287394,0.05553514727739495
JW Hastings,middle,3,0.0,8.0,0.0,0.002286430887717876,0.00190535907309823
JW Hastings,middle,4,1.0,8.0,0.125,0.08739739562221321,0.09366449635184433
JW Hastings,middle,6,0.0,8.0,0.0,0.048281059991892986,0.04023421665991082
JW Hastings,middle,W,0.0,8.0,0.0,0.04221980137819214,0.035183167815160114
JW Hastings,middle,Wd,0.0,8.0,0.0,0.028171868666396434,0.023476557221997027
JW Hastings,middle,Nb,0.0,8.0,0.0,0.002679114308877179,0.002232595257397649
Joginder Sharma,death,0,5.0,28.0,0.17857142857142858,0.21696977459016392,0.20115869093539054
Joginder Sharma,death,1,14.0,28.0,0.5,0.37083760245901637,0.42402211909353904
Joginder Sharma,death,2,3.0,28.0,0.10714285714285714,0.08837090163934426,0.09610053037608486
Joginder Sharma,death,3,0.0,28.0,0.0,0.002651127049180328,0.00155948649951784
Joginder Sharma,death,4,1.0,28.0,0.03571428571428571,0.11151383196721311,0.08030225409836066
Joginder Sharma,death,6,2.0,28.0,0.07142857142857142,0.07952100409836066,0.07618882594021216
Joginder Sharma,death,W,3.0,28.0,0.10714285714285714,0.08016137295081967,0.09127139585342334
Joginder Sharma,death,Wd,0.0,28.0,0.0,0.04340420081967213,0.025531882835101254
Joginder Sharma,death,Nb,0.0,28.0,0.0,0.006570184426229508,0.003864814368370299
Joginder Sharma,middle,0,1.0,2.0,0.5,0.2808889845966761,0.29132284247302487
Joginder Sharma,middle,1,0.0,2.0,0.0,0.4414331678151601,0.420412540776343
Joginder Sharma,middle,2,0.0,2.0,0.0,0.06664217673287394,0.06346873974559422
Joginder Sharma,middle,3,0.0,2.0,0.0,0.002286430887717876,0.0021775532263979772
Joginder Sharma,middle,4,0.0,2.0,0.0,0.08739739562221321,0.0832356148782983
Joginder Sharma,middle,6,0.0,2.0,0.0,0.048281059991892986,0.045981961897040936
Joginder Sharma,middle,W,1.0,2.0,0.5,0.04221980137819214,0.06401885845542109
Joginder Sharma,middle,Wd,0.0,2.0,0.0,0.028171868666396434,0.026830351110853745
Joginder Sharma,middle,Nb,0.0,2.0,0.0,0.002679114308877179,0.0025515374370258847
K Rabada,death,0,83.0,266.0,0.31203007518796994,0.21696977459016392,0.2996038921032894
K Rabada,death,1,93.0,266.0,0.34962406015037595,0.37083760245901637,0.3523970722168649
K Rabada,death,2,18.0,266.0,0.06766917293233082,0.08837090163934426,0.070375281260045
K Rabada,death,3,0.0,266.0,0.0,0.002651127049180328,0.00034655255544840886
K Rabada,death,4,21.0,266.0,0.07894736842105263,0.11151383196721311,0.08320442247937426
K Rabada,death,6,14.0,266.0,0.05263157894736842,0.07952100409836066,0.056146536483445836
K Rabada,death,W,21.0,266.0,0.07894736842105263,0.08016137295081967,0.07910606182363655
K Rabada,death,Wd,14.0,266.0,0.05263157894736842,0.04340420081967213,0.05142538572806172
K Rabada,death,Nb,2.0,266.0,0.007518796992481203,0.006570184426229508,0.007394795349833922
K Rabada,middle,0,44.0,98.0,0.4489795918367347,0.2808889845966761,0.4002576766946887
K Rabada,middle,1,31.0,98.0,0.3163265306122449,0.4414331678151601,0.35258932400439424
K Rabada,middle,2,2.0,98.0,0.02040816326530612,0.06664217673287394,0.033809326589238825
K Rabada,middle,3,0.0,98.0,0.0,0.002286430887717876,0.0006627335906428626
K Rabada,middle,4,8.0,98.0,0.08163265306122448,0.08739739562221321,0.08330359293397484
K Rabada,middle,6,2.0,98.0,0.02040816326530612,0.048281059991892986,0.02848726376576608
K Rabada,middle,W,4.0,98.0,0.04081632653061224,0.04221980137819214,0.04122313083425859
K Rabada,middle,Wd,7.0,98.0,0.07142857142857142,0.028171868666396434,0.05889039671489752
K Rabada,middle,Nb,0.0,98.0,0.0,0.002679114308877179,0.0007765548721383127
K Rabada,powerplay,0,2.0,4.0,0.5,0.4228881521678736,0.42989832015261237
K Rabada,powerplay,1,1.0,4.0,0.25,0.25764450947345025,0.25694955406677294
K Rabada,powerplay,2,0.0,4.0,0.0,0.04384827662845184,0.039862069662228945
K Rabada,powerplay,3,0.0,4.0,0.0,0.005028429611245902,0.004571299646587184
K Rabada,powerplay,4,0.0,4.0,0.0,0.15223269683107069,0.1383933607555188
K Rabada,powerplay,6,0.0,4.0,0.0,0.040523771600022226,0.03683979236365657
K Rabada,powerplay,W,0.0,4.0,0.0,0.03919952586446391,0.0356359326040581
K Rabada,powerplay,Wd,1.0,4.0,0.25,0.03486563072990943,0.05442330066355403
K Rabada,powerplay,Nb,0.0,4.0,0.0,0.003769007093512122,0.00342637008501102
KA Jamieson,death,0,17.0,76.0,0.2236842105263158,0.21696977459016392,0.2213688877897117
KA Jamieson,death,1,30.0,76.0,0.39473684210526316,0.37083760245901637,0.3864957249858677
KA Jamieson,death,2,5.0,76.0,0.06578947368421052,0.08837090163934426,0.07357617297908423
KA Jamieson,death,3,2.0,76.0,0.02631578947368421,0.002651127049180328,0.01815556105144149
KA Jamieson,death,4,11.0,76.0,0.14473684210526316,0.11151383196721311,0.1332806317128321
KA Jamieson,death,6,3.0,76.0,0.039473684210526314,0.07952100409836066,0.05328310486150368
KA Jamieson,death,W,7.0,76.0,0.09210526315789473,0.08016137295081967,0.08798668032786885
KA Jamieson,death,Wd,1.0,76.0,0.013157894736842105,0.04340420081967213,0.023587655455059357
KA Jamieson,death,Nb,0.0,76.0,0.0,0.006570184426229508,0.002265580836630865
KA Jamieson,middle,0,21.0,39.0,0.5384615384615384,0.2808889845966761,0.4080450554919879
KA Jamieson,middle,1,9.0,39.0,0.23076923076923078,0.4414331678151601,0.3374345153494482
KA Jamieson,middle,2,2.0,39.0,0.05128205128205128,0.06664217673287394,0.059059329991328575
KA Jamieson,middle,3,0.0,39.0,0.0,0.002286430887717876,0.0011576865254267726
KA Jamieson,middle,4,4.0,39.0,0.10256410256410256,0.08739739562221321,0.09488475727706998
KA Jamieson,middle,6,1.0,39.0,0.02564102564102564,0.048281059991892986,0.03710433417311037
KA Jamieson,middle,W,2.0,39.0,0.05128205128205128,0.04221980137819214,0.046693570318071975
KA Jamieson,middle,Wd,0.0,39.0,0.0,0.028171868666396434,0.014264237299441231
KA Jamieson,middle,Nb,0.0,39.0,0.0,0.002679114308877179,0.0013565135741150272
KA Maharaj,death,0,23.0,72.0,0.3194444444444444,0.21696977459016392,0.2828463480679157
KA Maharaj,death,1,28.0,72.0,0.3888888888888889,0.37083760245901637,0.38244200087822017
KA Maharaj,death,2,4.0,72.0,0.05555555555555555,0.08837090163934426,0.06727532201405152
KA Maharaj,death,3,0.0,72.0,0.0,0.002651127049180328,0.0009468310889929742
KA Maharaj,death,4,5.0,72.0,0.06944444444444445,0.11151383196721311,0.08446922570257612
KA Maharaj,death,6,3.0,72.0,0.041666666666666664,0.07952100409836066,0.05518607289227167
KA Maharaj,death,W,7.0,72.0,0.09722222222222222,0.08016137295081967,0.09112906176814987
KA Maharaj,death,Wd,2.0,72.0,0.027777777777777776,0.04340420081967213,0.033358643149882905
KA Maharaj,death,Nb,0.0,72.0,0.0,0.006570184426229508,0.00234649443793911
KA Maharaj,middle,0,23.0,37.0,0.6216216216216216,0.2808889845966761,0.4446176543359356
KA Maharaj,middle,1,7.0,37.0,0.1891891891891892,0.4414331678151601,0.3202250222416416
KA Maharaj,middle,2,0.0,37.0,0.0,0.06664217673287394,0.03461931258850594
KA Maharaj,middle,3,0.0,37.0,0.0,0.002286430887717876,0.0011877563053079875
KA Maharaj,middle,4,1.0,37.0,0.02702702702702703,0.08739739562221321,0.05838825746608478
KA Maharaj,middle,6,1.0,37.0,0.02702702702702703,0.048281059991892986,0.03806808311267168
KA Maharaj,middle,W,5.0,37.0,0.13513513513513514,0.04221980137819214,0.08686742928737254
KA Maharaj,middle,Wd,0.0,37.0,0.0,0.028171868666396434,0.014634736969556588
KA Maharaj,middle,Nb,0.0,37.0,0.0,0.002679114308877179,0.0013917476929232097
KA Pollard,death,0,345.0,1479.0,0.2332657200811359,0.21696977459016392,0.2328365970925652
KA Pollard,death,1,503.0,1479.0,0.3400946585530764,0.37083760245901637,0.34090421599628745
KA Pollard,death,2,126.0,1479.0,0.08519269776876268,0.08837090163934426,0.08527638977325461
KA Pollard,death,3,4.0,1479.0,0.002704530087897228,0.002651127049180328,0.0027031238195965855
KA Pollard,death,4,153.0,1479.0,0.10344827586206896,0.11151383196721311,0.1036606670695777
KA Pollard,death,6,152.0,1479.0,0.10277214334009466,0.07952100409836066,0.10215986844235314
KA Pollard,death,W,99.0,1479.0,0.06693711967545639,0.08016137295081967,0.06728535544307623
KA Pollard,death,Wd,80.0,1479.0,0.054090601757944556,0.04340420081967213,0.053809195544955155
KA Pollard,death,Nb,17.0,1479.0,0.011494252873563218,0.006570184426229508,0.011364586818333891
KA Pollard,middle,0,539.0,1475.0,0.36542372881355933,0.2808889845966761,0.3631917883721895
KA Pollard,middle,1,565.0,1475.0,0.38305084745762713,0.4414331678151601,0.38459229485980617
KA Pollard,middle,2,56.0,1475.0,0.03796610169491525,0.06664217673287394,0.0387232257883267
KA Pollard,middle,3,3.0,1475.0,0.002033898305084746,0.002286430887717876,0.0020405658320189536
KA Pollard,middle,4,106.0,1475.0,0.07186440677966102,0.08739739562221321,0.07227451869629606
KA Pollard,middle,6,95.0,1475.0,0.06440677966101695,0.048281059991892986,0.06398101808559453
KA Pollard,middle,W,53.0,1475.0,0.03593220338983051,0.04221980137819214,0.036098212577642036
KA Pollard,middle,Wd,55.0,1475.0,0.03728813559322034,0.028171868666396434,0.037047442077000566
KA Pollard,middle,Nb,3.0,1475.0,0.002033898305084746,0.002679114308877179,0.00205093371112547
KA Pollard,powerplay,0,62.0,120.0,0.5166666666666667,0.4228881521678736,0.4932220380419684
KA Pollard,powerplay,1,25.0,120.0,0.20833333333333334,0.25764450947345025,0.22066112736836258
KA Pollard,powerplay,2,6.0,120.0,0.05,0.04384827662845184,0.04846206915711296
KA Pollard,powerplay,3,0.0,120.0,0.0,0.005028429611245902,0.0012571074028114755
KA Pollard,powerplay,4,6.0,120.0,0.05,0.15223269683107069,0.07555817420776767
KA Pollard,powerplay,6,9.0,120.0,0.075,0.040523771600022226,0.06638094290000555
KA Pollard,powerplay,W,5.0,120.0,0.041666666666666664,0.03919952586446391,0.041049881466115976
KA Pollard,powerplay,Wd,7.0,120.0,0.058333333333333334,0.03486563072990943,0.05246640768247736
KA Pollard,powerplay,Nb,0.0,120.0,0.0,0.003769007093512122,0.0009422517733780305
KAJ Roach,death,0,2.0,9.0,0.2222222222222222,0.21696977459016392,0.21793450986952156
KAJ Roach,death,1,4.0,9.0,0.4444444444444444,0.37083760245901637,0.38435722649715626
KAJ Roach,death,2,2.0,9.0,0.2222222222222222,0.08837090163934426,0.11295583807293409
KAJ Roach,death,3,0.0,9.0,0.0,0.002651127049180328,0.002164185346269655
KAJ Roach,death,4,0.0,9.0,0.0,0.11151383196721311,0.09103169956507193
KAJ Roach,death,6,0.0,9.0,0.0,0.07952100409836066,0.06491510538641687
KAJ Roach,death,W,1.0,9.0,0.1111111111111111,0.08016137295081967,0.08584601873536299
KAJ Roach,death,Wd,0.0,9.0,0.0,0.04340420081967213,0.03543200066912011
KAJ Roach,death,Nb,0.0,9.0,0.0,0.006570184426229508,0.005363415858146537
KAJ Roach,middle,0,0.0,2.0,0.0,0.2808889845966761,0.2675133186635011
KAJ Roach,middle,1,1.0,2.0,0.5,0.4414331678151601,0.44422206458586677
KAJ Roach,middle,2,0.0,2.0,0.0,0.06664217673287394,0.06346873974559422
KAJ Roach,middle,3,0.0,2.0,0.0,0.002286430887717876,0.0021775532263979772
KAJ Roach,middle,4,1.0,2.0,0.5,0.08739739562221321,0.1070451386878221
KAJ Roach,middle,6,0.0,2.0,0.0,0.048281059991892986,0.045981961897040936
KAJ Roach,middle,W,0.0,2.0,0.0,0.04221980137819214,0.04020933464589728
KAJ Roach,middle,Wd,0.0,2.0,0.0,0.028171868666396434,0.026830351110853745
KAJ Roach,middle,Nb,0.0,2.0,0.0,0.002679114308877179,0.0025515374370258847
KC Sangakkara,death,0,52.0,214.0,0.24299065420560748,0.21696977459016392,0.2388928778882148
KC Sangakkara,death,1,65.0,214.0,0.3037383177570093,0.37083760245901637,0.3143051342455144
KC Sangakkara,death,2,28.0,214.0,0.1308411214953271,0.08837090163934426,0.12415289789595972
KC Sangakkara,death,3,0.0,214.0,0.0,0.002651127049180328,0.00041750032270556345
KC Sangakkara,death,4,39.0,214.0,0.1822429906542056,0.11151383196721311,0.17110454046727763
KC Sangakkara,death,6,5.0,214.0,0.02336448598130841,0.07952100409836066,0.03220803214147412
KC Sangakkara,death,W,18.0,214.0,0.08411214953271028,0.08016137295081967,0.08348997999225506
KC Sangakkara,death,Wd,4.0,214.0,0.018691588785046728,0.04340420081967213,0.022583338711759392
KC Sangakkara,death,Nb,3.0,214.0,0.014018691588785047,0.006570184426229508,0.012845698334839293
KC Sangakkara,middle,0,326.0,1218.0,0.2676518883415435,0.2808889845966761,0.26807278170418686
KC Sangakkara,middle,1,565.0,1218.0,0.4638752052545156,0.4414331678151601,0.46316162695755675
KC Sangakkara,middle,2,92.0,1218.0,0.0755336617405583,0.06664217673287394,0.0752509436163076
KC Sangakkara,middle,3,3.0,1218.0,0.0024630541871921183,0.002286430887717876,0.0024574381840291853
KC Sangakkara,middle,4,122.0,1218.0,0.10016420361247948,0.08739739562221321,0.0997582637717715
KC Sangakkara,middle,6,26.0,1218.0,0.021346469622331693,0.048281059991892986,0.02220289538924938
KC Sangakkara,middle,W,54.0,1218.0,0.04433497536945813,0.04221980137819214,0.0442677202346007
KC Sangakkara,middle,Wd,27.0,1218.0,0.022167487684729065,0.028171868666396434,0.022358405998931526
KC Sangakkara,middle,Nb,3.0,1218.0,0.0024630541871921183,0.002679114308877179,0.002469924143366524
KC Sangakkara,powerplay,0,257.0,579.0,0.4438687392055268,0.4228881521678736,0.4425129662144021
KC Sangakkara,powerplay,1,152.0,579.0,0.26252158894645944,0.25764450947345025,0.2622064303375412
KC Sangakkara,powerplay,2,20.0,579.0,0.03454231433506045,0.04384827662845184,0.03514366892590965
KC Sangakkara,powerplay,3,4.0,579.0,0.0069084628670120895,0.005028429611245902,0.006786974449838184
KC Sangakkara,powerplay,4,96.0,579.0,0.16580310880829016,0.15223269683107069,0.16492618396323558
KC Sangakkara,powerplay,6,8.0,579.0,0.013816925734024179,0.040523771600022226,0.015542731605817268
KC Sangakkara,powerplay,W,18.0,579.0,0.031088082901554404,0.03919952586446391,0.03161224722872141
KC Sangakkara,powerplay,Wd,20.0,579.0,0.03454231433506045,0.03486563072990943,0.0345632071554061
KC Sangakkara,powerplay,Nb,4.0,579.0,0.0069084628670120895,0.003769007093512122,0.006705590119128409
KD Karthik,death,0,244.0,1238.0,0.19709208400646203,0.21696977459016392,0.197714233946484
KD Karthik,death,1,464.0,1238.0,0.37479806138933763,0.37083760245901637,0.3746741033633495
KD Karthik,death,2,99.0,1238.0,0.07996768982229402,0.08837090163934426,0.08023070114677133
KD Karthik,death,3,1.0,1238.0,0.0008077544426494346,0.002651127049180328,0.0008654499858898382
KD Karthik,death,4,177.0,1238.0,0.1429725363489499,0.11151383196721311,0.14198791336360606
KD Karthik,death,6,98.0,1238.0,0.0791599353796446,0.07952100409836066,0.07917123643500346
KD Karthik,death,W,92.0,1238.0,0.07431340872374798,0.08016137295081967,0.07449644359783474
KD Karthik,death,Wd,56.0,1238.0,0.045234248788368334,0.04340420081967213,0.045176970291695526
KD Karthik,death,Nb,7.0,1238.0,0.005654281098546042,0.006570184426229508,0.005682947869365555
KD Karthik,middle,0,615.0,2001.0,0.3073463268365817,0.2808889845966761,0.3068278095952313
KD Karthik,middle,1,841.0,2001.0,0.42028985507246375,0.4414331678151601,0.42070422670877333
KD Karthik,middle,2,134.0,2001.0,0.06696651674162919,0.06664217673287394,0.06696016024954188
KD Karthik,middle,3,3.0,2001.0,0.0014992503748125937,0.002286430887717876,0.001514677724404074
KD Karthik,middle,4,214.0,2001.0,0.10694652673663169,0.08739739562221321,0.10656339824835302
KD Karthik,middle,6,59.0,2001.0,0.02948525737131434,0.048281059991892986,0.029853621949865614
KD Karthik,middle,W,87.0,2001.0,0.043478260869565216,0.04221980137819214,0.043453597283257074
KD Karthik,middle,Wd,45.0,2001.0,0.022488755622188907,0.028171868666396434,0.022600134613746135
KD Karthik,middle,Nb,3.0,2001.0,0.0014992503748125937,0.002679114308877179,0.0015223736268275784
KD Karthik,powerplay,0,203.0,408.0,0.49754901960784315,0.4228881521678736,0.49088287072927445
KD Karthik,powerplay,1,102.0,408.0,0.25,0.25764450947345025,0.2506825454887009
KD Karthik,powerplay,2,11.0,408.0,0.02696078431372549,0.04384827662845184,0.028468596127540345
KD Karthik,powerplay,3,1.0,408.0,0.0024509803921568627,0.005028429611245902,0.0026811097867183837
KD Karthik,powerplay,4,61.0,408.0,0.14950980392156862,0.15223269683107069,0.14975291935991702
KD Karthik,powerplay,6,7.0,408.0,0.01715686274509804,0.040523771600022226,0.01924319389285913
KD Karthik,powerplay,W,13.0,408.0,0.031862745098039214,0.03919952586446391,0.03251781480932713
KD Karthik,powerplay,Wd,10.0,408.0,0.024509803921568627,0.03486563072990943,0.025434431315170484
KD Karthik,powerplay,Nb,0.0,408.0,0.0,0.003769007093512122,0.0003365184904921538
KH Pandya,death,0,120.0,540.0,0.2222222222222222,0.21696977459016392,0.22185998445449404
KH Pandya,death,1,200.0,540.0,0.37037037037037035,0.37083760245901637,0.37040259327303565
KH Pandya,death,2,46.0,540.0,0.08518518518518518,0.08837090163934426,0.08540488976823064
KH Pandya,death,3,1.0,540.0,0.001851851851851852,0.002651127049180328,0.001906974279253816
KH Pandya,death,4,67.0,540.0,0.12407407407407407,0.11151383196721311,0.12320785048049746
KH Pandya,death,6,40.0,540.0,0.07407407407407407,0.07952100409836066,0.0744497244205766
KH Pandya,death,W,36.0,540.0,0.06666666666666667,0.08016137295081967,0.06759733606557378
KH Pandya,death,Wd,29.0,540.0,0.053703703703703705,0.04340420081967213,0.052993393159977385
KH Pandya,death,Nb,1.0,540.0,0.001851851851851852,0.006570184426229508,0.0021772540983606556
KH Pandya,middle,0,287.0,852.0,0.3368544600938967,0.2808889845966761,0.334344797515546
KH Pandya,middle,1,313.0,852.0,0.3673708920187793,0.4414331678151601,0.3706920703056125
KH Pandya,middle,2,71.0,852.0,0.08333333333333333,0.06664217673287394,0.08258485097456833
KH Pandya,middle,3,4.0,852.0,0.004694835680751174,0.002286430887717876,0.004586835465816945
KH Pandya,middle,4,78.0,852.0,0.09154929577464789,0.08739739562221321,0.09136311191131001
KH Pandya,middle,6,32.0,852.0,0.03755868544600939,0.048281059991892986,0.03803950941667681
KH Pandya,middle,W,42.0,852.0,0.04929577464788732,0.04221980137819214,0.048978466429515345
KH Pandya,middle,Wd,24.0,852.0,0.028169014084507043,0.028171868666396434,0.028169142092663517
KH Pandya,middle,Nb,1.0,852.0,0.0011737089201877935,0.002679114308877179,0.0012412158882904565
KH Pandya,powerplay,0,31.0,68.0,0.45588235294117646,0.4228881521678736,0.44366227858069396
KH Pandya,powerplay,1,14.0,68.0,0.20588235294117646,0.25764450947345025,0.2250535220272038
KH Pandya,powerplay,2,4.0,68.0,0.058823529411764705,0.04384827662845184,0.0532771394920192
KH Pandya,powerplay,3,1.0,68.0,0.014705882352941176,0.005028429611245902,0.01112164059675774
KH Pandya,powerplay,4,9.0,68.0,0.1323529411764706,0.15223269683107069,0.13971581364113728
KH Pandya,powerplay,6,2.0,68.0,0.029411764705882353,0.040523771600022226,0.03352732281482305
KH Pandya,powerplay,W,5.0,68.0,0.07352941176470588,0.03919952586446391,0.06081463920906071
KH Pandya,powerplay,Wd,2.0,68.0,0.029411764705882353,0.03486563072990943,0.03143171508515164
KH Pandya,powerplay,Nb,0.0,68.0,0.0,0.003769007093512122,0.001395928553152638
KJ Abbott,death,0,6.0,25.0,0.24,0.21696977459016392,0.22582755359394704
KJ Abbott,death,1,11.0,25.0,0.44,0.37083760245901637,0.39743852459016393
KJ Abbott,death,2,3.0,25.0,0.12,0.08837090163934426,0.10053593947036571
KJ Abbott,death,3,1.0,25.0,0.04,0.002651127049180328,0.017016078184110973
KJ Abbott,death,4,2.0,25.0,0.08,0.11151383196721311,0.09939312736443884
KJ Abbott,death,6,1.0,25.0,0.04,0.07952100409836066,0.06432061790668349
KJ Abbott,death,W,1.0,25.0,0.04,0.08016137295081967,0.06471469104665825
KJ Abbott,death,Wd,0.0,25.0,0.0,0.04340420081967213,0.026710277427490544
KJ Abbott,death,Nb,0.0,25.0,0.0,0.006570184426229508,0.0040431904161412355
KJ Abbott,middle,0,0.0,3.0,0.0,0.2808889845966761,0.26129207869458243
KJ Abbott,middle,1,0.0,3.0,0.0,0.4414331678151601,0.410635504944335
KJ Abbott,middle,2,1.0,3.0,0.3333333333333333,0.06664217673287394,0.08524853649569669
KJ Abbott,middle,3,0.0,3.0,0.0,0.002286430887717876,0.0021269124536910473
KJ Abbott,middle,4,0.0,3.0,0.0,0.08739739562221321,0.08129990290438438
KJ Abbott,middle,6,0.0,3.0,0.0,0.048281059991892986,0.044912613945946964
KJ Abbott,middle,W,2.0,3.0,0.6666666666666666,0.04221980137819214,0.08578586174715548
KJ Abbott,middle,Wd,0.0,3.0,0.0,0.028171868666396434,0.02620638945711296
KJ Abbott,middle,Nb,0.0,3.0,0.0,0.002679114308877179,0.00249219935709505
KK Ahmed,death,0,3.0,11.0,0.2727272727272727,0.21696977459016392,0.22899590163934427
KK Ahmed,death,1,3.0,11.0,0.2727272727272727,0.37083760245901637,0.3496765509482482
KK Ahmed,death,2,0.0,11.0,0.0,0.08837090163934426,0.06931051108968177
KK Ahmed,death,3,0.0,11.0,0.0,0.002651127049180328,0.0020793153326904533
KK Ahmed,death,4,0.0,11.0,0.0,0.11151383196721311,0.08746182899389264
KK Ahmed,death,6,0.0,11.0,0.0,0.07952100409836066,0.0623694149791064
KK Ahmed,death,W,5.0,11.0,0.45454545454545453,0.08016137295081967,0.16091088074574092
KK Ahmed,death,Wd,0.0,11.0,0.0,0.04340420081967213,0.03404251044680168
KK Ahmed,death,Nb,0.0,11.0,0.0,0.006570184426229508,0.005153085824493732
KK Nair,death,0,26.0,147.0,0.17687074829931973,0.21696977459016392,0.18544808012623828
KK Nair,death,1,54.0,147.0,0.3673469387755102,0.37083760245901637,0.36809360480406766
KK Nair,death,2,13.0,147.0,0.08843537414965986,0.08837090163934426,0.08842158323836241
KK Nair,death,3,2.0,147.0,0.013605442176870748,0.002651127049180328,0.01126227316560007
KK Nair,death,4,21.0,147.0,0.14285714285714285,0.11151383196721311,0.13615269132988517
KK Nair,death,6,13.0,147.0,0.08843537414965986,0.07952100409836066,0.08652855702638731
KK Nair,death,W,13.0,147.0,0.08843537414965986,0.08016137295081967,0.08666553432103094
KK Nair,death,Wd,5.0,147.0,0.034013605442176874,0.04340420081967213,0.036022288945384416
KK Nair,death,Nb,0.0,147.0,0.0,0.006570184426229508,0.0014053870430437451
KK Nair,middle,0,174.0,623.0,0.27929373996789725,0.2808889845966761,0.27938998398773307
KK Nair,middle,1,276.0,623.0,0.44301765650080255,0.4414331678151601,0.44292206140664614
KK Nair,middle,2,44.0,623.0,0.07062600321027288,0.06664217673287394,0.07038565168825785
KK Nair,middle,3,0.0,623.0,0.0,0.002286430887717876,0.0001379445482786049
KK Nair,middle,4,70.0,623.0,0.11235955056179775,0.08739739562221321,0.11085353819741861
KK Nair,middle,6,17.0,623.0,0.027287319422150885,0.048281059991892986,0.02855391010509158
KK Nair,middle,W,32.0,623.0,0.051364365971107544,0.04221980137819214,0.05081265770004176
KK Nair,middle,Wd,8.0,623.0,0.012841091492776886,0.028171868666396434,0.01376602525890778
KK Nair,middle,Nb,2.0,623.0,0.0032102728731942215,0.002679114308877179,0.003178227107624566
KK Nair,powerplay,0,195.0,442.0,0.4411764705882353,0.4228881521678736,0.4396587678147613
KK Nair,powerplay,1,99.0,442.0,0.2239819004524887,0.25764450947345025,0.22677547796460168
KK Nair,powerplay,2,18.0,442.0,0.04072398190045249,0.04384827662845184,0.04098325947124081
KK Nair,powerplay,3,3.0,442.0,0.006787330316742082,0.005028429611245902,0.006641363453215427
KK Nair,powerplay,4,80.0,442.0,0.18099547511312217,0.15223269683107069,0.17860852255859508
KK Nair,powerplay,6,14.0,442.0,0.03167420814479638,0.040523771600022226,0.032408611751039186
KK Nair,powerplay,W,21.0,442.0,0.04751131221719457,0.03919952586446391,0.04682153741613808
KK Nair,powerplay,Wd,11.0,442.0,0.024886877828054297,0.03486563072990943,0.02571499010206717
KK Nair,powerplay,Nb,1.0,442.0,0.0022624434389140274,0.003769007093512122,0.002387469468341255
KL Rahul,death,0,81.0,538.0,0.15055762081784388,0.21696977459016392,0.15515361761869648
KL Rahul,death,1,222.0,538.0,0.41263940520446096,0.37083760245901637,0.4097465468829769
KL Rahul,death,2,55.0,538.0,0.10223048327137546,0.08837090163934426,0.10127134267400306
KL Rahul,death,3,0.0,538.0,0.0,0.002651127049180328,0.0001834689999432753
KL Rahul,death,4,73.0,538.0,0.13568773234200743,0.11151383196721311,0.13401479806001473
KL Rahul,death,6,45.0,538.0,0.08364312267657993,0.07952100409836066,0.08335785495490386
KL Rahul,death,W,32.0,538.0,0.05947955390334572,0.08016137295081967,0.06091082165749618
KL Rahul,death,Wd,26.0,538.0,0.048327137546468404,0.04340420081967213,0.04798644988371433
KL Rahul,death,Nb,4.0,538.0,0.007434944237918215,0.006570184426229508,0.007375099268251176
KL Rahul,middle,0,417.0,2010.0,0.20746268656716418,0.2808889845966761,0.20889539482139854
KL Rahul,middle,1,1023.0,2010.0,0.508955223880597,0.4414331678151601,0.5076377203476129
KL Rahul,middle,2,149.0,2010.0,0.07412935323383085,0.06664217673287394,0.07398326198503169
KL Rahul,middle,3,3.0,2010.0,0.0014925373134328358,0.002286430887717876,0.0015080279197603487
KL Rahul,middle,4,181.0,2010.0,0.09004975124378109,0.08739739562221321,0.08999799796336025
KL Rahul,middle,6,114.0,2010.0,0.056716417910447764,0.048281059991892986,0.05655182556081743
KL Rahul,middle,W,66.0,2010.0,0.03283582089552239,0.04221980137819214,0.033018922953720824
KL Rahul,middle,Wd,51.0,2010.0,0.025373134328358207,0.028171868666396434,0.025427743778856517
KL Rahul,middle,Nb,6.0,2010.0,0.0029850746268656717,0.002679114308877179,0.002979104669441506
KL Rahul,powerplay,0,926.0,2306.0,0.401561144839549,0.4228881521678736,0.40192477667805415
KL Rahul,powerplay,1,712.0,2306.0,0.30875975715524717,0.25764450947345025,0.3078882269304936
KL Rahul,powerplay,2,116.0,2306.0,0.05030355594102342,0.04384827662845184,0.0501934915026164
KL Rahul,powerplay,3,6.0,2306.0,0.0026019080659150044,0.005028429611245902,0.0026432809822889325
KL Rahul,powerplay,4,313.0,2306.0,0.13573287077189938,0.15223269683107069,0.13601419772943002
KL Rahul,powerplay,6,110.0,2306.0,0.047701647875108416,0.040523771600022226,0.04757926294288188
KL Rahul,powerplay,W,61.0,2306.0,0.02645273200346921,0.03919952586446391,0.026670068642190348
KL Rahul,powerplay,Wd,58.0,2306.0,0.02515177797051171,0.03486563072990943,0.02531740205848098
KL Rahul,powerplay,Nb,4.0,2306.0,0.0017346053772766695,0.003769007093512122,0.0017692925335637192
KM Jadhav,death,0,97.0,380.0,0.25526315789473686,0.21696977459016392,0.2516161690085871
KM Jadhav,death,1,157.0,380.0,0.4131578947368421,0.37083760245901637,0.4091273907103825
KM Jadhav,death,2,28.0,380.0,0.07368421052631578,0.08837090163934426,0.07508294301327088
KM Jadhav,death,3,0.0,380.0,0.0,0.002651127049180328,0.0002524882903981265
KM Jadhav,death,4,37.0,380.0,0.09736842105263158,0.11151383196721311,0.09871560304449647
KM Jadhav,death,6,25.0,380.0,0.06578947368421052,0.07952100409836066,0.06709723848555815
KM Jadhav,death,W,23.0,380.0,0.060526315789473685,0.08016137295081967,0.0623963212334114
KM Jadhav,death,Wd,9.0,380.0,0.02368421052631579,0.04340420081967213,0.025562304839968776
KM Jadhav,death,Nb,4.0,380.0,0.010526315789473684,0.006570184426229508,0.010149541373926619
KM Jadhav,middle,0,128.0,483.0,0.2650103519668737,0.2808889845966761,0.26622477893664825
KM Jadhav,middle,1,221.0,483.0,0.4575569358178054,0.4414331678151601,0.4563237604447541
KM Jadhav,middle,2,29.0,483.0,0.060041407867494824,0.06664217673287394,0.06054624678645307
KM Jadhav,middle,3,2.0,483.0,0.004140786749482402,0.002286430887717876,0.0039989622093856885
KM Jadhav,middle,4,47.0,483.0,0.09730848861283643,0.08739739562221321,0.09655047002846755
KM Jadhav,middle,6,12.0,483.0,0.024844720496894408,0.048281059991892986,0.026637174760374225
KM Jadhav,middle,W,22.0,483.0,0.045548654244306416,0.04221980137819214,0.04529405746678334
KM Jadhav,middle,Wd,17.0,483.0,0.035196687370600416,0.028171868666396434,0.0346594163415982
KM Jadhav,middle,Nb,5.0,483.0,0.010351966873706004,0.002679114308877179,0.00976513302553554
KM Jadhav,powerplay,0,52.0,89.0,0.5842696629213483,0.4228881521678736,0.5342288843931391
KM Jadhav,powerplay,1,13.0,89.0,0.14606741573033707,0.25764450947345025,0.18066496417781402
KM Jadhav,powerplay,2,0.0,89.0,0.0,0.04384827662845184,0.013596364846031578
KM Jadhav,powerplay,3,0.0,89.0,0.0,0.005028429611245902,0.0015592029802312874
KM Jadhav,powerplay,4,11.0,89.0,0.12359550561797752,0.15223269683107069,0.13247525483133973
KM Jadhav,powerplay,6,2.0,89.0,0.02247191011235955,0.040523771600022226,0.02806938654264255
KM Jadhav,powerplay,W,8.0,89.0,0.0898876404494382,0.03919952586446391,0.07417039561688804
KM Jadhav,powerplay,Wd,2.0,89.0,0.02247191011235955,0.03486563072990943,0.02631492425733626
KM Jadhav,powerplay,Nb,1.0,89.0,0.011235955056179775,0.003769007093512122,0.008920622354577402
KMA Paul,death,0,45.0,112.0,0.4017857142857143,0.21696977459016392,0.3531499406816221
KMA Paul,death,1,38.0,112.0,0.3392857142857143,0.37083760245901637,0.34758884275237273
KMA Paul,death,2,4.0,112.0,0.03571428571428571,0.08837090163934426,0.0495712899050906
KMA Paul,death,3,0.0,112.0,0.0,0.002651127049180328,0.0006976650129421916
KMA Paul,death,4,5.0,112.0,0.044642857142857144,0.11151383196721311,0.06224048209663504
KMA Paul,death,6,8.0,112.0,0.07142857142857142,0.07952100409836066,0.07355815897325281
KMA Paul,death,W,7.0,112.0,0.0625,0.08016137295081967,0.06714772972389992
KMA Paul,death,Wd,5.0,112.0,0.044642857142857144,0.04340420081967213,0.044316894952545295
KMA Paul,death,Nb,0.0,112.0,0.0,0.006570184426229508,0.0017289959016393442
KMA Paul,middle,0,13.0,31.0,0.41935483870967744,0.2808889845966761,0.3413459068150288
KMA Paul,middle,1,8.0,31.0,0.25806451612903225,0.4414331678151601,0.3613707987691043
KMA Paul,middle,2,1.0,31.0,0.03225806451612903,0.06664217673287394,0.05162939534246419
KMA Paul,middle,3,0.0,31.0,0.0,0.002286430887717876,0.0012881300775875357
KMA Paul,middle,4,2.0,31.0,0.06451612903225806,0.08739739562221321,0.0774069834491342
KMA Paul,middle,6,2.0,31.0,0.06451612903225806,0.048281059991892986,0.0553696112630383
KMA Paul,middle,W,3.0,31.0,0.0967741935483871,0.04221980137819214,0.06603932472010825
KMA Paul,middle,Wd,2.0,31.0,0.06451612903225806,0.028171868666396434,0.044040489389519114
KMA Paul,middle,Nb,0.0,31.0,0.0,0.002679114308877179,0.001509360174015312
KMDN Kulasekara,death,0,22.0,124.0,0.1774193548387097,0.21696977459016392,0.18706579868052778
KMDN Kulasekara,death,1,60.0,124.0,0.4838709677419355,0.37083760245901637,0.4563018542582966
KMDN Kulasekara,death,2,8.0,124.0,0.06451612903225806,0.08837090163934426,0.0703343662534986
KMDN Kulasekara,death,3,1.0,124.0,0.008064516129032258,0.002651127049180328,0.006744177329068373
KMDN Kulasekara,death,4,11.0,124.0,0.08870967741935484,0.11151383196721311,0.09427166633346662
KMDN Kulasekara,death,6,5.0,124.0,0.04032258064516129,0.07952100409836066,0.049883171731307484
KMDN Kulasekara,death,W,13.0,124.0,0.10483870967741936,0.08016137295081967,0.09881984706117553
KMDN Kulasekara,death,Wd,3.0,124.0,0.024193548387096774,0.04340420081967213,0.02887907337065174
KMDN Kulasekara,death,Nb,1.0,124.0,0.008064516129032258,0.006570184426229508,0.007700044982007197
KMDN Kulasekara,middle,0,1.0,6.0,0.16666666666666666,0.2808889845966761,0.265990421388414
KMDN Kulasekara,middle,1,4.0,6.0,0.6666666666666666,0.4414331678151601,0.4708114502740523
KMDN Kulasekara,middle,2,0.0,6.0,0.0,0.06664217673287394,0.05794971889815125
KMDN Kulasekara,middle,3,0.0,6.0,0.0,0.002286430887717876,0.0019882007719285878
KMDN Kulasekara,middle,4,0.0,6.0,0.0,0.08739739562221321,0.07599773532366366
KMDN Kulasekara,middle,6,0.0,6.0,0.0,0.048281059991892986,0.04198353042773303
KMDN Kulasekara,middle,W,1.0,6.0,0.16666666666666666,0.04221980137819214,0.05845200119842795
KMDN Kulasekara,middle,Wd,0.0,6.0,0.0,0.028171868666396434,0.02449727710121429
KMDN Kulasekara,middle,Nb,0.0,6.0,0.0,0.002679114308877179,0.002329664616414938
KP Pietersen,death,0,25.0,104.0,0.2403846153846154,0.21696977459016392,0.23388049294171223
KP Pietersen,death,1,44.0,104.0,0.4230769230769231,0.37083760245901637,0.4085660006830601
KP Pietersen,death,2,6.0,104.0,0.057692307692307696,0.08837090163934426,0.06621413934426229
KP Pietersen,death,3,0.0,104.0,0.0,0.002651127049180328,0.0007364241803278688
KP Pietersen,death,4,15.0,104.0,0.14423076923076922,0.11151383196721311,0.13514273110200364
KP Pietersen,death,6,7.0,104.0,0.0673076923076923,0.07952100409836066,0.07070027891621129
KP Pietersen,death,W,4.0,104.0,0.038461538461538464,0.08016137295081967,0.05004482581967213
KP Pietersen,death,Wd,3.0,104.0,0.028846153846153848,0.04340420081967213,0.03289005578324226
KP Pietersen,death,Nb,0.0,104.0,0.0,0.006570184426229508,0.0018250512295081968
KP Pietersen,middle,0,165.0,678.0,0.24336283185840707,0.2808889845966761,0.24545342532572012
KP Pietersen,middle,1,297.0,678.0,0.43805309734513276,0.4414331678151601,0.43824140210669416
KP Pietersen,middle,2,55.0,678.0,0.08112094395280237,0.06664217673287394,0.08031432739458907
KP Pietersen,middle,3,1.0,678.0,0.0014749262536873156,0.002286430887717876,0.0015201354254996031
KP Pietersen,middle,4,68.0,678.0,0.10029498525073746,0.08739739562221321,0.0995764565806247
KP Pietersen,middle,6,37.0,678.0,0.05457227138643068,0.048281059991892986,0.05422178607197175
KP Pietersen,middle,W,33.0,678.0,0.048672566371681415,0.04221980137819214,0.0483130808567238
KP Pietersen,middle,Wd,19.0,678.0,0.028023598820058997,0.028171868666396434,0.02803185897862933
KP Pietersen,middle,Nb,3.0,678.0,0.004424778761061947,0.002679114308877179,0.004327527259547476
KP Pietersen,powerplay,0,160.0,411.0,0.38929440389294406,0.4228881521678736,0.3922738937621174
KP Pietersen,powerplay,1,120.0,411.0,0.291970802919708,0.25764450947345025,0.28892634230363196
KP Pietersen,powerplay,2,22.0,411.0,0.0535279805352798,0.04384827662845184,0.052669470210949164
KP Pietersen,powerplay,3,5.0,411.0,0.012165450121654502,0.005028429611245902,0.011532454954434225
KP Pietersen,powerplay,4,74.0,411.0,0.18004866180048662,0.15223269683107069,0.17758161390962934
KP Pietersen,powerplay,6,12.0,411.0,0.029197080291970802,0.040523771600022226,0.030201664886919933
KP Pietersen,powerplay,W,8.0,411.0,0.019464720194647202,0.03919952586446391,0.02121503555338926
KP Pietersen,powerplay,Wd,8.0,411.0,0.019464720194647202,0.03486563072990943,0.020830654610191523
KP Pietersen,powerplay,Nb,2.0,411.0,0.004866180048661801,0.003769007093512122,0.004768869808737217
KR Mayers,death,0,0.0,5.0,0.0,0.21696977459016392,0.1928620218579235
KR Mayers,death,1,2.0,5.0,0.4,0.37083760245901637,0.37407786885245903
KR Mayers,death,2,0.0,5.0,0.0,0.08837090163934426,0.078551912568306
KR Mayers,death,3,0.0,5.0,0.0,0.002651127049180328,0.0023565573770491805
KR Mayers,death,4,1.0,5.0,0.2,0.11151383196721311,0.12134562841530055
KR Mayers,death,6,1.0,5.0,0.2,0.07952100409836066,0.09290755919854282
KR Mayers,death,W,1.0,5.0,0.2,0.08016137295081967,0.09347677595628415
KR Mayers,death,Wd,0.0,5.0,0.0,0.04340420081967213,0.038581511839708565
KR Mayers,death,Nb,0.0,5.0,0.0,0.006570184426229508,0.00584016393442623
KR Mayers,middle,0,57.0,178.0,0.3202247191011236,0.2808889845966761,0.3130071531370048
KR Mayers,middle,1,62.0,178.0,0.34831460674157305,0.4414331678151601,0.3654005812504881
KR Mayers,middle,2,3.0,178.0,0.016853932584269662,0.06664217673287394,0.0259893902262154
KR Mayers,middle,3,0.0,178.0,0.0,0.002286430887717876,0.00041952860325098645
KR Mayers,middle,4,13.0,178.0,0.07303370786516854,0.08739739562221321,0.07566924690315839
KR Mayers,middle,6,20.0,178.0,0.11235955056179775,0.048281059991892986,0.10060202935631063
KR Mayers,middle,W,17.0,178.0,0.09550561797752809,0.04221980137819214,0.08572840392260406
KR Mayers,middle,Wd,6.0,178.0,0.033707865168539325,0.028171868666396434,0.032692085993834205
KR Mayers,middle,Nb,0.0,178.0,0.0,0.002679114308877179,0.0004915806071334273
KR Mayers,powerplay,0,228.0,506.0,0.4505928853754941,0.4228881521678736,0.448563234591053
KR Mayers,powerplay,1,94.0,506.0,0.1857707509881423,0.25764450947345025,0.19103622780025276
KR Mayers,powerplay,2,22.0,506.0,0.043478260869565216,0.04384827662845184,0.04350536825116863
KR Mayers,powerplay,3,3.0,506.0,0.005928853754940711,0.005028429611245902,0.005862888616208491
KR Mayers,powerplay,4,78.0,506.0,0.1541501976284585,0.15223269683107069,0.15400972137956562
KR Mayers,powerplay,6,33.0,506.0,0.06521739130434782,0.040523771600022226,0.06340833491575254
KR Mayers,powerplay,W,23.0,506.0,0.045454545454545456,0.03919952586446391,0.04499630226113288
KR Mayers,powerplay,Wd,20.0,506.0,0.039525691699604744,0.03486563072990943,0.03918429529156846
KR Mayers,powerplay,Nb,5.0,506.0,0.009881422924901186,0.003769007093512122,0.009433626893297593
KS Williamson,death,0,63.0,408.0,0.15441176470588236,0.21696977459016392,0.1599973013026932
KS Williamson,death,1,164.0,408.0,0.4019607843137255,0.37083760245901637,0.39918192879098363
KS Williamson,death,2,41.0,408.0,0.10049019607843138,0.08837090163934426,0.09940811621779859
KS Williamson,death,3,3.0,408.0,0.007352941176470588,0.002651127049180328,0.006933136343676815
KS Williamson,death,4,68.0,408.0,0.16666666666666666,0.11151383196721311,0.16174230642564402
KS Williamson,death,6,21.0,408.0,0.051470588235294115,0.07952100409836066,0.053975089651639344
KS Williamson,death,W,31.0,408.0,0.07598039215686274,0.08016137295081967,0.07635369401346605
KS Williamson,death,Wd,15.0,408.0,0.03676470588235294,0.04340420081967213,0.03735751793032787
KS Williamson,death,Nb,2.0,408.0,0.004901960784313725,0.006570184426229508,0.0050509093237704914
KS Williamson,middle,0,394.0,1544.0,0.2551813471502591,0.2808889845966761,0.25583052991405747
KS Williamson,middle,1,770.0,1544.0,0.49870466321243523,0.4414331678151601,0.49725841332866566
KS Williamson,middle,2,112.0,1544.0,0.07253886010362694,0.06664217673287394,0.07238995395790086
KS Williamson,middle,3,3.0,1544.0,0.0019430051813471502,0.002286430887717876,0.0019516775476696433
KS Williamson,middle,4,127.0,1544.0,0.0822538860103627,0.08739739562221321,0.08238377261672256
KS Williamson,middle,6,63.0,1544.0,0.040803108808290155,0.048281059991892986,0.04099194595939124
KS Williamson,middle,W,46.0,1544.0,0.029792746113989636,0.04221980137819214,0.030106560640863436
KS Williamson,middle,Wd,25.0,1544.0,0.016191709844559584,0.028171868666396434,0.016494239107737285
KS Williamson,middle,Nb,4.0,1544.0,0.0025906735751295338,0.002679114308877179,0.0025929069269918477
KS Williamson,powerplay,0,399.0,886.0,0.4503386004514673,0.4228881521678736,0.44915283594677635
KS Williamson,powerplay,1,257.0,886.0,0.29006772009029347,0.25764450947345025,0.2886671494372981
KS Williamson,powerplay,2,40.0,886.0,0.045146726862302484,0.04384827662845184,0.04509063829928518
KS Williamson,powerplay,3,7.0,886.0,0.007900677200902935,0.005028429611245902,0.007776606030723365
KS Williamson,powerplay,4,128.0,886.0,0.14446952595936793,0.15223269683107069,0.14480486811365317
KS Williamson,powerplay,6,12.0,886.0,0.013544018058690745,0.040523771600022226,0.014709450177106792
KS Williamson,powerplay,W,21.0,886.0,0.023702031602708805,0.03919952586446391,0.024371469799760858
KS Williamson,powerplay,Wd,21.0,886.0,0.023702031602708805,0.03486563072990943,0.024184260506691552
KS Williamson,powerplay,Nb,1.0,886.0,0.001128668171557562,0.003769007093512122,0.0012427216887046274
KT Maphaka,death,0,5.0,15.0,0.3333333333333333,0.21696977459016392,0.2487052906110283
KT Maphaka,death,1,4.0,15.0,0.26666666666666666,0.37083760245901637,0.342427347242921
KT Maphaka,death,2,1.0,15.0,0.06666666666666667,0.08837090163934426,0.08245156482861402
KT Maphaka,death,3,0.0,15.0,0.0,0.002651127049180328,0.0019280923994038747
KT Maphaka,death,4,2.0,15.0,0.13333333333333333,0.11151383196721311,0.11746460506706409
KT Maphaka,death,6,0.0,15.0,0.0,0.07952100409836066,0.05783345752608048
KT Maphaka,death,W,2.0,15.0,0.13333333333333333,0.08016137295081967,0.09466281669150521
KT Maphaka,death,Wd,1.0,15.0,0.06666666666666667,0.04340420081967213,0.04974850968703428
KT Maphaka,death,Nb,0.0,15.0,0.0,0.006570184426229508,0.004778315946348734
KV Sharma,death,0,46.0,179.0,0.2569832402234637,0.21696977459016392,0.24967484467400256
KV Sharma,death,1,64.0,179.0,0.3575418994413408,0.37083760245901637,0.35997033834867875
KV Sharma,death,2,14.0,179.0,0.0782122905027933,0.08837090163934426,0.08006774459166105
KV Sharma,death,3,0.0,179.0,0.0,0.002651127049180328,0.0004842241185717494
KV Sharma,death,4,13.0,179.0,0.07262569832402235,0.11151383196721311,0.07972855378396587
KV Sharma,death,6,15.0,179.0,0.08379888268156424,0.07952100409836066,0.08301753499513437
KV Sharma,death,W,16.0,179.0,0.0893854748603352,0.08016137295081967,0.08770070738827757
KV Sharma,death,Wd,11.0,179.0,0.061452513966480445,0.04340420081967213,0.05815601841455199
KV Sharma,death,Nb,0.0,179.0,0.0,0.006570184426229508,0.0012000336851560745
KV Sharma,middle,0,32.0,94.0,0.3404255319148936,0.2808889845966761,0.32265342823781373
KV Sharma,middle,1,44.0,94.0,0.46808510638297873,0.4414331678151601,0.46012930382542094
KV Sharma,middle,2,5.0,94.0,0.05319148936170213,0.06664217673287394,0.057206619920260875
KV Sharma,middle,3,1.0,94.0,0.010638297872340425,0.002286430887717876,0.008145203250065038
KV Sharma,middle,4,5.0,94.0,0.05319148936170213,0.08739739562221321,0.06340220764842185
KV Sharma,middle,6,1.0,94.0,0.010638297872340425,0.048281059991892986,0.021874943281162084
KV Sharma,middle,W,5.0,94.0,0.05319148936170213,0.04221980137819214,0.049916358620355865
KV Sharma,middle,Wd,1.0,94.0,0.010638297872340425,0.028171868666396434,0.01587219960190938
KV Sharma,middle,Nb,0.0,94.0,0.0,0.002679114308877179,0.0007997356145902026
KV Sharma,powerplay,0,2.0,4.0,0.5,0.4228881521678736,0.42989832015261237
KV Sharma,powerplay,1,1.0,4.0,0.25,0.25764450947345025,0.25694955406677294
KV Sharma,powerplay,2,0.0,4.0,0.0,0.04384827662845184,0.039862069662228945
KV Sharma,powerplay,3,0.0,4.0,0.0,0.005028429611245902,0.004571299646587184
KV Sharma,powerplay,4,0.0,4.0,0.0,0.15223269683107069,0.1383933607555188
KV Sharma,powerplay,6,0.0,4.0,0.0,0.040523771600022226,0.03683979236365657
KV Sharma,powerplay,W,1.0,4.0,0.25,0.03919952586446391,0.05836320533133083
KV Sharma,powerplay,Wd,0.0,4.0,0.0,0.03486563072990943,0.031696027936281304
KV Sharma,powerplay,Nb,0.0,4.0,0.0,0.003769007093512122,0.00342637008501102
KW Richardson,death,0,6.0,33.0,0.18181818181818182,0.21696977459016392,0.20107932854255559
KW Richardson,death,1,16.0,33.0,0.48484848484848486,0.37083760245901637,0.42237676847069394
KW Richardson,death,2,4.0,33.0,0.12121212121212122,0.08837090163934426,0.10321693240512014
KW Richardson,death,3,0.0,33.0,0.0,0.002651127049180328,0.0014526723557152482
KW Richardson,death,4,1.0,33.0,0.030303030303030304,0.11151383196721311,0.07480209970806198
KW Richardson,death,6,0.0,33.0,0.0,0.07952100409836066,0.04357315293060858
KW Richardson,death,W,6.0,33.0,0.18181818181818182,0.08016137295081967,0.1261158207949697
KW Richardson,death,Wd,0.0,33.0,0.0,0.04340420081967213,0.02378312373680665
KW Richardson,death,Nb,0.0,33.0,0.0,0.006570184426229508,0.003600101055468224
KW Richardson,middle,0,11.0,23.0,0.4782608695652174,0.2808889845966761,0.35294538704550865
KW Richardson,middle,1,6.0,23.0,0.2608695652173913,0.4414331678151601,0.3755131224223239
KW Richardson,middle,2,2.0,23.0,0.08695652173913043,0.06664217673287394,0.07405852490976123
KW Richardson,middle,3,0.0,23.0,0.0,0.002286430887717876,0.0014517021509319848
KW Richardson,middle,4,2.0,23.0,0.08695652173913043,0.08739739562221321,0.08723644166489727
KW Richardson,middle,6,1.0,23.0,0.043478260869565216,0.048281059991892986,0.04652765713770983
KW Richardson,middle,W,0.0,23.0,0.0,0.04221980137819214,0.02680622309726485
KW Richardson,middle,Wd,1.0,23.0,0.043478260869565216,0.028171868666396434,0.03375991661358503
KW Richardson,middle,Nb,0.0,23.0,0.0,0.002679114308877179,0.0017010249580172564
Kamran Akmal,death,0,20.0,80.0,0.25,0.21696977459016392,0.23898992486338796
Kamran Akmal,death,1,33.0,80.0,0.4125,0.37083760245901637,0.39861253415300546
Kamran Akmal,death,2,9.0,80.0,0.1125,0.08837090163934426,0.10445696721311476
Kamran Akmal,death,3,0.0,80.0,0.0,0.002651127049180328,0.0008837090163934426
Kamran Akmal,death,4,10.0,80.0,0.125,0.11151383196721311,0.12050461065573771
Kamran Akmal,death,6,1.0,80.0,0.0125,0.07952100409836066,0.03484033469945356
Kamran Akmal,death,W,7.0,80.0,0.0875,0.08016137295081967,0.08505379098360656
Kamran Akmal,death,Wd,0.0,80.0,0.0,0.04340420081967213,0.014468066939890712
Kamran Akmal,death,Nb,0.0,80.0,0.0,0.006570184426229508,0.002190061475409836
Kamran Akmal,middle,0,51.0,232.0,0.21982758620689655,0.2808889845966761,0.22880720361715823
Kamran Akmal,middle,1,94.0,232.0,0.4051724137931034,0.4414331678151601,0.4105048776198765
Kamran Akmal,middle,2,23.0,232.0,0.09913793103448276,0.06664217673287394,0.09435914363718734
Kamran Akmal,middle,3,0.0,232.0,0.0,0.002286430887717876,0.00033623983642909943
Kamran Akmal,middle,4,24.0,232.0,0.10344827586206896,0.08739739562221321,0.10108785229738429
Kamran Akmal,middle,6,19.0,232.0,0.08189655172413793,0.048281059991892986,0.07695309705763131
Kamran Akmal,middle,W,15.0,232.0,0.06465517241379311,0.04221980137819214,0.06135585314385178
Kamran Akmal,middle,Wd,5.0,232.0,0.021551724137931036,0.028171868666396434,0.022525274803881827
Kamran Akmal,middle,Nb,1.0,232.0,0.004310344827586207,0.002679114308877179,0.004070457986599585
Kamran Akmal,powerplay,0,189.0,358.0,0.5279329608938548,0.4228881521678736,0.5173756936852134
Kamran Akmal,powerplay,1,56.0,358.0,0.1564245810055866,0.25764450947345025,0.1665974381380352
Kamran Akmal,powerplay,2,21.0,358.0,0.05865921787709497,0.04384827662845184,0.05717068106818611
Kamran Akmal,powerplay,3,2.0,358.0,0.00558659217877095,0.005028429611245902,0.0055304954383161705
Kamran Akmal,powerplay,4,50.0,358.0,0.13966480446927373,0.15223269683107069,0.14092790922925336
Kamran Akmal,powerplay,6,11.0,358.0,0.030726256983240222,0.040523771600022226,0.03171093181909771
Kamran Akmal,powerplay,W,16.0,358.0,0.0446927374301676,0.03919952586446391,0.044140655865775265
Kamran Akmal,powerplay,Wd,12.0,358.0,0.0335195530726257,0.03486563072990943,0.033654837259287376
Kamran Akmal,powerplay,Nb,1.0,358.0,0.002793296089385475,0.003769007093512122,0.002891357496835389
Kuldeep Yadav,death,0,89.0,237.0,0.3755274261603376,0.21696977459016392,0.3526310143812511
Kuldeep Yadav,death,1,86.0,237.0,0.3628691983122363,0.37083760245901637,0.36401987039119366
Kuldeep Yadav,death,2,15.0,237.0,0.06329113924050633,0.08837090163934426,0.0669127655796887
Kuldeep Yadav,death,3,1.0,237.0,0.004219409282700422,0.002651127049180328,0.003992942534177665
Kuldeep Yadav,death,4,16.0,237.0,0.06751054852320675,0.11151383196721311,0.07386481328046399
Kuldeep Yadav,death,6,3.0,237.0,0.012658227848101266,0.07952100409836066,0.022313502396875188
Kuldeep Yadav,death,W,17.0,237.0,0.07172995780590717,0.08016137295081967,0.07294749067881873
Kuldeep Yadav,death,Wd,10.0,237.0,0.04219409282700422,0.04340420081967213,0.04236883766349056
Kuldeep Yadav,death,Nb,0.0,237.0,0.0,0.006570184426229508,0.0009487630940403622
Kuldeep Yadav,middle,0,30.0,60.0,0.5,0.2808889845966761,0.41235559383867043
Kuldeep Yadav,middle,1,23.0,60.0,0.38333333333333336,0.4414331678151601,0.40657326712606406
Kuldeep Yadav,middle,2,2.0,60.0,0.03333333333333333,0.06664217673287394,0.046656870693149576
Kuldeep Yadav,middle,3,0.0,60.0,0.0,0.002286430887717876,0.0009145723550871504
Kuldeep Yadav,middle,4,3.0,60.0,0.05,0.08739739562221321,0.06495895824888528
Kuldeep Yadav,middle,6,0.0,60.0,0.0,0.048281059991892986,0.019312423996757193
Kuldeep Yadav,middle,W,0.0,60.0,0.0,0.04221980137819214,0.016887920551276855
Kuldeep Yadav,middle,Wd,1.0,60.0,0.016666666666666666,0.028171868666396434,0.02126874746655857
Kuldeep Yadav,middle,Nb,1.0,60.0,0.016666666666666666,0.002679114308877179,0.011071645723550872
L Balaji,death,0,18.0,46.0,0.391304347826087,0.21696977459016392,0.3102184998093786
L Balaji,death,1,14.0,46.0,0.30434782608695654,0.37083760245901637,0.33527330346930995
L Balaji,death,2,2.0,46.0,0.043478260869565216,0.08837090163934426,0.0643585589020206
L Balaji,death,3,1.0,46.0,0.021739130434782608,0.002651127049180328,0.012860989325200153
L Balaji,death,4,2.0,46.0,0.043478260869565216,0.11151383196721311,0.07512271254288982
L Balaji,death,6,1.0,46.0,0.021739130434782608,0.07952100409836066,0.048614420510865425
L Balaji,death,W,7.0,46.0,0.15217391304347827,0.08016137295081967,0.11867970834921845
L Balaji,death,Wd,1.0,46.0,0.021739130434782608,0.04340420081967213,0.03181590735798704
L Balaji,death,Nb,0.0,46.0,0.0,0.006570184426229508,0.0030558997331300037
L Balaji,middle,0,3.0,4.0,0.75,0.2808889845966761,0.32353544054243283
L Balaji,middle,1,1.0,4.0,0.25,0.4414331678151601,0.4240301525592365
L Balaji,middle,2,0.0,4.0,0.0,0.06664217673287394,0.060583797029885395
L Balaji,middle,3,0.0,4.0,0.0,0.002286430887717876,0.0020785735342889783
L Balaji,middle,4,0.0,4.0,0.0,0.08739739562221321,0.07945217783837565
L Balaji,middle,6,0.0,4.0,0.0,0.048281059991892986,0.04389187271990271
L Balaji,middle,W,0.0,4.0,0.0,0.04221980137819214,0.03838163761653831
L Balaji,middle,Wd,0.0,4.0,0.0,0.028171868666396434,0.02561078969672403
L Balaji,middle,Nb,0.0,4.0,0.0,0.002679114308877179,0.0024355584626156172
L Ngidi,death,0,27.0,49.0,0.5510204081632653,0.21696977459016392,0.4008852919506355
L Ngidi,death,1,10.0,49.0,0.20408163265306123,0.37083760245901637,0.2790281359366366
L Ngidi,death,2,5.0,49.0,0.10204081632653061,0.08837090163934426,0.09589703444464912
L Ngidi,death,3,0.0,49.0,0.0,0.002651127049180328,0.001191517774912507
L Ngidi,death,4,4.0,49.0,0.08163265306122448,0.11151383196721311,0.09506239638975872
L Ngidi,death,6,0.0,49.0,0.0,0.07952100409836066,0.035739777122858724
L Ngidi,death,W,2.0,49.0,0.04081632653061224,0.08016137295081967,0.058499493461042544
L Ngidi,death,Wd,1.0,49.0,0.02040816326530612,0.04340420081967213,0.030743461042549273
L Ngidi,death,Nb,0.0,49.0,0.0,0.006570184426229508,0.0029528918769570825
L Ngidi,middle,0,7.0,13.0,0.5384615384615384,0.2808889845966761,0.3440671581861707
L Ngidi,middle,1,6.0,13.0,0.46153846153846156,0.4414331678151601,0.44636465495483785
L Ngidi,middle,2,0.0,13.0,0.0,0.06664217673287394,0.05029598243990486
L Ngidi,middle,3,0.0,13.0,0.0,0.002286430887717876,0.0017256082171455667
L Ngidi,middle,4,0.0,13.0,0.0,0.08739739562221321,0.06596029858280243
L Ngidi,middle,6,0.0,13.0,0.0,0.048281059991892986,0.0364385358429381
L Ngidi,middle,W,0.0,13.0,0.0,0.04221980137819214,0.03186400104014501
L Ngidi,middle,Wd,0.0,13.0,0.0,0.028171868666396434,0.021261787672752025
L Ngidi,middle,Nb,0.0,13.0,0.0,0.002679114308877179,0.002021973063303531
L Ronchi,death,0,22.0,111.0,0.1981981981981982,0.21696977459016392,0.20317080121593747
L Ronchi,death,1,40.0,111.0,0.36036036036036034,0.37083760245901637,0.36313578873086527
L Ronchi,death,2,14.0,111.0,0.12612612612612611,0.08837090163934426,0.11612474215611769
L Ronchi,death,3,0.0,111.0,0.0,0.002651127049180328,0.0007022853110411465
L Ronchi,death,4,14.0,111.0,0.12612612612612611,0.11151383196721311,0.12225531972641408
L Ronchi,death,6,8.0,111.0,0.07207207207207207,0.07952100409836066,0.07404529909890349
L Ronchi,death,W,10.0,111.0,0.09009009009009009,0.08016137295081967,0.087459966344588
L Ronchi,death,Wd,3.0,111.0,0.02702702702702703,0.04340420081967213,0.03136535121050917
L Ronchi,death,Nb,0.0,111.0,0.0,0.006570184426229508,0.0017404462056237109
L Ronchi,middle,0,18.0,65.0,0.27692307692307694,0.2808889845966761,0.27843389889397185
L Ronchi,middle,1,26.0,65.0,0.4,0.4414331678151601,0.41578406392958484
L Ronchi,middle,2,6.0,65.0,0.09230769230769231,0.06664217673287394,0.08253035304109484
L Ronchi,middle,3,0.0,65.0,0.0,0.002286430887717876,0.0008710212905591909
L Ronchi,middle,4,7.0,65.0,0.1076923076923077,0.08739739562221321,0.09996091261798598
L Ronchi,middle,6,3.0,65.0,0.046153846153846156,0.048281059991892986,0.04696421333024495
L Ronchi,middle,W,3.0,65.0,0.046153846153846156,0.04221980137819214,0.04465516242978748
L Ronchi,middle,Wd,2.0,65.0,0.03076923076923077,0.028171868666396434,0.029779759491960545
L Ronchi,middle,Nb,0.0,65.0,0.0,0.002679114308877179,0.001020614974810354
L Ronchi,powerplay,0,22.0,45.0,0.4888888888888889,0.4228881521678736,0.4578297186672347
L Ronchi,powerplay,1,5.0,45.0,0.1111111111111111,0.25764450947345025,0.18006800445809423
L Ronchi,powerplay,2,1.0,45.0,0.022222222222222223,0.04384827662845184,0.03239918900162439
L Ronchi,powerplay,3,0.0,45.0,0.0,0.005028429611245902,0.002366319817056895
L Ronchi,powerplay,4,7.0,45.0,0.15555555555555556,0.15223269683107069,0.15399185733226856
L Ronchi,powerplay,6,2.0,45.0,0.044444444444444446,0.040523771600022226,0.042599421929422225
L Ronchi,powerplay,W,5.0,45.0,0.1111111111111111,0.03919952586446391,0.0772703651126889
L Ronchi,powerplay,Wd,3.0,45.0,0.06666666666666667,0.03486563072990943,0.051701473284663256
L Ronchi,powerplay,Nb,0.0,45.0,0.0,0.003769007093512122,0.001773650396946881
L Wood,death,0,0.0,5.0,0.0,0.21696977459016392,0.1928620218579235
L Wood,death,1,2.0,5.0,0.4,0.37083760245901637,0.37407786885245903
L Wood,death,2,1.0,5.0,0.2,0.08837090163934426,0.10077413479052824
L Wood,death,3,0.0,5.0,0.0,0.002651127049180328,0.0023565573770491805
L Wood,death,4,0.0,5.0,0.0,0.11151383196721311,0.09912340619307833
L Wood,death,6,1.0,5.0,0.2,0.07952100409836066,0.09290755919854282
L Wood,death,W,1.0,5.0,0.2,0.08016137295081967,0.09347677595628415
L Wood,death,Wd,0.0,5.0,0.0,0.04340420081967213,0.038581511839708565
L Wood,death,Nb,0.0,5.0,0.0,0.006570184426229508,0.00584016393442623
L Wood,middle,0,1.0,4.0,0.25,0.2808889845966761,0.2780808950878874
L Wood,middle,1,1.0,4.0,0.25,0.4414331678151601,0.4240301525592365
L Wood,middle,2,1.0,4.0,0.25,0.06664217673287394,0.08331106975715813
L Wood,middle,3,0.0,4.0,0.0,0.002286430887717876,0.0020785735342889783
L Wood,middle,4,0.0,4.0,0.0,0.08739739562221321,0.07945217783837565
L Wood,middle,6,0.0,4.0,0.0,0.048281059991892986,0.04389187271990271
L Wood,middle,W,0.0,4.0,0.0,0.04221980137819214,0.03838163761653831
L Wood,middle,Wd,1.0,4.0,0.25,0.028171868666396434,0.04833806242399675
L Wood,middle,Nb,0.0,4.0,0.0,0.002679114308877179,0.0024355584626156172
LA Pomersbach,death,0,11.0,42.0,0.2619047619047619,0.21696977459016392,0.23998525589764094
LA Pomersbach,death,1,17.0,42.0,0.40476190476190477,0.37083760245901637,0.38821346461415435
LA Pomersbach,death,2,3.0,42.0,0.07142857142857142,0.08837090163934426,0.07969312275089964
LA Pomersbach,death,3,0.0,42.0,0.0,0.002651127049180328,0.0012932327069172331
LA Pomersbach,death,4,4.0,42.0,0.09523809523809523,0.11151383196721311,0.10317747900839665
LA Pomersbach,death,6,3.0,42.0,0.07142857142857142,0.07952100409836066,0.07537609956017594
LA Pomersbach,death,W,4.0,42.0,0.09523809523809523,0.08016137295081967,0.08788359656137544
LA Pomersbach,death,Wd,0.0,42.0,0.0,0.04340420081967213,0.021172780887644942
LA Pomersbach,death,Nb,0.0,42.0,0.0,0.006570184426229508,0.0032049680127948822
LA Pomersbach,middle,0,32.0,85.0,0.3764705882352941,0.2808889845966761,0.34588447507093634
LA Pomersbach,middle,1,34.0,85.0,0.4,0.4414331678151601,0.41325861370085126
LA Pomersbach,middle,2,6.0,85.0,0.07058823529411765,0.06664217673287394,0.06932549655451967
LA Pomersbach,middle,3,1.0,85.0,0.011764705882352941,0.002286430887717876,0.00873165788406972
LA Pomersbach,middle,4,5.0,85.0,0.058823529411764705,0.08739739562221321,0.06796716659910823
LA Pomersbach,middle,6,3.0,85.0,0.03529411764705882,0.048281059991892986,0.039449939197405755
LA Pomersbach,middle,W,3.0,85.0,0.03529411764705882,0.04221980137819214,0.03751033644102149
LA Pomersbach,middle,Wd,1.0,85.0,0.011764705882352941,0.028171868666396434,0.017014997973246855
LA Pomersbach,middle,Nb,0.0,85.0,0.0,0.002679114308877179,0.0008573165788406973
LA Pomersbach,powerplay,0,29.0,76.0,0.3815789473684211,0.4228881521678736,0.39582350074754263
LA Pomersbach,powerplay,1,15.0,76.0,0.19736842105263158,0.25764450947345025,0.21815327912877594
LA Pomersbach,powerplay,2,9.0,76.0,0.11842105263157894,0.04384827662845184,0.09270630228567306
LA Pomersbach,powerplay,3,0.0,76.0,0.0,0.005028429611245902,0.0017339412452572077
LA Pomersbach,powerplay,4,11.0,76.0,0.14473684210526316,0.15223269683107069,0.14732161959692092
LA Pomersbach,powerplay,6,4.0,76.0,0.05263157894736842,0.040523771600022226,0.048456472965524904
LA Pomersbach,powerplay,W,4.0,76.0,0.05263157894736842,0.03919952586446391,0.047999836504987556
LA Pomersbach,powerplay,Wd,1.0,76.0,0.013157894736842105,0.03486563072990943,0.020643320941348083
LA Pomersbach,powerplay,Nb,3.0,76.0,0.039473684210526314,0.003769007093512122,0.027161726583969696
LB Williams,death,0,6.0,11.0,0.5454545454545454,0.21696977459016392,0.28781943105110896
LB Williams,death,1,4.0,11.0,0.36363636363636365,0.37083760245901637,0.36928439408550306
LB Williams,death,2,0.0,11.0,0.0,0.08837090163934426,0.06931051108968177
LB Williams,death,3,0.0,11.0,0.0,0.002651127049180328,0.0020793153326904533
LB Williams,death,4,0.0,11.0,0.0,0.11151383196721311,0.08746182899389264
LB Williams,death,6,0.0,11.0,0.0,0.07952100409836066,0.0623694149791064
LB Williams,death,W,1.0,11.0,0.09090909090909091,0.08016137295081967,0.0824795081967213
LB Williams,death,Wd,0.0,11.0,0.0,0.04340420081967213,0.03404251044680168
LB Williams,death,Nb,0.0,11.0,0.0,0.006570184426229508,0.005153085824493732
LB Williams,middle,0,1.0,4.0,0.25,0.2808889845966761,0.2780808950878874
LB Williams,middle,1,1.0,4.0,0.25,0.4414331678151601,0.4240301525592365
LB Williams,middle,2,0.0,4.0,0.0,0.06664217673287394,0.060583797029885395
LB Williams,middle,3,0.0,4.0,0.0,0.002286430887717876,0.0020785735342889783
LB Williams,middle,4,0.0,4.0,0.0,0.08739739562221321,0.07945217783837565
LB Williams,middle,6,0.0,4.0,0.0,0.048281059991892986,0.04389187271990271
LB Williams,middle,W,2.0,4.0,0.5,0.04221980137819214,0.08383618307108377
LB Williams,middle,Wd,0.0,4.0,0.0,0.028171868666396434,0.02561078969672403
LB Williams,middle,Nb,0.0,4.0,0.0,0.002679114308877179,0.0024355584626156172
LE Plunkett,death,0,6.0,32.0,0.1875,0.21696977459016392,0.2038720969945355
LE Plunkett,death,1,9.0,32.0,0.28125,0.37083760245901637,0.33102089025500914
LE Plunkett,death,2,7.0,32.0,0.21875,0.08837090163934426,0.14631716757741348
LE Plunkett,death,3,0.0,32.0,0.0,0.002651127049180328,0.0014728483606557376
LE Plunkett,death,4,3.0,32.0,0.09375,0.11151383196721311,0.10361879553734062
LE Plunkett,death,6,1.0,32.0,0.03125,0.07952100409836066,0.058067224499089264
LE Plunkett,death,W,6.0,32.0,0.1875,0.08016137295081967,0.12786742941712204
LE Plunkett,death,Wd,0.0,32.0,0.0,0.04340420081967213,0.024113444899817853
LE Plunkett,death,Nb,0.0,32.0,0.0,0.006570184426229508,0.0036501024590163936
LG Pretorius,middle,0,7.0,29.0,0.2413793103448276,0.2808889845966761,0.26428346933140645
LG Pretorius,middle,1,11.0,29.0,0.3793103448275862,0.4414331678151601,0.41532357554502036
LG Pretorius,middle,2,1.0,29.0,0.034482758620689655,0.06664217673287394,0.053125899555289235
LG Pretorius,middle,3,0.0,29.0,0.0,0.002286430887717876,0.0013254671812857252
LG Pretorius,middle,4,2.0,29.0,0.06896551724137931,0.08739739562221321,0.07965066412881924
LG Pretorius,middle,6,2.0,29.0,0.06896551724137931,0.048281059991892986,0.05697452753153216
LG Pretorius,middle,W,3.0,29.0,0.10344827586206896,0.04221980137819214,0.06795350804532878
LG Pretorius,middle,Wd,3.0,29.0,0.10344827586206896,0.028171868666396434,0.059809778937041404
LG Pretorius,middle,Nb,0.0,29.0,0.0,0.002679114308877179,0.0015531097442766254
LG Pretorius,powerplay,0,27.0,82.0,0.32926829268292684,0.4228881521678736,0.3599633285796307
LG Pretorius,powerplay,1,24.0,82.0,0.2926829268292683,0.25764450947345025,0.28119492113883615
LG Pretorius,powerplay,2,4.0,82.0,0.04878048780487805,0.04384827662845184,0.04716336938637765
LG Pretorius,powerplay,3,1.0,82.0,0.012195121951219513,0.005028429611245902,0.00984538675778554
LG Pretorius,powerplay,4,17.0,82.0,0.2073170731707317,0.15223269683107069,0.18925662191182646
LG Pretorius,powerplay,6,2.0,82.0,0.024390243902439025,0.040523771600022226,0.029679925114761387
LG Pretorius,powerplay,W,5.0,82.0,0.06097560975609756,0.03919952586446391,0.053835910119496365
LG Pretorius,powerplay,Wd,2.0,82.0,0.024390243902439025,0.03486563072990943,0.027824796960626043
LG Pretorius,powerplay,Nb,0.0,82.0,0.0,0.003769007093512122,0.0012357400306597121
LH Ferguson,death,0,16.0,75.0,0.21333333333333335,0.21696977459016392,0.21459818246614398
LH Ferguson,death,1,30.0,75.0,0.4,0.37083760245901637,0.38985655737704916
LH Ferguson,death,2,7.0,75.0,0.09333333333333334,0.08837090163934426,0.0916072701354241
LH Ferguson,death,3,1.0,75.0,0.013333333333333334,0.002651127049180328,0.009617783321454028
LH Ferguson,death,4,5.0,75.0,0.06666666666666667,0.11151383196721311,0.08226568068424805
LH Ferguson,death,6,4.0,75.0,0.05333333333333334,0.07952100409836066,0.06244208838203849
LH Ferguson,death,W,8.0,75.0,0.10666666666666667,0.08016137295081967,0.09744743406985032
LH Ferguson,death,Wd,3.0,75.0,0.04,0.04340420081967213,0.04118406985032074
LH Ferguson,death,Nb,1.0,75.0,0.013333333333333334,0.006570184426229508,0.010980933713471133
LH Ferguson,middle,0,5.0,9.0,0.5555555555555556,0.2808889845966761,0.33133794660953153
LH Ferguson,middle,1,3.0,9.0,0.3333333333333333,0.4414331678151601,0.4215780961756409
LH Ferguson,middle,2,0.0,9.0,0.0,0.06664217673287394,0.05440177692479505
LH Ferguson,middle,3,0.0,9.0,0.0,0.002286430887717876,0.001866474194055409
LH Ferguson,middle,4,0.0,9.0,0.0,0.08739739562221321,0.07134481275282711
LH Ferguson,middle,6,0.0,9.0,0.0,0.048281059991892986,0.03941311019746366
LH Ferguson,middle,W,1.0,9.0,0.1111111111111111,0.04221980137819214,0.05487330724750379
LH Ferguson,middle,Wd,0.0,9.0,0.0,0.028171868666396434,0.02299744380930321
LH Ferguson,middle,Nb,0.0,9.0,0.0,0.002679114308877179,0.0021870320888793295
LJ Wright,death,0,15.0,107.0,0.14018691588785046,0.21696977459016392,0.16108021077283372
LJ Wright,death,1,38.0,107.0,0.35514018691588783,0.37083760245901637,0.3594115925058548
LJ Wright,death,2,12.0,107.0,0.11214953271028037,0.08837090163934426,0.10567915690866511
LJ Wright,death,3,0.0,107.0,0.0,0.002651127049180328,0.0007213951154232185
LJ Wright,death,4,16.0,107.0,0.14953271028037382,0.11151383196721311,0.13918743726998997
LJ Wright,death,6,10.0,107.0,0.09345794392523364,0.07952100409836066,0.0896655793464927
LJ Wright,death,W,11.0,107.0,0.102803738317757,0.08016137295081967,0.09664255046280808
LJ Wright,death,Wd,3.0,107.0,0.028037383177570093,0.04340420081967213,0.032218830155012826
LJ Wright,death,Nb,2.0,107.0,0.018691588785046728,0.006570184426229508,0.015393247462919594
LJ Wright,middle,0,40.0,140.0,0.2857142857142857,0.2808889845966761,0.28464199657703915
LJ Wright,middle,1,60.0,140.0,0.42857142857142855,0.4414331678151601,0.43142959284781335
LJ Wright,middle,2,13.0,140.0,0.09285714285714286,0.06664217673287394,0.08703159482952755
LJ Wright,middle,3,0.0,140.0,0.0,0.002286430887717876,0.0005080957528261947
LJ Wright,middle,4,11.0,140.0,0.07857142857142857,0.08739739562221321,0.08053275458271404
LJ Wright,middle,6,6.0,140.0,0.04285714285714286,0.048281059991892986,0.04406245777597622
LJ Wright,middle,W,6.0,140.0,0.04285714285714286,0.04221980137819214,0.042715511417376034
LJ Wright,middle,Wd,4.0,140.0,0.02857142857142857,0.028171868666396434,0.02848263748142143
LJ Wright,middle,Nb,0.0,140.0,0.0,0.002679114308877179,0.0005953587353060397
LJ Wright,powerplay,0,56.0,122.0,0.45901639344262296,0.4228881521678736,0.4500958400414503
LJ Wright,powerplay,1,22.0,122.0,0.18032786885245902,0.25764450947345025,0.1994183974008519
LJ Wright,powerplay,2,7.0,122.0,0.05737704918032787,0.04384827662845184,0.05403661151319799
LJ Wright,powerplay,3,1.0,122.0,0.00819672131147541,0.005028429611245902,0.00741442706450516
LJ Wright,powerplay,4,10.0,122.0,0.08196721311475409,0.15223269683107069,0.09931671526693103
LJ Wright,powerplay,6,4.0,122.0,0.03278688524590164,0.040523771600022226,0.034697227555561046
LJ Wright,powerplay,W,17.0,122.0,0.13934426229508196,0.03919952586446391,0.11461716688011453
LJ Wright,powerplay,Wd,5.0,122.0,0.040983606557377046,0.03486563072990943,0.03947299524195295
LJ Wright,powerplay,Nb,0.0,122.0,0.0,0.003769007093512122,0.000930619035435092
LMP Simmons,death,0,23.0,103.0,0.22330097087378642,0.21696977459016392,0.22153000687836755
LMP Simmons,death,1,41.0,103.0,0.39805825242718446,0.37083760245901637,0.39044408460392066
LMP Simmons,death,2,7.0,103.0,0.06796116504854369,0.08837090163934426,0.07367018227673966
LMP Simmons,death,3,0.0,103.0,0.0,0.002651127049180328,0.0007415739997707211
LMP Simmons,death,4,9.0,103.0,0.08737864077669903,0.11151383196721311,0.09412974320761207
LMP Simmons,death,6,9.0,103.0,0.08737864077669903,0.07952100409836066,0.08518070044709389
LMP Simmons,death,W,7.0,103.0,0.06796116504854369,0.08016137295081967,0.07137381061561389
LMP Simmons,death,Wd,6.0,103.0,0.05825242718446602,0.04340420081967213,0.05409907715235584
LMP Simmons,death,Nb,1.0,103.0,0.009708737864077669,0.006570184426229508,0.008830820818525736
LMP Simmons,middle,0,228.0,683.0,0.33382137628111275,0.2808889845966761,0.3308928898808673
LMP Simmons,middle,1,255.0,683.0,0.3733528550512445,0.4414331678151601,0.37711940070899913
LMP Simmons,middle,2,49.0,683.0,0.07174231332357248,0.06664217673287394,0.07146014809033881
LMP Simmons,middle,3,1.0,683.0,0.0014641288433382138,0.002286430887717876,0.0015096227323771992
LMP Simmons,middle,4,73.0,683.0,0.10688140556368961,0.08739739562221321,0.10580345203995647
LMP Simmons,middle,6,32.0,683.0,0.04685212298682284,0.048281059991892986,0.04693117897603834
LMP Simmons,middle,W,27.0,683.0,0.03953147877013177,0.04221980137819214,0.03968021031137992
LMP Simmons,middle,Wd,15.0,683.0,0.021961932650073207,0.028171868666396434,0.022305497574904368
LMP Simmons,middle,Nb,3.0,683.0,0.004392386530014641,0.002679114308877179,0.004297599685138433
LMP Simmons,powerplay,0,382.0,846.0,0.4515366430260047,0.4228881521678736,0.4502432574342155
LMP Simmons,powerplay,1,204.0,846.0,0.24113475177304963,0.25764450947345025,0.24188011329451242
LMP Simmons,powerplay,2,40.0,846.0,0.04728132387706856,0.04384827662845184,0.04712633303062988
LMP Simmons,powerplay,3,3.0,846.0,0.0035460992907801418,0.005028429611245902,0.0036130216528779185
LMP Simmons,powerplay,4,118.0,846.0,0.13947990543735225,0.15223269683107069,0.14005565222713637
LMP Simmons,powerplay,6,39.0,846.0,0.04609929078014184,0.040523771600022226,0.045847574338601454
LMP Simmons,powerplay,W,25.0,846.0,0.02955082742316785,0.03919952586446391,0.029986434576273764
LMP Simmons,powerplay,Wd,30.0,846.0,0.03546099290780142,0.03486563072990943,0.035434114254171985
LMP Simmons,powerplay,Nb,5.0,846.0,0.00591016548463357,0.003769007093512122,0.005813499191580683
LPC Silva,death,0,9.0,33.0,0.2727272727272727,0.21696977459016392,0.2421752189535145
LPC Silva,death,1,11.0,33.0,0.3333333333333333,0.37083760245901637,0.35388361778576244
LPC Silva,death,2,3.0,33.0,0.09090909090909091,0.08837090163934426,0.08951830226813384
LPC Silva,death,3,0.0,33.0,0.0,0.002651127049180328,0.0014526723557152482
LPC Silva,death,4,5.0,33.0,0.15151515151515152,0.11151383196721311,0.1295966202560072
LPC Silva,death,6,1.0,33.0,0.030303030303030304,0.07952100409836066,0.05727178306759489
LPC Silva,death,W,3.0,33.0,0.09090909090909091,0.08016137295081967,0.08501993038401078
LPC Silva,death,Wd,1.0,33.0,0.030303030303030304,0.04340420081967213,0.03748175387379295
LPC Silva,death,Nb,0.0,33.0,0.0,0.006570184426229508,0.003600101055468224
LPC Silva,middle,0,27.0,73.0,0.3698630136986301,0.2808889845966761,0.3383677821581154
LPC Silva,middle,1,20.0,73.0,0.273972602739726,0.4414331678151601,0.33325067887262305
LPC Silva,middle,2,3.0,73.0,0.0410958904109589,0.06664217673287394,0.05013882362225626
LPC Silva,middle,3,0.0,73.0,0.0,0.002286430887717876,0.0008093560664488057
LPC Silva,middle,4,10.0,73.0,0.136986301369863,0.08739739562221321,0.11943270641494273
LPC Silva,middle,6,2.0,73.0,0.0273972602739726,0.048281059991892986,0.03478975574934265
LPC Silva,middle,W,5.0,73.0,0.0684931506849315,0.04221980137819214,0.05919285004537775
LPC Silva,middle,Wd,4.0,73.0,0.0547945205479452,0.028171868666396434,0.04537057297925537
LPC Silva,middle,Nb,2.0,73.0,0.0273972602739726,0.002679114308877179,0.01864747409163794
LPC Silva,powerplay,0,8.0,17.0,0.47058823529411764,0.4228881521678736,0.43711449274938496
LPC Silva,powerplay,1,5.0,17.0,0.29411764705882354,0.25764450947345025,0.26852246278838615
LPC Silva,powerplay,2,1.0,17.0,0.058823529411764705,0.04384827662845184,0.04831458009014164
LPC Silva,powerplay,3,0.0,17.0,0.0,0.005028429611245902,0.0035287225342076505
LPC Silva,powerplay,4,2.0,17.0,0.11764705882352941,0.15223269683107069,0.14191768198671625
LPC Silva,powerplay,6,0.0,17.0,0.0,0.040523771600022226,0.02843773445615595
LPC Silva,powerplay,W,0.0,17.0,0.0,0.03919952586446391,0.027508439203132565
LPC Silva,powerplay,Wd,1.0,17.0,0.058823529411764705,0.03486563072990943,0.04201096893326978
LPC Silva,powerplay,Nb,0.0,17.0,0.0,0.003769007093512122,0.002644917258604998
LRPL Taylor,death,0,118.0,528.0,0.22348484848484848,0.21696977459016392,0.22302604046409605
LRPL Taylor,death,1,206.0,528.0,0.39015151515151514,0.37083760245901637,0.38879138045486034
LRPL Taylor,death,2,60.0,528.0,0.11363636363636363,0.08837090163934426,0.11185710574924959
LRPL Taylor,death,3,1.0,528.0,0.001893939393939394,0.002651127049180328,0.0019472624682521358
LRPL Taylor,death,4,47.0,528.0,0.08901515151515152,0.11151383196721311,0.09059956563149388
LRPL Taylor,death,6,42.0,528.0,0.07954545454545454,0.07952100409836066,0.07954373268298315
LRPL Taylor,death,W,30.0,528.0,0.056818181818181816,0.08016137295081967,0.05846206851766336
LRPL Taylor,death,Wd,20.0,528.0,0.03787878787878788,0.04340420081967213,0.03826790146617409
LRPL Taylor,death,Nb,4.0,528.0,0.007575757575757576,0.006570184426229508,0.00750494256522743
LRPL Taylor,middle,0,330.0,1060.0,0.3113207547169811,0.2808889845966761,0.31021414489442456
LRPL Taylor,middle,1,459.0,1060.0,0.4330188679245283,0.4414331678151601,0.43332484246600583
LRPL Taylor,middle,2,88.0,1060.0,0.0830188679245283,0.06664217673287394,0.08242335188119541
LRPL Taylor,middle,3,3.0,1060.0,0.002830188679245283,0.002286430887717876,0.0028104156686442863
LRPL Taylor,middle,4,60.0,1060.0,0.05660377358490566,0.08739739562221321,0.057723541658989574
LRPL Taylor,middle,6,37.0,1060.0,0.03490566037735849,0.048281059991892986,0.035392038545159744
LRPL Taylor,middle,W,47.0,1060.0,0.04433962264150943,0.04221980137819214,0.04426253823193426
LRPL Taylor,middle,Wd,34.0,1060.0,0.03207547169811321,0.028171868666396434,0.03193352249695987
LRPL Taylor,middle,Nb,2.0,1060.0,0.0018867924528301887,0.002679114308877179,0.0019156041566864431
LRPL Taylor,powerplay,0,114.0,232.0,0.49137931034482757,0.4228881521678736,0.4813070812011579
LRPL Taylor,powerplay,1,59.0,232.0,0.2543103448275862,0.25764450947345025,0.2548006631578603
LRPL Taylor,powerplay,2,7.0,232.0,0.03017241379310345,0.04384827662845184,0.03218357009241939
LRPL Taylor,powerplay,3,0.0,232.0,0.0,0.005028429611245902,0.0007394749428302797
LRPL Taylor,powerplay,4,31.0,232.0,0.1336206896551724,0.15223269683107069,0.136357749533981
LRPL Taylor,powerplay,6,7.0,232.0,0.03017241379310345,0.040523771600022226,0.031694672294120915
LRPL Taylor,powerplay,W,6.0,232.0,0.02586206896551724,0.03919952586446391,0.027823459685950576
LRPL Taylor,powerplay,Wd,8.0,232.0,0.034482758620689655,0.03486563072990943,0.034539063342633736
LRPL Taylor,powerplay,Nb,0.0,232.0,0.0,0.003769007093512122,0.0005542657490459004
LS Livingstone,death,0,51.0,309.0,0.1650485436893204,0.21696977459016392,0.1709994010991592
LS Livingstone,death,1,103.0,309.0,0.3333333333333333,0.37083760245901637,0.33763181690074684
LS Livingstone,death,2,25.0,309.0,0.08090614886731391,0.08837090163934426,0.08176170792428014
LS Livingstone,death,3,0.0,309.0,0.0,0.002651127049180328,0.00030385410305791723
LS Livingstone,death,4,26.0,309.0,0.08414239482200647,0.11151383196721311,0.0872795222885058
LS Livingstone,death,6,50.0,309.0,0.16181229773462782,0.07952100409836066,0.15238063084221898
LS Livingstone,death,W,28.0,309.0,0.09061488673139159,0.08016137295081967,0.08941677626943492
LS Livingstone,death,Wd,23.0,309.0,0.0744336569579288,0.04340420081967213,0.07087727230024896
LS Livingstone,death,Nb,3.0,309.0,0.009708737864077669,0.006570184426229508,0.009349018272347222
LS Livingstone,middle,0,178.0,620.0,0.2870967741935484,0.2808889845966761,0.28672054452101065
LS Livingstone,middle,1,272.0,620.0,0.43870967741935485,0.4414331678151601,0.43887473744334304
LS Livingstone,middle,2,35.0,620.0,0.056451612903225805,0.06664217673287394,0.05706922283229539
LS Livingstone,middle,3,1.0,620.0,0.0016129032258064516,0.002286430887717876,0.0016537230841041138
LS Livingstone,middle,4,38.0,620.0,0.06129032258064516,0.08739739562221321,0.06287256943164929
LS Livingstone,middle,6,44.0,620.0,0.07096774193548387,0.048281059991892986,0.06959279151466018
LS Livingstone,middle,W,24.0,620.0,0.03870967741935484,0.04221980137819214,0.03892241220473892
LS Livingstone,middle,Wd,24.0,620.0,0.03870967741935484,0.028171868666396434,0.038071022343417964
LS Livingstone,middle,Nb,4.0,620.0,0.0064516129032258064,0.002679114308877179,0.006222976624780435
LS Livingstone,powerplay,0,69.0,154.0,0.44805194805194803,0.4228881521678736,0.4428635365294585
LS Livingstone,powerplay,1,35.0,154.0,0.22727272727272727,0.25764450947345025,0.23353495040689695
LS Livingstone,powerplay,2,5.0,154.0,0.032467532467532464,0.04384827662845184,0.03481407765535089
LS Livingstone,powerplay,3,2.0,154.0,0.012987012987012988,0.005028429611245902,0.011346067961081629
LS Livingstone,powerplay,4,21.0,154.0,0.13636363636363635,0.15223269683107069,0.1396356075940352
LS Livingstone,powerplay,6,8.0,154.0,0.05194805194805195,0.040523771600022226,0.049592530226808706
LS Livingstone,powerplay,W,11.0,154.0,0.07142857142857142,0.03919952586446391,0.06478340739473483
LS Livingstone,powerplay,Wd,2.0,154.0,0.012987012987012988,0.03486563072990943,0.017498068191733905
LS Livingstone,powerplay,Nb,1.0,154.0,0.006493506493506494,0.003769007093512122,0.005931754039899407
Liton Das,death,0,10.0,34.0,0.29411764705882354,0.21696977459016392,0.25241609437306156
Liton Das,death,1,15.0,34.0,0.4411764705882353,0.37083760245901637,0.4031554607886575
Liton Das,death,2,0.0,34.0,0.0,0.08837090163934426,0.047768054940186086
Liton Das,death,3,0.0,34.0,0.0,0.002651127049180328,0.0014330416482055827
Liton Das,death,4,2.0,34.0,0.058823529411764705,0.11151383196721311,0.08730477403633141
Liton Das,death,6,0.0,34.0,0.0,0.07952100409836066,0.04298432653965441
Liton Das,death,W,6.0,34.0,0.17647058823529413,0.08016137295081967,0.124411552946389
Liton Das,death,Wd,1.0,34.0,0.029411764705882353,0.04340420081967213,0.036975243686309264
Liton Das,death,Nb,0.0,34.0,0.0,0.006570184426229508,0.0035514510412051397
Liton Das,middle,0,98.0,347.0,0.2824207492795389,0.2808889845966761,0.28226242734849366
Liton Das,middle,1,148.0,347.0,0.4265129682997118,0.4414331678151601,0.4280551077845126
Liton Das,middle,2,27.0,347.0,0.07780979827089338,0.06664217673287394,0.0766555221429327
Liton Das,middle,3,0.0,347.0,0.0,0.002286430887717876,0.00023632360596567193
Liton Das,middle,4,27.0,347.0,0.07780979827089338,0.08739739562221321,0.07880076440539671
Liton Das,middle,6,11.0,347.0,0.03170028818443804,0.048281059991892986,0.03341406304825767
Liton Das,middle,W,20.0,347.0,0.05763688760806916,0.04221980137819214,0.05604339032332735
Liton Das,middle,Wd,14.0,347.0,0.040345821325648415,0.028171868666396434,0.039087531645105575
Liton Das,middle,Nb,2.0,347.0,0.005763688760806916,0.002679114308877179,0.0054448696960079776
Liton Das,powerplay,0,211.0,560.0,0.3767857142857143,0.4228881521678736,0.3798592101445249
Liton Das,powerplay,1,154.0,560.0,0.275,0.25764450947345025,0.27384296729823004
Liton Das,powerplay,2,28.0,560.0,0.05,0.04384827662845184,0.04958988510856346
Liton Das,powerplay,3,6.0,560.0,0.010714285714285714,0.005028429611245902,0.010335228640749726
Liton Das,powerplay,4,86.0,560.0,0.15357142857142858,0.15223269683107069,0.15348217978873804
Liton Das,powerplay,6,23.0,560.0,0.04107142857142857,0.040523771600022226,0.04103491810666815
Liton Das,powerplay,W,28.0,560.0,0.05,0.03919952586446391,0.04927996839096426
Liton Das,powerplay,Wd,17.0,560.0,0.030357142857142857,0.03486563072990943,0.0306577087153273
Liton Das,powerplay,Nb,7.0,560.0,0.0125,0.003769007093512122,0.011917933806234142
M Jansen,death,0,41.0,175.0,0.2342857142857143,0.21696977459016392,0.23106414410979795
M Jansen,death,1,67.0,175.0,0.38285714285714284,0.37083760245901637,0.3806209492947007
M Jansen,death,2,10.0,175.0,0.05714285714285714,0.08837090163934426,0.06295272588638963
M Jansen,death,3,0.0,175.0,0.0,0.002651127049180328,0.0004932329393823866
M Jansen,death,4,14.0,175.0,0.08,0.11151383196721311,0.08586303850552802
M Jansen,death,6,18.0,175.0,0.10285714285714286,0.07952100409836066,0.09851553564620663
M Jansen,death,W,16.0,175.0,0.09142857142857143,0.08016137295081967,0.08933234845596645
M Jansen,death,Wd,9.0,175.0,0.05142857142857143,0.04340420081967213,0.049935665268776214
M Jansen,death,Nb,0.0,175.0,0.0,0.006570184426229508,0.0012223598932520016
M Jansen,middle,0,54.0,128.0,0.421875,0.2808889845966761,0.38830690109444665
M Jansen,middle,1,43.0,128.0,0.3359375,0.4414331678151601,0.3610555161464667
M Jansen,middle,2,4.0,128.0,0.03125,0.06664217673287394,0.039676708745922364
M Jansen,middle,3,0.0,128.0,0.0,0.002286430887717876,0.0005443883065994943
M Jansen,middle,4,9.0,128.0,0.0703125,0.08739739562221321,0.07438033229100315
M Jansen,middle,6,9.0,128.0,0.0703125,0.048281059991892986,0.0650669190456888
M Jansen,middle,W,7.0,128.0,0.0546875,0.04221980137819214,0.05171900032814098
M Jansen,middle,Wd,2.0,128.0,0.015625,0.028171868666396434,0.01861234968247534
M Jansen,middle,Nb,0.0,128.0,0.0,0.002679114308877179,0.0006378843592564712
M Kartik,death,0,13.0,68.0,0.19117647058823528,0.21696977459016392,0.20072954614450517
M Kartik,death,1,40.0,68.0,0.5882352941176471,0.37083760245901637,0.5077176305403764
M Kartik,death,2,4.0,68.0,0.058823529411764705,0.08837090163934426,0.06976700060716455
M Kartik,death,3,1.0,68.0,0.014705882352941176,0.002651127049180328,0.010241158166363085
M Kartik,death,4,3.0,68.0,0.04411764705882353,0.11151383196721311,0.06907919702489375
M Kartik,death,6,1.0,68.0,0.014705882352941176,0.07952100409836066,0.03871148299939284
M Kartik,death,W,5.0,68.0,0.07352941176470588,0.08016137295081967,0.07598569368548877
M Kartik,death,Wd,1.0,68.0,0.014705882352941176,0.04340420081967213,0.02533488919247116
M Kartik,death,Nb,0.0,68.0,0.0,0.006570184426229508,0.0024334016393442624
M Kartik,middle,0,10.0,27.0,0.37037037037037035,0.2808889845966761,0.31694864752040364
M Kartik,middle,1,9.0,27.0,0.3333333333333333,0.4414331678151601,0.39787054794934934
M Kartik,middle,2,3.0,27.0,0.1111111111111111,0.06664217673287394,0.08456249357186503
M Kartik,middle,3,0.0,27.0,0.0,0.002286430887717876,0.001365033365801717
M Kartik,middle,4,3.0,27.0,0.1111111111111111,0.08739739562221321,0.09695366902818699
M Kartik,middle,6,0.0,27.0,0.0,0.048281059991892986,0.028824513427995812
M Kartik,middle,W,1.0,27.0,0.037037037037037035,0.04221980137819214,0.0401312247033983
M Kartik,middle,Wd,0.0,27.0,0.0,0.028171868666396434,0.016819026069490407
M Kartik,middle,Nb,1.0,27.0,0.037037037037037035,0.002679114308877179,0.01652484436350876
M Klinger,death,0,0.0,9.0,0.0,0.21696977459016392,0.17711818333890933
M Klinger,death,1,3.0,9.0,0.3333333333333333,0.37083760245901637,0.3639490632318501
M Klinger,death,2,1.0,9.0,0.1111111111111111,0.08837090163934426,0.09254767480762797
M Klinger,death,3,1.0,9.0,0.1111111111111111,0.002651127049180328,0.02257234861157578
M Klinger,death,4,2.0,9.0,0.2222222222222222,0.11151383196721311,0.1318480260956842
M Klinger,death,6,0.0,9.0,0.0,0.07952100409836066,0.06491510538641687
M Klinger,death,W,1.0,9.0,0.1111111111111111,0.08016137295081967,0.08584601873536299
M Klinger,death,Wd,0.0,9.0,0.0,0.04340420081967213,0.03543200066912011
M Klinger,death,Nb,1.0,9.0,0.1111111111111111,0.006570184426229508,0.02577157912345266
M Klinger,middle,0,7.0,28.0,0.25,0.2808889845966761,0.2681699909392212
M Klinger,middle,1,13.0,28.0,0.4642857142857143,0.4414331678151601,0.45084303989127067
M Klinger,middle,2,4.0,28.0,0.14285714285714285,0.06664217673287394,0.09802480984286702
M Klinger,middle,3,0.0,28.0,0.0,0.002286430887717876,0.0013449593457163977
M Klinger,middle,4,1.0,28.0,0.03571428571428571,0.08739739562221321,0.06611611507189012
M Klinger,middle,6,0.0,28.0,0.0,0.048281059991892986,0.02840062352464293
M Klinger,middle,W,3.0,28.0,0.10714285714285714,0.04221980137819214,0.06895282434011303
M Klinger,middle,Wd,0.0,28.0,0.0,0.028171868666396434,0.01657168745082143
M Klinger,middle,Nb,0.0,28.0,0.0,0.002679114308877179,0.001575949593457164
M Klinger,powerplay,0,28.0,76.0,0.3684210526315789,0.4228881521678736,0.38720281109237026
M Klinger,powerplay,1,26.0,76.0,0.34210526315789475,0.25764450947345025,0.3129808653356725
M Klinger,powerplay,2,4.0,76.0,0.05263157894736842,0.04384827662845184,0.04960285400981097
M Klinger,powerplay,3,2.0,76.0,0.02631578947368421,0.005028429611245902,0.018975320555602034
M Klinger,powerplay,4,10.0,76.0,0.13157894736842105,0.15223269683107069,0.1387009299417485
M Klinger,powerplay,6,0.0,76.0,0.0,0.040523771600022226,0.013973714344835252
M Klinger,powerplay,W,1.0,76.0,0.013157894736842105,0.03919952586446391,0.022137767539470315
M Klinger,powerplay,Wd,4.0,76.0,0.05263157894736842,0.03486563072990943,0.04650538990686532
M Klinger,powerplay,Nb,1.0,76.0,0.013157894736842105,0.003769007093512122,0.00992034727362487
M Manhas,death,0,35.0,158.0,0.22151898734177214,0.21696977459016392,0.2205999544626594
M Manhas,death,1,68.0,158.0,0.43037974683544306,0.37083760245901637,0.41835103079980124
M Manhas,death,2,18.0,158.0,0.11392405063291139,0.08837090163934426,0.10876179831097864
M Manhas,death,3,1.0,158.0,0.006329113924050633,0.002651127049180328,0.005586086272561683
M Manhas,death,4,16.0,158.0,0.10126582278481013,0.11151383196721311,0.10333612767014407
M Manhas,death,6,6.0,158.0,0.0379746835443038,0.07952100409836066,0.046367879615830436
M Manhas,death,W,9.0,158.0,0.056962025316455694,0.08016137295081967,0.0616487622122868
M Manhas,death,Wd,5.0,158.0,0.03164556962025317,0.04340420081967213,0.03402105067064084
M Manhas,death,Nb,0.0,158.0,0.0,0.006570184426229508,0.0013273099850968704
M Manhas,middle,0,72.0,209.0,0.3444976076555024,0.2808889845966761,0.3342793549552893
M Manhas,middle,1,90.0,209.0,0.430622009569378,0.4414331678151601,0.4323587418176964
M Manhas,middle,2,15.0,209.0,0.07177033492822966,0.06664217673287394,0.07094653441491951
M Manhas,middle,3,0.0,209.0,0.0,0.002286430887717876,0.00036729813457315276
M Manhas,middle,4,15.0,209.0,0.07177033492822966,0.08739739562221321,0.07428070612405031
M Manhas,middle,6,2.0,209.0,0.009569377990430622,0.048281059991892986,0.015788122087051083
M Manhas,middle,W,10.0,209.0,0.04784688995215311,0.04221980137819214,0.04694293998043247
M Manhas,middle,Wd,5.0,209.0,0.023923444976076555,0.028171868666396434,0.024605922677332758
M Manhas,middle,Nb,0.0,209.0,0.0,0.002679114308877179,0.0004303798086549685
M Manhas,powerplay,0,26.0,45.0,0.5777777777777777,0.4228881521678736,0.5048885421966465
M Manhas,powerplay,1,7.0,45.0,0.15555555555555556,0.25764450947345025,0.20359741622280011
M Manhas,powerplay,2,4.0,45.0,0.08888888888888889,0.04384827662845184,0.06769330664868321
M Manhas,powerplay,3,0.0,45.0,0.0,0.005028429611245902,0.002366319817056895
M Manhas,powerplay,4,3.0,45.0,0.06666666666666667,0.15223269683107069,0.10693303380285679
M Manhas,powerplay,6,1.0,45.0,0.022222222222222223,0.040523771600022226,0.030834716047069284
M Manhas,powerplay,W,2.0,45.0,0.044444444444444446,0.03919952586446391,0.04197624746563008
M Manhas,powerplay,Wd,2.0,45.0,0.044444444444444446,0.03486563072990943,0.03993676740231032
M Manhas,powerplay,Nb,0.0,45.0,0.0,0.003769007093512122,0.001773650396946881
M Markande,death,0,9.0,33.0,0.2727272727272727,0.21696977459016392,0.2421752189535145
M Markande,death,1,13.0,33.0,0.3939393939393939,0.37083760245901637,0.38128087805973504
M Markande,death,2,2.0,33.0,0.06060606060606061,0.08837090163934426,0.07581967213114754
M Markande,death,3,0.0,33.0,0.0,0.002651127049180328,0.0014526723557152482
M Markande,death,4,5.0,33.0,0.15151515151515152,0.11151383196721311,0.1295966202560072
M Markande,death,6,1.0,33.0,0.030303030303030304,0.07952100409836066,0.05727178306759489
M Markande,death,W,3.0,33.0,0.09090909090909091,0.08016137295081967,0.08501993038401078
M Markande,death,Wd,0.0,33.0,0.0,0.04340420081967213,0.02378312373680665
M Markande,death,Nb,0.0,33.0,0.0,0.006570184426229508,0.003600101055468224
M Markande,middle,0,1.0,1.0,1.0,0.2808889845966761,0.2984282776552938
M Markande,middle,1,0.0,1.0,0.0,0.4414331678151601,0.4306665051855221
M Markande,middle,2,0.0,1.0,0.0,0.06664217673287394,0.06501675778816969
M Markande,middle,3,0.0,1.0,0.0,0.002286430887717876,0.002230664280700367
M Markande,middle,4,0.0,1.0,0.0,0.08739739562221321,0.08526575182654948
M Markande,middle,6,0.0,1.0,0.0,0.048281059991892986,0.04710347316282242
M Markande,middle,W,0.0,1.0,0.0,0.04221980137819214,0.041190050125065505
M Markande,middle,Wd,0.0,1.0,0.0,0.028171868666396434,0.027484749918435542
M Markande,middle,Nb,0.0,1.0,0.0,0.002679114308877179,0.00261377005744115
M Morkel,death,0,23.0,87.0,0.26436781609195403,0.21696977459016392,0.2494392990835162
M Morkel,death,1,29.0,87.0,0.3333333333333333,0.37083760245901637,0.34514570156189495
M Morkel,death,2,6.0,87.0,0.06896551724137931,0.08837090163934426,0.07507744933522655
M Morkel,death,3,1.0,87.0,0.011494252873563218,0.002651127049180328,0.008709016393442624
M Morkel,death,4,10.0,87.0,0.11494252873563218,0.11151383196721311,0.11386262424164194
M Morkel,death,6,5.0,87.0,0.05747126436781609,0.07952100409836066,0.06441606428294824
M Morkel,death,W,10.0,87.0,0.11494252873563218,0.08016137295081967,0.10398783400025816
M Morkel,death,Wd,2.0,87.0,0.022988505747126436,0.04340420081967213,0.02941864592745579
M Morkel,death,Nb,1.0,87.0,0.011494252873563218,0.006570184426229508,0.009943365173615593
M Morkel,middle,0,3.0,10.0,0.3,0.2808889845966761,0.2847111876773409
M Morkel,middle,1,4.0,10.0,0.4,0.4414331678151601,0.4331465342521281
M Morkel,middle,2,1.0,10.0,0.1,0.06664217673287394,0.07331374138629915
M Morkel,middle,3,0.0,10.0,0.0,0.002286430887717876,0.0018291447101743009
M Morkel,middle,4,1.0,10.0,0.1,0.08739739562221321,0.08991791649777056
M Morkel,middle,6,0.0,10.0,0.0,0.048281059991892986,0.038624847993514386
M Morkel,middle,W,0.0,10.0,0.0,0.04221980137819214,0.03377584110255371
M Morkel,middle,Wd,1.0,10.0,0.1,0.028171868666396434,0.04253749493311714
M Morkel,middle,Nb,0.0,10.0,0.0,0.002679114308877179,0.002143291447101743
M Muralitharan,death,0,8.0,22.0,0.36363636363636365,0.21696977459016392,0.26901275780010575
M Muralitharan,death,1,7.0,22.0,0.3181818181818182,0.37083760245901637,0.3521532919090428
M Muralitharan,death,2,1.0,22.0,0.045454545454545456,0.08837090163934426,0.07314251718667372
M Muralitharan,death,3,0.0,22.0,0.0,0.002651127049180328,0.0017104045478582761
M Muralitharan,death,4,1.0,22.0,0.045454545454545456,0.11151383196721311,0.08807343997884717
M Muralitharan,death,6,0.0,22.0,0.0,0.07952100409836066,0.05130387361184559
M Muralitharan,death,W,4.0,22.0,0.18181818181818182,0.08016137295081967,0.1162331438392385
M Muralitharan,death,Wd,0.0,22.0,0.0,0.04340420081967213,0.028002710206240088
M Muralitharan,death,Nb,1.0,22.0,0.045454545454545456,0.006570184426229508,0.02036786092014807
M Ntini,death,0,18.0,29.0,0.6206896551724138,0.21696977459016392,0.3866491446899501
M Ntini,death,1,2.0,29.0,0.06896551724137931,0.37083760245901637,0.24396382751247328
M Ntini,death,2,1.0,29.0,0.034482758620689655,0.08837090163934426,0.06572226181990973
M Ntini,death,3,0.0,29.0,0.0,0.002651127049180328,0.0015368852459016393
M Ntini,death,4,4.0,29.0,0.13793103448275862,0.11151383196721311,0.12261671418389168
M Ntini,death,6,0.0,29.0,0.0,0.07952100409836066,0.04609913281064386
M Ntini,death,W,3.0,29.0,0.10344827586206896,0.08016137295081967,0.08994862200047517
M Ntini,death,Wd,1.0,29.0,0.034482758620689655,0.04340420081967213,0.039654609170824424
M Ntini,death,Nb,0.0,29.0,0.0,0.006570184426229508,0.00380880256593015
M Pathirana,death,0,8.0,18.0,0.4444444444444444,0.21696977459016392,0.28756536178632
M Pathirana,death,1,4.0,18.0,0.2222222222222222,0.37083760245901637,0.32471558790276994
M Pathirana,death,2,0.0,18.0,0.0,0.08837090163934426,0.060945449406444314
M Pathirana,death,3,0.0,18.0,0.0,0.002651127049180328,0.0018283634821933295
M Pathirana,death,4,1.0,18.0,0.05555555555555555,0.11151383196721311,0.09414747032221595
M Pathirana,death,6,0.0,18.0,0.0,0.07952100409836066,0.05484207179197287
M Pathirana,death,W,5.0,18.0,0.2777777777777778,0.08016137295081967,0.14149060203504804
M Pathirana,death,Wd,0.0,18.0,0.0,0.04340420081967213,0.029933931599773887
M Pathirana,death,Nb,0.0,18.0,0.0,0.006570184426229508,0.00453116167326173
M Prasidh Krishna,death,0,17.0,31.0,0.5483870967741935,0.21696977459016392,0.36167311244516276
M Prasidh Krishna,death,1,11.0,31.0,0.3548387096774194,0.37083760245901637,0.36385217039944584
M Prasidh Krishna,death,2,0.0,31.0,0.0,0.08837090163934426,0.0497864234587855
M Prasidh Krishna,death,3,0.0,31.0,0.0,0.002651127049180328,0.001493592703763565
M Prasidh Krishna,death,4,1.0,31.0,0.03225806451612903,0.11151383196721311,0.07690920110828908
M Prasidh Krishna,death,6,0.0,31.0,0.0,0.07952100409836066,0.044800565689217274
M Prasidh Krishna,death,W,2.0,31.0,0.06451612903225806,0.08016137295081967,0.07333035095820827
M Prasidh Krishna,death,Wd,0.0,31.0,0.0,0.04340420081967213,0.024453070884322328
M Prasidh Krishna,death,Nb,0.0,31.0,0.0,0.006570184426229508,0.0037015123528053567
M Shahrukh Khan,death,0,46.0,225.0,0.20444444444444446,0.21696977459016392,0.20633506031549645
M Shahrukh Khan,death,1,86.0,225.0,0.38222222222222224,0.37083760245901637,0.38050378905041754
M Shahrukh Khan,death,2,18.0,225.0,0.08,0.08837090163934426,0.08126353232291988
M Shahrukh Khan,death,3,0.0,225.0,0.0,0.002651127049180328,0.00040017012063099286
M Shahrukh Khan,death,4,23.0,225.0,0.10222222222222223,0.11151383196721311,0.10362472935354161
M Shahrukh Khan,death,6,22.0,225.0,0.09777777777777778,0.07952100409836066,0.09502203835446954
M Shahrukh Khan,death,W,17.0,225.0,0.07555555555555556,0.08016137295081967,0.07625077327559542
M Shahrukh Khan,death,Wd,13.0,225.0,0.057777777777777775,0.04340420081967213,0.05560818125579957
M Shahrukh Khan,death,Nb,0.0,225.0,0.0,0.006570184426229508,0.0009917259511289824
M Shahrukh Khan,middle,0,73.0,221.0,0.33031674208144796,0.2808889845966761,0.3227416068347396
M Shahrukh Khan,middle,1,88.0,221.0,0.39819004524886875,0.4414331678151601,0.40481734372646133
M Shahrukh Khan,middle,2,6.0,221.0,0.027149321266968326,0.06664217673287394,0.03320186616595769
M Shahrukh Khan,middle,3,0.0,221.0,0.0,0.002286430887717876,0.00035041086401806527
M Shahrukh Khan,middle,4,15.0,221.0,0.06787330316742081,0.08739739562221321,0.07086550124478364
M Shahrukh Khan,middle,6,21.0,221.0,0.09502262443438914,0.048281059991892986,0.08785916628228244
M Shahrukh Khan,middle,W,10.0,221.0,0.04524886877828054,0.04221980137819214,0.044784643889378105
M Shahrukh Khan,middle,Wd,8.0,221.0,0.03619909502262444,0.028171868666396434,0.03496886876113355
M Shahrukh Khan,middle,Nb,0.0,221.0,0.0,0.002679114308877179,0.0004105922312455447
M Shahrukh Khan,powerplay,0,6.0,11.0,0.5454545454545454,0.4228881521678736,0.44932404091597933
M Shahrukh Khan,powerplay,1,3.0,11.0,0.2727272727272727,0.25764450947345025,0.2608976544889806
M Shahrukh Khan,powerplay,2,0.0,11.0,0.0,0.04384827662845184,0.034390805198785755
M Shahrukh Khan,powerplay,3,0.0,11.0,0.0,0.005028429611245902,0.003943866361761492
M Shahrukh Khan,powerplay,4,1.0,11.0,0.09090909090909091,0.15223269683107069,0.13900603673025153
M Shahrukh Khan,powerplay,6,1.0,11.0,0.09090909090909091,0.040523771600022226,0.05139119341178214
M Shahrukh Khan,powerplay,W,0.0,11.0,0.0,0.03919952586446391,0.030744726168206987
M Shahrukh Khan,powerplay,Wd,0.0,11.0,0.0,0.03486563072990943,0.027345592729340736
M Shahrukh Khan,powerplay,Nb,0.0,11.0,0.0,0.003769007093512122,0.0029560839949114683
M Theekshana,death,0,41.0,103.0,0.39805825242718446,0.21696977459016392,0.34740413275249343
M Theekshana,death,1,32.0,103.0,0.3106796116504854,0.37083760245901637,0.32750702166685774
M Theekshana,death,2,7.0,103.0,0.06796116504854369,0.08837090163934426,0.07367018227673966
M Theekshana,death,3,0.0,103.0,0.0,0.002651127049180328,0.0007415739997707211
M Theekshana,death,4,2.0,103.0,0.019417475728155338,0.11151383196721311,0.04517869425656311
M Theekshana,death,6,2.0,103.0,0.019417475728155338,0.07952100409836066,0.03622965149604494
M Theekshana,death,W,17.0,103.0,0.1650485436893204,0.08016137295081967,0.14130388054568382
M Theekshana,death,Wd,2.0,103.0,0.019417475728155338,0.04340420081967213,0.02612704918032787
M Theekshana,death,Nb,0.0,103.0,0.0,0.006570184426229508,0.0018378138255187436
M Theekshana,middle,0,17.0,28.0,0.6071428571428571,0.2808889845966761,0.415228814468633
M Theekshana,middle,1,3.0,28.0,0.10714285714285714,0.4414331678151601,0.3037842163618589
M Theekshana,middle,2,3.0,28.0,0.10714285714285714,0.06664217673287394,0.08331892748992585
M Theekshana,middle,3,0.0,28.0,0.0,0.002286430887717876,0.0013449593457163977
M Theekshana,middle,4,0.0,28.0,0.0,0.08739739562221321,0.05141023271894895
M Theekshana,middle,6,0.0,28.0,0.0,0.048281059991892986,0.02840062352464293
M Theekshana,middle,W,4.0,28.0,0.14285714285714285,0.04221980137819214,0.0836587066930542
M Theekshana,middle,Wd,1.0,28.0,0.03571428571428571,0.028171868666396434,0.0312775698037626
M Theekshana,middle,Nb,0.0,28.0,0.0,0.002679114308877179,0.001575949593457164
M Vijay,death,0,14.0,55.0,0.2545454545454545,0.21696977459016392,0.23872411561691112
M Vijay,death,1,15.0,55.0,0.2727272727272727,0.37083760245901637,0.3140368852459016
M Vijay,death,2,11.0,55.0,0.2,0.08837090163934426,0.15299827437446076
M Vijay,death,3,0.0,55.0,0.0,0.002651127049180328,0.0011162640207075065
M Vijay,death,4,7.0,55.0,0.12727272727272726,0.11151383196721311,0.12063740293356343
M Vijay,death,6,2.0,55.0,0.03636363636363636,0.07952100409836066,0.054535159620362386
M Vijay,death,W,5.0,55.0,0.09090909090909091,0.08016137295081967,0.08638373597929248
M Vijay,death,Wd,1.0,55.0,0.01818181818181818,0.04340420081967213,0.02880176876617774
M Vijay,death,Nb,0.0,55.0,0.0,0.006570184426229508,0.0027663934426229507
M Vijay,middle,0,155.0,587.0,0.26405451448040884,0.2808889845966761,0.26512848386581667
M Vijay,middle,1,248.0,587.0,0.42248722316865417,0.4414331678151601,0.4236958958733754
M Vijay,middle,2,54.0,587.0,0.0919931856899489,0.06664217673287394,0.0903758964422886
M Vijay,middle,3,1.0,587.0,0.0017035775127768314,0.002286430887717876,0.001740761141162225
M Vijay,middle,4,49.0,587.0,0.08347529812606473,0.08739739562221321,0.08372551168243784
M Vijay,middle,6,31.0,587.0,0.05281090289608177,0.048281059991892986,0.052521917702832085
M Vijay,middle,W,33.0,587.0,0.056218057921635436,0.04221980137819214,0.05532502720116058
M Vijay,middle,Wd,15.0,587.0,0.02555366269165247,0.028171868666396434,0.025720693375846662
M Vijay,middle,Nb,1.0,587.0,0.0017035775127768314,0.002679114308877179,0.0017658127150798838
M Vijay,powerplay,0,564.0,1267.0,0.4451460142067877,0.4228881521678736,0.4444648248559411
M Vijay,powerplay,1,336.0,1267.0,0.26519337016574585,0.25764450947345025,0.26496234152940934
M Vijay,powerplay,2,76.0,1267.0,0.05998421468034728,0.04384827662845184,0.05949038337041934
M Vijay,powerplay,3,15.0,1267.0,0.011838989739542225,0.005028429611245902,0.011630556376778758
M Vijay,powerplay,4,149.0,1267.0,0.11760063141278611,0.15223269683107069,0.11866052629934418
M Vijay,powerplay,6,38.0,1267.0,0.02999210734017364,0.040523771600022226,0.030314423002296014
M Vijay,powerplay,W,48.0,1267.0,0.037884767166535126,0.03919952586446391,0.03792500461712208
M Vijay,powerplay,Wd,40.0,1267.0,0.03157063930544594,0.03486563072990943,0.03167148066503166
M Vijay,powerplay,Nb,1.0,1267.0,0.0007892659826361484,0.003769007093512122,0.0008804592836576013
M Vohra,death,0,5.0,28.0,0.17857142857142858,0.21696977459016392,0.20115869093539054
M Vohra,death,1,6.0,28.0,0.21428571428571427,0.37083760245901637,0.30637506027000966
M Vohra,death,2,2.0,28.0,0.07142857142857142,0.08837090163934426,0.08139464802314368
M Vohra,death,3,0.0,28.0,0.0,0.002651127049180328,0.00155948649951784
M Vohra,death,4,7.0,28.0,0.25,0.11151383196721311,0.16853754821600772
M Vohra,death,6,4.0,28.0,0.14285714285714285,0.07952100409836066,0.1056005906460945
M Vohra,death,W,3.0,28.0,0.10714285714285714,0.08016137295081967,0.09127139585342334
M Vohra,death,Wd,0.0,28.0,0.0,0.04340420081967213,0.025531882835101254
M Vohra,death,Nb,1.0,28.0,0.03571428571428571,0.006570184426229508,0.018570696721311477
M Vohra,middle,0,69.0,235.0,0.2936170212765957,0.2808889845966761,0.29176567048678925
M Vohra,middle,1,88.0,235.0,0.37446808510638296,0.4414331678151601,0.3842084607731142
M Vohra,middle,2,22.0,235.0,0.09361702127659574,0.06664217673287394,0.08969340752478165
M Vohra,middle,3,1.0,235.0,0.00425531914893617,0.002286430887717876,0.003968935401849873
M Vohra,middle,4,20.0,235.0,0.0851063829787234,0.08739739562221321,0.08543962118141284
M Vohra,middle,6,11.0,235.0,0.04680851063829787,0.048281059991892986,0.047022699635184434
M Vohra,middle,W,16.0,235.0,0.06808510638297872,0.04221980137819214,0.06432288020046431
M Vohra,middle,Wd,8.0,235.0,0.03404255319148936,0.028171868666396434,0.033188635442384935
M Vohra,middle,Nb,0.0,235.0,0.0,0.002679114308877179,0.00038968935401849874
M Vohra,powerplay,0,216.0,527.0,0.4098671726755218,0.4228881521678736,0.4107857602940299
M Vohra,powerplay,1,129.0,527.0,0.24478178368121442,0.25764450947345025,0.24568920701752736
M Vohra,powerplay,2,30.0,527.0,0.056925996204933584,0.04384827662845184,0.056003405758620936
M Vohra,powerplay,3,6.0,527.0,0.011385199240986717,0.005028429611245902,0.010936749884391245
M Vohra,powerplay,4,71.0,527.0,0.1347248576850095,0.15223269683107069,0.1359599786124212
M Vohra,powerplay,6,25.0,527.0,0.04743833017077799,0.040523771600022226,0.046950530624340195
M Vohra,powerplay,W,24.0,527.0,0.04554079696394687,0.03919952586446391,0.04509344097809269
M Vohra,powerplay,Wd,26.0,527.0,0.04933586337760911,0.03486563072990943,0.04831503567759502
M Vohra,powerplay,Nb,0.0,527.0,0.0,0.003769007093512122,0.00026589115298145485
M de Lange,death,0,0.0,2.0,0.0,0.21696977459016392,0.2066378805620609
M de Lange,death,1,1.0,2.0,0.5,0.37083760245901637,0.3769881928181108
M de Lange,death,2,0.0,2.0,0.0,0.08837090163934426,0.08416276346604215
M de Lange,death,3,0.0,2.0,0.0,0.002651127049180328,0.002524882903981265
M de Lange,death,4,0.0,2.0,0.0,0.11151383196721311,0.10620364949258392
M de Lange,death,6,0.0,2.0,0.0,0.07952100409836066,0.07573428961748634
M de Lange,death,W,1.0,2.0,0.5,0.08016137295081967,0.10015368852459015
M de Lange,death,Wd,0.0,2.0,0.0,0.04340420081967213,0.04133733411397346
M de Lange,death,Nb,0.0,2.0,0.0,0.006570184426229508,0.00625731850117096
MA Agarwal,death,0,7.0,104.0,0.0673076923076923,0.21696977459016392,0.1088804929417122
MA Agarwal,death,1,45.0,104.0,0.4326923076923077,0.37083760245901637,0.41551044512750457
MA Agarwal,death,2,11.0,104.0,0.10576923076923077,0.08837090163934426,0.10093636156648451
MA Agarwal,death,3,0.0,104.0,0.0,0.002651127049180328,0.0007364241803278688
MA Agarwal,death,4,18.0,104.0,0.17307692307692307,0.11151383196721311,0.155976064435337
MA Agarwal,death,6,14.0,104.0,0.1346153846153846,0.07952100409836066,0.11931139002732241
MA Agarwal,death,W,9.0,104.0,0.08653846153846154,0.08016137295081967,0.08476704804189435
MA Agarwal,death,Wd,0.0,104.0,0.0,0.04340420081967213,0.012056722449908927
MA Agarwal,death,Nb,0.0,104.0,0.0,0.006570184426229508,0.0018250512295081968
MA Agarwal,middle,0,139.0,695.0,0.2,0.2808889845966761,0.20440212161070345
MA Agarwal,middle,1,331.0,695.0,0.4762589928057554,0.4414331678151601,0.4743637098130699
MA Agarwal,middle,2,44.0,695.0,0.06330935251798561,0.06664217673287394,0.06349073070655097
MA Agarwal,middle,3,3.0,695.0,0.004316546762589928,0.002286430887717876,0.004206064265998252
MA Agarwal,middle,4,68.0,695.0,0.09784172661870504,0.08739739562221321,0.09727332765290957
MA Agarwal,middle,6,38.0,695.0,0.05467625899280575,0.048281059991892986,0.05432822095193975
MA Agarwal,middle,W,43.0,695.0,0.0618705035971223,0.04221980137819214,0.06080107762602406
MA Agarwal,middle,Wd,25.0,695.0,0.03597122302158273,0.028171868666396434,0.03554676836279708
MA Agarwal,middle,Nb,4.0,695.0,0.0057553956834532375,0.002679114308877179,0.005587979010006921
MA Agarwal,powerplay,0,422.0,1058.0,0.3988657844990548,0.4228881521678736,0.3997409162902686
MA Agarwal,powerplay,1,304.0,1058.0,0.28733459357277885,0.25764450947345025,0.2862529875946612
MA Agarwal,powerplay,2,50.0,1058.0,0.04725897920604915,0.04384827662845184,0.047134727746027394
MA Agarwal,powerplay,3,3.0,1058.0,0.002835538752362949,0.005028429611245902,0.0029154254867484845
MA Agarwal,powerplay,4,145.0,1058.0,0.13705103969754254,0.15223269683107069,0.13760410553118654
MA Agarwal,powerplay,6,35.0,1058.0,0.0330812854442344,0.040523771600022226,0.03335241426593888
MA Agarwal,powerplay,W,50.0,1058.0,0.04725897920604915,0.03919952586446391,0.046965374348432204
MA Agarwal,powerplay,Wd,45.0,1058.0,0.04253308128544423,0.03486563072990943,0.042253757039340964
MA Agarwal,powerplay,Nb,4.0,1058.0,0.003780718336483932,0.003769007093512122,0.003780291697395706
MA Starc,death,0,45.0,155.0,0.2903225806451613,0.21696977459016392,0.27527585119798237
MA Starc,death,1,60.0,155.0,0.3870967741935484,0.37083760245901637,0.38376155947877255
MA Starc,death,2,16.0,155.0,0.1032258064516129,0.08837090163934426,0.1001786464901219
MA Starc,death,3,0.0,155.0,0.0,0.002651127049180328,0.0005438209331651955
MA Starc,death,4,10.0,155.0,0.06451612903225806,0.11151383196721311,0.07415668348045398
MA Starc,death,6,2.0,155.0,0.012903225806451613,0.07952100409836066,0.026568411097099624
MA Starc,death,W,17.0,155.0,0.10967741935483871,0.08016137295081967,0.10362284573350147
MA Starc,death,Wd,5.0,155.0,0.03225806451612903,0.04340420081967213,0.034544451450189154
MA Starc,death,Nb,0.0,155.0,0.0,0.006570184426229508,0.0013477301387137452
MA Starc,middle,0,13.0,35.0,0.37142857142857144,0.2808889845966761,0.3231407917848939
MA Starc,middle,1,14.0,35.0,0.4,0.4414331678151601,0.42209768950141874
MA Starc,middle,2,4.0,35.0,0.11428571428571428,0.06664217673287394,0.0888758275908661
MA Starc,middle,3,0.0,35.0,0.0,0.002286430887717876,0.0012194298067828672
MA Starc,middle,4,3.0,35.0,0.08571428571428572,0.08739739562221321,0.08661194433184705
MA Starc,middle,6,0.0,35.0,0.0,0.048281059991892986,0.025749898662342924
MA Starc,middle,W,1.0,35.0,0.02857142857142857,0.04221980137819214,0.035850560735035814
MA Starc,middle,Wd,0.0,35.0,0.0,0.028171868666396434,0.015024996622078098
MA Starc,middle,Nb,0.0,35.0,0.0,0.002679114308877179,0.0014288609647344953
MA Wood,death,0,10.0,37.0,0.2702702702702703,0.21696977459016392,0.24258170108579943
MA Wood,death,1,15.0,37.0,0.40540540540540543,0.37083760245901637,0.387448105173515
MA Wood,death,2,3.0,37.0,0.08108108108108109,0.08837090163934426,0.08486800085160741
MA Wood,death,3,0.0,37.0,0.0,0.002651127049180328,0.0013772088567170534
MA Wood,death,4,3.0,37.0,0.08108108108108109,0.11151383196721311,0.09689030232063019
MA Wood,death,6,1.0,37.0,0.02702702702702703,0.07952100409836066,0.054296625505641904
MA Wood,death,W,2.0,37.0,0.05405405405405406,0.08016137295081967,0.06761629763678943
MA Wood,death,Wd,2.0,37.0,0.05405405405405406,0.04340420081967213,0.04852166276346604
MA Wood,death,Nb,1.0,37.0,0.02702702702702703,0.006570184426229508,0.01640009580583351
MA Wood,middle,0,0.0,1.0,0.0,0.2808889845966761,0.27403803375285474
MA Wood,middle,1,0.0,1.0,0.0,0.4414331678151601,0.4306665051855221
MA Wood,middle,2,0.0,1.0,0.0,0.06664217673287394,0.06501675778816969
MA Wood,middle,3,0.0,1.0,0.0,0.002286430887717876,0.002230664280700367
MA Wood,middle,4,0.0,1.0,0.0,0.08739739562221321,0.08526575182654948
MA Wood,middle,6,0.0,1.0,0.0,0.048281059991892986,0.04710347316282242
MA Wood,middle,W,1.0,1.0,1.0,0.04221980137819214,0.06558029402750454
MA Wood,middle,Wd,0.0,1.0,0.0,0.028171868666396434,0.027484749918435542
MA Wood,middle,Nb,0.0,1.0,0.0,0.002679114308877179,0.00261377005744115
MC Henriques,death,0,46.0,253.0,0.18181818181818182,0.21696977459016392,0.18661703407374253
MC Henriques,death,1,96.0,253.0,0.3794466403162055,0.37083760245901637,0.3782713450455995
MC Henriques,death,2,39.0,253.0,0.1541501976284585,0.08837090163934426,0.14517008896100264
MC Henriques,death,3,1.0,253.0,0.003952569169960474,0.002651127049180328,0.0037748978906730827
MC Henriques,death,4,31.0,253.0,0.1225296442687747,0.11151383196721311,0.12102577910815195
MC Henriques,death,6,17.0,253.0,0.06719367588932806,0.07952100409836066,0.06887658759021989
MC Henriques,death,W,18.0,253.0,0.07114624505928854,0.08016137295081967,0.07237697924243272
MC Henriques,death,Wd,3.0,253.0,0.011857707509881422,0.04340420081967213,0.01616439601633749
MC Henriques,death,Nb,2.0,253.0,0.007905138339920948,0.006570184426229508,0.007722892071840206
MC Henriques,middle,0,142.0,481.0,0.29521829521829523,0.2808889845966761,0.29411815620703846
MC Henriques,middle,1,203.0,481.0,0.42203742203742206,0.4414331678151601,0.4235265387957896
MC Henriques,middle,2,44.0,481.0,0.09147609147609148,0.06664217673287394,0.08956945694686172
MC Henriques,middle,3,1.0,481.0,0.002079002079002079,0.002286430887717876,0.002094927515371814
MC Henriques,middle,4,44.0,481.0,0.09147609147609148,0.08739739562221321,0.09116294784047702
MC Henriques,middle,6,15.0,481.0,0.031185031185031187,0.048281059991892986,0.032497586179799844
MC Henriques,middle,W,22.0,481.0,0.04573804573804574,0.04221980137819214,0.04546793100792262
MC Henriques,middle,Wd,9.0,481.0,0.018711018711018712,0.028171868666396434,0.019437379552122568
MC Henriques,middle,Nb,1.0,481.0,0.002079002079002079,0.002679114308877179,0.0021250759546162902
MC Henriques,powerplay,0,65.0,172.0,0.37790697674418605,0.4228881521678736,0.3863939909750705
MC Henriques,powerplay,1,66.0,172.0,0.38372093023255816,0.25764450947345025,0.3599329263157453
MC Henriques,powerplay,2,8.0,172.0,0.046511627906976744,0.04384827662845184,0.04600910879782111
MC Henriques,powerplay,3,1.0,172.0,0.005813953488372093,0.005028429611245902,0.005665741436084132
MC Henriques,powerplay,4,17.0,172.0,0.09883720930232558,0.15223269683107069,0.10891182959076805
MC Henriques,powerplay,6,6.0,172.0,0.03488372093023256,0.040523771600022226,0.03594788143396646
MC Henriques,powerplay,W,4.0,172.0,0.023255813953488372,0.03919952586446391,0.026264061483861116
MC Henriques,powerplay,Wd,4.0,172.0,0.023255813953488372,0.03486563072990943,0.025446345420737627
MC Henriques,powerplay,Nb,1.0,172.0,0.005813953488372093,0.003769007093512122,0.005428114545945683
MD Shanaka,death,0,125.0,487.0,0.25667351129363447,0.21696977459016392,0.25365994494042987
MD Shanaka,death,1,161.0,487.0,0.33059548254620125,0.37083760245901637,0.3336499129001151
MD Shanaka,death,2,45.0,487.0,0.09240246406570841,0.08837090163934426,0.09209646312253088
MD Shanaka,death,3,0.0,487.0,0.0,0.002651127049180328,0.00020122406445391482
MD Shanaka,death,4,56.0,487.0,0.11498973305954825,0.11151383196721311,0.11472590754969358
MD Shanaka,death,6,36.0,487.0,0.07392197125256673,0.07952100409836066,0.07434694528260802
MD Shanaka,death,W,34.0,487.0,0.06981519507186858,0.08016137295081967,0.07060048371543223
MD Shanaka,death,Wd,24.0,487.0,0.049281314168377825,0.04340420081967213,0.048835233458798644
MD Shanaka,death,Nb,6.0,487.0,0.012320328542094456,0.006570184426229508,0.011883884965937723
MD Shanaka,middle,0,234.0,568.0,0.4119718309859155,0.2808889845966761,0.4033479595129392
MD Shanaka,middle,1,212.0,568.0,0.3732394366197183,0.4414331678151601,0.3777258663036289
MD Shanaka,middle,2,30.0,568.0,0.0528169014084507,0.06664217673287394,0.05372645899558381
MD Shanaka,middle,3,0.0,568.0,0.0,0.002286430887717876,0.0001504230847182813
MD Shanaka,middle,4,29.0,568.0,0.051056338028169015,0.08739739562221321,0.053447197080408765
MD Shanaka,middle,6,23.0,568.0,0.040492957746478875,0.048281059991892986,0.04100533289420348
MD Shanaka,middle,W,23.0,568.0,0.040492957746478875,0.04221980137819214,0.04060656588014422
MD Shanaka,middle,Wd,14.0,568.0,0.02464788732394366,0.028171868666396434,0.024879728201736607
MD Shanaka,middle,Nb,3.0,568.0,0.00528169014084507,0.002679114308877179,0.005110468046636657
MD Shanaka,powerplay,0,17.0,26.0,0.6538461538461539,0.4228881521678736,0.5138716073744689
MD Shanaka,powerplay,1,2.0,26.0,0.07692307692307693,0.25764450947345025,0.18645121786269714
MD Shanaka,powerplay,2,1.0,26.0,0.038461538461538464,0.04384827662845184,0.04172622825966778
MD Shanaka,powerplay,3,0.0,26.0,0.0,0.005028429611245902,0.003047533097724789
MD Shanaka,powerplay,4,0.0,26.0,0.0,0.15223269683107069,0.0922622405036792
MD Shanaka,powerplay,6,0.0,26.0,0.0,0.040523771600022226,0.024559861575771048
MD Shanaka,powerplay,W,4.0,26.0,0.15384615384615385,0.03919952586446391,0.084363349008766
MD Shanaka,powerplay,Wd,2.0,26.0,0.07692307692307693,0.03486563072990943,0.05143371559388451
MD Shanaka,powerplay,Nb,0.0,26.0,0.0,0.003769007093512122,0.00228424672334068
MDKJ Perera,death,0,11.0,65.0,0.16923076923076924,0.21696977459016392,0.1874170569867291
MDKJ Perera,death,1,21.0,65.0,0.3230769230769231,0.37083760245901637,0.3412714676034348
MDKJ Perera,death,2,8.0,65.0,0.12307692307692308,0.08837090163934426,0.10985558157689305
MDKJ Perera,death,3,0.0,65.0,0.0,0.002651127049180328,0.001009953161592506
MDKJ Perera,death,4,7.0,65.0,0.1076923076923077,0.11151383196721311,0.10914812646370024
MDKJ Perera,death,6,3.0,65.0,0.046153846153846156,0.07952100409836066,0.05886514441842311
MDKJ Perera,death,W,8.0,65.0,0.12307692307692308,0.08016137295081967,0.10672814207650273
MDKJ Perera,death,Wd,7.0,65.0,0.1076923076923077,0.04340420081967213,0.08320160031225605
MDKJ Perera,death,Nb,0.0,65.0,0.0,0.006570184426229508,0.002502927400468384
MDKJ Perera,middle,0,115.0,542.0,0.21217712177121772,0.2808889845966761,0.2168995865702183
MDKJ Perera,middle,1,256.0,542.0,0.47232472324723246,0.4414331678151601,0.4702015922897017
MDKJ Perera,middle,2,49.0,542.0,0.09040590405904059,0.06664217673287394,0.08877265819469923
MDKJ Perera,middle,3,3.0,542.0,0.005535055350553505,0.002286430887717876,0.00531178219159573
MDKJ Perera,middle,4,55.0,542.0,0.1014760147601476,0.08739739562221321,0.10050841207025521
MDKJ Perera,middle,6,24.0,542.0,0.04428044280442804,0.048281059991892986,0.04455539931215759
MDKJ Perera,middle,W,25.0,542.0,0.046125461254612546,0.04221980137819214,0.04585703102255616
MDKJ Perera,middle,Wd,15.0,542.0,0.027675276752767528,0.028171868666396434,0.02770940678119563
MDKJ Perera,middle,Nb,0.0,542.0,0.0,0.002679114308877179,0.00018413156762042465
MDKJ Perera,powerplay,0,220.0,590.0,0.3728813559322034,0.4228881521678736,0.3760563906138332
MDKJ Perera,powerplay,1,146.0,590.0,0.24745762711864408,0.25764450947345025,0.2481044132999016
MDKJ Perera,powerplay,2,45.0,590.0,0.07627118644067797,0.04384827662845184,0.07421258899228265
MDKJ Perera,powerplay,3,4.0,590.0,0.006779661016949152,0.005028429611245902,0.006668471721348946
MDKJ Perera,powerplay,4,92.0,590.0,0.15593220338983052,0.15223269683107069,0.15569731408451243
MDKJ Perera,powerplay,6,22.0,590.0,0.03728813559322034,0.040523771600022226,0.03749357280000141
MDKJ Perera,powerplay,W,34.0,590.0,0.0576271186440678,0.03919952586446391,0.0564571127532993
MDKJ Perera,powerplay,Wd,25.0,590.0,0.0423728813559322,0.03486563072990943,0.04189623052253393
MDKJ Perera,powerplay,Nb,2.0,590.0,0.003389830508474576,0.003769007093512122,0.003413905212286484
MEK Hussey,death,0,39.0,239.0,0.16317991631799164,0.21696977459016392,0.17089172395557908
MEK Hussey,death,1,101.0,239.0,0.4225941422594142,0.37083760245901637,0.41517384981491273
MEK Hussey,death,2,26.0,239.0,0.1087866108786611,0.08837090163934426,0.1058596274751748
MEK Hussey,death,3,1.0,239.0,0.0041841004184100415,0.002651127049180328,0.003964319290205065
MEK Hussey,death,4,36.0,239.0,0.1506276150627615,0.11151383196721311,0.14501990422469005
MEK Hussey,death,6,18.0,239.0,0.07531380753138076,0.07952100409836066,0.07591698983489042
MEK Hussey,death,W,14.0,239.0,0.058577405857740586,0.08016137295081967,0.06167188142664081
MEK Hussey,death,Wd,3.0,239.0,0.012552301255230125,0.04340420081967213,0.016975512662318587
MEK Hussey,death,Nb,1.0,239.0,0.0041841004184100415,0.006570184426229508,0.00452619131558846
MEK Hussey,middle,0,189.0,783.0,0.2413793103448276,0.2808889845966761,0.24329958612863553
MEK Hussey,middle,1,404.0,783.0,0.5159642401021711,0.4414331678151601,0.5123418307565084
MEK Hussey,middle,2,49.0,783.0,0.06257982120051085,0.06664217673287394,0.0627772625386573
MEK Hussey,middle,3,4.0,783.0,0.005108556832694764,0.002286430887717876,0.004971393967811318
MEK Hussey,middle,4,73.0,783.0,0.09323116219667944,0.08739739562221321,0.09294762554664464
MEK Hussey,middle,6,24.0,783.0,0.03065134099616858,0.048281059991892986,0.03150819246619164
MEK Hussey,middle,W,27.0,783.0,0.034482758620689655,0.04221980137819214,0.03485879958095709
MEK Hussey,middle,Wd,12.0,783.0,0.01532567049808429,0.028171868666396434,0.015950030068840652
MEK Hussey,middle,Nb,1.0,783.0,0.001277139208173691,0.002679114308877179,0.0013452789457534472
MEK Hussey,powerplay,0,346.0,741.0,0.4669365721997301,0.4228881521678736,0.4646805711737707
MEK Hussey,powerplay,1,203.0,741.0,0.2739541160593792,0.25764450947345025,0.27311879690004864
MEK Hussey,powerplay,2,28.0,741.0,0.037786774628879895,0.04384827662845184,0.038097222874696635
MEK Hussey,powerplay,3,9.0,741.0,0.012145748987854251,0.005028429611245902,0.01178122558828404
MEK Hussey,powerplay,4,96.0,741.0,0.12955465587044535,0.15223269683107069,0.13071614324358877
MEK Hussey,powerplay,6,14.0,741.0,0.018893387314439947,0.040523771600022226,0.020001217495519703
MEK Hussey,powerplay,W,20.0,741.0,0.02699055330634278,0.03919952586446391,0.02761585279715564
MEK Hussey,powerplay,Wd,24.0,741.0,0.032388663967611336,0.03486563072990943,0.03251552526145503
MEK Hussey,powerplay,Nb,1.0,741.0,0.001349527665317139,0.003769007093512122,0.0014734446654807744
MF Maharoof,death,0,32.0,105.0,0.3047619047619048,0.21696977459016392,0.28054338609383833
MF Maharoof,death,1,34.0,105.0,0.3238095238095238,0.37083760245901637,0.3367827868852459
MF Maharoof,death,2,14.0,105.0,0.13333333333333333,0.08837090163934426,0.12092990390050877
MF Maharoof,death,3,0.0,105.0,0.0,0.002651127049180328,0.0007313453928773318
MF Maharoof,death,4,9.0,105.0,0.08571428571428572,0.11151383196721311,0.09283140192198983
MF Maharoof,death,6,7.0,105.0,0.06666666666666667,0.07952100409836066,0.07021269078575466
MF Maharoof,death,W,8.0,105.0,0.0761904761904762,0.08016137295081967,0.07728589598643301
MF Maharoof,death,Wd,1.0,105.0,0.009523809523809525,0.04340420081967213,0.018870124364047485
MF Maharoof,death,Nb,0.0,105.0,0.0,0.006570184426229508,0.001812464669304692
MF Maharoof,middle,0,9.0,30.0,0.3,0.2808889845966761,0.2890794197695292
MF Maharoof,middle,1,12.0,30.0,0.4,0.4414331678151601,0.4236760958943772
MF Maharoof,middle,2,1.0,30.0,0.03333333333333333,0.06664217673287394,0.05236695813307082
MF Maharoof,middle,3,0.0,30.0,0.0,0.002286430887717876,0.0013065319358387863
MF Maharoof,middle,4,3.0,30.0,0.1,0.08739739562221321,0.09279851178412184
MF Maharoof,middle,6,2.0,30.0,0.06666666666666667,0.048281059991892986,0.05616060570965313
MF Maharoof,middle,W,3.0,30.0,0.1,0.04221980137819214,0.06698274364468122
MF Maharoof,middle,Wd,0.0,30.0,0.0,0.028171868666396434,0.016098210666512246
MF Maharoof,middle,Nb,0.0,30.0,0.0,0.002679114308877179,0.0015309224622155307
MG Bracewell,death,0,16.0,70.0,0.22857142857142856,0.21696977459016392,0.22435264530551416
MG Bracewell,death,1,33.0,70.0,0.4714285714285714,0.37083760245901637,0.4348500372578242
MG Bracewell,death,2,8.0,70.0,0.11428571428571428,0.08837090163934426,0.10486214605067064
MG Bracewell,death,3,1.0,70.0,0.014285714285714285,0.002651127049180328,0.01005495529061103
MG Bracewell,death,4,3.0,70.0,0.04285714285714286,0.11151383196721311,0.06782321162444113
MG Bracewell,death,6,1.0,70.0,0.014285714285714285,0.07952100409836066,0.03800763785394933
MG Bracewell,death,W,7.0,70.0,0.1,0.08016137295081967,0.09278595380029805
MG Bracewell,death,Wd,1.0,70.0,0.014285714285714285,0.04340420081967213,0.02487425484351714
MG Bracewell,death,Nb,0.0,70.0,0.0,0.006570184426229508,0.002389157973174367
MG Bracewell,middle,0,43.0,119.0,0.36134453781512604,0.2808889845966761,0.3411041470683462
MG Bracewell,middle,1,45.0,119.0,0.37815126050420167,0.4414331678151601,0.3940712371862038
MG Bracewell,middle,2,4.0,119.0,0.03361344537815126,0.06664217673287394,0.0419225601843708
MG Bracewell,middle,3,0.0,119.0,0.0,0.002286430887717876,0.0005752027390485223
MG Bracewell,middle,4,14.0,119.0,0.11764705882352941,0.08739739562221321,0.11003708065967628
MG Bracewell,middle,6,3.0,119.0,0.025210084033613446,0.048281059991892986,0.031014103142614588
MG Bracewell,middle,W,4.0,119.0,0.03361344537815126,0.04221980137819214,0.03577856638445085
MG Bracewell,middle,Wd,5.0,119.0,0.04201680672268908,0.028171868666396434,0.03853380343808715
MG Bracewell,middle,Nb,1.0,119.0,0.008403361344537815,0.002679114308877179,0.006963299197201806
MG Bracewell,powerplay,0,4.0,10.0,0.4,0.4228881521678736,0.4183105217342989
MG Bracewell,powerplay,1,4.0,10.0,0.4,0.25764450947345025,0.2861156075787602
MG Bracewell,powerplay,2,0.0,10.0,0.0,0.04384827662845184,0.03507862130276147
MG Bracewell,powerplay,3,0.0,10.0,0.0,0.005028429611245902,0.004022743688996721
MG Bracewell,powerplay,4,0.0,10.0,0.0,0.15223269683107069,0.12178615746485655
MG Bracewell,powerplay,6,1.0,10.0,0.1,0.040523771600022226,0.052419017280017785
MG Bracewell,powerplay,W,1.0,10.0,0.1,0.03919952586446391,0.05135962069157113
MG Bracewell,powerplay,Wd,0.0,10.0,0.0,0.03486563072990943,0.027892504583927547
MG Bracewell,powerplay,Nb,0.0,10.0,0.0,0.003769007093512122,0.0030152056748096977
MG Johnson,death,0,62.0,196.0,0.3163265306122449,0.21696977459016392,0.29948640247290914
MG Johnson,death,1,68.0,196.0,0.3469387755102041,0.37083760245901637,0.350989424145596
MG Johnson,death,2,19.0,196.0,0.09693877551020408,0.08837090163934426,0.09548659349819394
MG Johnson,death,3,2.0,196.0,0.01020408163265306,0.002651127049180328,0.008923919838844123
MG Johnson,death,4,13.0,196.0,0.0663265306122449,0.11151383196721311,0.0739853952486802
MG Johnson,death,6,10.0,196.0,0.05102040816326531,0.07952100409836066,0.05585101764378994
MG Johnson,death,W,17.0,196.0,0.08673469387755102,0.08016137295081967,0.0856205716865796
MG Johnson,death,Wd,4.0,196.0,0.02040816326530612,0.04340420081967213,0.024305796749096973
MG Johnson,death,Nb,1.0,196.0,0.00510204081632653,0.006570184426229508,0.005350878716310086
MG Johnson,middle,0,9.0,17.0,0.5294117647058824,0.2808889845966761,0.3550098137520534
MG Johnson,middle,1,4.0,17.0,0.23529411764705882,0.4414331678151601,0.379953100221165
MG Johnson,middle,2,0.0,17.0,0.0,0.06664217673287394,0.046766439812543116
MG Johnson,middle,3,0.0,17.0,0.0,0.002286430887717876,0.0016045129036616674
MG Johnson,middle,4,1.0,17.0,0.058823529411764705,0.08739739562221321,0.07887536534892155
MG Johnson,middle,6,0.0,17.0,0.0,0.048281059991892986,0.03388144560834595
MG Johnson,middle,W,2.0,17.0,0.11764705882352941,0.04221980137819214,0.0647156500899594
MG Johnson,middle,Wd,1.0,17.0,0.058823529411764705,0.028171868666396434,0.037313592046593985
MG Johnson,middle,Nb,0.0,17.0,0.0,0.002679114308877179,0.001880080216755915
MG Johnson,powerplay,0,1.0,3.0,0.3333333333333333,0.4228881521678736,0.41664014155151036
MG Johnson,powerplay,1,1.0,3.0,0.3333333333333333,0.25764450947345025,0.2629251250915816
MG Johnson,powerplay,2,0.0,3.0,0.0,0.04384827662845184,0.04078909453809473
MG Johnson,powerplay,3,0.0,3.0,0.0,0.005028429611245902,0.004677608940693862
MG Johnson,powerplay,4,0.0,3.0,0.0,0.15223269683107069,0.14161181100564715
MG Johnson,powerplay,6,0.0,3.0,0.0,0.040523771600022226,0.03769653172095091
MG Johnson,powerplay,W,1.0,3.0,0.3333333333333333,0.03919952586446391,0.0597204891762455
MG Johnson,powerplay,Wd,0.0,3.0,0.0,0.03486563072990943,0.032433144865032036
MG Johnson,powerplay,Nb,0.0,3.0,0.0,0.003769007093512122,0.0035060531102438348
MJ Clarke,death,0,1.0,31.0,0.03225806451612903,0.21696977459016392,0.13632099976910644
MJ Clarke,death,1,19.0,31.0,0.6129032258064516,0.37083760245901637,0.476528226737474
MJ Clarke,death,2,4.0,31.0,0.12903225806451613,0.08837090163934426,0.10612445162779958
MJ Clarke,death,3,1.0,31.0,0.03225806451612903,0.002651127049180328,0.015578099746017086
MJ Clarke,death,4,3.0,31.0,0.0967741935483871,0.11151383196721311,0.10507821519279613
MJ Clarke,death,6,0.0,31.0,0.0,0.07952100409836066,0.044800565689217274
MJ Clarke,death,W,3.0,31.0,0.0967741935483871,0.08016137295081967,0.08741485800046178
MJ Clarke,death,Wd,0.0,31.0,0.0,0.04340420081967213,0.024453070884322328
MJ Clarke,death,Nb,0.0,31.0,0.0,0.006570184426229508,0.0037015123528053567
MJ Clarke,middle,0,59.0,210.0,0.28095238095238095,0.2808889845966761,0.28094223753546815
MJ Clarke,middle,1,98.0,210.0,0.4666666666666667,0.4414331678151601,0.46262930685042564
MJ Clarke,middle,2,19.0,210.0,0.09047619047619047,0.06664217673287394,0.08666274827725982
MJ Clarke,middle,3,2.0,210.0,0.009523809523809525,0.002286430887717876,0.00836582894203486
MJ Clarke,middle,4,5.0,210.0,0.023809523809523808,0.08739739562221321,0.033983583299554115
MJ Clarke,middle,6,4.0,210.0,0.01904761904761905,0.048281059991892986,0.023724969598702877
MJ Clarke,middle,W,12.0,210.0,0.05714285714285714,0.04221980137819214,0.05475516822051074
MJ Clarke,middle,Wd,10.0,210.0,0.047619047619047616,0.028171868666396434,0.044507498986623435
MJ Clarke,middle,Nb,1.0,210.0,0.004761904761904762,0.002679114308877179,0.004428658289420348
MJ Clarke,powerplay,0,76.0,157.0,0.4840764331210191,0.4228881521678736,0.47165241668383223
MJ Clarke,powerplay,1,40.0,157.0,0.25477707006369427,0.25764450947345025,0.2553592912636447
MJ Clarke,powerplay,2,10.0,157.0,0.06369426751592357,0.04384827662845184,0.05966462469613236
MJ Clarke,powerplay,3,3.0,157.0,0.01910828025477707,0.005028429611245902,0.01624942733223267
MJ Clarke,powerplay,4,17.0,157.0,0.10828025477707007,0.15223269683107069,0.11720460849361841
MJ Clarke,powerplay,6,4.0,157.0,0.025477707006369428,0.040523771600022226,0.028532745502542586
MJ Clarke,powerplay,W,5.0,157.0,0.03184713375796178,0.03919952586446391,0.0333400052516678
MJ Clarke,powerplay,Wd,1.0,157.0,0.006369426751592357,0.03486563072990943,0.012155458016225267
MJ Clarke,powerplay,Nb,1.0,157.0,0.006369426751592357,0.003769007093512122,0.005841422760103984
MJ Guptill,death,0,8.0,71.0,0.11267605633802817,0.21696977459016392,0.15025937823068972
MJ Guptill,death,1,30.0,71.0,0.4225352112676056,0.37083760245901637,0.40390544232757347
MJ Guptill,death,2,10.0,71.0,0.14084507042253522,0.08837090163934426,0.12193546005021415
MJ Guptill,death,3,0.0,71.0,0.0,0.002651127049180328,0.0009553610988037218
MJ Guptill,death,4,6.0,71.0,0.08450704225352113,0.11151383196721311,0.09423921872692366
MJ Guptill,death,6,7.0,71.0,0.09859154929577464,0.07952100409836066,0.091719280756166
MJ Guptill,death,W,5.0,71.0,0.07042253521126761,0.08016137295081967,0.07393202628858367
MJ Guptill,death,Wd,3.0,71.0,0.04225352112676056,0.04340420081967213,0.042668180475557524
MJ Guptill,death,Nb,2.0,71.0,0.028169014084507043,0.006570184426229508,0.02038565204548811
MJ Guptill,middle,0,132.0,545.0,0.24220183486238533,0.2808889845966761,0.2448471100578924
MJ Guptill,middle,1,235.0,545.0,0.43119266055045874,0.4414331678151601,0.4318928661753955
MJ Guptill,middle,2,42.0,545.0,0.07706422018348624,0.06664217673287394,0.07635160182788882
MJ Guptill,middle,3,3.0,545.0,0.005504587155963303,0.002286430887717876,0.00528454228292088
MJ Guptill,middle,4,47.0,545.0,0.08623853211009175,0.08739739562221321,0.0863177706408351
MJ Guptill,middle,6,39.0,545.0,0.07155963302752294,0.048281059991892986,0.0699679357259414
MJ Guptill,middle,W,33.0,545.0,0.060550458715596334,0.04221980137819214,0.0592970804361157
MJ Guptill,middle,Wd,13.0,545.0,0.023853211009174313,0.028171868666396434,0.024148503840437364
MJ Guptill,middle,Nb,1.0,545.0,0.001834862385321101,0.002679114308877179,0.0018925890125727986
MJ Guptill,powerplay,0,492.0,1144.0,0.43006993006993005,0.4228881521678736,0.4298273024381038
MJ Guptill,powerplay,1,308.0,1144.0,0.2692307692307692,0.25764450947345025,0.2688393415362652
MJ Guptill,powerplay,2,42.0,1144.0,0.03671328671328671,0.04384827662845184,0.03695433366988013
MJ Guptill,powerplay,3,5.0,1144.0,0.004370629370629371,0.005028429611245902,0.00439285235173128
MJ Guptill,powerplay,4,153.0,1144.0,0.13374125874125875,0.15223269683107069,0.13436596948753618
MJ Guptill,powerplay,6,64.0,1144.0,0.055944055944055944,0.040523771600022226,0.055423100391892646
MJ Guptill,powerplay,W,41.0,1144.0,0.03583916083916084,0.03919952586446391,0.03595268668461027
MJ Guptill,powerplay,Wd,36.0,1144.0,0.03146853146853147,0.03486563072990943,0.03158329833546991
MJ Guptill,powerplay,Nb,3.0,1144.0,0.0026223776223776225,0.003769007093512122,0.0026611151045105447
MJ Henry,death,0,7.0,27.0,0.25925925925925924,0.21696977459016392,0.234011805725471
MJ Henry,death,1,11.0,27.0,0.4074074074074074,0.37083760245901637,0.38557468803523365
MJ Henry,death,2,2.0,27.0,0.07407407407407407,0.08837090163934426,0.08260949351602642
MJ Henry,death,3,0.0,27.0,0.0,0.002651127049180328,0.0015827624174210913
MJ Henry,death,4,3.0,27.0,0.1111111111111111,0.11151383196721311,0.11135154147296306
MJ Henry,death,6,0.0,27.0,0.0,0.07952100409836066,0.0474752263273795
MJ Henry,death,W,4.0,27.0,0.14814814814814814,0.08016137295081967,0.10755902862735503
MJ Henry,death,Wd,0.0,27.0,0.0,0.04340420081967213,0.025912955713237096
MJ Henry,death,Nb,0.0,27.0,0.0,0.006570184426229508,0.0039224981649131395
MJ Henry,middle,0,1.0,1.0,1.0,0.2808889845966761,0.2984282776552938
MJ Henry,middle,1,0.0,1.0,0.0,0.4414331678151601,0.4306665051855221
MJ Henry,middle,2,0.0,1.0,0.0,0.06664217673287394,0.06501675778816969
MJ Henry,middle,3,0.0,1.0,0.0,0.002286430887717876,0.002230664280700367
MJ Henry,middle,4,0.0,1.0,0.0,0.08739739562221321,0.08526575182654948
MJ Henry,middle,6,0.0,1.0,0.0,0.048281059991892986,0.04710347316282242
MJ Henry,middle,W,0.0,1.0,0.0,0.04221980137819214,0.041190050125065505
MJ Henry,middle,Wd,0.0,1.0,0.0,0.028171868666396434,0.027484749918435542
MJ Henry,middle,Nb,0.0,1.0,0.0,0.002679114308877179,0.00261377005744115
MJ Lumb,middle,0,39.0,119.0,0.3277310924369748,0.2808889845966761,0.3159469143639437
MJ Lumb,middle,1,37.0,119.0,0.31092436974789917,0.4414331678151601,0.3437567717773988
MJ Lumb,middle,2,11.0,119.0,0.09243697478991597,0.06664217673287394,0.0859477174170752
MJ Lumb,middle,3,0.0,119.0,0.0,0.002286430887717876,0.0005752027390485223
MJ Lumb,middle,4,15.0,119.0,0.12605042016806722,0.08739739562221321,0.11632638883577691
MJ Lumb,middle,6,5.0,119.0,0.04201680672268908,0.048281059991892986,0.04359271949481584
MJ Lumb,middle,W,11.0,119.0,0.09243697478991597,0.04221980137819214,0.07980372361715525
MJ Lumb,middle,Wd,1.0,119.0,0.008403361344537815,0.028171868666396434,0.013376570733684636
MJ Lumb,middle,Nb,0.0,119.0,0.0,0.002679114308877179,0.0006739910211011771
MJ Lumb,powerplay,0,174.0,406.0,0.42857142857142855,0.4228881521678736,0.4280617176832174
MJ Lumb,powerplay,1,78.0,406.0,0.1921182266009852,0.25764450947345025,0.19799502327116145
MJ Lumb,powerplay,2,21.0,406.0,0.05172413793103448,0.04384827662845184,0.05101778265726025
MJ Lumb,powerplay,3,1.0,406.0,0.0024630541871921183,0.005028429611245902,0.00269313270056017
MJ Lumb,powerplay,4,78.0,406.0,0.1921182266009852,0.15223269683107069,0.18854104904314536
MJ Lumb,powerplay,6,18.0,406.0,0.04433497536945813,0.040523771600022226,0.0439931633721993
MJ Lumb,powerplay,W,19.0,406.0,0.046798029556650245,0.03919952586446391,0.04611654940488465
MJ Lumb,powerplay,Wd,12.0,406.0,0.029556650246305417,0.03486563072990943,0.03003279199371385
MJ Lumb,powerplay,Nb,5.0,406.0,0.012315270935960592,0.003769007093512122,0.01154878987385759
MJ McClenaghan,death,0,21.0,56.0,0.375,0.21696977459016392,0.3091540727459016
MJ McClenaghan,death,1,13.0,56.0,0.23214285714285715,0.37083760245901637,0.2899323343579235
MJ McClenaghan,death,2,1.0,56.0,0.017857142857142856,0.08837090163934426,0.047237875683060114
MJ McClenaghan,death,3,0.0,56.0,0.0,0.002651127049180328,0.0011046362704918032
MJ McClenaghan,death,4,4.0,56.0,0.07142857142857142,0.11151383196721311,0.08813076331967214
MJ McClenaghan,death,6,5.0,56.0,0.08928571428571429,0.07952100409836066,0.08521708504098362
MJ McClenaghan,death,W,9.0,56.0,0.16071428571428573,0.08016137295081967,0.12715057206284153
MJ McClenaghan,death,Wd,2.0,56.0,0.03571428571428571,0.04340420081967213,0.038918417008196725
MJ McClenaghan,death,Nb,1.0,56.0,0.017857142857142856,0.006570184426229508,0.013154243510928962
MJ McClenaghan,middle,0,5.0,19.0,0.2631578947368421,0.2808889845966761,0.275178972607916
MJ McClenaghan,middle,1,7.0,19.0,0.3684210526315789,0.4414331678151601,0.41792079173909163
MJ McClenaghan,middle,2,0.0,19.0,0.0,0.06664217673287394,0.04518113676805013
MJ McClenaghan,middle,3,0.0,19.0,0.0,0.002286430887717876,0.001550122635740933
MJ McClenaghan,middle,4,1.0,19.0,0.05263157894736842,0.08739739562221321,0.07620162415065301
MJ McClenaghan,middle,6,3.0,19.0,0.15789473684210525,0.048281059991892986,0.08358037965552066
MJ McClenaghan,middle,W,2.0,19.0,0.10526315789473684,0.04221980137819214,0.0625218992394523
MJ McClenaghan,middle,Wd,1.0,19.0,0.05263157894736842,0.028171868666396434,0.0360487245195908
MJ McClenaghan,middle,Nb,0.0,19.0,0.0,0.002679114308877179,0.001816348683984528
MJ McClenaghan,powerplay,0,0.0,1.0,0.0,0.4228881521678736,0.4125738069930474
MJ McClenaghan,powerplay,1,0.0,1.0,0.0,0.25764450947345025,0.25136049704726854
MJ McClenaghan,powerplay,2,0.0,1.0,0.0,0.04384827662845184,0.04277880646678228
MJ McClenaghan,powerplay,3,0.0,1.0,0.0,0.005028429611245902,0.004905784986581368
MJ McClenaghan,powerplay,4,0.0,1.0,0.0,0.15223269683107069,0.1485197042254348
MJ McClenaghan,powerplay,6,0.0,1.0,0.0,0.040523771600022226,0.039535386926850956
MJ McClenaghan,powerplay,W,1.0,1.0,1.0,0.03919952586446391,0.0626336837702087
MJ McClenaghan,powerplay,Wd,0.0,1.0,0.0,0.03486563072990943,0.034015249492594574
MJ McClenaghan,powerplay,Nb,0.0,1.0,0.0,0.003769007093512122,0.003677080091231339
MJ Owen,death,0,1.0,3.0,0.3333333333333333,0.21696977459016392,0.2250881624094548
MJ Owen,death,1,0.0,3.0,0.0,0.37083760245901637,0.34496521158978266
MJ Owen,death,2,0.0,3.0,0.0,0.08837090163934426,0.08220548989706443
MJ Owen,death,3,0.0,3.0,0.0,0.002651127049180328,0.002466164696911933
MJ Owen,death,4,0.0,3.0,0.0,0.11151383196721311,0.1037337971788029
MJ Owen,death,6,1.0,3.0,0.3333333333333333,0.07952100409836066,0.09722884102173085
MJ Owen,death,W,1.0,3.0,0.3333333333333333,0.08016137295081967,0.09782453297750666
MJ Owen,death,Wd,0.0,3.0,0.0,0.04340420081967213,0.04037600076248571
MJ Owen,death,Nb,0.0,3.0,0.0,0.006570184426229508,0.006111799466260007
MJ Owen,middle,0,13.0,59.0,0.22033898305084745,0.2808889845966761,0.24480363014007117
MJ Owen,middle,1,23.0,59.0,0.3898305084745763,0.4414331678151601,0.4106800678041051
MJ Owen,middle,2,6.0,59.0,0.1016949152542373,0.06664217673287394,0.087532192619343
MJ Owen,middle,3,0.0,59.0,0.0,0.002286430887717876,0.0009238104596839903
MJ Owen,middle,4,3.0,59.0,0.05084745762711865,0.08739739562221321,0.06561510934230837
MJ Owen,middle,6,7.0,59.0,0.11864406779661017,0.048281059991892986,0.09021456969369414
MJ Owen,middle,W,5.0,59.0,0.0847457627118644,0.04221980137819214,0.06756355611240086
MJ Owen,middle,Wd,2.0,59.0,0.03389830508474576,0.028171868666396434,0.031584593400564215
MJ Owen,middle,Nb,0.0,59.0,0.0,0.002679114308877179,0.0010824704278291632
MJ Owen,powerplay,0,2.0,5.0,0.4,0.4228881521678736,0.420345024149221
MJ Owen,powerplay,1,2.0,5.0,0.4,0.25764450947345025,0.27346178619862244
MJ Owen,powerplay,2,0.0,5.0,0.0,0.04384827662845184,0.03897624589195719
MJ Owen,powerplay,3,0.0,5.0,0.0,0.005028429611245902,0.004469715209996357
MJ Owen,powerplay,4,0.0,5.0,0.0,0.15223269683107069,0.13531795273872949
MJ Owen,powerplay,6,0.0,5.0,0.0,0.040523771600022226,0.03602113031113087
MJ Owen,powerplay,W,1.0,5.0,0.2,0.03919952586446391,0.05706624521285681
MJ Owen,powerplay,Wd,0.0,5.0,0.0,0.03486563072990943,0.030991671759919497
MJ Owen,powerplay,Nb,0.0,5.0,0.0,0.003769007093512122,0.0033502285275663307
MJ Santner,death,0,82.0,360.0,0.22777777777777777,0.21696977459016392,0.2266969774590164
MJ Santner,death,1,130.0,360.0,0.3611111111111111,0.37083760245901637,0.36208376024590166
MJ Santner,death,2,38.0,360.0,0.10555555555555556,0.08837090163934426,0.10383709016393443
MJ Santner,death,3,0.0,360.0,0.0,0.002651127049180328,0.00026511270491803276
MJ Santner,death,4,35.0,360.0,0.09722222222222222,0.11151383196721311,0.0986513831967213
MJ Santner,death,6,27.0,360.0,0.075,0.07952100409836066,0.07545210040983606
MJ Santner,death,W,30.0,360.0,0.08333333333333333,0.08016137295081967,0.08301613729508198
MJ Santner,death,Wd,18.0,360.0,0.05,0.04340420081967213,0.049340420081967214
MJ Santner,death,Nb,0.0,360.0,0.0,0.006570184426229508,0.0006570184426229509
MJ Santner,middle,0,93.0,253.0,0.3675889328063241,0.2808889845966761,0.3557527624022766
MJ Santner,middle,1,93.0,253.0,0.3675889328063241,0.4414331678151601,0.3776700570396123
MJ Santner,middle,2,14.0,253.0,0.05533596837944664,0.06664217673287394,0.05687947805226947
MJ Santner,middle,3,3.0,253.0,0.011857707509881422,0.002286430887717876,0.010551048585353976
MJ Santner,middle,4,18.0,253.0,0.07114624505928854,0.08739739562221321,0.07336483216685505
MJ Santner,middle,6,5.0,253.0,0.019762845849802372,0.048281059991892986,0.023656117405036585
MJ Santner,middle,W,15.0,253.0,0.05928853754940711,0.04221980137819214,0.056958334659138854
MJ Santner,middle,Wd,8.0,253.0,0.03162055335968379,0.028171868666396434,0.03114974316264798
MJ Santner,middle,Nb,4.0,253.0,0.015810276679841896,0.002679114308877179,0.014017626526809171
MJ Santner,powerplay,0,37.0,69.0,0.5362318840579711,0.4228881521678736,0.49463785400655913
MJ Santner,powerplay,1,11.0,69.0,0.15942028985507245,0.25764450947345025,0.19546587503612853
MJ Santner,powerplay,2,5.0,69.0,0.07246376811594203,0.04384827662845184,0.061962670322367644
MJ Santner,powerplay,3,0.0,69.0,0.0,0.005028429611245902,0.0018452952701819823
MJ Santner,powerplay,4,8.0,69.0,0.11594202898550725,0.15223269683107069,0.12925970525910851
MJ Santner,powerplay,6,0.0,69.0,0.0,0.040523771600022226,0.014871108844044854
MJ Santner,powerplay,W,3.0,69.0,0.043478260869565216,0.03919952586446391,0.0419080828860418
MJ Santner,powerplay,Wd,5.0,69.0,0.07246376811594203,0.03486563072990943,0.05866628650638878
MJ Santner,powerplay,Nb,0.0,69.0,0.0,0.003769007093512122,0.0013831218691787604
MK Pandey,death,0,92.0,569.0,0.1616871704745167,0.21696977459016392,0.16531821179574147
MK Pandey,death,1,263.0,569.0,0.46221441124780316,0.37083760245901637,0.45621265040781717
MK Pandey,death,2,66.0,569.0,0.11599297012302284,0.08837090163934426,0.11417871275135266
MK Pandey,death,3,1.0,569.0,0.0017574692442882249,0.002651127049180328,0.0018161659802417294
MK Pandey,death,4,54.0,569.0,0.09490333919156414,0.11151383196721311,0.09599434035909446
MK Pandey,death,6,31.0,569.0,0.054481546572934976,0.07952100409836066,0.05612617432501548
MK Pandey,death,W,32.0,569.0,0.056239015817223195,0.08016137295081967,0.05781027080136747
MK Pandey,death,Wd,27.0,569.0,0.04745166959578207,0.04340420081967213,0.047185825998008024
MK Pandey,death,Nb,3.0,569.0,0.005272407732864675,0.006570184426229508,0.005357647581361544
MK Pandey,middle,0,477.0,1800.0,0.265,0.2808889845966761,0.2653454127086234
MK Pandey,middle,1,883.0,1800.0,0.4905555555555556,0.4414331678151601,0.48948767756119915
MK Pandey,middle,2,118.0,1800.0,0.06555555555555556,0.06664217673287394,0.06557917775506247
MK Pandey,middle,3,8.0,1800.0,0.0044444444444444444,0.002286430887717876,0.0043975311062547364
MK Pandey,middle,4,142.0,1800.0,0.07888888888888888,0.08739739562221321,0.07907385642656985
MK Pandey,middle,6,57.0,1800.0,0.03166666666666667,0.048281059991892986,0.032027849130258544
MK Pandey,middle,W,71.0,1800.0,0.03944444444444444,0.04221980137819214,0.03950477829083027
MK Pandey,middle,Wd,43.0,1800.0,0.02388888888888889,0.028171868666396434,0.023981997144921663
MK Pandey,middle,Nb,1.0,1800.0,0.0005555555555555556,0.002679114308877179,0.0006017198762799387
MK Pandey,powerplay,0,436.0,965.0,0.45181347150259066,0.4228881521678736,0.45066221501165665
MK Pandey,powerplay,1,253.0,965.0,0.2621761658031088,0.25764450947345025,0.2619958013720777
MK Pandey,powerplay,2,47.0,965.0,0.04870466321243523,0.04384827662845184,0.04851137419416724
MK Pandey,powerplay,3,6.0,965.0,0.0062176165803108805,0.005028429611245902,0.006170285755671479
MK Pandey,powerplay,4,137.0,965.0,0.14196891191709846,0.15223269683107069,0.14237742076939586
MK Pandey,powerplay,6,21.0,965.0,0.021761658031088083,0.040523771600022226,0.022508408819901383
MK Pandey,powerplay,W,31.0,965.0,0.03212435233160622,0.03919952586446391,0.03240595127818762
MK Pandey,powerplay,Wd,33.0,965.0,0.03419689119170984,0.03486563072990943,0.034223507690742665
MK Pandey,powerplay,Nb,1.0,965.0,0.0010362694300518134,0.003769007093512122,0.0011450351081994875
MK Tiwary,death,0,80.0,383.0,0.20887728459530025,0.21696977459016392,0.20964253187613843
MK Tiwary,death,1,164.0,383.0,0.4281984334203655,0.37083760245901637,0.42277424136728287
MK Tiwary,death,2,32.0,383.0,0.0835509138381201,0.08837090163934426,0.0840067046467465
MK Tiwary,death,3,1.0,383.0,0.0026109660574412533,0.002651127049180328,0.002614763787156532
MK Tiwary,death,4,47.0,383.0,0.1227154046997389,0.11151383196721311,0.12165615432314071
MK Tiwary,death,6,16.0,383.0,0.04177545691906005,0.07952100409836066,0.04534477580126342
MK Tiwary,death,W,26.0,383.0,0.06788511749347259,0.08016137295081967,0.0690459927140255
MK Tiwary,death,Wd,14.0,383.0,0.03655352480417755,0.04340420081967213,0.037201342867108474
MK Tiwary,death,Nb,3.0,383.0,0.007832898172323759,0.006570184426229508,0.007713492617137542
MK Tiwary,middle,0,216.0,685.0,0.31532846715328466,0.2808889845966761,0.3134283577708511
MK Tiwary,middle,1,314.0,685.0,0.4583941605839416,0.4414331678151601,0.45745838167256053
MK Tiwary,middle,2,28.0,685.0,0.040875912408759124,0.06664217673287394,0.04229749940595166
MK Tiwary,middle,3,5.0,685.0,0.0072992700729927005,0.002286430887717876,0.007022699635184434
MK Tiwary,middle,4,66.0,685.0,0.09635036496350365,0.08739739562221321,0.09585640803432902
MK Tiwary,middle,6,16.0,685.0,0.02335766423357664,0.048281059991892986,0.02473274813748375
MK Tiwary,middle,W,22.0,685.0,0.032116788321167884,0.04221980137819214,0.03267419593810715
MK Tiwary,middle,Wd,17.0,685.0,0.024817518248175182,0.028171868666396434,0.025002585857456357
MK Tiwary,middle,Nb,1.0,685.0,0.00145985401459854,0.002679114308877179,0.0015271235480759822
MK Tiwary,powerplay,0,100.0,191.0,0.5235602094240838,0.4228881521678736,0.5061278185572076
MK Tiwary,powerplay,1,56.0,191.0,0.2931937172774869,0.25764450947345025,0.28703801029843296
MK Tiwary,powerplay,2,6.0,191.0,0.031413612565445025,0.04384827662845184,0.03356680114778387
MK Tiwary,powerplay,3,0.0,191.0,0.0,0.005028429611245902,0.0008707237422070826
MK Tiwary,powerplay,4,18.0,191.0,0.09424083769633508,0.15223269683107069,0.10428271806598627
MK Tiwary,powerplay,6,4.0,191.0,0.020942408376963352,0.040523771600022226,0.024333120623380472
MK Tiwary,powerplay,W,6.0,191.0,0.031413612565445025,0.03919952586446391,0.03276182266051323
MK Tiwary,powerplay,Wd,1.0,191.0,0.005235602094240838,0.03486563072990943,0.010366342983534102
MK Tiwary,powerplay,Nb,0.0,191.0,0.0,0.003769007093512122,0.00065264192095448
ML Hayden,death,0,10.0,46.0,0.21739130434782608,0.21696977459016392,0.21719524399542509
ML Hayden,death,1,14.0,46.0,0.30434782608695654,0.37083760245901637,0.33527330346930995
ML Hayden,death,2,6.0,46.0,0.13043478260869565,0.08837090163934426,0.11087018680899734
ML Hayden,death,3,0.0,46.0,0.0,0.002651127049180328,0.0012330823484559665
ML Hayden,death,4,6.0,46.0,0.13043478260869565,0.11151383196721311,0.12163434044986658
ML Hayden,death,6,5.0,46.0,0.10869565217391304,0.07952100409836066,0.09512604841784217
ML Hayden,death,W,1.0,46.0,0.021739130434782608,0.08016137295081967,0.04891226648875333
ML Hayden,death,Wd,3.0,46.0,0.06521739130434782,0.04340420081967213,0.05507172131147541
ML Hayden,death,Nb,1.0,46.0,0.021739130434782608,0.006570184426229508,0.01468380670987419
ML Hayden,middle,0,78.0,304.0,0.2565789473684211,0.2808889845966761,0.2594056958833344
ML Hayden,middle,1,137.0,304.0,0.4506578947368421,0.4414331678151601,0.4495852520715302
ML Hayden,middle,2,19.0,304.0,0.0625,0.06664217673287394,0.06298164845731091
ML Hayden,middle,3,1.0,304.0,0.003289473684210526,0.002286430887717876,0.0031728408008974275
ML Hayden,middle,4,28.0,304.0,0.09210526315789473,0.08739739562221321,0.09155783670025736
ML Hayden,middle,6,22.0,304.0,0.07236842105263158,0.048281059991892986,0.06956756511533639
ML Hayden,middle,W,9.0,304.0,0.029605263157894735,0.04221980137819214,0.031072069927696757
ML Hayden,middle,Wd,8.0,304.0,0.02631578947368421,0.028171868666396434,0.026531612635627495
ML Hayden,middle,Nb,2.0,304.0,0.006578947368421052,0.002679114308877179,0.006125478408008975
ML Hayden,powerplay,0,246.0,501.0,0.49101796407185627,0.4228881521678736,0.48598063971666344
ML Hayden,powerplay,1,99.0,501.0,0.19760479041916168,0.25764450947345025,0.2020439563381479
ML Hayden,powerplay,2,19.0,501.0,0.03792415169660679,0.04384827662845184,0.03836216463056945
ML Hayden,powerplay,3,1.0,501.0,0.001996007984031936,0.005028429611245902,0.002220216607116148
ML Hayden,powerplay,4,82.0,501.0,0.16367265469061876,0.15223269683107069,0.1628268167712437
ML Hayden,powerplay,6,18.0,501.0,0.03592814371257485,0.040523771600022226,0.03626793135674841
ML Hayden,powerplay,W,11.0,501.0,0.021956087824351298,0.03919952586446391,0.023231018548204356
ML Hayden,powerplay,Wd,20.0,501.0,0.03992015968063872,0.03486563072990943,0.03954644219814488
ML Hayden,powerplay,Nb,5.0,501.0,0.00998003992015968,0.003769007093512122,0.009520813833161711
MM Ali,death,0,73.0,322.0,0.2267080745341615,0.21696977459016392,0.22563201929173082
MM Ali,death,1,100.0,322.0,0.3105590062111801,0.37083760245901637,0.31721962458110675
MM Ali,death,2,22.0,322.0,0.06832298136645963,0.08837090163934426,0.07053822117561816
MM Ali,death,3,0.0,322.0,0.0,0.002651127049180328,0.0002929422153790418
MM Ali,death,4,33.0,322.0,0.10248447204968944,0.11151383196721311,0.1034821913775926
MM Ali,death,6,37.0,322.0,0.11490683229813664,0.07952100409836066,0.11099679603296803
MM Ali,death,W,34.0,322.0,0.10559006211180125,0.08016137295081967,0.10278026220451048
MM Ali,death,Wd,19.0,322.0,0.059006211180124224,0.04340420081967213,0.0572822321347704
MM Ali,death,Nb,4.0,322.0,0.012422360248447204,0.006570184426229508,0.011775710986323702
MM Ali,middle,0,213.0,794.0,0.2682619647355164,0.2808889845966761,0.2688675771988813
MM Ali,middle,1,336.0,794.0,0.42317380352644834,0.4414331678151601,0.4240495524131971
MM Ali,middle,2,40.0,794.0,0.05037783375314862,0.06664217673287394,0.05115789816464623
MM Ali,middle,3,2.0,794.0,0.0025188916876574307,0.002286430887717876,0.002507742488619562
MM Ali,middle,4,69.0,794.0,0.08690176322418136,0.08739739562221321,0.08692553456221647
MM Ali,middle,6,51.0,794.0,0.06423173803526448,0.048281059991892986,0.06346671750560638
MM Ali,middle,W,43.0,794.0,0.05415617128463476,0.04221980137819214,0.05358368351933775
MM Ali,middle,Wd,40.0,794.0,0.05037783375314862,0.028171868666396434,0.04931279945642189
MM Ali,middle,Nb,0.0,794.0,0.0,0.002679114308877179,0.00012849469107324599
MM Ali,powerplay,0,121.0,248.0,0.4879032258064516,0.4228881521678736,0.47887335446776025
MM Ali,powerplay,1,54.0,248.0,0.21774193548387097,0.25764450947345025,0.2232839596490903
MM Ali,powerplay,2,6.0,248.0,0.024193548387096774,0.04384827662845184,0.026923371753951642
MM Ali,powerplay,3,1.0,248.0,0.004032258064516129,0.005028429611245902,0.004170615223784153
MM Ali,powerplay,4,33.0,248.0,0.13306451612903225,0.15223269683107069,0.13572676344875984
MM Ali,powerplay,6,12.0,248.0,0.04838709677419355,0.040523771600022226,0.04729496827778087
MM Ali,powerplay,W,13.0,248.0,0.05241935483870968,0.03919952586446391,0.050583267481175545
MM Ali,powerplay,Wd,6.0,248.0,0.024193548387096774,0.03486563072990943,0.025675782045820755
MM Ali,powerplay,Nb,2.0,248.0,0.008064516129032258,0.003769007093512122,0.007467917651876684
MM Patel,death,0,10.0,34.0,0.29411764705882354,0.21696977459016392,0.25241609437306156
MM Patel,death,1,15.0,34.0,0.4411764705882353,0.37083760245901637,0.4031554607886575
MM Patel,death,2,1.0,34.0,0.029411764705882353,0.08837090163934426,0.06128156845369961
MM Patel,death,3,0.0,34.0,0.0,0.002651127049180328,0.0014330416482055827
MM Patel,death,4,5.0,34.0,0.14705882352941177,0.11151383196721311,0.12784531457687195
MM Patel,death,6,0.0,34.0,0.0,0.07952100409836066,0.04298432653965441
MM Patel,death,W,3.0,34.0,0.08823529411764706,0.08016137295081967,0.08387101240584846
MM Patel,death,Wd,0.0,34.0,0.0,0.04340420081967213,0.023461730172795747
MM Patel,death,Nb,0.0,34.0,0.0,0.006570184426229508,0.0035514510412051397
MM Sharma,death,0,30.0,86.0,0.3488372093023256,0.21696977459016392,0.3069745316159251
MM Sharma,death,1,28.0,86.0,0.32558139534883723,0.37083760245901637,0.33994844522508455
MM Sharma,death,2,6.0,86.0,0.06976744186046512,0.08837090163934426,0.07567330210772834
MM Sharma,death,3,1.0,86.0,0.011627906976744186,0.002651127049180328,0.008778135571168359
MM Sharma,death,4,5.0,86.0,0.05813953488372093,0.11151383196721311,0.07508375618006766
MM Sharma,death,6,2.0,86.0,0.023255813953488372,0.07952100409836066,0.04111777907884466
MM Sharma,death,W,11.0,86.0,0.12790697674418605,0.08016137295081967,0.11274964220660942
MM Sharma,death,Wd,2.0,86.0,0.023255813953488372,0.04340420081967213,0.02965212724434036
MM Sharma,death,Nb,1.0,86.0,0.011627906976744186,0.006570184426229508,0.01002228077023159
MM Sharma,middle,0,20.0,47.0,0.425531914893617,0.2808889845966761,0.3590294182053683
MM Sharma,middle,1,18.0,47.0,0.3829787234042553,0.4414331678151601,0.4098543300299587
MM Sharma,middle,2,0.0,47.0,0.0,0.06664217673287394,0.030640081256493763
MM Sharma,middle,3,0.0,47.0,0.0,0.002286430887717876,0.0010512325920541959
MM Sharma,middle,4,3.0,47.0,0.06382978723404255,0.08739739562221321,0.07466546925159227
MM Sharma,middle,6,1.0,47.0,0.02127659574468085,0.048281059991892986,0.03369244137558298
MM Sharma,middle,W,3.0,47.0,0.06382978723404255,0.04221980137819214,0.053894161553191794
MM Sharma,middle,Wd,2.0,47.0,0.0425531914893617,0.028171868666396434,0.03594108904202135
MM Sharma,middle,Nb,0.0,47.0,0.0,0.002679114308877179,0.0012317766937366339
MN Samuels,death,0,33.0,134.0,0.2462686567164179,0.21696977459016392,0.23953328151498024
MN Samuels,death,1,50.0,134.0,0.373134328358209,0.37083760245901637,0.3726063453928773
MN Samuels,death,2,11.0,134.0,0.08208955223880597,0.08837090163934426,0.08353354060674581
MN Samuels,death,3,0.0,134.0,0.0,0.002651127049180328,0.0006094544940644432
MN Samuels,death,4,17.0,134.0,0.12686567164179105,0.11151383196721311,0.12333651309591107
MN Samuels,death,6,10.0,134.0,0.07462686567164178,0.07952100409836066,0.07575195496514038
MN Samuels,death,W,11.0,134.0,0.08208955223880597,0.08016137295081967,0.08164629263237233
MN Samuels,death,Wd,2.0,134.0,0.014925373134328358,0.04340420081967213,0.021472230073487846
MN Samuels,death,Nb,0.0,134.0,0.0,0.006570184426229508,0.0015103872244205767
MN Samuels,middle,0,194.0,503.0,0.3856858846918489,0.2808889845966761,0.3779660393809706
MN Samuels,middle,1,192.0,503.0,0.3817097415506958,0.4414331678151601,0.38610925729761764
MN Samuels,middle,2,28.0,503.0,0.055666003976143144,0.06664217673287394,0.056474561821942826
MN Samuels,middle,3,0.0,503.0,0.0,0.002286430887717876,0.00016842953132360043
MN Samuels,middle,4,43.0,503.0,0.08548707753479125,0.08739739562221321,0.08562780078248347
MN Samuels,middle,6,23.0,503.0,0.04572564612326044,0.048281059991892986,0.045913890238813475
MN Samuels,middle,W,17.0,503.0,0.033797216699801194,0.04221980137819214,0.03441766492657032
MN Samuels,middle,Wd,6.0,503.0,0.011928429423459244,0.028171868666396434,0.013124999533436202
MN Samuels,middle,Nb,0.0,503.0,0.0,0.002679114308877179,0.00019735648684178112
MN Samuels,powerplay,0,104.0,219.0,0.4748858447488584,0.4228881521678736,0.4668553130761195
MN Samuels,powerplay,1,54.0,219.0,0.2465753424657534,0.25764450947345025,0.248284866327946
MN Samuels,powerplay,2,5.0,219.0,0.0228310502283105,0.04384827662845184,0.02607695391945202
MN Samuels,powerplay,3,0.0,219.0,0.0,0.005028429611245902,0.0007765914457522629
MN Samuels,powerplay,4,29.0,219.0,0.1324200913242009,0.15223269683107069,0.13547995317854375
MN Samuels,powerplay,6,6.0,219.0,0.0273972602739726,0.040523771600022226,0.029424520710428143
MN Samuels,powerplay,W,11.0,219.0,0.0502283105022831,0.03919952586446391,0.04852502329953111
MN Samuels,powerplay,Wd,8.0,219.0,0.0365296803652968,0.03486563072990943,0.036272684282611496
MN Samuels,powerplay,Nb,2.0,219.0,0.0091324200913242,0.003769007093512122,0.008304093759615772
MN van Wyk,death,0,8.0,49.0,0.16326530612244897,0.21696977459016392,0.18740214588321974
MN van Wyk,death,1,17.0,49.0,0.3469387755102041,0.37083760245901637,0.357679821329895
MN van Wyk,death,2,9.0,49.0,0.1836734693877551,0.08837090163934426,0.14084085466936822
MN van Wyk,death,3,1.0,49.0,0.02040816326530612,0.002651127049180328,0.012427472831092284
MN van Wyk,death,4,8.0,49.0,0.16326530612244897,0.11151383196721311,0.14000621661447782
MN van Wyk,death,6,4.0,49.0,0.08163265306122448,0.07952100409836066,0.08068359734757782
MN van Wyk,death,W,1.0,49.0,0.02040816326530612,0.08016137295081967,0.04726353840486277
MN van Wyk,death,Wd,0.0,49.0,0.0,0.04340420081967213,0.019507505986369498
MN van Wyk,death,Nb,1.0,49.0,0.02040816326530612,0.006570184426229508,0.014188846933136857
MN van Wyk,middle,0,24.0,88.0,0.2727272727272727,0.2808889845966761,0.27527780768646126
MN van Wyk,middle,1,44.0,88.0,0.5,0.4414331678151601,0.48169786494223754
MN van Wyk,middle,2,6.0,88.0,0.06818181818181818,0.06664217673287394,0.0677006802290231
MN van Wyk,middle,3,0.0,88.0,0.0,0.002286430887717876,0.0007145096524118363
MN van Wyk,middle,4,7.0,88.0,0.07954545454545454,0.08739739562221321,0.08199918613194163
MN van Wyk,middle,6,2.0,88.0,0.022727272727272728,0.048281059991892986,0.030712831247466557
MN van Wyk,middle,W,2.0,88.0,0.022727272727272728,0.04221980137819214,0.028818687930685045
MN van Wyk,middle,Wd,3.0,88.0,0.03409090909090909,0.028171868666396434,0.03224120895824888
MN van Wyk,middle,Nb,0.0,88.0,0.0,0.002679114308877179,0.0008372232215241184
MN van Wyk,powerplay,0,51.0,111.0,0.4594594594594595,0.4228881521678736,0.4497716959385096
MN van Wyk,powerplay,1,24.0,111.0,0.21621621621621623,0.25764450947345025,0.2271905985360133
MN van Wyk,powerplay,2,1.0,111.0,0.009009009009009009,0.04384827662845184,0.018237954073762074
MN van Wyk,powerplay,3,2.0,111.0,0.018018018018018018,0.005028429611245902,0.014577067446687655
MN van Wyk,powerplay,4,13.0,111.0,0.11711711711711711,0.15223269683107069,0.12641925743869423
MN van Wyk,powerplay,6,9.0,111.0,0.08108108108108109,0.040523771600022226,0.07033742294040324
MN van Wyk,powerplay,W,5.0,111.0,0.04504504504504504,0.03919952586446391,0.04349656314290435
MN van Wyk,powerplay,Wd,6.0,111.0,0.05405405405405406,0.03486563072990943,0.04897102800792302
MN van Wyk,powerplay,Nb,0.0,111.0,0.0,0.003769007093512122,0.0009984124751025488
MP Breetzke,middle,0,2.0,7.0,0.2857142857142857,0.2808889845966761,0.28160764646525627
MP Breetzke,middle,1,2.0,7.0,0.2857142857142857,0.4414331678151601,0.41824099388524266
MP Breetzke,middle,2,2.0,7.0,0.2857142857142857,0.06664217673287394,0.0992699376449991
MP Breetzke,middle,3,0.0,7.0,0.0,0.002286430887717876,0.0019458986278450008
MP Breetzke,middle,4,0.0,7.0,0.0,0.08739739562221321,0.07438076223167082
MP Breetzke,middle,6,0.0,7.0,0.0,0.048281059991892986,0.04109026382288764
MP Breetzke,middle,W,0.0,7.0,0.0,0.04221980137819214,0.03593174585378055
MP Breetzke,middle,Wd,0.0,7.0,0.0,0.028171868666396434,0.023976058439486324
MP Breetzke,middle,Nb,1.0,7.0,0.14285714285714285,0.002679114308877179,0.023556693028831642
MP Breetzke,powerplay,0,16.0,43.0,0.37209302325581395,0.4228881521678736,0.396572603454397
MP Breetzke,powerplay,1,9.0,43.0,0.20930232558139536,0.25764450947345025,0.23259976360166276
MP Breetzke,powerplay,2,2.0,43.0,0.046511627906976744,0.04384827662845184,0.04522808512214546
MP Breetzke,powerplay,3,1.0,43.0,0.023255813953488372,0.005028429611245902,0.014471532342769109
MP Breetzke,powerplay,4,8.0,43.0,0.18604651162790697,0.15223269683107069,0.16975069726798586
MP Breetzke,powerplay,6,2.0,43.0,0.046511627906976744,0.040523771600022226,0.0436259140241071
MP Breetzke,powerplay,W,4.0,43.0,0.09302325581395349,0.03919952586446391,0.06708410885034405
MP Breetzke,powerplay,Wd,1.0,43.0,0.023255813953488372,0.03486563072990943,0.02885090637585997
MP Breetzke,powerplay,Nb,0.0,43.0,0.0,0.003769007093512122,0.0018163889607287337
MP Stoinis,death,0,131.0,721.0,0.18169209431345354,0.21696977459016392,0.18354637448568534
MP Stoinis,death,1,270.0,721.0,0.37447988904299584,0.37083760245901637,0.37428844165356195
MP Stoinis,death,2,67.0,721.0,0.09292649098474341,0.08837090163934426,0.09268703819392085
MP Stoinis,death,3,3.0,721.0,0.004160887656033287,0.002651127049180328,0.004081530988130372
MP Stoinis,death,4,98.0,721.0,0.13592233009708737,0.11151383196721311,0.13463936041877597
MP Stoinis,death,6,63.0,721.0,0.08737864077669903,0.07952100409836066,0.08696562439413195
MP Stoinis,death,W,46.0,721.0,0.0638002773925104,0.08016137295081967,0.06466025613407725
MP Stoinis,death,Wd,36.0,721.0,0.049930651872399444,0.04340420081967213,0.049587605824949914
MP Stoinis,death,Nb,7.0,721.0,0.009708737864077669,0.006570184426229508,0.009543767906766334
MP Stoinis,middle,0,294.0,994.0,0.29577464788732394,0.2808889845966761,0.29519880017782113
MP Stoinis,middle,1,415.0,994.0,0.41750503018108653,0.4414331678151601,0.41843068347447426
MP Stoinis,middle,2,55.0,994.0,0.05533199195171026,0.06664217673287394,0.05576952327786746
MP Stoinis,middle,3,2.0,994.0,0.002012072434607646,0.002286430887717876,0.0020226859144184864
MP Stoinis,middle,4,80.0,994.0,0.08048289738430583,0.08739739562221321,0.08075038280936996
MP Stoinis,middle,6,65.0,994.0,0.06539235412474849,0.048281059991892986,0.06473040851032469
MP Stoinis,middle,W,48.0,994.0,0.0482897384305835,0.04221980137819214,0.04805492461811188
MP Stoinis,middle,Wd,33.0,994.0,0.03319919517102616,0.028171868666396434,0.033004714455179746
MP Stoinis,middle,Nb,2.0,994.0,0.002012072434607646,0.002679114308877179,0.0020378767624323864
MP Stoinis,powerplay,0,142.0,292.0,0.4863013698630137,0.4228881521678736,0.4786612231527559
MP Stoinis,powerplay,1,63.0,292.0,0.21575342465753425,0.25764450947345025,0.22080054331005425
MP Stoinis,powerplay,2,11.0,292.0,0.03767123287671233,0.04384827662845184,0.03841545501547613
MP Stoinis,powerplay,3,0.0,292.0,0.0,0.005028429611245902,0.000605834892921193
MP Stoinis,powerplay,4,46.0,292.0,0.15753424657534246,0.15223269683107069,0.15689550564229768
MP Stoinis,powerplay,6,8.0,292.0,0.0273972602739726,0.040523771600022226,0.028978767662653282
MP Stoinis,powerplay,W,11.0,292.0,0.03767123287671233,0.03919952586446391,0.0378553645619836
MP Stoinis,powerplay,Wd,11.0,292.0,0.03767123287671233,0.03486563072990943,0.037333208521675834
MP Stoinis,powerplay,Nb,0.0,292.0,0.0,0.003769007093512122,0.0004540972401821834
MP Yadav,death,0,0.0,2.0,0.0,0.21696977459016392,0.2066378805620609
MP Yadav,death,1,0.0,2.0,0.0,0.37083760245901637,0.353178669008587
MP Yadav,death,2,0.0,2.0,0.0,0.08837090163934426,0.08416276346604215
MP Yadav,death,3,0.0,2.0,0.0,0.002651127049180328,0.002524882903981265
MP Yadav,death,4,1.0,2.0,0.5,0.11151383196721311,0.13001317330210774
MP Yadav,death,6,0.0,2.0,0.0,0.07952100409836066,0.07573428961748634
MP Yadav,death,W,1.0,2.0,0.5,0.08016137295081967,0.10015368852459015
MP Yadav,death,Wd,0.0,2.0,0.0,0.04340420081967213,0.04133733411397346
MP Yadav,death,Nb,0.0,2.0,0.0,0.006570184426229508,0.00625731850117096
MR Marsh,death,0,77.0,325.0,0.23692307692307693,0.21696977459016392,0.2347364136537166
MR Marsh,death,1,116.0,325.0,0.3569230769230769,0.37083760245901637,0.35844795643386484
MR Marsh,death,2,25.0,325.0,0.07692307692307693,0.08837090163934426,0.07817763305636649
MR Marsh,death,3,2.0,325.0,0.006153846153846154,0.002651127049180328,0.00576998652593757
MR Marsh,death,4,28.0,325.0,0.08615384615384615,0.11151383196721311,0.08893302268133842
MR Marsh,death,6,27.0,325.0,0.08307692307692308,0.07952100409836066,0.08268723332584775
MR Marsh,death,W,34.0,325.0,0.10461538461538461,0.08016137295081967,0.10193549292611723
MR Marsh,death,Wd,14.0,325.0,0.043076923076923075,0.04340420081967213,0.04311278913092297
MR Marsh,death,Nb,2.0,325.0,0.006153846153846154,0.006570184426229508,0.006199472265888165
MR Marsh,middle,0,265.0,964.0,0.274896265560166,0.2808889845966761,0.27513501930664047
MR Marsh,middle,1,425.0,964.0,0.4408713692946058,0.4414331678151601,0.44089375170578327
MR Marsh,middle,2,50.0,964.0,0.05186721991701245,0.06664217673287394,0.05245586361485553
MR Marsh,middle,3,1.0,964.0,0.001037344398340249,0.002286430887717876,0.0010871088003074853
MR Marsh,middle,4,85.0,964.0,0.08817427385892117,0.08739739562221321,0.08814332253474953
MR Marsh,middle,6,66.0,964.0,0.06846473029045644,0.048281059991892986,0.06766059999967701
MR Marsh,middle,W,35.0,964.0,0.03630705394190872,0.04221980137819214,0.036542621568852275
MR Marsh,middle,Wd,37.0,964.0,0.038381742738589214,0.028171868666396434,0.03797497484726679
MR Marsh,middle,Nb,0.0,964.0,0.0,0.002679114308877179,0.00010673762186761669
MR Marsh,powerplay,0,352.0,892.0,0.39461883408071746,0.4228881521678736,0.39583210953510184
MR Marsh,powerplay,1,219.0,892.0,0.24551569506726456,0.25764450947345025,0.24603624504177898
MR Marsh,powerplay,2,37.0,892.0,0.04147982062780269,0.04384827662845184,0.041581471099933556
MR Marsh,powerplay,3,4.0,892.0,0.004484304932735426,0.005028429611245902,0.004507657923229437
MR Marsh,powerplay,4,139.0,892.0,0.15582959641255606,0.15223269683107069,0.15567522303996012
MR Marsh,powerplay,6,73.0,892.0,0.08183856502242152,0.040523771600022226,0.08006539792274774
MR Marsh,powerplay,W,29.0,892.0,0.032511210762331835,0.03919952586446391,0.03279826291263793
MR Marsh,powerplay,Wd,34.0,892.0,0.03811659192825112,0.03486563072990943,0.03797706569656264
MR Marsh,powerplay,Nb,5.0,892.0,0.005605381165919282,0.003769007093512122,0.005526566828047731
MS Dhoni,death,0,503.0,2425.0,0.20742268041237114,0.21696977459016392,0.2075776028331061
MS Dhoni,death,1,896.0,2425.0,0.3694845360824742,0.37083760245901637,0.3695064925348319
MS Dhoni,death,2,259.0,2425.0,0.10680412371134021,0.08837090163934426,0.10650500448907657
MS Dhoni,death,3,9.0,2425.0,0.003711340206185567,0.002651127049180328,0.003694135935889336
MS Dhoni,death,4,292.0,2425.0,0.12041237113402062,0.11151383196721311,0.12026797293253083
MS Dhoni,death,6,211.0,2425.0,0.08701030927835052,0.07952100409836066,0.08688877897117014
MS Dhoni,death,W,124.0,2425.0,0.0511340206185567,0.08016137295081967,0.051605052705084295
MS Dhoni,death,Wd,114.0,2425.0,0.047010309278350516,0.04340420081967213,0.04695179230539021
MS Dhoni,death,Nb,17.0,2425.0,0.0070103092783505155,0.006570184426229508,0.0070031672929205604
MS Dhoni,middle,0,753.0,2042.0,0.36875612144955927,0.2808889845966761,0.36706799201914847
MS Dhoni,middle,1,914.0,2042.0,0.4476003917727718,0.4414331678151601,0.4474819052414056
MS Dhoni,middle,2,116.0,2042.0,0.05680705190989226,0.06664217673287394,0.056996007237903434
MS Dhoni,middle,3,8.0,2042.0,0.0039177277179236044,0.002286430887717876,0.0038863867605709486
MS Dhoni,middle,4,106.0,2042.0,0.05190989226248776,0.08739739562221321,0.05259168867669958
MS Dhoni,middle,6,57.0,2042.0,0.02791380999020568,0.048281059991892986,0.028305111623283245
MS Dhoni,middle,W,43.0,2042.0,0.021057786483839373,0.04221980137819214,0.021464357375181403
MS Dhoni,middle,Wd,41.0,2042.0,0.020078354554358472,0.028171868666396434,0.020233849542101758
MS Dhoni,middle,Nb,4.0,2042.0,0.0019588638589618022,0.002679114308877179,0.0019727015237056135
MS Dhoni,powerplay,0,51.0,96.0,0.53125,0.4228881521678736,0.4993788682846687
MS Dhoni,powerplay,1,24.0,96.0,0.25,0.25764450947345025,0.2522483851392501
MS Dhoni,powerplay,2,3.0,96.0,0.03125,0.04384827662845184,0.03495537547895642
MS Dhoni,powerplay,3,0.0,96.0,0.0,0.005028429611245902,0.0014789498856605594
MS Dhoni,powerplay,4,10.0,96.0,0.10416666666666667,0.15223269683107069,0.11830373436207961
MS Dhoni,powerplay,6,0.0,96.0,0.0,0.040523771600022226,0.011918756352947715
MS Dhoni,powerplay,W,2.0,96.0,0.020833333333333332,0.03919952586446391,0.0262351546660188
MS Dhoni,powerplay,Wd,6.0,96.0,0.0625,0.03486563072990943,0.0543722443323263
MS Dhoni,powerplay,Nb,0.0,96.0,0.0,0.003769007093512122,0.0011085314980918007
MS Wade,death,0,63.0,296.0,0.21283783783783783,0.21696977459016392,0.21332973507025763
MS Wade,death,1,113.0,296.0,0.38175675675675674,0.37083760245901637,0.38045685743559715
MS Wade,death,2,36.0,296.0,0.12162162162162163,0.08837090163934426,0.11766320257611242
MS Wade,death,3,2.0,296.0,0.006756756756756757,0.002651127049180328,0.00626799131537861
MS Wade,death,4,33.0,296.0,0.11148648648648649,0.11151383196721311,0.1114897419008587
MS Wade,death,6,15.0,296.0,0.05067567567567568,0.07952100409836066,0.05410964334504294
MS Wade,death,W,19.0,296.0,0.06418918918918919,0.08016137295081967,0.06609063963700235
MS Wade,death,Wd,13.0,296.0,0.04391891891891892,0.04340420081967213,0.04385764295472287
MS Wade,death,Nb,2.0,296.0,0.006756756756756757,0.006570184426229508,0.0067345457650273225
MS Wade,middle,0,89.0,308.0,0.288961038961039,0.2808889845966761,0.28803321662030756
MS Wade,middle,1,140.0,308.0,0.45454545454545453,0.4414331678151601,0.4530382951511678
MS Wade,middle,2,25.0,308.0,0.08116883116883117,0.06664217673287394,0.07949910077389355
MS Wade,middle,3,1.0,308.0,0.003246753246753247,0.002286430887717876,0.0031363713664043537
MS Wade,middle,4,20.0,308.0,0.06493506493506493,0.08739739562221321,0.06751694202554175
MS Wade,middle,6,11.0,308.0,0.03571428571428571,0.048281059991892986,0.03715874252780379
MS Wade,middle,W,16.0,308.0,0.05194805194805195,0.04221980137819214,0.050829862227378404
MS Wade,middle,Wd,6.0,308.0,0.01948051948051948,0.028171868666396434,0.020479525134068553
MS Wade,middle,Nb,0.0,308.0,0.0,0.002679114308877179,0.00030794417343415846
MS Wade,powerplay,0,108.0,291.0,0.3711340206185567,0.4228881521678736,0.37738829633448623
MS Wade,powerplay,1,69.0,291.0,0.23711340206185566,0.25764450947345025,0.23959450265540183
MS Wade,powerplay,2,11.0,291.0,0.037800687285223365,0.04384827662845184,0.038531513791957926
MS Wade,powerplay,3,7.0,291.0,0.024054982817869417,0.005028429611245902,0.021755701463594672
MS Wade,powerplay,4,50.0,291.0,0.1718213058419244,0.15223269683107069,0.16945410233608105
MS Wade,powerplay,6,12.0,291.0,0.041237113402061855,0.040523771600022226,0.04115090895468546
MS Wade,powerplay,W,14.0,291.0,0.048109965635738834,0.03919952586446391,0.04703317533105304
MS Wade,powerplay,Wd,19.0,291.0,0.06529209621993128,0.03486563072990943,0.06161518196131836
MS Wade,powerplay,Nb,1.0,291.0,0.003436426116838488,0.003769007093512122,0.0034766171714214044
MV Boucher,death,0,41.0,188.0,0.21808510638297873,0.21696977459016392,0.21788943413862527
MV Boucher,death,1,75.0,188.0,0.39893617021276595,0.37083760245901637,0.3940065969226344
MV Boucher,death,2,23.0,188.0,0.12234042553191489,0.08837090163934426,0.11638085993672706
MV Boucher,death,3,2.0,188.0,0.010638297872340425,0.002651127049180328,0.00923703983318953
MV Boucher,death,4,22.0,188.0,0.11702127659574468,0.11151383196721311,0.11605505823986195
MV Boucher,death,6,10.0,188.0,0.05319148936170213,0.07952100409836066,0.05781070247339661
MV Boucher,death,W,6.0,188.0,0.031914893617021274,0.08016137295081967,0.040379188236985906
MV Boucher,death,Wd,7.0,188.0,0.03723404255319149,0.04340420081967213,0.038316526459591604
MV Boucher,death,Nb,2.0,188.0,0.010638297872340425,0.006570184426229508,0.009924593758987634
MV Boucher,middle,0,82.0,239.0,0.34309623430962344,0.2808889845966761,0.33417763220024027
MV Boucher,middle,1,106.0,239.0,0.4435146443514644,0.4414331678151601,0.443216224776367
MV Boucher,middle,2,15.0,239.0,0.06276150627615062,0.06664217673287394,0.06331787480041202
MV Boucher,middle,3,0.0,239.0,0.0,0.002286430887717876,0.00032780371150077073
MV Boucher,middle,4,19.0,239.0,0.0794979079497908,0.08739739562221321,0.08063045098526354
MV Boucher,middle,6,1.0,239.0,0.0041841004184100415,0.048281059991892986,0.010506245160128026
MV Boucher,middle,W,9.0,239.0,0.03765690376569038,0.04221980137819214,0.03831108263486625
MV Boucher,middle,Wd,6.0,239.0,0.02510460251046025,0.028171868666396434,0.025544353930666154
MV Boucher,middle,Nb,1.0,239.0,0.0041841004184100415,0.002679114308877179,0.0039683318005558675
MV Boucher,powerplay,0,17.0,39.0,0.4358974358974359,0.4228881521678736,0.4293104567938601
MV Boucher,powerplay,1,9.0,39.0,0.23076923076923078,0.25764450947345025,0.24437696682200014
MV Boucher,powerplay,2,1.0,39.0,0.02564102564102564,0.04384827662845184,0.03485988690048194
MV Boucher,powerplay,3,1.0,39.0,0.02564102564102564,0.005028429611245902,0.01520426815759286
MV Boucher,powerplay,4,4.0,39.0,0.10256410256410256,0.15223269683107069,0.1277127578891497
MV Boucher,powerplay,6,0.0,39.0,0.0,0.040523771600022226,0.020518365367099865
MV Boucher,powerplay,W,2.0,39.0,0.05128205128205128,0.03919952586446391,0.04516431689339945
MV Boucher,powerplay,Wd,5.0,39.0,0.1282051282051282,0.03486563072990943,0.08094462315438451
MV Boucher,powerplay,Nb,0.0,39.0,0.0,0.003769007093512122,0.0019083580220314543
MW Short,death,0,0.0,24.0,0.0,0.21696977459016392,0.13560610911885246
MW Short,death,1,11.0,24.0,0.4583333333333333,0.37083760245901637,0.40364850153688525
MW Short,death,2,5.0,24.0,0.20833333333333334,0.08837090163934426,0.13335681352459017
MW Short,death,3,0.0,24.0,0.0,0.002651127049180328,0.001656954405737705
MW Short,death,4,3.0,24.0,0.125,0.11151383196721311,0.1165711449795082
MW Short,death,6,1.0,24.0,0.041666666666666664,0.07952100409836066,0.06532562756147542
MW Short,death,W,3.0,24.0,0.125,0.08016137295081967,0.09697585809426229
MW Short,death,Wd,1.0,24.0,0.041666666666666664,0.04340420081967213,0.042752625512295084
MW Short,death,Nb,0.0,24.0,0.0,0.006570184426229508,0.004106365266393443
MW Short,middle,0,26.0,85.0,0.3058823529411765,0.2808889845966761,0.29788447507093635
MW Short,middle,1,29.0,85.0,0.3411764705882353,0.4414331678151601,0.3732586137008512
MW Short,middle,2,3.0,85.0,0.03529411764705882,0.06664217673287394,0.04532549655451966
MW Short,middle,3,0.0,85.0,0.0,0.002286430887717876,0.0007316578840697203
MW Short,middle,4,13.0,85.0,0.15294117647058825,0.08739739562221321,0.13196716659910823
MW Short,middle,6,4.0,85.0,0.047058823529411764,0.048281059991892986,0.047449939197405755
MW Short,middle,W,8.0,85.0,0.09411764705882353,0.04221980137819214,0.07751033644102148
MW Short,middle,Wd,2.0,85.0,0.023529411764705882,0.028171868666396434,0.025014997973246855
MW Short,middle,Nb,0.0,85.0,0.0,0.002679114308877179,0.0008573165788406973
MW Short,powerplay,0,74.0,190.0,0.3894736842105263,0.4228881521678736,0.3952848960291954
MW Short,powerplay,1,35.0,190.0,0.18421052631578946,0.25764450947345025,0.19698165382146962
MW Short,powerplay,2,16.0,190.0,0.08421052631578947,0.04384827662845184,0.07719100463103509
MW Short,powerplay,3,1.0,190.0,0.005263157894736842,0.005028429611245902,0.005222335584564504
MW Short,powerplay,4,32.0,190.0,0.16842105263157894,0.15223269683107069,0.1656056864054036
MW Short,powerplay,6,14.0,190.0,0.07368421052631578,0.040523771600022226,0.06791717766956909
MW Short,powerplay,W,10.0,190.0,0.05263157894736842,0.03919952586446391,0.050295569715558944
MW Short,powerplay,Wd,8.0,190.0,0.042105263157894736,0.03486563072990943,0.0408461966486799
MW Short,powerplay,Nb,0.0,190.0,0.0,0.003769007093512122,0.0006554794945238474
Mandeep Singh,death,0,43.0,271.0,0.15867158671586715,0.21696977459016392,0.16616974592799538
Mandeep Singh,death,1,120.0,271.0,0.44280442804428044,0.37083760245901637,0.43354824468926256
Mandeep Singh,death,2,33.0,271.0,0.12177121771217712,0.08837090163934426,0.11747535712403141
Mandeep Singh,death,3,2.0,271.0,0.007380073800738007,0.002651127049180328,0.006771849138158241
Mandeep Singh,death,4,30.0,271.0,0.11070110701107011,0.11151383196721311,0.11080563755205312
Mandeep Singh,death,6,14.0,271.0,0.05166051660516605,0.07952100409836066,0.05524385904802066
Mandeep Singh,death,W,23.0,271.0,0.08487084870848709,0.08016137295081967,0.08426512835380318
Mandeep Singh,death,Wd,6.0,271.0,0.02214022140221402,0.04340420081967213,0.024875138369089663
Mandeep Singh,death,Nb,0.0,271.0,0.0,0.006570184426229508,0.0008450397975857889
Mandeep Singh,middle,0,147.0,522.0,0.28160919540229884,0.2808889845966761,0.2815579348467385
Mandeep Singh,middle,1,234.0,522.0,0.4482758620689655,0.4414331678151601,0.4477888375669153
Mandeep Singh,middle,2,50.0,522.0,0.09578544061302682,0.06664217673287394,0.09371118695607643
Mandeep Singh,middle,3,1.0,522.0,0.0019157088122605363,0.002286430887717876,0.0019420947251044753
Mandeep Singh,middle,4,44.0,522.0,0.0842911877394636,0.08739739562221321,0.0845122701510472
Mandeep Singh,middle,6,13.0,522.0,0.02490421455938697,0.048281059991892986,0.026568046974511955
Mandeep Singh,middle,W,23.0,522.0,0.044061302681992334,0.04221980137819214,0.043930234973536805
Mandeep Singh,middle,Wd,9.0,522.0,0.017241379310344827,0.028171868666396434,0.01801935008301754
Mandeep Singh,middle,Nb,1.0,522.0,0.0019157088122605363,0.002679114308877179,0.0019700437230517564
Mandeep Singh,powerplay,0,222.0,521.0,0.42610364683301344,0.4228881521678736,0.4258743780511853
Mandeep Singh,powerplay,1,132.0,521.0,0.2533589251439539,0.25764450947345025,0.2536644926540785
Mandeep Singh,powerplay,2,27.0,521.0,0.05182341650671785,0.04384827662845184,0.05125477908224255
Mandeep Singh,powerplay,3,1.0,521.0,0.0019193857965451055,0.005028429611245902,0.002141064499910581
Mandeep Singh,powerplay,4,88.0,521.0,0.1689059500959693,0.15223269683107069,0.16771712633376618
Mandeep Singh,powerplay,6,6.0,521.0,0.011516314779270634,0.040523771600022226,0.013584582645277878
Mandeep Singh,powerplay,W,30.0,521.0,0.05758157389635317,0.03919952586446391,0.05627091093507764
Mandeep Singh,powerplay,Wd,13.0,521.0,0.02495201535508637,0.03486563072990943,0.025658868501241314
Mandeep Singh,powerplay,Nb,2.0,521.0,0.003838771593090211,0.003769007093512122,0.0038337972972201156
Mashrafe Mortaza,death,0,26.0,88.0,0.29545454545454547,0.21696977459016392,0.27092805455942626
Mashrafe Mortaza,death,1,25.0,88.0,0.2840909090909091,0.37083760245901637,0.3111992507684426
Mashrafe Mortaza,death,2,7.0,88.0,0.07954545454545454,0.08837090163934426,0.08230340676229508
Mashrafe Mortaza,death,3,0.0,88.0,0.0,0.002651127049180328,0.0008284772028688525
Mashrafe Mortaza,death,4,14.0,88.0,0.1590909090909091,0.11151383196721311,0.1442230724897541
Mashrafe Mortaza,death,6,1.0,88.0,0.011363636363636364,0.07952100409836066,0.03266281378073771
Mashrafe Mortaza,death,W,11.0,88.0,0.125,0.08016137295081967,0.11098792904713115
Mashrafe Mortaza,death,Wd,3.0,88.0,0.03409090909090909,0.04340420081967213,0.03700131275614754
Mashrafe Mortaza,death,Nb,1.0,88.0,0.011363636363636364,0.006570184426229508,0.009865682633196721
Mashrafe Mortaza,middle,0,19.0,44.0,0.4318181818181818,0.2808889845966761,0.35994713552222674
Mashrafe Mortaza,middle,1,9.0,44.0,0.20454545454545456,0.4414331678151601,0.3173491275310286
Mashrafe Mortaza,middle,2,3.0,44.0,0.06818181818181818,0.06664217673287394,0.06744865558708282
Mashrafe Mortaza,middle,3,0.0,44.0,0.0,0.002286430887717876,0.0010887766131989886
Mashrafe Mortaza,middle,4,5.0,44.0,0.11363636363636363,0.08739739562221321,0.10114161696295867
Mashrafe Mortaza,middle,6,3.0,44.0,0.06818181818181818,0.048281059991892986,0.058705266662806184
Mashrafe Mortaza,middle,W,5.0,44.0,0.11363636363636363,0.04221980137819214,0.07962847684675817
Mashrafe Mortaza,middle,Wd,0.0,44.0,0.0,0.028171868666396434,0.013415175555426873
Mashrafe Mortaza,middle,Nb,0.0,44.0,0.0,0.002679114308877179,0.0012757687185129423
Misbah-ul-Haq,death,0,48.0,173.0,0.2774566473988439,0.21696977459016392,0.266097610251674
Misbah-ul-Haq,death,1,65.0,173.0,0.37572254335260113,0.37083760245901637,0.3748051835603786
Misbah-ul-Haq,death,2,12.0,173.0,0.06936416184971098,0.08837090163934426,0.07293350265527591
Misbah-ul-Haq,death,3,0.0,173.0,0.0,0.002651127049180328,0.000497864234587855
Misbah-ul-Haq,death,4,16.0,173.0,0.09248554913294797,0.11151383196721311,0.09605893558069731
Misbah-ul-Haq,death,6,16.0,173.0,0.09248554913294797,0.07952100409836066,0.09005089278842454
Misbah-ul-Haq,death,W,11.0,173.0,0.06358381502890173,0.08016137295081967,0.06669697144616332
Misbah-ul-Haq,death,Wd,5.0,173.0,0.028901734104046242,0.04340420081967213,0.03162520203186331
Misbah-ul-Haq,death,Nb,0.0,173.0,0.0,0.006570184426229508,0.0012338374509351189
Misbah-ul-Haq,middle,0,85.0,247.0,0.3441295546558704,0.2808889845966761,0.33531553792288166
Misbah-ul-Haq,middle,1,111.0,247.0,0.4493927125506073,0.4414331678151601,0.44828336833660765
Misbah-ul-Haq,middle,2,21.0,247.0,0.08502024291497975,0.06664217673287394,0.08245883996276988
Misbah-ul-Haq,middle,3,0.0,247.0,0.0,0.002286430887717876,0.00031866632581433813
Misbah-ul-Haq,middle,4,13.0,247.0,0.05263157894736842,0.08739739562221321,0.057476988936893826
Misbah-ul-Haq,middle,6,4.0,247.0,0.016194331983805668,0.048281059991892986,0.020666349824654075
Misbah-ul-Haq,middle,W,3.0,247.0,0.012145748987854251,0.04221980137819214,0.016337254547483224
Misbah-ul-Haq,middle,Wd,8.0,247.0,0.032388663967611336,0.028171868666396434,0.03180095730542111
Misbah-ul-Haq,middle,Nb,2.0,247.0,0.008097165991902834,0.002679114308877179,0.007342036837474172
Misbah-ul-Haq,powerplay,0,18.0,42.0,0.42857142857142855,0.4228881521678736,0.425799098618475
Misbah-ul-Haq,powerplay,1,12.0,42.0,0.2857142857142857,0.25764450947345025,0.2720217119382684
Misbah-ul-Haq,powerplay,2,1.0,42.0,0.023809523809523808,0.04384827662845184,0.03358452518461065
Misbah-ul-Haq,powerplay,3,1.0,42.0,0.023809523809523808,0.005028429611245902,0.014648014444510195
Misbah-ul-Haq,powerplay,4,5.0,42.0,0.11904761904761904,0.15223269683107069,0.13523546186881497
Misbah-ul-Haq,powerplay,6,1.0,42.0,0.023809523809523808,0.040523771600022226,0.03196281541464499
Misbah-ul-Haq,powerplay,W,3.0,42.0,0.07142857142857142,0.03919952586446391,0.055707085787543374
Misbah-ul-Haq,powerplay,Wd,1.0,42.0,0.023809523809523808,0.03486563072990943,0.0292027466975168
Misbah-ul-Haq,powerplay,Nb,0.0,42.0,0.0,0.003769007093512122,0.0018385400456156695
Mohammad Ashraful,death,0,1.0,5.0,0.2,0.21696977459016392,0.21508424408014573
Mohammad Ashraful,death,1,1.0,5.0,0.2,0.37083760245901637,0.3518556466302368
Mohammad Ashraful,death,2,2.0,5.0,0.4,0.08837090163934426,0.12299635701275045
Mohammad Ashraful,death,3,0.0,5.0,0.0,0.002651127049180328,0.0023565573770491805
Mohammad Ashraful,death,4,0.0,5.0,0.0,0.11151383196721311,0.09912340619307833
Mohammad Ashraful,death,6,1.0,5.0,0.2,0.07952100409836066,0.09290755919854282
Mohammad Ashraful,death,W,0.0,5.0,0.0,0.08016137295081967,0.07125455373406192
Mohammad Ashraful,death,Wd,0.0,5.0,0.0,0.04340420081967213,0.038581511839708565
Mohammad Ashraful,death,Nb,0.0,5.0,0.0,0.006570184426229508,0.00584016393442623
Mohammad Ashraful,middle,0,23.0,91.0,0.25274725274725274,0.2808889845966761,0.2613401479684507
Mohammad Ashraful,middle,1,38.0,91.0,0.4175824175824176,0.4414331678151601,0.4248650894092092
Mohammad Ashraful,middle,2,7.0,91.0,0.07692307692307693,0.06664217673287394,0.07378387075812945
Mohammad Ashraful,middle,3,0.0,91.0,0.0,0.002286430887717876,0.0006981468359443896
Mohammad Ashraful,middle,4,8.0,91.0,0.08791208791208792,0.08739739562221321,0.08775492996098114
Mohammad Ashraful,middle,6,5.0,91.0,0.054945054945054944,0.048281059991892986,0.05291024732576885
Mohammad Ashraful,middle,W,8.0,91.0,0.08791208791208792,0.04221980137819214,0.07396024469563119
Mohammad Ashraful,middle,Wd,2.0,91.0,0.02197802197802198,0.028171868666396434,0.02386927287523555
Mohammad Ashraful,middle,Nb,0.0,91.0,0.0,0.002679114308877179,0.0008180501706495203
Mohammad Ashraful,powerplay,0,34.0,86.0,0.3953488372093023,0.4228881521678736,0.40409147687869007
Mohammad Ashraful,powerplay,1,21.0,86.0,0.2441860465116279,0.25764450947345025,0.24845857443601596
Mohammad Ashraful,powerplay,2,6.0,86.0,0.06976744186046512,0.04384827662845184,0.061539135437603754
Mohammad Ashraful,powerplay,3,1.0,86.0,0.011627906976744186,0.005028429611245902,0.00953283479722092
Mohammad Ashraful,powerplay,4,13.0,86.0,0.1511627906976744,0.15223269683107069,0.15150244343843514
Mohammad Ashraful,powerplay,6,2.0,86.0,0.023255813953488372,0.040523771600022226,0.028737705269848327
Mohammad Ashraful,powerplay,W,6.0,86.0,0.06976744186046512,0.03919952586446391,0.06006334154427426
Mohammad Ashraful,powerplay,Wd,3.0,86.0,0.03488372093023256,0.03486563072990943,0.034877978009495055
Mohammad Ashraful,powerplay,Nb,0.0,86.0,0.0,0.003769007093512122,0.0011965101884165467
Mohammad Asif,death,0,0.0,6.0,0.0,0.21696977459016392,0.1886693692088382
Mohammad Asif,death,1,2.0,6.0,0.3333333333333333,0.37083760245901637,0.36594574126870993
Mohammad Asif,death,2,0.0,6.0,0.0,0.08837090163934426,0.07684426229508197
Mohammad Asif,death,3,0.0,6.0,0.0,0.002651127049180328,0.002305327868852459
Mohammad Asif,death,4,2.0,6.0,0.3333333333333333,0.11151383196721311,0.14044681040627227
Mohammad Asif,death,6,0.0,6.0,0.0,0.07952100409836066,0.0691486992159658
Mohammad Asif,death,W,2.0,6.0,0.3333333333333333,0.08016137295081967,0.11318380256593015
Mohammad Asif,death,Wd,0.0,6.0,0.0,0.04340420081967213,0.03774278332145403
Mohammad Asif,death,Nb,0.0,6.0,0.0,0.006570184426229508,0.005713203848895225
Mohammad Asif,middle,0,1.0,3.0,0.3333333333333333,0.2808889845966761,0.28454789264807084
Mohammad Asif,middle,1,2.0,3.0,0.6666666666666666,0.4414331678151601,0.45714713285131175
Mohammad Asif,middle,2,0.0,3.0,0.0,0.06664217673287394,0.06199272254220831
Mohammad Asif,middle,3,0.0,3.0,0.0,0.002286430887717876,0.0021269124536910473
Mohammad Asif,middle,4,0.0,3.0,0.0,0.08739739562221321,0.08129990290438438
Mohammad Asif,middle,6,0.0,3.0,0.0,0.048281059991892986,0.044912613945946964
Mohammad Asif,middle,W,0.0,3.0,0.0,0.04221980137819214,0.03927423384017874
Mohammad Asif,middle,Wd,0.0,3.0,0.0,0.028171868666396434,0.02620638945711296
Mohammad Asif,middle,Nb,0.0,3.0,0.0,0.002679114308877179,0.00249219935709505
Mohammad Hafeez,death,0,26.0,144.0,0.18055555555555555,0.21696977459016392,0.18847169012829654
Mohammad Hafeez,death,1,63.0,144.0,0.4375,0.37083760245901637,0.42300817444761224
Mohammad Hafeez,death,2,12.0,144.0,0.08333333333333333,0.08837090163934426,0.08442845687811831
Mohammad Hafeez,death,3,0.0,144.0,0.0,0.002651127049180328,0.0005763319672131147
Mohammad Hafeez,death,4,17.0,144.0,0.11805555555555555,0.11151383196721311,0.11663344173200285
Mohammad Hafeez,death,6,13.0,144.0,0.09027777777777778,0.07952100409836066,0.08793934871703493
Mohammad Hafeez,death,W,9.0,144.0,0.0625,0.08016137295081967,0.0663394289023521
Mohammad Hafeez,death,Wd,3.0,144.0,0.020833333333333332,0.04340420081967213,0.025740043656450464
Mohammad Hafeez,death,Nb,1.0,144.0,0.006944444444444444,0.006570184426229508,0.006863083570919458
Mohammad Hafeez,middle,0,157.0,610.0,0.2573770491803279,0.2808889845966761,0.2588239375136416
Mohammad Hafeez,middle,1,282.0,610.0,0.46229508196721314,0.4414331678151601,0.4610112718655483
Mohammad Hafeez,middle,2,40.0,610.0,0.06557377049180328,0.06664217673287394,0.06563951856817686
Mohammad Hafeez,middle,3,3.0,610.0,0.004918032786885246,0.002286430887717876,0.004756088054628792
Mohammad Hafeez,middle,4,58.0,610.0,0.09508196721311475,0.08739739562221321,0.0946090704998285
Mohammad Hafeez,middle,6,28.0,610.0,0.04590163934426229,0.048281059991892986,0.04604806523027034
Mohammad Hafeez,middle,W,31.0,610.0,0.05081967213114754,0.04221980137819214,0.050290449315581055
Mohammad Hafeez,middle,Wd,10.0,610.0,0.01639344262295082,0.028171868666396434,0.01711826884100901
Mohammad Hafeez,middle,Nb,1.0,610.0,0.001639344262295082,0.002679114308877179,0.0017033301113155187
Mohammad Hafeez,powerplay,0,320.0,607.0,0.5271828665568369,0.4228881521678736,0.5207349707677201
Mohammad Hafeez,powerplay,1,108.0,607.0,0.17792421746293247,0.25764450947345025,0.1828528290246337
Mohammad Hafeez,powerplay,2,25.0,607.0,0.04118616144975288,0.04384827662845184,0.041350743531898104
Mohammad Hafeez,powerplay,3,6.0,607.0,0.009884678747940691,0.005028429611245902,0.009584446962055388
Mohammad Hafeez,powerplay,4,84.0,607.0,0.13838550247116968,0.15223269683107069,0.13924158867580036
Mohammad Hafeez,powerplay,6,11.0,607.0,0.018121911037891267,0.040523771600022226,0.01950687923338623
Mohammad Hafeez,powerplay,W,31.0,607.0,0.051070840197693576,0.03919952586446391,0.05033691040893131
Mohammad Hafeez,powerplay,Wd,21.0,607.0,0.03459637561779242,0.03486563072990943,0.03461302199257554
Mohammad Hafeez,powerplay,Nb,1.0,607.0,0.0016474464579901153,0.003769007093512122,0.001778609402999204
Mohammed Shami,death,0,32.0,93.0,0.34408602150537637,0.21696977459016392,0.3058555713053125
Mohammed Shami,death,1,27.0,93.0,0.2903225806451613,0.37083760245901637,0.3145376247997042
Mohammed Shami,death,2,6.0,93.0,0.06451612903225806,0.08837090163934426,0.07169049673363738
Mohammed Shami,death,3,0.0,93.0,0.0,0.002651127049180328,0.0007973314433625047
Mohammed Shami,death,4,7.0,93.0,0.07526881720430108,0.11151383196721311,0.08616957352397388
Mohammed Shami,death,6,3.0,93.0,0.03225806451612903,0.07952100409836066,0.04647248243559719
Mohammed Shami,death,W,14.0,93.0,0.15053763440860216,0.08016137295081967,0.12937184148896833
Mohammed Shami,death,Wd,4.0,93.0,0.043010752688172046,0.04340420081967213,0.04312908295328485
Mohammed Shami,death,Nb,0.0,93.0,0.0,0.006570184426229508,0.0019759953161592506
Mohammed Shami,middle,0,3.0,15.0,0.2,0.2808889845966761,0.25882835243394625
Mohammed Shami,middle,1,5.0,15.0,0.3333333333333333,0.4414331678151601,0.4119513947746619
Mohammed Shami,middle,2,0.0,15.0,0.0,0.06664217673287394,0.04846703762390832
Mohammed Shami,middle,3,0.0,15.0,0.0,0.002286430887717876,0.0016628588274311825
Mohammed Shami,middle,4,1.0,15.0,0.06666666666666667,0.08739739562221321,0.0817435604525187
Mohammed Shami,middle,6,1.0,15.0,0.06666666666666667,0.048281059991892986,0.053295316357740354
Mohammed Shami,middle,W,4.0,15.0,0.26666666666666666,0.04221980137819214,0.10343258282050338
Mohammed Shami,middle,Wd,1.0,15.0,0.06666666666666667,0.028171868666396434,0.0386704499391974
Mohammed Shami,middle,Nb,0.0,15.0,0.0,0.002679114308877179,0.0019484467700924936
Mohammed Siraj,death,0,60.0,131.0,0.4580152671755725,0.21696977459016392,0.40163035662927815
Mohammed Siraj,death,1,34.0,131.0,0.2595419847328244,0.37083760245901637,0.28557604735883424
Mohammed Siraj,death,2,6.0,131.0,0.04580152671755725,0.08837090163934426,0.05575927523727351
Mohammed Siraj,death,3,0.0,131.0,0.0,0.002651127049180328,0.0006201466781708369
Mohammed Siraj,death,4,11.0,131.0,0.08396946564885496,0.11151383196721311,0.09041259227303232
Mohammed Siraj,death,6,4.0,131.0,0.030534351145038167,0.07952100409836066,0.04199321733294986
Mohammed Siraj,death,W,10.0,131.0,0.07633587786259542,0.08016137295081967,0.07723073051481162
Mohammed Siraj,death,Wd,4.0,131.0,0.030534351145038167,0.04340420081967213,0.033544842296999326
Mohammed Siraj,death,Nb,2.0,131.0,0.015267175572519083,0.006570184426229508,0.013232791678650177
Mohammed Siraj,middle,0,8.0,10.0,0.8,0.2808889845966761,0.3847111876773409
Mohammed Siraj,middle,1,1.0,10.0,0.1,0.4414331678151601,0.3731465342521281
Mohammed Siraj,middle,2,0.0,10.0,0.0,0.06664217673287394,0.05331374138629915
Mohammed Siraj,middle,3,0.0,10.0,0.0,0.002286430887717876,0.0018291447101743009
Mohammed Siraj,middle,4,1.0,10.0,0.1,0.08739739562221321,0.08991791649777056
Mohammed Siraj,middle,6,0.0,10.0,0.0,0.048281059991892986,0.038624847993514386
Mohammed Siraj,middle,W,0.0,10.0,0.0,0.04221980137819214,0.03377584110255371
Mohammed Siraj,middle,Wd,0.0,10.0,0.0,0.028171868666396434,0.022537494933117144
Mohammed Siraj,middle,Nb,0.0,10.0,0.0,0.002679114308877179,0.002143291447101743
Mukesh Kumar,death,0,8.0,23.0,0.34782608695652173,0.21696977459016392,0.2647427140255009
Mukesh Kumar,death,1,10.0,23.0,0.43478260869565216,0.37083760245901637,0.39418260473588346
Mukesh Kumar,death,2,0.0,23.0,0.0,0.08837090163934426,0.056108508977361436
Mukesh Kumar,death,3,0.0,23.0,0.0,0.002651127049180328,0.001683255269320843
Mukesh Kumar,death,4,1.0,23.0,0.043478260869565216,0.11151383196721311,0.08667544886807182
Mukesh Kumar,death,6,0.0,23.0,0.0,0.07952100409836066,0.05048952641165756
Mukesh Kumar,death,W,2.0,23.0,0.08695652173913043,0.08016137295081967,0.08264214155607598
Mukesh Kumar,death,Wd,2.0,23.0,0.08695652173913043,0.04340420081967213,0.05930425448868072
Mukesh Kumar,death,Nb,0.0,23.0,0.0,0.006570184426229508,0.004171545667447307
Mustafizur Rahman,death,0,56.0,108.0,0.5185185185185185,0.21696977459016392,0.43701885799734164
Mustafizur Rahman,death,1,26.0,108.0,0.24074074074074073,0.37083760245901637,0.2759020547186531
Mustafizur Rahman,death,2,2.0,108.0,0.018518518518518517,0.08837090163934426,0.03739754098360656
Mustafizur Rahman,death,3,0.0,108.0,0.0,0.002651127049180328,0.0007165208241027913
Mustafizur Rahman,death,4,1.0,108.0,0.009259259259259259,0.11151383196721311,0.03689563026140895
Mustafizur Rahman,death,6,3.0,108.0,0.027777777777777776,0.07952100409836066,0.041762433540097475
Mustafizur Rahman,death,W,13.0,108.0,0.12037037037037036,0.08016137295081967,0.1095030737704918
Mustafizur Rahman,death,Wd,7.0,108.0,0.06481481481481481,0.04340420081967213,0.05902816238369517
Mustafizur Rahman,death,Nb,0.0,108.0,0.0,0.006570184426229508,0.0017757255206025699
Mustafizur Rahman,middle,0,7.0,11.0,0.6363636363636364,0.2808889845966761,0.35755998791896165
Mustafizur Rahman,middle,1,0.0,11.0,0.0,0.4414331678151601,0.34622209240404717
Mustafizur Rahman,middle,2,3.0,11.0,0.2727272727272727,0.06664217673287394,0.11109190331990113
Mustafizur Rahman,middle,3,0.0,11.0,0.0,0.002286430887717876,0.0017932791276218634
Mustafizur Rahman,middle,4,0.0,11.0,0.0,0.08739739562221321,0.0685469769585986
Mustafizur Rahman,middle,6,0.0,11.0,0.0,0.048281059991892986,0.037867498032857244
Mustafizur Rahman,middle,W,1.0,11.0,0.09090909090909091,0.04221980137819214,0.0527214128456409
Mustafizur Rahman,middle,Wd,0.0,11.0,0.0,0.028171868666396434,0.02209558326776191
Mustafizur Rahman,middle,Nb,0.0,11.0,0.0,0.002679114308877179,0.002101266124609552
N Burger,death,0,1.0,6.0,0.16666666666666666,0.21696977459016392,0.21040849964362082
N Burger,death,1,3.0,6.0,0.5,0.37083760245901637,0.38768487170349253
N Burger,death,2,0.0,6.0,0.0,0.08837090163934426,0.07684426229508197
N Burger,death,3,1.0,6.0,0.16666666666666666,0.002651127049180328,0.02404445830363507
N Burger,death,4,0.0,6.0,0.0,0.11151383196721311,0.09696854953670705
N Burger,death,6,1.0,6.0,0.16666666666666666,0.07952100409836066,0.0908878296507484
N Burger,death,W,0.0,6.0,0.0,0.08016137295081967,0.06970554169636492
N Burger,death,Wd,0.0,6.0,0.0,0.04340420081967213,0.03774278332145403
N Burger,death,Nb,0.0,6.0,0.0,0.006570184426229508,0.005713203848895225
N Burger,middle,0,1.0,3.0,0.3333333333333333,0.2808889845966761,0.28454789264807084
N Burger,middle,1,1.0,3.0,0.3333333333333333,0.4414331678151601,0.4338913188978234
N Burger,middle,2,0.0,3.0,0.0,0.06664217673287394,0.06199272254220831
N Burger,middle,3,0.0,3.0,0.0,0.002286430887717876,0.0021269124536910473
N Burger,middle,4,0.0,3.0,0.0,0.08739739562221321,0.08129990290438438
N Burger,middle,6,0.0,3.0,0.0,0.048281059991892986,0.044912613945946964
N Burger,middle,W,1.0,3.0,0.3333333333333333,0.04221980137819214,0.06253004779366711
N Burger,middle,Wd,0.0,3.0,0.0,0.028171868666396434,0.02620638945711296
N Burger,middle,Nb,0.0,3.0,0.0,0.002679114308877179,0.00249219935709505
N Pooran,death,0,145.0,624.0,0.23237179487179488,0.21696977459016392,0.23144396232470865
N Pooran,death,1,207.0,624.0,0.3317307692307692,0.37083760245901637,0.33408660255777206
N Pooran,death,2,49.0,624.0,0.07852564102564102,0.08837090163934426,0.07911872901441833
N Pooran,death,3,1.0,624.0,0.0016025641025641025,0.002651127049180328,0.0016657305451313453
N Pooran,death,4,70.0,624.0,0.11217948717948718,0.11151383196721311,0.1121393874679044
N Pooran,death,6,70.0,624.0,0.11217948717948718,0.07952100409836066,0.11021210868062413
N Pooran,death,W,42.0,624.0,0.0673076923076923,0.08016137295081967,0.06808201041872408
N Pooran,death,Wd,37.0,624.0,0.05929487179487179,0.04340420081967213,0.0583376024590164
N Pooran,death,Nb,3.0,624.0,0.004807692307692308,0.006570184426229508,0.004913866531700573
N Pooran,middle,0,487.0,1583.0,0.3076437144662034,0.2808889845966761,0.3069843249438491
N Pooran,middle,1,637.0,1583.0,0.40240050536955146,0.4414331678151601,0.40336249335342356
N Pooran,middle,2,70.0,1583.0,0.04421983575489577,0.06664217673287394,0.044772450443200836
N Pooran,middle,3,3.0,1583.0,0.0018951358180669614,0.002286430887717876,0.0019047795659326648
N Pooran,middle,4,119.0,1583.0,0.07517372078332281,0.08739739562221321,0.0754749820239609
N Pooran,middle,6,127.0,1583.0,0.08022741629816804,0.048281059991892986,0.07944007541569668
N Pooran,middle,W,69.0,1583.0,0.043588123815540114,0.04221980137819214,0.04355440052688089
N Pooran,middle,Wd,69.0,1583.0,0.043588123815540114,0.028171868666396434,0.04320817914150084
N Pooran,middle,Nb,2.0,1583.0,0.0012634238787113076,0.002679114308877179,0.0012983145855545825
N Pooran,powerplay,0,188.0,459.0,0.4095860566448802,0.4228881521678736,0.4106523568872043
N Pooran,powerplay,1,94.0,459.0,0.2047930283224401,0.25764450947345025,0.20902961999787176
N Pooran,powerplay,2,19.0,459.0,0.04139433551198257,0.04384827662845184,0.04159104421871357
N Pooran,powerplay,3,1.0,459.0,0.002178649237472767,0.005028429611245902,0.002407088545991655
N Pooran,powerplay,4,61.0,459.0,0.1328976034858388,0.15223269683107069,0.1344475107680217
N Pooran,powerplay,6,47.0,459.0,0.10239651416122005,0.040523771600022226,0.0974367752785589
N Pooran,powerplay,W,29.0,459.0,0.06318082788671024,0.03919952586446391,0.06125847902721153
N Pooran,powerplay,Wd,18.0,459.0,0.0392156862745098,0.03486563072990943,0.03886698442724725
N Pooran,powerplay,Nb,2.0,459.0,0.004357298474945534,0.003769007093512122,0.004310140849179328
N Rana,death,0,52.0,254.0,0.2047244094488189,0.21696977459016392,0.2063904455224713
N Rana,death,1,86.0,254.0,0.33858267716535434,0.37083760245901637,0.34297110237537637
N Rana,death,2,14.0,254.0,0.05511811023622047,0.08837090163934426,0.05964229954276793
N Rana,death,3,0.0,254.0,0.0,0.002651127049180328,0.00036069755771160925
N Rana,death,4,35.0,254.0,0.1377952755905512,0.11151383196721311,0.13421956897513102
N Rana,death,6,24.0,254.0,0.09448818897637795,0.07952100409836066,0.09245183729229396
N Rana,death,W,23.0,254.0,0.09055118110236221,0.08016137295081967,0.08913760176201628
N Rana,death,Wd,19.0,254.0,0.07480314960629922,0.04340420081967213,0.0705311837849894
N Rana,death,Nb,1.0,254.0,0.003937007874015748,0.006570184426229508,0.00429526318724211
N Rana,middle,0,342.0,1216.0,0.28125,0.2808889845966761,0.2812385026941617
N Rana,middle,1,529.0,1216.0,0.4350328947368421,0.4414331678151601,0.4352367250896548
N Rana,middle,2,48.0,1216.0,0.039473684210526314,0.06664217673287394,0.040338922825887705
N Rana,middle,3,4.0,1216.0,0.003289473684210526,0.002286430887717876,0.0032575296461056645
N Rana,middle,4,128.0,1216.0,0.10526315789473684,0.08739739562221321,0.10469418457395582
N Rana,middle,6,70.0,1216.0,0.05756578947368421,0.048281059991892986,0.05727009745197112
N Rana,middle,W,61.0,1216.0,0.05016447368421053,0.04221980137819214,0.04991145864261758
N Rana,middle,Wd,31.0,1216.0,0.02549342105263158,0.028171868666396434,0.02557872193205084
N Rana,middle,Nb,3.0,1216.0,0.0024671052631578946,0.002679114308877179,0.0024738571435948147
N Rana,powerplay,0,300.0,616.0,0.487012987012987,0.4228881521678736,0.48310293610779714
N Rana,powerplay,1,132.0,616.0,0.21428571428571427,0.25764450947345025,0.21692954326057623
N Rana,powerplay,2,19.0,616.0,0.030844155844155844,0.04384827662845184,0.031637090038320236
N Rana,powerplay,3,2.0,616.0,0.003246753246753247,0.005028429611245902,0.0033553920494662133
N Rana,powerplay,4,88.0,616.0,0.14285714285714285,0.15223269683107069,0.1434288229775043
N Rana,powerplay,6,30.0,616.0,0.048701298701298704,0.040523771600022226,0.04820266900000136
N Rana,powerplay,W,20.0,616.0,0.032467532467532464,0.03919952586446391,0.032878019869784385
N Rana,powerplay,Wd,24.0,616.0,0.03896103896103896,0.03486563072990943,0.0387113189469457
N Rana,powerplay,Nb,1.0,616.0,0.0016233766233766235,0.003769007093512122,0.0017542077496043977
N Thushara,death,0,9.0,11.0,0.8181818181818182,0.21696977459016392,0.3466429604628737
N Thushara,death,1,1.0,11.0,0.09090909090909091,0.37083760245901637,0.31046086467373835
N Thushara,death,2,1.0,11.0,0.09090909090909091,0.08837090163934426,0.08891835422693668
N Thushara,death,3,0.0,11.0,0.0,0.002651127049180328,0.0020793153326904533
N Thushara,death,4,0.0,11.0,0.0,0.11151383196721311,0.08746182899389264
N Thushara,death,6,0.0,11.0,0.0,0.07952100409836066,0.0623694149791064
N Thushara,death,W,0.0,11.0,0.0,0.08016137295081967,0.0628716650594664
N Thushara,death,Wd,0.0,11.0,0.0,0.04340420081967213,0.03404251044680168
N Thushara,death,Nb,0.0,11.0,0.0,0.006570184426229508,0.005153085824493732
NJ Maddinson,death,0,1.0,3.0,0.3333333333333333,0.21696977459016392,0.2250881624094548
NJ Maddinson,death,1,2.0,3.0,0.6666666666666666,0.37083760245901637,0.39147683949675943
NJ Maddinson,death,2,0.0,3.0,0.0,0.08837090163934426,0.08220548989706443
NJ Maddinson,death,3,0.0,3.0,0.0,0.002651127049180328,0.002466164696911933
NJ Maddinson,death,4,0.0,3.0,0.0,0.11151383196721311,0.1037337971788029
NJ Maddinson,death,6,0.0,3.0,0.0,0.07952100409836066,0.07397302706824248
NJ Maddinson,death,W,0.0,3.0,0.0,0.08016137295081967,0.07456871902401829
NJ Maddinson,death,Wd,0.0,3.0,0.0,0.04340420081967213,0.04037600076248571
NJ Maddinson,death,Nb,0.0,3.0,0.0,0.006570184426229508,0.006111799466260007
NJ Maddinson,middle,0,2.0,6.0,0.3333333333333333,0.2808889845966761,0.28772955182319665
NJ Maddinson,middle,1,2.0,6.0,0.3333333333333333,0.4414331678151601,0.42733318940448706
NJ Maddinson,middle,2,1.0,6.0,0.16666666666666666,0.06664217673287394,0.07968884933293385
NJ Maddinson,middle,3,0.0,6.0,0.0,0.002286430887717876,0.0019882007719285878
NJ Maddinson,middle,4,0.0,6.0,0.0,0.08739739562221321,0.07599773532366366
NJ Maddinson,middle,6,0.0,6.0,0.0,0.048281059991892986,0.04198353042773303
NJ Maddinson,middle,W,1.0,6.0,0.16666666666666666,0.04221980137819214,0.05845200119842795
NJ Maddinson,middle,Wd,0.0,6.0,0.0,0.028171868666396434,0.02449727710121429
NJ Maddinson,middle,Nb,0.0,6.0,0.0,0.002679114308877179,0.002329664616414938
NJ Maddinson,powerplay,0,11.0,30.0,0.36666666666666664,0.4228881521678736,0.3987932298102135
NJ Maddinson,powerplay,1,5.0,30.0,0.16666666666666666,0.25764450947345025,0.21865400541340016
NJ Maddinson,powerplay,2,0.0,30.0,0.0,0.04384827662845184,0.02505615807340105
NJ Maddinson,powerplay,3,1.0,30.0,0.03333333333333333,0.005028429611245902,0.017159102634997658
NJ Maddinson,powerplay,4,9.0,30.0,0.3,0.15223269683107069,0.2155615410463261
NJ Maddinson,powerplay,6,1.0,30.0,0.03333333333333333,0.040523771600022226,0.037442155200012706
NJ Maddinson,powerplay,W,3.0,30.0,0.1,0.03919952586446391,0.06525687192255081
NJ Maddinson,powerplay,Wd,0.0,30.0,0.0,0.03486563072990943,0.019923217559948248
NJ Maddinson,powerplay,Nb,0.0,30.0,0.0,0.003769007093512122,0.002153718339149784
NL McCullum,death,0,44.0,158.0,0.27848101265822783,0.21696977459016392,0.26605449991720487
NL McCullum,death,1,54.0,158.0,0.34177215189873417,0.37083760245901637,0.3476439600927306
NL McCullum,death,2,14.0,158.0,0.08860759493670886,0.08837090163934426,0.08855977810895843
NL McCullum,death,3,0.0,158.0,0.0,0.002651127049180328,0.0005355812220566319
NL McCullum,death,4,10.0,158.0,0.06329113924050633,0.11151383196721311,0.07303309736711376
NL McCullum,death,6,4.0,158.0,0.02531645569620253,0.07952100409836066,0.03626686951482034
NL McCullum,death,W,23.0,158.0,0.14556962025316456,0.08016137295081967,0.1323558329193575
NL McCullum,death,Wd,8.0,158.0,0.05063291139240506,0.04340420081967213,0.049172565822155984
NL McCullum,death,Nb,1.0,158.0,0.006329113924050633,0.006570184426229508,0.006377815035601921
NL McCullum,middle,0,29.0,81.0,0.35802469135802467,0.2808889845966761,0.3325252841641904
NL McCullum,middle,1,32.0,81.0,0.3950617283950617,0.4414331678151601,0.41039112985625126
NL McCullum,middle,2,9.0,81.0,0.1111111111111111,0.06664217673287394,0.09641063693648726
NL McCullum,middle,3,1.0,81.0,0.012345679012345678,0.002286430887717876,0.009020307731476985
NL McCullum,middle,4,3.0,81.0,0.037037037037037035,0.08739739562221321,0.053685089461888665
NL McCullum,middle,6,0.0,81.0,0.0,0.048281059991892986,0.01596068098905553
NL McCullum,middle,W,4.0,81.0,0.04938271604938271,0.04221980137819214,0.04701481037295608
NL McCullum,middle,Wd,3.0,81.0,0.037037037037037035,0.028171868666396434,0.03410640286492444
NL McCullum,middle,Nb,0.0,81.0,0.0,0.002679114308877179,0.0008856576227693154
NL McCullum,powerplay,0,3.0,6.0,0.5,0.4228881521678736,0.43294621927641186
NL McCullum,powerplay,1,3.0,6.0,0.5,0.25764450947345025,0.28925609519430456
NL McCullum,powerplay,2,0.0,6.0,0.0,0.04384827662845184,0.03812893619865377
NL McCullum,powerplay,3,0.0,6.0,0.0,0.005028429611245902,0.004372547488039915
NL McCullum,powerplay,4,0.0,6.0,0.0,0.15223269683107069,0.1323762581139745
NL McCullum,powerplay,6,0.0,6.0,0.0,0.040523771600022226,0.035238062260888894
NL McCullum,powerplay,W,0.0,6.0,0.0,0.03919952586446391,0.03408654422996862
NL McCullum,powerplay,Wd,0.0,6.0,0.0,0.03486563072990943,0.03031793976513864
NL McCullum,powerplay,Nb,0.0,6.0,0.0,0.003769007093512122,0.0032773974726192368
NLTC Perera,death,0,86.0,398.0,0.21608040201005024,0.21696977459016392,0.2161616232502433
NLTC Perera,death,1,128.0,398.0,0.32160804020100503,0.37083760245901637,0.32610389063552664
NLTC Perera,death,2,51.0,398.0,0.12814070351758794,0.08837090163934426,0.12450875814057938
NLTC Perera,death,3,1.0,398.0,0.002512562814070352,0.002651127049180328,0.002525217082116925
NLTC Perera,death,4,43.0,398.0,0.10804020100502512,0.11151383196721311,0.10835742757691444
NLTC Perera,death,6,39.0,398.0,0.09798994974874371,0.07952100409836066,0.09630328804551239
NLTC Perera,death,W,27.0,398.0,0.0678391959798995,0.08016137295081967,0.06896450894528033
NLTC Perera,death,Wd,20.0,398.0,0.05025125628140704,0.04340420081967213,0.04962595441275545
NLTC Perera,death,Nb,3.0,398.0,0.007537688442211055,0.006570184426229508,0.007449331911071188
NLTC Perera,middle,0,110.0,353.0,0.311614730878187,0.2808889845966761,0.30848742845767696
NLTC Perera,middle,1,139.0,353.0,0.3937677053824363,0.4414331678151601,0.39861915194047426
NLTC Perera,middle,2,23.0,353.0,0.06515580736543909,0.06664217673287394,0.06530709177942737
NLTC Perera,middle,3,1.0,353.0,0.0028328611898017,0.002286430887717876,0.002777244874067977
NLTC Perera,middle,4,24.0,353.0,0.0679886685552408,0.08739739562221321,0.06996411151371126
NLTC Perera,middle,6,19.0,353.0,0.053824362606232294,0.048281059991892986,0.053260158777800805
NLTC Perera,middle,W,25.0,353.0,0.0708215297450425,0.04221980137819214,0.06791041235401446
NLTC Perera,middle,Wd,10.0,353.0,0.028328611898016998,0.028171868666396434,0.028312658388437297
NLTC Perera,middle,Nb,2.0,353.0,0.0056657223796034,0.002679114308877179,0.005361741914389535
NLTC Perera,powerplay,0,16.0,52.0,0.3076923076923077,0.4228881521678736,0.3577774574642929
NLTC Perera,powerplay,1,11.0,52.0,0.21153846153846154,0.25764450947345025,0.23158456933628271
NLTC Perera,powerplay,2,5.0,52.0,0.09615384615384616,0.04384827662845184,0.07341229418628341
NLTC Perera,powerplay,3,1.0,52.0,0.019230769230769232,0.005028429611245902,0.01305583896141126
NLTC Perera,powerplay,4,7.0,52.0,0.1346153846153846,0.15223269683107069,0.1422750855787264
NLTC Perera,powerplay,6,1.0,52.0,0.019230769230769232,0.040523771600022226,0.02848859634783575
NLTC Perera,powerplay,W,1.0,52.0,0.019230769230769232,0.03919952586446391,0.027912837332375616
NLTC Perera,powerplay,Wd,9.0,52.0,0.17307692307692307,0.03486563072990943,0.11298505683909106
NLTC Perera,powerplay,Nb,1.0,52.0,0.019230769230769232,0.003769007093512122,0.012508263953700922
NM Coulter-Nile,death,0,29.0,107.0,0.27102803738317754,0.21696977459016392,0.256318306010929
NM Coulter-Nile,death,1,37.0,107.0,0.34579439252336447,0.37083760245901637,0.3526088714174194
NM Coulter-Nile,death,2,8.0,107.0,0.07476635514018691,0.08837090163934426,0.07846827255492361
NM Coulter-Nile,death,3,0.0,107.0,0.0,0.002651127049180328,0.0007213951154232185
NM Coulter-Nile,death,4,7.0,107.0,0.06542056074766354,0.11151383196721311,0.0779629474740716
NM Coulter-Nile,death,6,8.0,107.0,0.07476635514018691,0.07952100409836066,0.07606013716962196
NM Coulter-Nile,death,W,15.0,107.0,0.14018691588785046,0.08016137295081967,0.12385343481654956
NM Coulter-Nile,death,Wd,3.0,107.0,0.028037383177570093,0.04340420081967213,0.032218830155012826
NM Coulter-Nile,death,Nb,0.0,107.0,0.0,0.006570184426229508,0.0017878052860488458
NM Coulter-Nile,middle,0,12.0,23.0,0.5217391304347826,0.2808889845966761,0.3688184029185245
NM Coulter-Nile,middle,1,5.0,23.0,0.21739130434782608,0.4414331678151601,0.359640106549308
NM Coulter-Nile,middle,2,0.0,23.0,0.0,0.06664217673287394,0.04231249316372948
NM Coulter-Nile,middle,3,0.0,23.0,0.0,0.002286430887717876,0.0014517021509319848
NM Coulter-Nile,middle,4,3.0,23.0,0.13043478260869565,0.08739739562221321,0.10310945753791315
NM Coulter-Nile,middle,6,1.0,23.0,0.043478260869565216,0.048281059991892986,0.04652765713770983
NM Coulter-Nile,middle,W,1.0,23.0,0.043478260869565216,0.04221980137819214,0.042679238970280725
NM Coulter-Nile,middle,Wd,1.0,23.0,0.043478260869565216,0.028171868666396434,0.03375991661358503
NM Coulter-Nile,middle,Nb,0.0,23.0,0.0,0.002679114308877179,0.0017010249580172564
NT Ellis,death,0,21.0,60.0,0.35,0.21696977459016392,0.29678790983606557
NT Ellis,death,1,22.0,60.0,0.36666666666666664,0.37083760245901637,0.3683350409836066
NT Ellis,death,2,3.0,60.0,0.05,0.08837090163934426,0.06534836065573771
NT Ellis,death,3,0.0,60.0,0.0,0.002651127049180328,0.001060450819672131
NT Ellis,death,4,1.0,60.0,0.016666666666666666,0.11151383196721311,0.05460553278688525
NT Ellis,death,6,2.0,60.0,0.03333333333333333,0.07952100409836066,0.05180840163934427
NT Ellis,death,W,7.0,60.0,0.11666666666666667,0.08016137295081967,0.10206454918032787
NT Ellis,death,Wd,2.0,60.0,0.03333333333333333,0.04340420081967213,0.03736168032786885
NT Ellis,death,Nb,2.0,60.0,0.03333333333333333,0.006570184426229508,0.022628073770491804
NT Ellis,middle,0,12.0,17.0,0.7058823529411765,0.2808889845966761,0.40764139269942185
NT Ellis,middle,1,1.0,17.0,0.058823529411764705,0.4414331678151601,0.3273215212737966
NT Ellis,middle,2,1.0,17.0,0.058823529411764705,0.06664217673287394,0.06431029946166592
NT Ellis,middle,3,0.0,17.0,0.0,0.002286430887717876,0.0016045129036616674
NT Ellis,middle,4,0.0,17.0,0.0,0.08739739562221321,0.06133150569979875
NT Ellis,middle,6,0.0,17.0,0.0,0.048281059991892986,0.03388144560834595
NT Ellis,middle,W,3.0,17.0,0.17647058823529413,0.04221980137819214,0.0822595097390822
NT Ellis,middle,Wd,0.0,17.0,0.0,0.028171868666396434,0.01976973239747118
NT Ellis,middle,Nb,0.0,17.0,0.0,0.002679114308877179,0.001880080216755915
NV Ojha,death,0,72.0,268.0,0.26865671641791045,0.21696977459016392,0.26194412657015115
NV Ojha,death,1,96.0,268.0,0.3582089552238806,0.37083760245901637,0.3598490392803917
NV Ojha,death,2,17.0,268.0,0.06343283582089553,0.08837090163934426,0.0666715456674473
NV Ojha,death,3,3.0,268.0,0.011194029850746268,0.002651127049180328,0.010084561954439002
NV Ojha,death,4,19.0,268.0,0.0708955223880597,0.11151383196721311,0.0761706275282095
NV Ojha,death,6,21.0,268.0,0.07835820895522388,0.07952100409836066,0.0785092213114754
NV Ojha,death,W,25.0,268.0,0.09328358208955224,0.08016137295081967,0.09157939908452203
NV Ojha,death,Wd,13.0,268.0,0.048507462686567165,0.04340420081967213,0.04784470140515223
NV Ojha,death,Nb,2.0,268.0,0.007462686567164179,0.006570184426229508,0.007346777198211625
NV Ojha,middle,0,138.0,429.0,0.32167832167832167,0.2808889845966761,0.3181994869592048
NV Ojha,middle,1,179.0,429.0,0.4172494172494173,0.4414331678151601,0.41931199725502427
NV Ojha,middle,2,26.0,429.0,0.06060606060606061,0.06664217673287394,0.06112086795163103
NV Ojha,middle,3,3.0,429.0,0.006993006993006993,0.002286430887717876,0.006591593252683827
NV Ojha,middle,4,31.0,429.0,0.07226107226107226,0.08739739562221321,0.0735520166841973
NV Ojha,middle,6,26.0,429.0,0.06060606060606061,0.048281059991892986,0.059554887845790445
NV Ojha,middle,W,16.0,429.0,0.037296037296037296,0.04221980137819214,0.03771597453118909
NV Ojha,middle,Wd,8.0,429.0,0.018648018648018648,0.028171868666396434,0.01946028730630247
NV Ojha,middle,Nb,2.0,429.0,0.004662004662004662,0.002679114308877179,0.004492888213976732
NV Ojha,powerplay,0,223.0,423.0,0.5271867612293144,0.4228881521678736,0.5181760822607234
NV Ojha,powerplay,1,86.0,423.0,0.2033096926713948,0.25764450947345025,0.20800384531088123
NV Ojha,powerplay,2,7.0,423.0,0.016548463356973995,0.04384827662845184,0.018906978542414847
NV Ojha,powerplay,3,4.0,423.0,0.009456264775413711,0.005028429611245902,0.009073730419978047
NV Ojha,powerplay,4,49.0,423.0,0.11583924349881797,0.15223269683107069,0.11898338633529769
NV Ojha,powerplay,6,14.0,423.0,0.03309692671394799,0.040523771600022226,0.03373855478185937
NV Ojha,powerplay,W,20.0,423.0,0.04728132387706856,0.03919952586446391,0.04658311238569882
NV Ojha,powerplay,Wd,19.0,423.0,0.04491725768321513,0.03486563072990943,0.04404886658573732
NV Ojha,powerplay,Nb,1.0,423.0,0.002364066193853428,0.003769007093512122,0.002485443377409255
Navdeep Saini,death,0,12.0,30.0,0.4,0.21696977459016392,0.295411299765808
Navdeep Saini,death,1,12.0,30.0,0.4,0.37083760245901637,0.38333577283372366
Navdeep Saini,death,2,3.0,30.0,0.1,0.08837090163934426,0.09335480093676815
Navdeep Saini,death,3,0.0,30.0,0.0,0.002651127049180328,0.0015149297423887587
Navdeep Saini,death,4,2.0,30.0,0.06666666666666667,0.11151383196721311,0.09229361826697892
Navdeep Saini,death,6,0.0,30.0,0.0,0.07952100409836066,0.04544057377049181
Navdeep Saini,death,W,1.0,30.0,0.03333333333333333,0.08016137295081967,0.060092213114754094
Navdeep Saini,death,Wd,0.0,30.0,0.0,0.04340420081967213,0.024802400468384077
Navdeep Saini,death,Nb,0.0,30.0,0.0,0.006570184426229508,0.003754391100702576
Navdeep Saini,middle,0,2.0,10.0,0.2,0.2808889845966761,0.2647111876773409
Navdeep Saini,middle,1,5.0,10.0,0.5,0.4414331678151601,0.4531465342521281
Navdeep Saini,middle,2,0.0,10.0,0.0,0.06664217673287394,0.05331374138629915
Navdeep Saini,middle,3,0.0,10.0,0.0,0.002286430887717876,0.0018291447101743009
Navdeep Saini,middle,4,0.0,10.0,0.0,0.08739739562221321,0.06991791649777057
Navdeep Saini,middle,6,0.0,10.0,0.0,0.048281059991892986,0.038624847993514386
Navdeep Saini,middle,W,2.0,10.0,0.2,0.04221980137819214,0.07377584110255371
Navdeep Saini,middle,Wd,1.0,10.0,0.1,0.028171868666396434,0.04253749493311714
Navdeep Saini,middle,Nb,0.0,10.0,0.0,0.002679114308877179,0.002143291447101743
Navdeep Saini,powerplay,0,1.0,1.0,1.0,0.4228881521678736,0.43696405089548646
Navdeep Saini,powerplay,1,0.0,1.0,0.0,0.25764450947345025,0.25136049704726854
Navdeep Saini,powerplay,2,0.0,1.0,0.0,0.04384827662845184,0.04277880646678228
Navdeep Saini,powerplay,3,0.0,1.0,0.0,0.005028429611245902,0.004905784986581368
Navdeep Saini,powerplay,4,0.0,1.0,0.0,0.15223269683107069,0.1485197042254348
Navdeep Saini,powerplay,6,0.0,1.0,0.0,0.040523771600022226,0.039535386926850956
Navdeep Saini,powerplay,W,0.0,1.0,0.0,0.03919952586446391,0.038243439867769666
Navdeep Saini,powerplay,Wd,0.0,1.0,0.0,0.03486563072990943,0.034015249492594574
Navdeep Saini,powerplay,Nb,0.0,1.0,0.0,0.003769007093512122,0.003677080091231339
Nithish Kumar Reddy,death,0,18.0,101.0,0.1782178217821782,0.21696977459016392,0.1892112835716777
Nithish Kumar Reddy,death,1,36.0,101.0,0.3564356435643564,0.37083760245901637,0.3605213056621323
Nithish Kumar Reddy,death,2,8.0,101.0,0.07920792079207921,0.08837090163934426,0.0818073479827927
Nithish Kumar Reddy,death,3,0.0,101.0,0.0,0.002651127049180328,0.0007520927799093129
Nithish Kumar Reddy,death,4,8.0,101.0,0.07920792079207921,0.11151383196721311,0.0883727182885711
Nithish Kumar Reddy,death,6,18.0,101.0,0.1782178217821782,0.07952100409836066,0.15021872456691082
Nithish Kumar Reddy,death,W,6.0,101.0,0.0594059405940594,0.08016137295081967,0.06529400651087083
Nithish Kumar Reddy,death,Wd,6.0,101.0,0.0594059405940594,0.04340420081967213,0.05486643994884316
Nithish Kumar Reddy,death,Nb,1.0,101.0,0.009900990099009901,0.006570184426229508,0.008956080688292059
Nithish Kumar Reddy,middle,0,78.0,284.0,0.2746478873239437,0.2808889845966761,0.2754183931600835
Nithish Kumar Reddy,middle,1,128.0,284.0,0.4507042253521127,0.4414331678151601,0.4495596503475506
Nithish Kumar Reddy,middle,2,15.0,284.0,0.0528169014084507,0.06664217673287394,0.054523725522577025
Nithish Kumar Reddy,middle,3,0.0,284.0,0.0,0.002286430887717876,0.0002822754182367748
Nithish Kumar Reddy,middle,4,25.0,284.0,0.0880281690140845,0.08739739562221321,0.08795029575582879
Nithish Kumar Reddy,middle,6,16.0,284.0,0.056338028169014086,0.048281059991892986,0.05534334073973987
Nithish Kumar Reddy,middle,W,14.0,284.0,0.04929577464788732,0.04221980137819214,0.048422197701011374
Nithish Kumar Reddy,middle,Wd,8.0,284.0,0.028169014084507043,0.028171868666396434,0.028169366502024253
Nithish Kumar Reddy,middle,Nb,0.0,284.0,0.0,0.002679114308877179,0.00033075485294779984
Nithish Kumar Reddy,powerplay,0,31.0,68.0,0.45588235294117646,0.4228881521678736,0.44366227858069396
Nithish Kumar Reddy,powerplay,1,23.0,68.0,0.3382352941176471,0.25764450947345025,0.3083868553605371
Nithish Kumar Reddy,powerplay,2,4.0,68.0,0.058823529411764705,0.04384827662845184,0.0532771394920192
Nithish Kumar Reddy,powerplay,3,0.0,68.0,0.0,0.005028429611245902,0.0018623813374984823
Nithish Kumar Reddy,powerplay,4,2.0,68.0,0.029411764705882353,0.15223269683107069,0.07490099882632248
Nithish Kumar Reddy,powerplay,6,0.0,68.0,0.0,0.040523771600022226,0.01500880429630453
Nithish Kumar Reddy,powerplay,W,4.0,68.0,0.058823529411764705,0.03919952586446391,0.05155537994980145
Nithish Kumar Reddy,powerplay,Wd,4.0,68.0,0.058823529411764705,0.03486563072990943,0.04995023360367016
Nithish Kumar Reddy,powerplay,Nb,0.0,68.0,0.0,0.003769007093512122,0.001395928553152638
Noor Ahmad,death,0,15.0,31.0,0.4838709677419355,0.21696977459016392,0.33350409836065575
Noor Ahmad,death,1,8.0,31.0,0.25806451612903225,0.37083760245901637,0.3215986492726853
Noor Ahmad,death,2,0.0,31.0,0.0,0.08837090163934426,0.0497864234587855
Noor Ahmad,death,3,0.0,31.0,0.0,0.002651127049180328,0.001493592703763565
Noor Ahmad,death,4,1.0,31.0,0.03225806451612903,0.11151383196721311,0.07690920110828908
Noor Ahmad,death,6,1.0,31.0,0.03225806451612903,0.07952100409836066,0.0588850727314708
Noor Ahmad,death,W,5.0,31.0,0.16129032258064516,0.08016137295081967,0.11558387208496883
Noor Ahmad,death,Wd,1.0,31.0,0.03225806451612903,0.04340420081967213,0.03853757792657585
Noor Ahmad,death,Nb,0.0,31.0,0.0,0.006570184426229508,0.0037015123528053567
Noor Ahmad,middle,0,7.0,12.0,0.5833333333333334,0.2808889845966761,0.3506838343051355
Noor Ahmad,middle,1,3.0,12.0,0.25,0.4414331678151601,0.3972562829347386
Noor Ahmad,middle,2,0.0,12.0,0.0,0.06664217673287394,0.05126321287144149
Noor Ahmad,middle,3,0.0,12.0,0.0,0.002286430887717876,0.0017587929905522122
Noor Ahmad,middle,4,0.0,12.0,0.0,0.08739739562221321,0.06722876586324093
Noor Ahmad,middle,6,0.0,12.0,0.0,0.048281059991892986,0.037139276916840755
Noor Ahmad,middle,W,2.0,12.0,0.16666666666666666,0.04221980137819214,0.07093830875245549
Noor Ahmad,middle,Wd,0.0,12.0,0.0,0.028171868666396434,0.02167066820492033
Noor Ahmad,middle,Nb,0.0,12.0,0.0,0.002679114308877179,0.002060857160674753
O Thomas,death,0,6.0,8.0,0.75,0.21696977459016392,0.3058081454918033
O Thomas,death,1,0.0,8.0,0.0,0.37083760245901637,0.30903133538251365
O Thomas,death,2,0.0,8.0,0.0,0.08837090163934426,0.07364241803278689
O Thomas,death,3,0.0,8.0,0.0,0.002651127049180328,0.0022092725409836064
O Thomas,death,4,2.0,8.0,0.25,0.11151383196721311,0.1345948599726776
O Thomas,death,6,0.0,8.0,0.0,0.07952100409836066,0.06626750341530055
O Thomas,death,W,0.0,8.0,0.0,0.08016137295081967,0.06680114412568305
O Thomas,death,Wd,0.0,8.0,0.0,0.04340420081967213,0.03617016734972678
O Thomas,death,Nb,0.0,8.0,0.0,0.006570184426229508,0.005475153688524591
OA Shah,death,0,43.0,206.0,0.2087378640776699,0.21696977459016392,0.2100763861122218
OA Shah,death,1,77.0,206.0,0.3737864077669903,0.37083760245901637,0.37330692722910835
OA Shah,death,2,21.0,206.0,0.10194174757281553,0.08837090163934426,0.09973510595761695
OA Shah,death,3,0.0,206.0,0.0,0.002651127049180328,0.00043107756897241105
OA Shah,death,4,29.0,206.0,0.1407766990291262,0.11151383196721311,0.13601850926296147
OA Shah,death,6,14.0,206.0,0.06796116504854369,0.07952100409836066,0.0698408136745302
OA Shah,death,W,11.0,206.0,0.05339805825242718,0.08016137295081967,0.05774981673997068
OA Shah,death,Wd,11.0,206.0,0.05339805825242718,0.04340420081967213,0.051773040783686525
OA Shah,death,Nb,0.0,206.0,0.0,0.006570184426229508,0.0010683226709316273
OA Shah,middle,0,118.0,341.0,0.3460410557184751,0.2808889845966761,0.33920094326474287
OA Shah,middle,1,143.0,341.0,0.41935483870967744,0.4414331678151601,0.4216727735239013
OA Shah,middle,2,19.0,341.0,0.05571847507331378,0.06664217673287394,0.05686532039190277
OA Shah,middle,3,1.0,341.0,0.002932551319648094,0.002286430887717876,0.002864717153566181
OA Shah,middle,4,25.0,341.0,0.07331378299120235,0.08739739562221321,0.07479237749314574
OA Shah,middle,6,12.0,341.0,0.03519061583577713,0.048281059991892986,0.03656494068156357
OA Shah,middle,W,10.0,341.0,0.02932551319648094,0.04221980137819214,0.030679244239180274
OA Shah,middle,Wd,11.0,341.0,0.03225806451612903,0.028171868666396434,0.03182906757652456
OA Shah,middle,Nb,2.0,341.0,0.005865102639296188,0.002679114308877179,0.00553061567547267
OA Shah,powerplay,0,19.0,30.0,0.6333333333333333,0.4228881521678736,0.5130789440959278
OA Shah,powerplay,1,6.0,30.0,0.2,0.25764450947345025,0.23293971969911442
OA Shah,powerplay,2,0.0,30.0,0.0,0.04384827662845184,0.02505615807340105
OA Shah,powerplay,3,1.0,30.0,0.03333333333333333,0.005028429611245902,0.017159102634997658
OA Shah,powerplay,4,0.0,30.0,0.0,0.15223269683107069,0.08699011247489753
OA Shah,powerplay,6,2.0,30.0,0.06666666666666667,0.040523771600022226,0.05172786948572699
OA Shah,powerplay,W,0.0,30.0,0.0,0.03919952586446391,0.022399729065407947
OA Shah,powerplay,Wd,2.0,30.0,0.06666666666666667,0.03486563072990943,0.04849464613137682
OA Shah,powerplay,Nb,0.0,30.0,0.0,0.003769007093512122,0.002153718339149784
OC McCoy,death,0,19.0,43.0,0.4418604651162791,0.21696977459016392,0.3334794094410429
OC McCoy,death,1,9.0,43.0,0.20930232558139536,0.37083760245901637,0.2871506517874778
OC McCoy,death,2,2.0,43.0,0.046511627906976744,0.08837090163934426,0.06668477187438278
OC McCoy,death,3,0.0,43.0,0.0,0.002651127049180328,0.001277651589966423
OC McCoy,death,4,5.0,43.0,0.11627906976744186,0.11151383196721311,0.11398256962275333
OC McCoy,death,6,4.0,43.0,0.09302325581395349,0.07952100409836066,0.08651614655342683
OC McCoy,death,W,3.0,43.0,0.06976744186046512,0.08016137295081967,0.07477656527750345
OC McCoy,death,Wd,1.0,43.0,0.023255813953488372,0.04340420081967213,0.032965879913095006
OC McCoy,death,Nb,0.0,43.0,0.0,0.006570184426229508,0.0031663539403515703
OC McCoy,middle,0,6.0,11.0,0.5454545454545454,0.2808889845966761,0.33795214478170676
OC McCoy,middle,1,1.0,11.0,0.09090909090909091,0.4414331678151601,0.36582993554130205
OC McCoy,middle,2,0.0,11.0,0.0,0.06664217673287394,0.05226837390813642
OC McCoy,middle,3,0.0,11.0,0.0,0.002286430887717876,0.0017932791276218634
OC McCoy,middle,4,1.0,11.0,0.09090909090909091,0.08739739562221321,0.08815482009585349
OC McCoy,middle,6,1.0,11.0,0.09090909090909091,0.048281059991892986,0.057475341170112146
OC McCoy,middle,W,2.0,11.0,0.18181818181818182,0.04221980137819214,0.0723292559828958
OC McCoy,middle,Wd,0.0,11.0,0.0,0.028171868666396434,0.02209558326776191
OC McCoy,middle,Nb,0.0,11.0,0.0,0.002679114308877179,0.002101266124609552
OF Smith,death,0,33.0,116.0,0.28448275862068967,0.21696977459016392,0.267171737074401
OF Smith,death,1,35.0,116.0,0.3017241379310345,0.37083760245901637,0.3194455390920555
OF Smith,death,2,10.0,116.0,0.08620689655172414,0.08837090163934426,0.08676176965111392
OF Smith,death,3,0.0,116.0,0.0,0.002651127049180328,0.0006797761664564943
OF Smith,death,4,8.0,116.0,0.06896551724137931,0.11151383196721311,0.07987534153005466
OF Smith,death,6,11.0,116.0,0.09482758620689655,0.07952100409836066,0.09090282156368222
OF Smith,death,W,5.0,116.0,0.04310344827586207,0.08016137295081967,0.052605480243799914
OF Smith,death,Wd,11.0,116.0,0.09482758620689655,0.04340420081967213,0.0816421027742749
OF Smith,death,Nb,3.0,116.0,0.02586206896551724,0.006570184426229508,0.020915431904161414
OF Smith,middle,0,11.0,25.0,0.44,0.2808889845966761,0.34208552898256994
OF Smith,middle,1,6.0,25.0,0.24,0.4414331678151601,0.363958872501637
OF Smith,middle,2,0.0,25.0,0.0,0.06664217673287394,0.041010570297153194
OF Smith,middle,3,0.0,25.0,0.0,0.002286430887717876,0.0014070343924417698
OF Smith,middle,4,1.0,25.0,0.04,0.08739739562221321,0.06916762807520813
OF Smith,middle,6,1.0,25.0,0.04,0.048281059991892986,0.04509603691808799
OF Smith,middle,W,5.0,25.0,0.2,0.04221980137819214,0.10290449315581054
OF Smith,middle,Wd,1.0,25.0,0.04,0.028171868666396434,0.032721149948551645
OF Smith,middle,Nb,0.0,25.0,0.0,0.002679114308877179,0.0016486857285398023
P Awana,death,0,6.0,14.0,0.42857142857142855,0.21696977459016392,0.2718294626593807
P Awana,death,1,5.0,14.0,0.35714285714285715,0.37083760245901637,0.36728711293260474
P Awana,death,2,0.0,14.0,0.0,0.08837090163934426,0.065459927140255
P Awana,death,3,0.0,14.0,0.0,0.002651127049180328,0.0019637978142076503
P Awana,death,4,0.0,14.0,0.0,0.11151383196721311,0.08260283849423194
P Awana,death,6,0.0,14.0,0.0,0.07952100409836066,0.05890444748026716
P Awana,death,W,3.0,14.0,0.21428571428571427,0.08016137295081967,0.11493435033394049
P Awana,death,Wd,0.0,14.0,0.0,0.04340420081967213,0.0321512598664238
P Awana,death,Nb,0.0,14.0,0.0,0.006570184426229508,0.004866803278688525
P Kumar,death,0,78.0,238.0,0.3277310924369748,0.21696977459016392,0.31179421217124664
P Kumar,death,1,80.0,238.0,0.33613445378151263,0.37083760245901637,0.34112771258403113
P Kumar,death,2,19.0,238.0,0.07983193277310924,0.08837090163934426,0.08106056138695601
P Kumar,death,3,0.0,238.0,0.0,0.002651127049180328,0.00038145712937846446
P Kumar,death,4,16.0,238.0,0.06722689075630252,0.11151383196721311,0.07359911251326808
P Kumar,death,6,10.0,238.0,0.04201680672268908,0.07952100409836066,0.04741309411487204
P Kumar,death,W,29.0,238.0,0.12184873949579832,0.08016137295081967,0.11585055725911075
P Kumar,death,Wd,4.0,238.0,0.01680672268907563,0.04340420081967213,0.020633697959665055
P Kumar,death,Nb,2.0,238.0,0.008403361344537815,0.006570184426229508,0.008139594881471871
P Kumar,middle,0,30.0,54.0,0.5555555555555556,0.2808889845966761,0.43867616365816003
P Kumar,middle,1,13.0,54.0,0.24074074074074073,0.4414331678151601,0.326141773538366
P Kumar,middle,2,1.0,54.0,0.018518518518518517,0.06664217673287394,0.03899667095015912
P Kumar,middle,3,0.0,54.0,0.0,0.002286430887717876,0.0009729493139225004
P Kumar,middle,4,3.0,54.0,0.05555555555555555,0.08739739562221321,0.06910527473285669
P Kumar,middle,6,2.0,54.0,0.037037037037037035,0.048281059991892986,0.04182172765612467
P Kumar,middle,W,4.0,54.0,0.07407407407407407,0.04221980137819214,0.060519064416251975
P Kumar,middle,Wd,1.0,54.0,0.018518518518518517,0.028171868666396434,0.022626327092083585
P Kumar,middle,Nb,0.0,54.0,0.0,0.002679114308877179,0.0011400486420753953
P Kumar,powerplay,0,2.0,5.0,0.4,0.4228881521678736,0.420345024149221
P Kumar,powerplay,1,0.0,5.0,0.0,0.25764450947345025,0.229017341754178
P Kumar,powerplay,2,1.0,5.0,0.2,0.04384827662845184,0.06119846811417941
P Kumar,powerplay,3,0.0,5.0,0.0,0.005028429611245902,0.004469715209996357
P Kumar,powerplay,4,1.0,5.0,0.2,0.15223269683107069,0.1575401749609517
P Kumar,powerplay,6,0.0,5.0,0.0,0.040523771600022226,0.03602113031113087
P Kumar,powerplay,W,1.0,5.0,0.2,0.03919952586446391,0.05706624521285681
P Kumar,powerplay,Wd,0.0,5.0,0.0,0.03486563072990943,0.030991671759919497
P Kumar,powerplay,Nb,0.0,5.0,0.0,0.003769007093512122,0.0033502285275663307
P Negi,death,0,41.0,185.0,0.22162162162162163,0.21696977459016392,0.22079462659380694
P Negi,death,1,66.0,185.0,0.3567567567567568,0.37083760245901637,0.3592600182149362
P Negi,death,2,20.0,185.0,0.10810810810810811,0.08837090163934426,0.1045992714025501
P Negi,death,3,1.0,185.0,0.005405405405405406,0.002651127049180328,0.004915755919854281
P Negi,death,4,19.0,185.0,0.10270270270270271,0.11151383196721311,0.10426912568306011
P Negi,death,6,11.0,185.0,0.05945945945945946,0.07952100409836066,0.06302595628415301
P Negi,death,W,18.0,185.0,0.0972972972972973,0.08016137295081967,0.09425091074681238
P Negi,death,Wd,8.0,185.0,0.043243243243243246,0.04340420081967213,0.04327185792349727
P Negi,death,Nb,1.0,185.0,0.005405405405405406,0.006570184426229508,0.00561247723132969
P Negi,middle,0,39.0,90.0,0.43333333333333335,0.2808889845966761,0.3864273798759003
P Negi,middle,1,30.0,90.0,0.3333333333333333,0.4414331678151601,0.3665948208662031
P Negi,middle,2,5.0,90.0,0.05555555555555555,0.06664217673287394,0.05896682361011506
P Negi,middle,3,0.0,90.0,0.0,0.002286430887717876,0.0007035171962208849
P Negi,middle,4,6.0,90.0,0.06666666666666667,0.08739739562221321,0.07304535249914253
P Negi,middle,6,1.0,90.0,0.011111111111111112,0.048281059991892986,0.022548018459043993
P Negi,middle,W,6.0,90.0,0.06666666666666667,0.04221980137819214,0.059144554270212965
P Negi,middle,Wd,3.0,90.0,0.03333333333333333,0.028171868666396434,0.03174519035889121
P Negi,middle,Nb,0.0,90.0,0.0,0.002679114308877179,0.0008243428642699011
P Negi,powerplay,0,4.0,6.0,0.6666666666666666,0.4228881521678736,0.45468534971119445
P Negi,powerplay,1,0.0,6.0,0.0,0.25764450947345025,0.22403870388995675
P Negi,powerplay,2,0.0,6.0,0.0,0.04384827662845184,0.03812893619865377
P Negi,powerplay,3,0.0,6.0,0.0,0.005028429611245902,0.004372547488039915
P Negi,powerplay,4,1.0,6.0,0.16666666666666666,0.15223269683107069,0.15411538854875712
P Negi,powerplay,6,0.0,6.0,0.0,0.040523771600022226,0.035238062260888894
P Negi,powerplay,W,1.0,6.0,0.16666666666666666,0.03919952586446391,0.05582567466475123
P Negi,powerplay,Wd,0.0,6.0,0.0,0.03486563072990943,0.03031793976513864
P Negi,powerplay,Nb,0.0,6.0,0.0,0.003769007093512122,0.0032773974726192368
P Nissanka,death,0,12.0,97.0,0.12371134020618557,0.21696977459016392,0.15094008017231064
P Nissanka,death,1,33.0,97.0,0.3402061855670103,0.37083760245901637,0.34914966495153765
P Nissanka,death,2,11.0,97.0,0.1134020618556701,0.08837090163934426,0.1060936939092976
P Nissanka,death,3,0.0,97.0,0.0,0.002651127049180328,0.0007740516931913366
P Nissanka,death,4,16.0,97.0,0.16494845360824742,0.11151383196721311,0.14934710422400382
P Nissanka,death,6,7.0,97.0,0.07216494845360824,0.07952100409836066,0.07431270192652867
P Nissanka,death,W,12.0,97.0,0.12371134020618557,0.08016137295081967,0.11099602129950939
P Nissanka,death,Wd,6.0,97.0,0.061855670103092786,0.04340420081967213,0.05646837980136413
P Nissanka,death,Nb,0.0,97.0,0.0,0.006570184426229508,0.0019183020222567908
P Nissanka,middle,0,122.0,508.0,0.24015748031496062,0.2808889845966761,0.24313058281727562
P Nissanka,middle,1,250.0,508.0,0.4921259842519685,0.4414331678151601,0.4884257786726394
P Nissanka,middle,2,41.0,508.0,0.08070866141732283,0.06664217673287394,0.07968191071042875
P Nissanka,middle,3,2.0,508.0,0.003937007874015748,0.002286430887717876,0.0038165278020232023
P Nissanka,middle,4,48.0,508.0,0.09448818897637795,0.08739739562221321,0.09397061281913965
P Nissanka,middle,6,14.0,508.0,0.027559055118110236,0.048281059991892986,0.02907161021838635
P Nissanka,middle,W,20.0,508.0,0.03937007874015748,0.04221980137819214,0.03957808769183884
P Nissanka,middle,Wd,11.0,508.0,0.021653543307086614,0.028171868666396434,0.02212933347929901
P Nissanka,middle,Nb,0.0,508.0,0.0,0.002679114308877179,0.00019555578896913715
P Nissanka,powerplay,0,333.0,810.0,0.4111111111111111,0.4228881521678736,0.4116653248078999
P Nissanka,powerplay,1,215.0,810.0,0.2654320987654321,0.25764450947345025,0.2650656239752212
P Nissanka,powerplay,2,50.0,810.0,0.06172839506172839,0.04384827662845184,0.06088697772369185
P Nissanka,powerplay,3,4.0,810.0,0.0049382716049382715,0.005028429611245902,0.004942514334646866
P Nissanka,powerplay,4,124.0,810.0,0.15308641975308643,0.15223269683107069,0.15304624455675628
P Nissanka,powerplay,6,29.0,810.0,0.03580246913580247,0.040523771600022226,0.036024648075295165
P Nissanka,powerplay,W,23.0,810.0,0.028395061728395062,0.03919952586446391,0.02890350709950418
P Nissanka,powerplay,Wd,29.0,810.0,0.03580246913580247,0.03486563072990943,0.035758382622583976
P Nissanka,powerplay,Nb,3.0,810.0,0.003703703703703704,0.003769007093512122,0.0037067768044005706
P Simran Singh,death,0,10.0,39.0,0.2564102564102564,0.21696977459016392,0.23644039219755136
P Simran Singh,death,1,10.0,39.0,0.2564102564102564,0.37083760245901637,0.31434815314380576
P Simran Singh,death,2,4.0,39.0,0.10256410256410256,0.08837090163934426,0.09537767171612369
P Simran Singh,death,3,0.0,39.0,0.0,0.002651127049180328,0.0013423428097115585
P Simran Singh,death,4,7.0,39.0,0.1794871794871795,0.11151383196721311,0.14507029466694335
P Simran Singh,death,6,4.0,39.0,0.10256410256410256,0.07952100409836066,0.09089671093587882
P Simran Singh,death,W,3.0,39.0,0.07692307692307693,0.08016137295081967,0.07856272048142768
P Simran Singh,death,Wd,1.0,39.0,0.02564102564102564,0.04340420081967213,0.03463503838970741
P Simran Singh,death,Nb,0.0,39.0,0.0,0.006570184426229508,0.003326675658850384
P Simran Singh,middle,0,60.0,291.0,0.20618556701030927,0.2808889845966761,0.2152131703440092
P Simran Singh,middle,1,124.0,291.0,0.4261168384879725,0.4414331678151601,0.4279677544187504
P Simran Singh,middle,2,14.0,291.0,0.048109965635738834,0.06664217673287394,0.05034950776228083
P Simran Singh,middle,3,1.0,291.0,0.003436426116838488,0.002286430887717876,0.00329745388371213
P Simran Singh,middle,4,31.0,291.0,0.10652920962199312,0.08739739562221321,0.10421720793017682
P Simran Singh,middle,6,29.0,291.0,0.09965635738831616,0.048281059991892986,0.09344786223466985
P Simran Singh,middle,W,20.0,291.0,0.06872852233676977,0.04221980137819214,0.06552505152606551
P Simran Singh,middle,Wd,11.0,291.0,0.037800687285223365,0.028171868666396434,0.03663708382675486
P Simran Singh,middle,Nb,1.0,291.0,0.003436426116838488,0.002679114308877179,0.003344908073580324
P Simran Singh,powerplay,0,250.0,626.0,0.3993610223642173,0.4228881521678736,0.40077406319326564
P Simran Singh,powerplay,1,150.0,626.0,0.23961661341853036,0.25764450947345025,0.24069936993834537
P Simran Singh,powerplay,2,28.0,626.0,0.04472843450479233,0.04384827662845184,0.044675572169876984
P Simran Singh,powerplay,3,2.0,626.0,0.003194888178913738,0.005028429611245902,0.0033050107874622162
P Simran Singh,powerplay,4,116.0,626.0,0.1853035143769968,0.15223269683107069,0.1833172790889532
P Simran Singh,powerplay,6,40.0,626.0,0.06389776357827476,0.040523771600022226,0.06249392021621755
P Simran Singh,powerplay,W,26.0,626.0,0.04153354632587859,0.03919952586446391,0.041393364916784615
P Simran Singh,powerplay,Wd,12.0,626.0,0.019169329073482427,0.03486563072990943,0.020112049893688255
P Simran Singh,powerplay,Nb,2.0,626.0,0.003194888178913738,0.003769007093512122,0.0032293697954061335
PA Patel,death,0,10.0,60.0,0.16666666666666666,0.21696977459016392,0.18678790983606558
PA Patel,death,1,28.0,60.0,0.4666666666666667,0.37083760245901637,0.4283350409836066
PA Patel,death,2,5.0,60.0,0.08333333333333333,0.08837090163934426,0.08534836065573771
PA Patel,death,3,1.0,60.0,0.016666666666666666,0.002651127049180328,0.011060450819672132
PA Patel,death,4,8.0,60.0,0.13333333333333333,0.11151383196721311,0.12460553278688526
PA Patel,death,6,0.0,60.0,0.0,0.07952100409836066,0.031808401639344265
PA Patel,death,W,7.0,60.0,0.11666666666666667,0.08016137295081967,0.10206454918032787
PA Patel,death,Wd,1.0,60.0,0.016666666666666666,0.04340420081967213,0.027361680327868853
PA Patel,death,Nb,0.0,60.0,0.0,0.006570184426229508,0.0026280737704918035
PA Patel,middle,0,161.0,653.0,0.24655436447166923,0.2808889845966761,0.24853616072708087
PA Patel,middle,1,312.0,653.0,0.4777947932618683,0.4414331678151601,0.4756959981422892
PA Patel,middle,2,44.0,653.0,0.06738131699846861,0.06664217673287394,0.06733865377967527
PA Patel,middle,3,2.0,653.0,0.0030627871362940277,0.002286430887717876,0.0030179758088148844
PA Patel,middle,4,65.0,653.0,0.0995405819295559,0.08739739562221321,0.09883967651499068
PA Patel,middle,6,14.0,653.0,0.021439509954058193,0.048281059991892986,0.022988805771537835
PA Patel,middle,W,37.0,653.0,0.05666156202143951,0.04221980137819214,0.055827982763532014
PA Patel,middle,Wd,16.0,653.0,0.02450229709035222,0.028171868666396434,0.024714104973529376
PA Patel,middle,Nb,2.0,653.0,0.0030627871362940277,0.002679114308877179,0.00304064151854991
PA Patel,powerplay,0,610.0,1475.0,0.4135593220338983,0.4228881521678736,0.4138056277800099
PA Patel,powerplay,1,378.0,1475.0,0.256271186440678,0.25764450947345025,0.25630744579467857
PA Patel,powerplay,2,72.0,1475.0,0.0488135593220339,0.04384827662845184,0.048682462749266055
PA Patel,powerplay,3,4.0,1475.0,0.002711864406779661,0.005028429611245902,0.002773027844521344
PA Patel,powerplay,4,251.0,1475.0,0.17016949152542374,0.15223269683107069,0.16969591278761903
PA Patel,powerplay,6,30.0,1475.0,0.020338983050847456,0.040523771600022226,0.020871914761716757
PA Patel,powerplay,W,68.0,1475.0,0.04610169491525424,0.03919952586446391,0.04591945942876472
PA Patel,powerplay,Wd,60.0,1475.0,0.04067796610169491,0.03486563072990943,0.04052450510177979
PA Patel,powerplay,Nb,2.0,1475.0,0.0013559322033898306,0.003769007093512122,0.0014196437516438844
PBB Rajapaksa,death,0,24.0,90.0,0.26666666666666666,0.21696977459016392,0.25137531525851203
PBB Rajapaksa,death,1,34.0,90.0,0.37777777777777777,0.37083760245901637,0.37564233921815887
PBB Rajapaksa,death,2,10.0,90.0,0.1111111111111111,0.08837090163934426,0.1041141235813367
PBB Rajapaksa,death,3,0.0,90.0,0.0,0.002651127049180328,0.0008157313997477932
PBB Rajapaksa,death,4,7.0,90.0,0.07777777777777778,0.11151383196721311,0.08815810214375788
PBB Rajapaksa,death,6,4.0,90.0,0.044444444444444446,0.07952100409836066,0.05523723203026482
PBB Rajapaksa,death,W,7.0,90.0,0.07777777777777778,0.08016137295081967,0.07851119167717528
PBB Rajapaksa,death,Wd,4.0,90.0,0.044444444444444446,0.04340420081967213,0.044124369482976045
PBB Rajapaksa,death,Nb,0.0,90.0,0.0,0.006570184426229508,0.0020215952080706178
PBB Rajapaksa,middle,0,80.0,256.0,0.3125,0.2808889845966761,0.308228241161713
PBB Rajapaksa,middle,1,95.0,256.0,0.37109375,0.4414331678151601,0.3805990767317784
PBB Rajapaksa,middle,2,19.0,256.0,0.07421875,0.06664217673287394,0.07319488874768566
PBB Rajapaksa,middle,3,1.0,256.0,0.00390625,0.002286430887717876,0.0036873555253672807
PBB Rajapaksa,middle,4,23.0,256.0,0.08984375,0.08739739562221321,0.08951316157056935
PBB Rajapaksa,middle,6,13.0,256.0,0.05078125,0.048281059991892986,0.05044338648539094
PBB Rajapaksa,middle,W,17.0,256.0,0.06640625,0.04221980137819214,0.06313781099705298
PBB Rajapaksa,middle,Wd,7.0,256.0,0.02734375,0.028171868666396434,0.02745565792789141
PBB Rajapaksa,middle,Nb,1.0,256.0,0.00390625,0.002679114308877179,0.00374042085255097
PBB Rajapaksa,powerplay,0,32.0,80.0,0.4,0.4228881521678736,0.4076293840559579
PBB Rajapaksa,powerplay,1,17.0,80.0,0.2125,0.25764450947345025,0.22754816982448342
PBB Rajapaksa,powerplay,2,1.0,80.0,0.0125,0.04384827662845184,0.022949425542817276
PBB Rajapaksa,powerplay,3,0.0,80.0,0.0,0.005028429611245902,0.001676143203748634
PBB Rajapaksa,powerplay,4,14.0,80.0,0.175,0.15223269683107069,0.16741089894369024
PBB Rajapaksa,powerplay,6,7.0,80.0,0.0875,0.040523771600022226,0.0718412572000074
PBB Rajapaksa,powerplay,W,7.0,80.0,0.0875,0.03919952586446391,0.07139984195482131
PBB Rajapaksa,powerplay,Wd,2.0,80.0,0.025,0.03486563072990943,0.028288543576636477
PBB Rajapaksa,powerplay,Nb,0.0,80.0,0.0,0.003769007093512122,0.0012563356978373742
PD Collingwood,death,0,17.0,89.0,0.19101123595505617,0.21696977459016392,0.19906039522175625
PD Collingwood,death,1,29.0,89.0,0.3258426966292135,0.37083760245901637,0.3397946054136485
PD Collingwood,death,2,11.0,89.0,0.12359550561797752,0.08837090163934426,0.1126731477951455
PD Collingwood,death,3,1.0,89.0,0.011235955056179775,0.002651127049180328,0.00857399288346677
PD Collingwood,death,4,10.0,89.0,0.11235955056179775,0.11151383196721311,0.11209731223789554
PD Collingwood,death,6,10.0,89.0,0.11235955056179775,0.07952100409836066,0.10217705553437541
PD Collingwood,death,W,9.0,89.0,0.10112359550561797,0.08016137295081967,0.09462368153513788
PD Collingwood,death,Wd,2.0,89.0,0.02247191011235955,0.04340420081967213,0.028962542889820815
PD Collingwood,death,Nb,0.0,89.0,0.0,0.006570184426229508,0.002037266488753336
PD Collingwood,middle,0,80.0,326.0,0.24539877300613497,0.2808889845966761,0.24927748465537444
PD Collingwood,middle,1,162.0,326.0,0.49693251533742333,0.4414331678151601,0.49086701287597373
PD Collingwood,middle,2,25.0,326.0,0.07668711656441718,0.06664217673287394,0.07558930893255453
PD Collingwood,middle,3,1.0,326.0,0.003067484662576687,0.002286430887717876,0.002982123594286107
PD Collingwood,middle,4,20.0,326.0,0.06134969325153374,0.08739739562221321,0.0641964366800233
PD Collingwood,middle,6,15.0,326.0,0.046012269938650305,0.048281059991892986,0.046260225135726
PD Collingwood,middle,W,16.0,326.0,0.049079754601226995,0.04221980137819214,0.04833003293750734
PD Collingwood,middle,Wd,6.0,326.0,0.018404907975460124,0.028171868666396434,0.01947233537337666
PD Collingwood,middle,Nb,1.0,326.0,0.003067484662576687,0.002679114308877179,0.003025039815177834
PD Collingwood,powerplay,0,27.0,44.0,0.6136363636363636,0.4228881521678736,0.5228038819847017
PD Collingwood,powerplay,1,7.0,44.0,0.1590909090909091,0.25764450947345025,0.20602119498735727
PD Collingwood,powerplay,2,3.0,44.0,0.06818181818181818,0.04384827662845184,0.05659441744211992
PD Collingwood,powerplay,3,0.0,44.0,0.0,0.005028429611245902,0.002394490291069477
PD Collingwood,powerplay,4,4.0,44.0,0.09090909090909091,0.15223269683107069,0.12011080801479557
PD Collingwood,powerplay,6,2.0,44.0,0.045454545454545456,0.040523771600022226,0.04310655790477249
PD Collingwood,powerplay,W,1.0,44.0,0.022727272727272728,0.03919952586446391,0.030571202792601865
PD Collingwood,powerplay,Wd,0.0,44.0,0.0,0.03486563072990943,0.016602681299956873
PD Collingwood,powerplay,Nb,0.0,44.0,0.0,0.003769007093512122,0.00179476528262482
PD Salt,death,0,10.0,94.0,0.10638297872340426,0.21696977459016392,0.13939396256422804
PD Salt,death,1,34.0,94.0,0.3617021276595745,0.37083760245901637,0.36442913506239294
PD Salt,death,2,8.0,94.0,0.0851063829787234,0.08837090163934426,0.08608086616099829
PD Salt,death,3,0.0,94.0,0.0,0.002651127049180328,0.0007913812087105457
PD Salt,death,4,13.0,94.0,0.13829787234042554,0.11151383196721311,0.1303026364081233
PD Salt,death,6,18.0,94.0,0.19148936170212766,0.07952100409836066,0.15806597137264497
PD Salt,death,W,7.0,94.0,0.07446808510638298,0.08016137295081967,0.07616757401517005
PD Salt,death,Wd,3.0,94.0,0.031914893617021274,0.04340420081967213,0.03534453755811109
PD Salt,death,Nb,1.0,94.0,0.010638297872340425,0.006570184426229508,0.00942393564962075
PD Salt,middle,0,80.0,380.0,0.21052631578947367,0.2808889845966761,0.21722752234254059
PD Salt,middle,1,157.0,380.0,0.4131578947368421,0.4414331678151601,0.4158507778871581
PD Salt,middle,2,30.0,380.0,0.07894736842105263,0.06664217673287394,0.07777544540313085
PD Salt,middle,3,0.0,380.0,0.0,0.002286430887717876,0.00021775532263979772
PD Salt,middle,4,44.0,380.0,0.11578947368421053,0.08739739562221321,0.11308546624973459
PD Salt,middle,6,33.0,380.0,0.0868421052631579,0.048281059991892986,0.08316962476113265
PD Salt,middle,W,20.0,380.0,0.05263157894736842,0.04221980137819214,0.05163998108363735
PD Salt,middle,Wd,10.0,380.0,0.02631578947368421,0.028171868666396434,0.026492558920609185
PD Salt,middle,Nb,6.0,380.0,0.015789473684210527,0.002679114308877179,0.014540868029416874
PD Salt,powerplay,0,275.0,792.0,0.3472222222222222,0.4228881521678736,0.3508600073157631
PD Salt,powerplay,1,191.0,792.0,0.24116161616161616,0.25764450947345025,0.24195406295545435
PD Salt,powerplay,2,43.0,792.0,0.054292929292929296,0.04384827662845184,0.053790782530214035
PD Salt,powerplay,3,4.0,792.0,0.005050505050505051,0.005028429611245902,0.005049443731309899
PD Salt,powerplay,4,152.0,792.0,0.1919191919191919,0.15223269683107069,0.19001118734764763
PD Salt,powerplay,6,58.0,792.0,0.07323232323232323,0.040523771600022226,0.07165979671153953
PD Salt,powerplay,W,34.0,792.0,0.04292929292929293,0.03919952586446391,0.042749977205022306
PD Salt,powerplay,Wd,30.0,792.0,0.03787878787878788,0.03486563072990943,0.03773392455432257
PD Salt,powerplay,Nb,5.0,792.0,0.006313131313131313,0.003769007093512122,0.006190817648726545
PHKD Mendis,death,0,16.0,62.0,0.25806451612903225,0.21696977459016392,0.241948931211829
PHKD Mendis,death,1,20.0,62.0,0.3225806451612903,0.37083760245901637,0.34150494214079075
PHKD Mendis,death,2,8.0,62.0,0.12903225806451613,0.08837090163934426,0.1130866280938605
PHKD Mendis,death,3,0.0,62.0,0.0,0.002651127049180328,0.0010396576663452266
PHKD Mendis,death,4,3.0,62.0,0.04838709677419355,0.11151383196721311,0.07314267920282867
PHKD Mendis,death,6,2.0,62.0,0.03225806451612903,0.07952100409836066,0.050792550626808104
PHKD Mendis,death,W,11.0,62.0,0.1774193548387097,0.08016137295081967,0.13927896978463516
PHKD Mendis,death,Wd,1.0,62.0,0.016129032258064516,0.04340420081967213,0.02682517679202829
PHKD Mendis,death,Nb,1.0,62.0,0.016129032258064516,0.006570184426229508,0.012380464480874317
PHKD Mendis,middle,0,55.0,198.0,0.2777777777777778,0.2808889845966761,0.27830066968011363
PHKD Mendis,middle,1,78.0,198.0,0.3939393939393939,0.4414331678151601,0.4019215408092706
PHKD Mendis,middle,2,17.0,198.0,0.08585858585858586,0.06664217673287394,0.08262893726602923
PHKD Mendis,middle,3,0.0,198.0,0.0,0.002286430887717876,0.00038427409877611363
PHKD Mendis,middle,4,18.0,198.0,0.09090909090909091,0.08739739562221321,0.09031889002054004
PHKD Mendis,middle,6,8.0,198.0,0.04040404040404041,0.048281059991892986,0.04172790924233496
PHKD Mendis,middle,W,15.0,198.0,0.07575757575757576,0.04221980137819214,0.07012097502154489
PHKD Mendis,middle,Wd,7.0,198.0,0.03535353535353535,0.028171868666396434,0.03414653254897419
PHKD Mendis,middle,Nb,0.0,198.0,0.0,0.002679114308877179,0.0004502713124163326
PHKD Mendis,powerplay,0,14.0,44.0,0.3181818181818182,0.4228881521678736,0.36804197722279697
PHKD Mendis,powerplay,1,14.0,44.0,0.3181818181818182,0.25764450947345025,0.2893545283206906
PHKD Mendis,powerplay,2,3.0,44.0,0.06818181818181818,0.04384827662845184,0.05659441744211992
PHKD Mendis,powerplay,3,0.0,44.0,0.0,0.005028429611245902,0.002394490291069477
PHKD Mendis,powerplay,4,8.0,44.0,0.18181818181818182,0.15223269683107069,0.16772985563384318
PHKD Mendis,powerplay,6,2.0,44.0,0.045454545454545456,0.040523771600022226,0.04310655790477249
PHKD Mendis,powerplay,W,2.0,44.0,0.045454545454545456,0.03919952586446391,0.04247596469736377
PHKD Mendis,powerplay,Wd,1.0,44.0,0.022727272727272728,0.03486563072990943,0.02850744320471878
PHKD Mendis,powerplay,Nb,0.0,44.0,0.0,0.003769007093512122,0.00179476528262482
PJ Cummins,death,0,88.0,362.0,0.2430939226519337,0.21696977459016392,0.24049450493434468
PJ Cummins,death,1,112.0,362.0,0.30939226519337015,0.37083760245901637,0.3155062291003996
PJ Cummins,death,2,38.0,362.0,0.10497237569060773,0.08837090163934426,0.10332048772530789
PJ Cummins,death,3,1.0,362.0,0.0027624309392265192,0.002651127049180328,0.002751355925291575
PJ Cummins,death,4,30.0,362.0,0.08287292817679558,0.11151383196721311,0.08572276934997144
PJ Cummins,death,6,39.0,362.0,0.10773480662983426,0.07952100409836066,0.10492746309436425
PJ Cummins,death,W,35.0,362.0,0.09668508287292818,0.08016137295081967,0.09504093263192237
PJ Cummins,death,Wd,16.0,362.0,0.04419889502762431,0.04340420081967213,0.0441198209770818
PJ Cummins,death,Nb,3.0,362.0,0.008287292817679558,0.006570184426229508,0.008116436261316369
PJ Cummins,middle,0,64.0,157.0,0.40764331210191085,0.2808889845966761,0.38190639281150784
PJ Cummins,middle,1,46.0,157.0,0.2929936305732484,0.4414331678151601,0.3231336381350579
PJ Cummins,middle,2,10.0,157.0,0.06369426751592357,0.06664217673287394,0.06429282776302009
PJ Cummins,middle,3,0.0,157.0,0.0,0.002286430887717876,0.00046424992644017785
PJ Cummins,middle,4,17.0,157.0,0.10828025477707007,0.08739739562221321,0.10404008032938339
PJ Cummins,middle,6,8.0,157.0,0.050955414012738856,0.048281059991892986,0.05041239796789705
PJ Cummins,middle,W,8.0,157.0,0.050955414012738856,0.04221980137819214,0.04918168555902378
PJ Cummins,middle,Wd,4.0,157.0,0.025477707006369428,0.028171868666396434,0.026024744906882523
PJ Cummins,middle,Nb,0.0,157.0,0.0,0.002679114308877179,0.0005439826007872444
PJ Cummins,powerplay,0,1.0,1.0,1.0,0.4228881521678736,0.43696405089548646
PJ Cummins,powerplay,1,0.0,1.0,0.0,0.25764450947345025,0.25136049704726854
PJ Cummins,powerplay,2,0.0,1.0,0.0,0.04384827662845184,0.04277880646678228
PJ Cummins,powerplay,3,0.0,1.0,0.0,0.005028429611245902,0.004905784986581368
PJ Cummins,powerplay,4,0.0,1.0,0.0,0.15223269683107069,0.1485197042254348
PJ Cummins,powerplay,6,0.0,1.0,0.0,0.040523771600022226,0.039535386926850956
PJ Cummins,powerplay,W,0.0,1.0,0.0,0.03919952586446391,0.038243439867769666
PJ Cummins,powerplay,Wd,0.0,1.0,0.0,0.03486563072990943,0.034015249492594574
PJ Cummins,powerplay,Nb,0.0,1.0,0.0,0.003769007093512122,0.003677080091231339
PP Chawla,death,0,95.0,352.0,0.26988636363636365,0.21696977459016392,0.26448671169287385
PP Chawla,death,1,123.0,352.0,0.3494318181818182,0.37083760245901637,0.35161608188357313
PP Chawla,death,2,24.0,352.0,0.06818181818181818,0.08837090163934426,0.0702419287387086
PP Chawla,death,3,1.0,352.0,0.002840909090909091,0.002651127049180328,0.0028215435764469723
PP Chawla,death,4,42.0,352.0,0.11931818181818182,0.11151383196721311,0.11852181958849113
PP Chawla,death,6,9.0,352.0,0.02556818181818182,0.07952100409836066,0.031073571846771498
PP Chawla,death,W,42.0,352.0,0.11931818181818182,0.08016137295081967,0.11532258907661426
PP Chawla,death,Wd,14.0,352.0,0.03977272727272727,0.04340420081967213,0.040143285797925726
PP Chawla,death,Nb,2.0,352.0,0.005681818181818182,0.006570184426229508,0.005772467798594848
PP Chawla,middle,0,75.0,176.0,0.42613636363636365,0.2808889845966761,0.3992387008512363
PP Chawla,middle,1,65.0,176.0,0.3693181818181818,0.4414331678151601,0.38267280885465926
PP Chawla,middle,2,10.0,176.0,0.056818181818181816,0.06664217673287394,0.058637440135717395
PP Chawla,middle,3,0.0,176.0,0.0,0.002286430887717876,0.0004234131273551622
PP Chawla,middle,4,10.0,176.0,0.056818181818181816,0.08739739562221321,0.06248099918929874
PP Chawla,middle,6,5.0,176.0,0.028409090909090908,0.048281059991892986,0.032089085183683884
PP Chawla,middle,W,8.0,176.0,0.045454545454545456,0.04221980137819214,0.044855518773739285
PP Chawla,middle,Wd,3.0,176.0,0.017045454545454544,0.028171868666396434,0.019105901604888228
PP Chawla,middle,Nb,0.0,176.0,0.0,0.002679114308877179,0.0004961322794216998
PP Chawla,powerplay,0,7.0,13.0,0.5384615384615384,0.4228881521678736,0.45123634125877254
PP Chawla,powerplay,1,1.0,13.0,0.07692307692307693,0.25764450947345025,0.21331661092335868
PP Chawla,powerplay,2,1.0,13.0,0.07692307692307693,0.04384827662845184,0.0519609634931712
PP Chawla,powerplay,3,0.0,13.0,0.0,0.005028429611245902,0.003795041216034643
PP Chawla,powerplay,4,3.0,13.0,0.23076923076923078,0.15223269683107069,0.1714963749668458
PP Chawla,powerplay,6,0.0,13.0,0.0,0.040523771600022226,0.030583978566054514
PP Chawla,powerplay,W,1.0,13.0,0.07692307692307693,0.03919952586446391,0.0484524723505388
PP Chawla,powerplay,Wd,0.0,13.0,0.0,0.03486563072990943,0.02631368356974297
PP Chawla,powerplay,Nb,0.0,13.0,0.0,0.003769007093512122,0.002844533655480847
PP Ojha,death,0,18.0,43.0,0.4186046511627907,0.21696977459016392,0.3214312166699585
PP Ojha,death,1,13.0,43.0,0.3023255813953488,0.37083760245901637,0.3353434228718151
PP Ojha,death,2,2.0,43.0,0.046511627906976744,0.08837090163934426,0.06668477187438278
PP Ojha,death,3,0.0,43.0,0.0,0.002651127049180328,0.001277651589966423
PP Ojha,death,4,0.0,43.0,0.0,0.11151383196721311,0.05374160576733162
PP Ojha,death,6,1.0,43.0,0.023255813953488372,0.07952100409836066,0.05037156824017382
PP Ojha,death,W,8.0,43.0,0.18604651162790697,0.08016137295081967,0.13501752913292514
PP Ojha,death,Wd,0.0,43.0,0.0,0.04340420081967213,0.020917687142010668
PP Ojha,death,Nb,1.0,43.0,0.023255813953488372,0.006570184426229508,0.015214546711435907
PP Ojha,middle,0,1.0,2.0,0.5,0.2808889845966761,0.29132284247302487
PP Ojha,middle,1,0.0,2.0,0.0,0.4414331678151601,0.420412540776343
PP Ojha,middle,2,0.0,2.0,0.0,0.06664217673287394,0.06346873974559422
PP Ojha,middle,3,0.0,2.0,0.0,0.002286430887717876,0.0021775532263979772
PP Ojha,middle,4,0.0,2.0,0.0,0.08739739562221321,0.0832356148782983
PP Ojha,middle,6,0.0,2.0,0.0,0.048281059991892986,0.045981961897040936
PP Ojha,middle,W,1.0,2.0,0.5,0.04221980137819214,0.06401885845542109
PP Ojha,middle,Wd,0.0,2.0,0.0,0.028171868666396434,0.026830351110853745
PP Ojha,middle,Nb,0.0,2.0,0.0,0.002679114308877179,0.0025515374370258847
PP Shaw,death,0,5.0,22.0,0.22727272727272727,0.21696977459016392,0.22062566102591222
PP Shaw,death,1,6.0,22.0,0.2727272727272727,0.37083760245901637,0.3360242596509783
PP Shaw,death,2,2.0,22.0,0.09090909090909091,0.08837090163934426,0.08927154944473824
PP Shaw,death,3,0.0,22.0,0.0,0.002651127049180328,0.0017104045478582761
PP Shaw,death,4,5.0,22.0,0.22727272727272727,0.11151383196721311,0.15258956901110526
PP Shaw,death,6,0.0,22.0,0.0,0.07952100409836066,0.05130387361184559
PP Shaw,death,W,3.0,22.0,0.13636363636363635,0.08016137295081967,0.10010411158117398
PP Shaw,death,Wd,1.0,22.0,0.045454545454545456,0.04340420081967213,0.0441317424643046
PP Shaw,death,Nb,0.0,22.0,0.0,0.006570184426229508,0.004238828662083554
PP Shaw,middle,0,56.0,318.0,0.1761006289308176,0.2808889845966761,0.18780882509460067
PP Shaw,middle,1,155.0,318.0,0.48742138364779874,0.4414331678151601,0.48228303551007373
PP Shaw,middle,2,16.0,318.0,0.050314465408805034,0.06664217673287394,0.05213879069641049
PP Shaw,middle,3,0.0,318.0,0.0,0.002286430887717876,0.0002554671382925001
PP Shaw,middle,4,39.0,318.0,0.12264150943396226,0.08739739562221321,0.11870361962259365
PP Shaw,middle,6,20.0,318.0,0.06289308176100629,0.048281059991892986,0.0612604536303791
PP Shaw,middle,W,20.0,318.0,0.06289308176100629,0.04221980137819214,0.06058321803108292
PP Shaw,middle,Wd,10.0,318.0,0.031446540880503145,0.028171868666396434,0.031080655716915803
PP Shaw,middle,Nb,2.0,318.0,0.006289308176100629,0.002679114308877179,0.005885934559651082
PP Shaw,powerplay,0,297.0,831.0,0.3574007220216607,0.4228881521678736,0.3604081815002467
PP Shaw,powerplay,1,213.0,831.0,0.2563176895306859,0.25764450947345025,0.25637862270831
PP Shaw,powerplay,2,44.0,831.0,0.052948255114320095,0.04384827662845184,0.05253034565457873
PP Shaw,powerplay,3,3.0,831.0,0.0036101083032490976,0.005028429611245902,0.0036752436101605466
PP Shaw,powerplay,4,167.0,831.0,0.2009626955475331,0.15223269683107069,0.19872480812082988
PP Shaw,powerplay,6,35.0,831.0,0.0421179302045728,0.040523771600022226,0.04204471970608598
PP Shaw,powerplay,W,46.0,831.0,0.05535499398315283,0.03919952586446391,0.05461306662982613
PP Shaw,powerplay,Wd,25.0,831.0,0.030084235860409144,0.03486563072990943,0.03030381771434716
PP Shaw,powerplay,Nb,1.0,831.0,0.0012033694344163659,0.003769007093512122,0.0013211943556147932
PSP Handscomb,death,0,2.0,19.0,0.10526315789473684,0.21696977459016392,0.18099645734926367
PSP Handscomb,death,1,13.0,19.0,0.6842105263157895,0.37083760245901637,0.4717543067518755
PSP Handscomb,death,2,2.0,19.0,0.10526315789473684,0.08837090163934426,0.09381078077243679
PSP Handscomb,death,3,0.0,19.0,0.0,0.002651127049180328,0.0017973742706307307
PSP Handscomb,death,4,0.0,19.0,0.0,0.11151383196721311,0.0756025979438733
PSP Handscomb,death,6,0.0,19.0,0.0,0.07952100409836066,0.05391254515143096
PSP Handscomb,death,W,2.0,19.0,0.10526315789473684,0.08016137295081967,0.0882449986107252
PSP Handscomb,death,Wd,0.0,19.0,0.0,0.04340420081967213,0.029426576826896363
PSP Handscomb,death,Nb,0.0,19.0,0.0,0.006570184426229508,0.004454362322867464
PSP Handscomb,middle,0,8.0,26.0,0.3076923076923077,0.2808889845966761,0.291447869452531
PSP Handscomb,middle,1,15.0,26.0,0.5769230769230769,0.4414331678151601,0.49480798049403646
PSP Handscomb,middle,2,1.0,26.0,0.038461538461538464,0.06664217673287394,0.05554071317143875
PSP Handscomb,middle,3,0.0,26.0,0.0,0.002286430887717876,0.0013857156895259854
PSP Handscomb,middle,4,1.0,26.0,0.038461538461538464,0.08739739562221321,0.06811963371043224
PSP Handscomb,middle,6,0.0,26.0,0.0,0.048281059991892986,0.02926124847993514
PSP Handscomb,middle,W,1.0,26.0,0.038461538461538464,0.04221980137819214,0.040739273562540694
PSP Handscomb,middle,Wd,0.0,26.0,0.0,0.028171868666396434,0.01707385979781602
PSP Handscomb,middle,Nb,0.0,26.0,0.0,0.002679114308877179,0.0016237056417437448
PVD Chameera,death,0,44.0,147.0,0.29931972789115646,0.21696977459016392,0.2817047646182169
PVD Chameera,death,1,58.0,147.0,0.3945578231292517,0.37083760245901637,0.38948397913561844
PVD Chameera,death,2,7.0,147.0,0.047619047619047616,0.08837090163934426,0.056336021741036205
PVD Chameera,death,3,0.0,147.0,0.0,0.002651127049180328,0.0005670859998246691
PVD Chameera,death,4,10.0,147.0,0.06802721088435375,0.11151383196721311,0.07732916191812046
PVD Chameera,death,6,4.0,147.0,0.027210884353741496,0.07952100409836066,0.038400214780398005
PVD Chameera,death,W,18.0,147.0,0.12244897959183673,0.08016137295081967,0.11340350223546945
PVD Chameera,death,Wd,6.0,147.0,0.04081632653061224,0.04340420081967213,0.04136988252827212
PVD Chameera,death,Nb,0.0,147.0,0.0,0.006570184426229508,0.0014053870430437451
PVD Chameera,middle,0,12.0,23.0,0.5217391304347826,0.2808889845966761,0.3688184029185245
PVD Chameera,middle,1,6.0,23.0,0.2608695652173913,0.4414331678151601,0.3755131224223239
PVD Chameera,middle,2,1.0,23.0,0.043478260869565216,0.06664217673287394,0.05818550903674536
PVD Chameera,middle,3,0.0,23.0,0.0,0.002286430887717876,0.0014517021509319848
PVD Chameera,middle,4,2.0,23.0,0.08695652173913043,0.08739739562221321,0.08723644166489727
PVD Chameera,middle,6,0.0,23.0,0.0,0.048281059991892986,0.030654641264693958
PVD Chameera,middle,W,1.0,23.0,0.043478260869565216,0.04221980137819214,0.042679238970280725
PVD Chameera,middle,Wd,1.0,23.0,0.043478260869565216,0.028171868666396434,0.03375991661358503
PVD Chameera,middle,Nb,0.0,23.0,0.0,0.002679114308877179,0.0017010249580172564
PWA Mulder,death,0,7.0,25.0,0.28,0.21696977459016392,0.24121216897856243
PWA Mulder,death,1,11.0,25.0,0.44,0.37083760245901637,0.39743852459016393
PWA Mulder,death,2,0.0,25.0,0.0,0.08837090163934426,0.054382093316519546
PWA Mulder,death,3,0.0,25.0,0.0,0.002651127049180328,0.0016314627994955865
PWA Mulder,death,4,4.0,25.0,0.16,0.11151383196721311,0.13016235813366964
PWA Mulder,death,6,0.0,25.0,0.0,0.07952100409836066,0.048936002522068096
PWA Mulder,death,W,2.0,25.0,0.08,0.08016137295081967,0.08009930643127364
PWA Mulder,death,Wd,1.0,25.0,0.04,0.04340420081967213,0.042094892812105926
PWA Mulder,death,Nb,0.0,25.0,0.0,0.006570184426229508,0.0040431904161412355
PWA Mulder,middle,0,12.0,25.0,0.48,0.2808889845966761,0.3574701443671853
PWA Mulder,middle,1,5.0,25.0,0.2,0.4414331678151601,0.3485742571170216
PWA Mulder,middle,2,4.0,25.0,0.16,0.06664217673287394,0.10254903183561473
PWA Mulder,middle,3,0.0,25.0,0.0,0.002286430887717876,0.0014070343924417698
PWA Mulder,middle,4,3.0,25.0,0.12,0.08739739562221321,0.0999368588444389
PWA Mulder,middle,6,0.0,25.0,0.0,0.048281059991892986,0.029711421533472605
PWA Mulder,middle,W,0.0,25.0,0.0,0.04221980137819214,0.025981416232733624
PWA Mulder,middle,Wd,1.0,25.0,0.04,0.028171868666396434,0.032721149948551645
PWA Mulder,middle,Nb,0.0,25.0,0.0,0.002679114308877179,0.0016486857285398023
PWA Mulder,powerplay,0,21.0,30.0,0.7,0.4228881521678736,0.5416503726673564
PWA Mulder,powerplay,1,1.0,30.0,0.03333333333333333,0.25764450947345025,0.161511148270543
PWA Mulder,powerplay,2,2.0,30.0,0.06666666666666667,0.04384827662845184,0.05362758664482962
PWA Mulder,powerplay,3,0.0,30.0,0.0,0.005028429611245902,0.0028733883492833728
PWA Mulder,powerplay,4,2.0,30.0,0.06666666666666667,0.15223269683107069,0.1155615410463261
PWA Mulder,powerplay,6,1.0,30.0,0.03333333333333333,0.040523771600022226,0.037442155200012706
PWA Mulder,powerplay,W,3.0,30.0,0.1,0.03919952586446391,0.06525687192255081
PWA Mulder,powerplay,Wd,0.0,30.0,0.0,0.03486563072990943,0.019923217559948248
PWA Mulder,powerplay,Nb,0.0,30.0,0.0,0.003769007093512122,0.002153718339149784
PWH de Silva,death,0,45.0,203.0,0.22167487684729065,0.21696977459016392,0.22090037441813398
PWH de Silva,death,1,71.0,203.0,0.3497536945812808,0.37083760245901637,0.35322429670107264
PWH de Silva,death,2,20.0,203.0,0.09852216748768473,0.08837090163934426,0.09685117722458342
PWH de Silva,death,3,1.0,203.0,0.0049261083743842365,0.002651127049180328,0.004551625851716926
PWH de Silva,death,4,24.0,203.0,0.11822660098522167,0.11151383196721311,0.11712161843081698
PWH de Silva,death,6,2.0,203.0,0.009852216748768473,0.07952100409836066,0.021320329892734267
PWH de Silva,death,W,32.0,203.0,0.15763546798029557,0.08016137295081967,0.1448825305268839
PWH de Silva,death,Wd,8.0,203.0,0.03940886699507389,0.04340420081967213,0.04006653511434932
PWH de Silva,death,Nb,0.0,203.0,0.0,0.006570184426229508,0.001081511839708561
PWH de Silva,middle,0,73.0,229.0,0.31877729257641924,0.2808889845966761,0.31314334343445
PWH de Silva,middle,1,94.0,229.0,0.4104803493449782,0.4414331678151601,0.4150829989316223
PWH de Silva,middle,2,16.0,229.0,0.06986899563318777,0.06664217673287394,0.06938917126139389
PWH de Silva,middle,3,1.0,229.0,0.004366812227074236,0.002286430887717876,0.004057461842039833
PWH de Silva,middle,4,20.0,229.0,0.08733624454148471,0.08739739562221321,0.08734533763899081
PWH de Silva,middle,6,3.0,229.0,0.013100436681222707,0.048281059991892986,0.018331756132623493
PWH de Silva,middle,W,17.0,229.0,0.07423580786026202,0.04221980137819214,0.06947506340196165
PWH de Silva,middle,Wd,5.0,229.0,0.021834061135371178,0.028171868666396434,0.022776486047047795
PWH de Silva,middle,Nb,0.0,229.0,0.0,0.002679114308877179,0.00039838130987021245
PWH de Silva,powerplay,0,5.0,8.0,0.625,0.4228881521678736,0.4565734601398947
PWH de Silva,powerplay,1,1.0,8.0,0.125,0.25764450947345025,0.23553709122787522
PWH de Silva,powerplay,2,0.0,8.0,0.0,0.04384827662845184,0.03654023052370987
PWH de Silva,powerplay,3,0.0,8.0,0.0,0.005028429611245902,0.004190358009371585
PWH de Silva,powerplay,4,1.0,8.0,0.125,0.15223269683107069,0.14769391402589224
PWH de Silva,powerplay,6,0.0,8.0,0.0,0.040523771600022226,0.03376980966668519
PWH de Silva,powerplay,W,0.0,8.0,0.0,0.03919952586446391,0.03266627155371992
PWH de Silva,powerplay,Wd,1.0,8.0,0.125,0.03486563072990943,0.04988802560825786
PWH de Silva,powerplay,Nb,0.0,8.0,0.0,0.003769007093512122,0.0031408392445934352
Parvez Rasool,death,0,6.0,24.0,0.25,0.21696977459016392,0.22935610911885246
Parvez Rasool,death,1,14.0,24.0,0.5833333333333334,0.37083760245901637,0.45052350153688525
Parvez Rasool,death,2,1.0,24.0,0.041666666666666664,0.08837090163934426,0.07085681352459017
Parvez Rasool,death,3,0.0,24.0,0.0,0.002651127049180328,0.001656954405737705
Parvez Rasool,death,4,1.0,24.0,0.041666666666666664,0.11151383196721311,0.0853211449795082
Parvez Rasool,death,6,0.0,24.0,0.0,0.07952100409836066,0.04970062756147541
Parvez Rasool,death,W,2.0,24.0,0.08333333333333333,0.08016137295081967,0.08135085809426229
Parvez Rasool,death,Wd,0.0,24.0,0.0,0.04340420081967213,0.027127625512295084
Parvez Rasool,death,Nb,0.0,24.0,0.0,0.006570184426229508,0.004106365266393443
Q de Kock,death,0,13.0,150.0,0.08666666666666667,0.21696977459016392,0.11409889991371873
Q de Kock,death,1,65.0,150.0,0.43333333333333335,0.37083760245901637,0.4201763373597929
Q de Kock,death,2,10.0,150.0,0.06666666666666667,0.08837090163934426,0.07123597929249353
Q de Kock,death,3,0.0,150.0,0.0,0.002651127049180328,0.0005581320103537533
Q de Kock,death,4,27.0,150.0,0.18,0.11151383196721311,0.16558185936151856
Q de Kock,death,6,14.0,150.0,0.09333333333333334,0.07952100409836066,0.0904254745470233
Q de Kock,death,W,12.0,150.0,0.08,0.08016137295081967,0.08003397325280413
Q de Kock,death,Wd,9.0,150.0,0.06,0.04340420081967213,0.056506147540983605
Q de Kock,death,Nb,0.0,150.0,0.0,0.006570184426229508,0.0013831967213114753
Q de Kock,middle,0,324.0,1407.0,0.2302771855010661,0.2808889845966761,0.2316762677151811
Q de Kock,middle,1,664.0,1407.0,0.47192608386638235,0.4414331678151601,0.4710831559865974
Q de Kock,middle,2,99.0,1407.0,0.07036247334754797,0.06664217673287394,0.07025963169959569
Q de Kock,middle,3,1.0,1407.0,0.0007107320540156361,0.002286430887717876,0.000754289727372989
Q de Kock,middle,4,138.0,1407.0,0.09808102345415778,0.08739739562221321,0.09778569165507155
Q de Kock,middle,6,72.0,1407.0,0.0511727078891258,0.048281059991892986,0.051092772909243765
Q de Kock,middle,W,63.0,1407.0,0.04477611940298507,0.04221980137819214,0.044705454080945194
Q de Kock,middle,Wd,43.0,1407.0,0.030561478322672354,0.028171868666396434,0.03049542138676977
Q de Kock,middle,Nb,3.0,1407.0,0.0021321961620469083,0.002679114308877179,0.00214731483922259
Q de Kock,powerplay,0,954.0,2366.0,0.40321217244294166,0.4228881521678736,0.40353928765033875
Q de Kock,powerplay,1,646.0,2366.0,0.27303465765004226,0.25764450947345025,0.27277879483746387
Q de Kock,powerplay,2,108.0,2366.0,0.04564666103127642,0.04384827662845184,0.04561676270371491
Q de Kock,powerplay,3,12.0,2366.0,0.00507185122569738,0.005028429611245902,0.005071129336845319
Q de Kock,powerplay,4,334.0,2366.0,0.14116652578191038,0.15223269683107069,0.1413505020254542
Q de Kock,powerplay,6,147.0,2366.0,0.0621301775147929,0.040523771600022226,0.06177096877140519
Q de Kock,powerplay,W,86.0,2366.0,0.03634826711749789,0.03919952586446391,0.036395669590431654
Q de Kock,powerplay,Wd,69.0,2366.0,0.029163144547759933,0.03486563072990943,0.029257948973065828
Q de Kock,powerplay,Nb,10.0,2366.0,0.00422654268808115,0.003769007093512122,0.004218936111280334
R Ashwin,death,0,89.0,419.0,0.21241050119331742,0.21696977459016392,0.2128078234936962
R Ashwin,death,1,175.0,419.0,0.41766109785202865,0.37083760245901637,0.4135806189506768
R Ashwin,death,2,32.0,419.0,0.07637231503579953,0.08837090163934426,0.07741794349798208
R Ashwin,death,3,0.0,419.0,0.0,0.002651127049180328,0.0002310350369656059
R Ashwin,death,4,41.0,419.0,0.09785202863961814,0.11151383196721311,0.09904259973570484
R Ashwin,death,6,14.0,419.0,0.03341288782816229,0.07952100409836066,0.037431024322297224
R Ashwin,death,W,46.0,419.0,0.10978520286396182,0.08016137295081967,0.10720360548591022
R Ashwin,death,Wd,19.0,419.0,0.045346062052505964,0.04340420081967213,0.045176836672738314
R Ashwin,death,Nb,3.0,419.0,0.007159904534606206,0.006570184426229508,0.007108512804028715
R Ashwin,middle,0,99.0,295.0,0.33559322033898303,0.2808889845966761,0.32906137129512547
R Ashwin,middle,1,137.0,295.0,0.46440677966101696,0.4414331678151601,0.4616636618286758
R Ashwin,middle,2,15.0,295.0,0.05084745762711865,0.06664217673287394,0.052733394236761065
R Ashwin,middle,3,0.0,295.0,0.0,0.002286430887717876,0.0002730066731603434
R Ashwin,middle,4,18.0,295.0,0.061016949152542375,0.08739739562221321,0.06416685320862248
R Ashwin,middle,6,6.0,295.0,0.020338983050847456,0.048281059991892986,0.02367535044679319
R Ashwin,middle,W,15.0,295.0,0.05084745762711865,0.04221980137819214,0.04981728971679906
R Ashwin,middle,Wd,5.0,295.0,0.01694915254237288,0.028171868666396434,0.01828917834822644
R Ashwin,middle,Nb,0.0,295.0,0.0,0.002679114308877179,0.0003198942458360811
R Ashwin,powerplay,0,35.0,66.0,0.5303030303030303,0.4228881521678736,0.48976911402561274
R Ashwin,powerplay,1,13.0,66.0,0.19696969696969696,0.25764450947345025,0.21986585263149067
R Ashwin,powerplay,2,1.0,66.0,0.015151515151515152,0.04384827662845184,0.0259804817465856
R Ashwin,powerplay,3,0.0,66.0,0.0,0.005028429611245902,0.0018975206080173216
R Ashwin,powerplay,4,10.0,66.0,0.15151515151515152,0.15223269683107069,0.1517859233324795
R Ashwin,powerplay,6,2.0,66.0,0.030303030303030304,0.040523771600022226,0.03415991381132914
R Ashwin,powerplay,W,5.0,66.0,0.07575757575757576,0.03919952586446391,0.061962085231873174
R Ashwin,powerplay,Wd,0.0,66.0,0.0,0.03486563072990943,0.013156841784871484
R Ashwin,powerplay,Nb,0.0,66.0,0.0,0.003769007093512122,0.0014222668277404235
R Bhatia,death,0,30.0,163.0,0.18404907975460122,0.21696977459016392,0.19053591617540178
R Bhatia,death,1,63.0,163.0,0.38650306748466257,0.37083760245901637,0.3834162763466042
R Bhatia,death,2,14.0,163.0,0.08588957055214724,0.08837090163934426,0.08637850278607768
R Bhatia,death,3,1.0,163.0,0.006134969325153374,0.002651127049180328,0.005448497940725188
R Bhatia,death,4,18.0,163.0,0.11042944785276074,0.11151383196721311,0.11064311959945086
R Bhatia,death,6,11.0,163.0,0.06748466257668712,0.07952100409836066,0.0698563554873617
R Bhatia,death,W,21.0,163.0,0.12883435582822086,0.08016137295081967,0.11924362028587579
R Bhatia,death,Wd,5.0,163.0,0.03067484662576687,0.04340420081967213,0.033183093757570864
R Bhatia,death,Nb,0.0,163.0,0.0,0.006570184426229508,0.001294617620931923
R Bhatia,middle,0,42.0,108.0,0.3888888888888889,0.2808889845966761,0.3596997255666692
R Bhatia,middle,1,46.0,108.0,0.42592592592592593,0.4414331678151601,0.4301170723824757
R Bhatia,middle,2,7.0,108.0,0.06481481481481481,0.06664217673287394,0.06530869641429025
R Bhatia,middle,3,0.0,108.0,0.0,0.002286430887717876,0.0006179542939778043
R Bhatia,middle,4,4.0,108.0,0.037037037037037035,0.08739739562221321,0.05064794476276033
R Bhatia,middle,6,2.0,108.0,0.018518518518518517,0.048281059991892986,0.026562448646457563
R Bhatia,middle,W,6.0,108.0,0.05555555555555555,0.04221980137819214,0.05195129766978166
R Bhatia,middle,Wd,1.0,108.0,0.009259259259259259,0.028171868666396434,0.014370775315242277
R Bhatia,middle,Nb,0.0,108.0,0.0,0.002679114308877179,0.0007240849483451835
R Dhawan,death,0,40.0,125.0,0.32,0.21696977459016392,0.29502297565822155
R Dhawan,death,1,44.0,125.0,0.352,0.37083760245901637,0.3565666915052161
R Dhawan,death,2,13.0,125.0,0.104,0.08837090163934426,0.10021112767014406
R Dhawan,death,3,1.0,125.0,0.008,0.002651127049180328,0.00670330352707402
R Dhawan,death,4,12.0,125.0,0.096,0.11151383196721311,0.09976092896174864
R Dhawan,death,6,7.0,125.0,0.056,0.07952100409836066,0.061702061599602585
R Dhawan,death,W,7.0,125.0,0.056,0.08016137295081967,0.06185730253353204
R Dhawan,death,Wd,1.0,125.0,0.008,0.04340420081967213,0.01658283656234476
R Dhawan,death,Nb,0.0,125.0,0.0,0.006570184426229508,0.0015927719821162444
R Dhawan,middle,0,31.0,55.0,0.5636363636363636,0.2808889845966761,0.44458483561965306
R Dhawan,middle,1,14.0,55.0,0.2545454545454545,0.4414331678151601,0.3332350180274358
R Dhawan,middle,2,2.0,55.0,0.03636363636363636,0.06664217673287394,0.049112495466473234
R Dhawan,middle,3,0.0,55.0,0.0,0.002286430887717876,0.0009627077421970004
R Dhawan,middle,4,6.0,55.0,0.10909090909090909,0.08739739562221321,0.09995679815672134
R Dhawan,middle,6,0.0,55.0,0.0,0.048281059991892986,0.020328867365007573
R Dhawan,middle,W,2.0,55.0,0.03636363636363636,0.04221980137819214,0.03882939005397564
R Dhawan,middle,Wd,0.0,55.0,0.0,0.028171868666396434,0.01186183943848271
R Dhawan,middle,Nb,0.0,55.0,0.0,0.002679114308877179,0.001128048130053549
R Dravid,death,0,23.0,107.0,0.21495327102803738,0.21696977459016392,0.2155019794803167
R Dravid,death,1,35.0,107.0,0.32710280373831774,0.37083760245901637,0.33900342924054866
R Dravid,death,2,13.0,107.0,0.12149532710280374,0.08837090163934426,0.11248187799710048
R Dravid,death,3,0.0,107.0,0.0,0.002651127049180328,0.0007213951154232185
R Dravid,death,4,15.0,107.0,0.14018691588785046,0.11151383196721311,0.1323847161815546
R Dravid,death,6,8.0,107.0,0.07476635514018691,0.07952100409836066,0.07606013716962196
R Dravid,death,W,12.0,107.0,0.11214953271028037,0.08016137295081967,0.10344527155124345
R Dravid,death,Wd,1.0,107.0,0.009345794392523364,0.04340420081967213,0.018613387978142076
R Dravid,death,Nb,0.0,107.0,0.0,0.006570184426229508,0.0017878052860488458
R Dravid,middle,0,220.0,817.0,0.2692778457772338,0.2808889845966761,0.26981978924605254
R Dravid,middle,1,392.0,817.0,0.47980416156670747,0.4414331678151601,0.47801321670082425
R Dravid,middle,2,63.0,817.0,0.07711138310893513,0.06664217673287394,0.07662273870398478
R Dravid,middle,3,0.0,817.0,0.0,0.002286430887717876,0.00010671789440923575
R Dravid,middle,4,85.0,817.0,0.10403916768665851,0.08739739562221321,0.1032624221994032
R Dravid,middle,6,9.0,817.0,0.011015911872705019,0.048281059991892986,0.012755242006622777
R Dravid,middle,W,38.0,817.0,0.046511627906976744,0.04221980137819214,0.04631130928252939
R Dravid,middle,Wd,10.0,817.0,0.012239902080783354,0.028171868666396434,0.012983517790730289
R Dravid,middle,Nb,0.0,817.0,0.0,0.002679114308877179,0.00012504617544350892
R Dravid,powerplay,0,404.0,793.0,0.5094577553593947,0.4228881521678736,0.5053007516046998
R Dravid,powerplay,1,176.0,793.0,0.22194199243379573,0.25764450947345025,0.22365639901433135
R Dravid,powerplay,2,28.0,793.0,0.03530895334174023,0.04384827662845184,0.035719004880117734
R Dravid,powerplay,3,1.0,793.0,0.0012610340479192938,0.005028429611245902,0.0014419413978989627
R Dravid,powerplay,4,136.0,793.0,0.17150063051702397,0.15223269683107069,0.1705753996077345
R Dravid,powerplay,6,7.0,793.0,0.008827238335435058,0.040523771600022226,0.010349280749100707
R Dravid,powerplay,W,16.0,793.0,0.0201765447667087,0.03919952586446391,0.021090013246792983
R Dravid,powerplay,Wd,22.0,793.0,0.027742749054224466,0.03486563072990943,0.02808478418871114
R Dravid,powerplay,Nb,3.0,793.0,0.0037831021437578815,0.003769007093512122,0.003782425310612827
R McLaren,death,0,17.0,55.0,0.3090909090909091,0.21696977459016392,0.2703030629853322
R McLaren,death,1,20.0,55.0,0.36363636363636365,0.37083760245901637,0.36666846419327004
R McLaren,death,2,5.0,55.0,0.09090909090909091,0.08837090163934426,0.08984037963761864
R McLaren,death,3,0.0,55.0,0.0,0.002651127049180328,0.0011162640207075065
R McLaren,death,4,6.0,55.0,0.10909090909090909,0.11151383196721311,0.11011108714408974
R McLaren,death,6,0.0,55.0,0.0,0.07952100409836066,0.033482528041415015
R McLaren,death,W,6.0,55.0,0.10909090909090909,0.08016137295081967,0.09691005176876617
R McLaren,death,Wd,1.0,55.0,0.01818181818181818,0.04340420081967213,0.02880176876617774
R McLaren,death,Nb,0.0,55.0,0.0,0.006570184426229508,0.0027663934426229507
R McLaren,middle,0,31.0,78.0,0.3974358974358974,0.2808889845966761,0.35792846935480543
R McLaren,middle,1,36.0,78.0,0.46153846153846156,0.4414331678151601,0.4547231077339526
R McLaren,middle,2,2.0,78.0,0.02564102564102564,0.06664217673287394,0.039539720926397945
R McLaren,middle,3,0.0,78.0,0.0,0.002286430887717876,0.0007750613178704665
R McLaren,middle,4,4.0,78.0,0.05128205128205128,0.08739739562221321,0.06352454088888583
R McLaren,middle,6,0.0,78.0,0.0,0.048281059991892986,0.01636646101420101
R McLaren,middle,W,2.0,78.0,0.02564102564102564,0.04221980137819214,0.03126094961972615
R McLaren,middle,Wd,3.0,78.0,0.038461538461538464,0.028171868666396434,0.03497351480216828
R McLaren,middle,Nb,0.0,78.0,0.0,0.002679114308877179,0.000908174341992264
R McLaren,powerplay,0,6.0,12.0,0.5,0.4228881521678736,0.4406831939752874
R McLaren,powerplay,1,6.0,12.0,0.5,0.25764450947345025,0.31357269959496176
R McLaren,powerplay,2,0.0,12.0,0.0,0.04384827662845184,0.033729443560347565
R McLaren,powerplay,3,0.0,12.0,0.0,0.005028429611245902,0.0038680227778814633
R McLaren,powerplay,4,0.0,12.0,0.0,0.15223269683107069,0.11710207448543898
R McLaren,powerplay,6,0.0,12.0,0.0,0.040523771600022226,0.0311721320000171
R McLaren,powerplay,W,0.0,12.0,0.0,0.03919952586446391,0.030153481434203006
R McLaren,powerplay,Wd,0.0,12.0,0.0,0.03486563072990943,0.02681971594608418
R McLaren,powerplay,Nb,0.0,12.0,0.0,0.003769007093512122,0.0028992362257785555
R Parag,death,0,71.0,345.0,0.20579710144927535,0.21696977459016392,0.20695789865871833
R Parag,death,1,120.0,345.0,0.34782608695652173,0.37083760245901637,0.35021689376197573
R Parag,death,2,25.0,345.0,0.07246376811594203,0.08837090163934426,0.07411645731317862
R Parag,death,3,0.0,345.0,0.0,0.002651127049180328,0.00027544177134341066
R Parag,death,4,40.0,345.0,0.11594202898550725,0.11151383196721311,0.11548195656802214
R Parag,death,6,33.0,345.0,0.09565217391304348,0.07952100409836066,0.0939762082180115
R Parag,death,W,36.0,345.0,0.10434782608695652,0.08016137295081967,0.1018349478390462
R Parag,death,Wd,17.0,345.0,0.04927536231884058,0.04340420081967213,0.04866537151373217
R Parag,death,Nb,3.0,345.0,0.008695652173913044,0.006570184426229508,0.008474824355971897
R Parag,middle,0,215.0,759.0,0.28326745718050067,0.2808889845966761,0.2831483847107222
R Parag,middle,1,335.0,759.0,0.4413702239789196,0.4414331678151601,0.441373375109645
R Parag,middle,2,46.0,759.0,0.06060606060606061,0.06664217673287394,0.06090824414182097
R Parag,middle,3,1.0,759.0,0.0013175230566534915,0.002286430887717876,0.001366029080736815
R Parag,middle,4,62.0,759.0,0.08168642951251646,0.08739739562221321,0.08197233520011081
R Parag,middle,6,50.0,759.0,0.06587615283267458,0.048281059991892986,0.06499529712099589
R Parag,middle,W,23.0,759.0,0.030303030303030304,0.04221980137819214,0.030899614587143534
R Parag,middle,Wd,26.0,759.0,0.034255599472990776,0.028171868666396434,0.03395103222359932
R Parag,middle,Nb,1.0,759.0,0.0013175230566534915,0.002679114308877179,0.0013856878252253907
R Parag,powerplay,0,58.0,114.0,0.5087719298245614,0.4228881521678736,0.48646445510853864
R Parag,powerplay,1,23.0,114.0,0.20175438596491227,0.25764450947345025,0.21627130116193513
R Parag,powerplay,2,0.0,114.0,0.0,0.04384827662845184,0.011389162760636841
R Parag,powerplay,3,0.0,114.0,0.0,0.005028429611245902,0.0013060856133106239
R Parag,powerplay,4,14.0,114.0,0.12280701754385964,0.15223269683107069,0.13045005112495342
R Parag,powerplay,6,9.0,114.0,0.07894736842105263,0.040523771600022226,0.06896721340260317
R Parag,powerplay,W,3.0,114.0,0.02631578947368421,0.03919952586446391,0.029662214510250366
R Parag,powerplay,Wd,5.0,114.0,0.043859649122807015,0.03486563072990943,0.04152354044932712
R Parag,powerplay,Nb,2.0,114.0,0.017543859649122806,0.003769007093512122,0.013965975868444707
R Powell,death,0,93.0,501.0,0.18562874251497005,0.21696977459016392,0.18794600921184207
R Powell,death,1,169.0,501.0,0.3373253493013972,0.37083760245901637,0.33980314990454835
R Powell,death,2,38.0,501.0,0.07584830339321358,0.08837090163934426,0.07677418866094966
R Powell,death,3,0.0,501.0,0.0,0.002651127049180328,0.0001960167873700797
R Powell,death,4,47.0,501.0,0.09381237524950099,0.11151383196721311,0.09512117057058876
R Powell,death,6,69.0,501.0,0.1377245508982036,0.07952100409836066,0.13342114632889912
R Powell,death,W,38.0,501.0,0.07584830339321358,0.08016137295081967,0.07616719947880368
R Powell,death,Wd,44.0,501.0,0.08782435129740519,0.04340420081967213,0.08454005181661162
R Powell,death,Nb,3.0,501.0,0.005988023952095809,0.006570184426229508,0.006031067240386655
R Powell,middle,0,296.0,838.0,0.3532219570405728,0.2808889845966761,0.34992660522080526
R Powell,middle,1,306.0,838.0,0.36515513126491644,0.4414331678151601,0.3686302126567271
R Powell,middle,2,48.0,838.0,0.057279236276849645,0.06664217673287394,0.05770579392860473
R Powell,middle,3,4.0,838.0,0.00477326968973747,0.002286430887717876,0.004659974072333388
R Powell,middle,4,51.0,838.0,0.060859188544152745,0.08739739562221321,0.0620682184793719
R Powell,middle,6,57.0,838.0,0.06801909307875895,0.048281059991892986,0.06711986605885617
R Powell,middle,W,38.0,838.0,0.045346062052505964,0.04221980137819214,0.045203635598095315
R Powell,middle,Wd,35.0,838.0,0.041766109785202864,0.028171868666396434,0.04114678217158982
R Powell,middle,Nb,3.0,838.0,0.003579952267303103,0.002679114308877179,0.0035389118136162725
R Powell,powerplay,0,51.0,116.0,0.4396551724137931,0.4228881521678736,0.43535593645330095
R Powell,powerplay,1,31.0,116.0,0.2672413793103448,0.25764450947345025,0.26478064345473085
R Powell,powerplay,2,2.0,116.0,0.017241379310344827,0.04384827662845184,0.02406366067396201
R Powell,powerplay,3,1.0,116.0,0.008620689655172414,0.005028429611245902,0.007699597336216897
R Powell,powerplay,4,14.0,116.0,0.1206896551724138,0.15223269683107069,0.1287776145720694
R Powell,powerplay,6,9.0,116.0,0.07758620689655173,0.040523771600022226,0.06808301835898006
R Powell,powerplay,W,3.0,116.0,0.02586206896551724,0.03919952586446391,0.0292819297088369
R Powell,powerplay,Wd,4.0,116.0,0.034482758620689655,0.03486563072990943,0.034580930956387035
R Powell,powerplay,Nb,1.0,116.0,0.008620689655172414,0.003769007093512122,0.007376668485515929
R Rampaul,death,0,15.0,39.0,0.38461538461538464,0.21696977459016392,0.2997315314380577
R Rampaul,death,1,8.0,39.0,0.20512820512820512,0.37083760245901637,0.28903169744760326
R Rampaul,death,2,5.0,39.0,0.1282051282051282,0.08837090163934426,0.10803589956422495
R Rampaul,death,3,0.0,39.0,0.0,0.002651127049180328,0.0013423428097115585
R Rampaul,death,4,3.0,39.0,0.07692307692307693,0.11151383196721311,0.09443738327453828
R Rampaul,death,6,1.0,39.0,0.02564102564102564,0.07952100409836066,0.052922027391575026
R Rampaul,death,W,4.0,39.0,0.10256410256410256,0.08016137295081967,0.09122094832952894
R Rampaul,death,Wd,2.0,39.0,0.05128205128205128,0.04340420081967213,0.047293266237808676
R Rampaul,death,Nb,1.0,39.0,0.02564102564102564,0.006570184426229508,0.01598490350695165
R Rampaul,middle,0,9.0,18.0,0.5,0.2808889845966761,0.3488889548942594
R Rampaul,middle,1,8.0,18.0,0.4444444444444444,0.4414331678151601,0.4423677019414897
R Rampaul,middle,2,0.0,18.0,0.0,0.06664217673287394,0.04596012188474065
R Rampaul,middle,3,0.0,18.0,0.0,0.002286430887717876,0.0015768488880812939
R Rampaul,middle,4,0.0,18.0,0.0,0.08739739562221321,0.06027406594635394
R Rampaul,middle,6,0.0,18.0,0.0,0.048281059991892986,0.03329728275302964
R Rampaul,middle,W,1.0,18.0,0.05555555555555555,0.04221980137819214,0.04635848370909803
R Rampaul,middle,Wd,0.0,18.0,0.0,0.028171868666396434,0.019428874942342366
R Rampaul,middle,Nb,0.0,18.0,0.0,0.002679114308877179,0.001847665040604951
R Ravindra,death,0,6.0,34.0,0.17647058823529413,0.21696977459016392,0.19836204031900753
R Ravindra,death,1,13.0,34.0,0.38235294117647056,0.37083760245901637,0.37612843376163047
R Ravindra,death,2,4.0,34.0,0.11764705882352941,0.08837090163934426,0.10182210899424014
R Ravindra,death,3,0.0,34.0,0.0,0.002651127049180328,0.0014330416482055827
R Ravindra,death,4,5.0,34.0,0.14705882352941177,0.11151383196721311,0.12784531457687195
R Ravindra,death,6,1.0,34.0,0.029411764705882353,0.07952100409836066,0.05649784005316793
R Ravindra,death,W,4.0,34.0,0.11764705882352941,0.08016137295081967,0.09738452591936197
R Ravindra,death,Wd,1.0,34.0,0.029411764705882353,0.04340420081967213,0.036975243686309264
R Ravindra,death,Nb,0.0,34.0,0.0,0.006570184426229508,0.0035514510412051397
R Ravindra,middle,0,38.0,219.0,0.1735159817351598,0.2808889845966761,0.19009868487979553
R Ravindra,middle,1,103.0,219.0,0.4703196347031963,0.4414331678151601,0.46585840429577763
R Ravindra,middle,2,18.0,219.0,0.0821917808219178,0.06664217673287394,0.0797902975649226
R Ravindra,middle,3,0.0,219.0,0.0,0.002286430887717876,0.00035311673941588816
R Ravindra,middle,4,20.0,219.0,0.091324200913242,0.08739739562221321,0.0907177444976391
R Ravindra,middle,6,19.0,219.0,0.0867579908675799,0.048281059991892986,0.08081560772075566
R Ravindra,middle,W,11.0,219.0,0.0502283105022831,0.04221980137819214,0.04899147511632311
R Ravindra,middle,Wd,8.0,219.0,0.0365296803652968,0.028171868666396434,0.035238898635736905
R Ravindra,middle,Nb,2.0,219.0,0.0091324200913242,0.002679114308877179,0.008135770549633542
R Ravindra,powerplay,0,99.0,260.0,0.38076923076923075,0.4228881521678736,0.3863850869557165
R Ravindra,powerplay,1,70.0,260.0,0.2692307692307692,0.25764450947345025,0.26768593459646
R Ravindra,powerplay,2,18.0,260.0,0.06923076923076923,0.04384827662845184,0.06584643688379357
R Ravindra,powerplay,3,0.0,260.0,0.0,0.005028429611245902,0.0006704572814994536
R Ravindra,powerplay,4,34.0,260.0,0.13076923076923078,0.15223269683107069,0.13363102624414278
R Ravindra,powerplay,6,11.0,260.0,0.04230769230769231,0.040523771600022226,0.0420698362133363
R Ravindra,powerplay,W,13.0,260.0,0.05,0.03919952586446391,0.04855993678192852
R Ravindra,powerplay,Wd,12.0,260.0,0.046153846153846156,0.03486563072990943,0.04464875076398792
R Ravindra,powerplay,Nb,3.0,260.0,0.011538461538461539,0.003769007093512122,0.01050253427913495
R Sai Kishore,death,0,4.0,10.0,0.4,0.21696977459016392,0.25357581967213116
R Sai Kishore,death,1,5.0,10.0,0.5,0.37083760245901637,0.3966700819672131
R Sai Kishore,death,2,0.0,10.0,0.0,0.08837090163934426,0.0706967213114754
R Sai Kishore,death,3,0.0,10.0,0.0,0.002651127049180328,0.002120901639344262
R Sai Kishore,death,4,0.0,10.0,0.0,0.11151383196721311,0.0892110655737705
R Sai Kishore,death,6,0.0,10.0,0.0,0.07952100409836066,0.06361680327868853
R Sai Kishore,death,W,1.0,10.0,0.1,0.08016137295081967,0.08412909836065573
R Sai Kishore,death,Wd,0.0,10.0,0.0,0.04340420081967213,0.03472336065573771
R Sai Kishore,death,Nb,0.0,10.0,0.0,0.006570184426229508,0.005256147540983607
R Sharma,death,0,31.0,66.0,0.4696969696969697,0.21696977459016392,0.374328216826477
R Sharma,death,1,12.0,66.0,0.18181818181818182,0.37083760245901637,0.2531462650788741
R Sharma,death,2,4.0,66.0,0.06060606060606061,0.08837090163934426,0.07108335910918652
R Sharma,death,3,0.0,66.0,0.0,0.002651127049180328,0.0010004253015774823
R Sharma,death,4,5.0,66.0,0.07575757575757576,0.11151383196721311,0.08925050262913703
R Sharma,death,6,2.0,66.0,0.030303030303030304,0.07952100409836066,0.04887585060315497
R Sharma,death,W,10.0,66.0,0.15151515151515152,0.08016137295081967,0.12458919733993194
R Sharma,death,Wd,2.0,66.0,0.030303030303030304,0.04340420081967213,0.03524686823383854
R Sharma,death,Nb,0.0,66.0,0.0,0.006570184426229508,0.002479314877822456
R Shepherd,death,0,90.0,345.0,0.2608695652173913,0.21696977459016392,0.2563085480093677
R Shepherd,death,1,104.0,345.0,0.30144927536231886,0.37083760245901637,0.30865845220353416
R Shepherd,death,2,25.0,345.0,0.07246376811594203,0.08837090163934426,0.07411645731317862
R Shepherd,death,3,0.0,345.0,0.0,0.002651127049180328,0.00027544177134341066
R Shepherd,death,4,37.0,345.0,0.1072463768115942,0.11151383196721311,0.10768974877581435
R Shepherd,death,6,42.0,345.0,0.12173913043478261,0.07952100409836066,0.11735283159463487
R Shepherd,death,W,20.0,345.0,0.057971014492753624,0.08016137295081967,0.06027650628060464
R Shepherd,death,Wd,25.0,345.0,0.07246376811594203,0.04340420081967213,0.06944459229295295
R Shepherd,death,Nb,2.0,345.0,0.005797101449275362,0.006570184426229508,0.005877421758569299
R Shepherd,middle,0,94.0,234.0,0.4017094017094017,0.2808889845966761,0.38407138461265344
R Shepherd,middle,1,80.0,234.0,0.3418803418803419,0.4414331678151601,0.3564136011408993
R Shepherd,middle,2,11.0,234.0,0.04700854700854701,0.06664217673287394,0.049874770325966995
R Shepherd,middle,3,0.0,234.0,0.0,0.002286430887717876,0.0003337855310537045
R Shepherd,middle,4,11.0,234.0,0.04700854700854701,0.08739739562221321,0.052904729287914336
R Shepherd,middle,6,22.0,234.0,0.09401709401709402,0.048281059991892986,0.08734030072874349
R Shepherd,middle,W,11.0,234.0,0.04700854700854701,0.04221980137819214,0.04630946005521053
R Shepherd,middle,Wd,4.0,234.0,0.017094017094017096,0.028171868666396434,0.018711221703123566
R Shepherd,middle,Nb,1.0,234.0,0.004273504273504274,0.002679114308877179,0.004040746614434624
R Shepherd,powerplay,0,0.0,2.0,0.0,0.4228881521678736,0.40275062111226057
R Shepherd,powerplay,1,1.0,2.0,0.5,0.25764450947345025,0.2691852471175717
R Shepherd,powerplay,2,0.0,2.0,0.0,0.04384827662845184,0.04176026345566842
R Shepherd,powerplay,3,0.0,2.0,0.0,0.005028429611245902,0.004788980582138954
R Shepherd,powerplay,4,0.0,2.0,0.0,0.15223269683107069,0.14498352079149587
R Shepherd,powerplay,6,0.0,2.0,0.0,0.040523771600022226,0.03859406819049736
R Shepherd,powerplay,W,0.0,2.0,0.0,0.03919952586446391,0.037332881775679914
R Shepherd,powerplay,Wd,1.0,2.0,0.5,0.03486563072990943,0.05701488640943756
R Shepherd,powerplay,Nb,0.0,2.0,0.0,0.003769007093512122,0.00358953056524964
R Tewatia,death,0,115.0,499.0,0.23046092184368738,0.21696977459016392,0.2294597235317376
R Tewatia,death,1,176.0,499.0,0.3527054108216433,0.37083760245901637,0.3540510280118009
R Tewatia,death,2,28.0,499.0,0.056112224448897796,0.08837090163934426,0.0585061893609903
R Tewatia,death,3,0.0,499.0,0.0,0.002651127049180328,0.0001967441223881505
R Tewatia,death,4,65.0,499.0,0.13026052104208416,0.11151383196721311,0.12886930107363362
R Tewatia,death,6,48.0,499.0,0.09619238476953908,0.07952100409836066,0.09495517655646461
R Tewatia,death,W,34.0,499.0,0.06813627254509018,0.08016137295081967,0.069028673317315
R Tewatia,death,Wd,30.0,499.0,0.06012024048096192,0.04340420081967213,0.05887971805711852
R Tewatia,death,Nb,3.0,499.0,0.006012024048096192,0.006570184426229508,0.006053445968551355
R Tewatia,middle,0,124.0,338.0,0.3668639053254438,0.2808889845966761,0.35776603011605035
R Tewatia,middle,1,139.0,338.0,0.41124260355029585,0.4414331678151601,0.4144373722555725
R Tewatia,middle,2,16.0,338.0,0.047337278106508875,0.06664217673287394,0.049380124521997235
R Tewatia,middle,3,0.0,338.0,0.0,0.002286430887717876,0.00024195035848866413
R Tewatia,middle,4,27.0,338.0,0.07988165680473373,0.08739739562221321,0.08067697308171569
R Tewatia,middle,6,8.0,338.0,0.023668639053254437,0.048281059991892986,0.026273128041470157
R Tewatia,middle,W,14.0,338.0,0.04142011834319527,0.04221980137819214,0.041504740886581175
R Tewatia,middle,Wd,9.0,338.0,0.026627218934911243,0.028171868666396434,0.026790673932952005
R Tewatia,middle,Nb,1.0,338.0,0.0029585798816568047,0.002679114308877179,0.002929006805172188
R Tewatia,powerplay,0,3.0,7.0,0.42857142857142855,0.4228881521678736,0.4237345975896797
R Tewatia,powerplay,1,2.0,7.0,0.2857142857142857,0.25764450947345025,0.26182511444548956
R Tewatia,powerplay,2,0.0,7.0,0.0,0.04384827662845184,0.03731768223698029
R Tewatia,powerplay,3,0.0,7.0,0.0,0.005028429611245902,0.00427951456276247
R Tewatia,powerplay,4,1.0,7.0,0.14285714285714285,0.15223269683107069,0.1508363377285708
R Tewatia,powerplay,6,0.0,7.0,0.0,0.040523771600022226,0.03448831625533807
R Tewatia,powerplay,W,1.0,7.0,0.14285714285714285,0.03919952586446391,0.05463789435273524
R Tewatia,powerplay,Wd,0.0,7.0,0.0,0.03486563072990943,0.029672877216944202
R Tewatia,powerplay,Nb,0.0,7.0,0.0,0.003769007093512122,0.0032076656114996783
R Vinay Kumar,death,0,55.0,203.0,0.270935960591133,0.21696977459016392,0.2620526377926196
R Vinay Kumar,death,1,73.0,203.0,0.35960591133004927,0.37083760245901637,0.3614547493759698
R Vinay Kumar,death,2,24.0,203.0,0.11822660098522167,0.08837090163934426,0.11331208257437765
R Vinay Kumar,death,3,0.0,203.0,0.0,0.002651127049180328,0.00043639951426836674
R Vinay Kumar,death,4,12.0,203.0,0.059113300492610835,0.11151383196721311,0.06773890238143426
R Vinay Kumar,death,6,9.0,203.0,0.04433497536945813,0.07952100409836066,0.050126914254874186
R Vinay Kumar,death,W,20.0,203.0,0.09852216748768473,0.08016137295081967,0.09549981447750118
R Vinay Kumar,death,Wd,10.0,203.0,0.04926108374384237,0.04340420081967213,0.04829698778924644
R Vinay Kumar,death,Nb,0.0,203.0,0.0,0.006570184426229508,0.001081511839708561
R Vinay Kumar,middle,0,13.0,38.0,0.34210526315789475,0.2808889845966761,0.3107122997931672
R Vinay Kumar,middle,1,16.0,38.0,0.42105263157894735,0.4414331678151601,0.43150418862315904
R Vinay Kumar,middle,2,4.0,38.0,0.10526315789473684,0.06664217673287394,0.08545752652967895
R Vinay Kumar,middle,3,0.0,38.0,0.0,0.002286430887717876,0.0011725286603681416
R Vinay Kumar,middle,4,3.0,38.0,0.07894736842105263,0.08739739562221321,0.08328071570369908
R Vinay Kumar,middle,6,0.0,38.0,0.0,0.048281059991892986,0.024759517944560504
R Vinay Kumar,middle,W,1.0,38.0,0.02631578947368421,0.04221980137819214,0.03447169301445751
R Vinay Kumar,middle,Wd,1.0,38.0,0.02631578947368421,0.028171868666396434,0.027267624957126372
R Vinay Kumar,middle,Nb,0.0,38.0,0.0,0.002679114308877179,0.0013739047737831686
RA Jadeja,death,0,245.0,1362.0,0.17988252569750368,0.21696977459016392,0.18094064977432706
RA Jadeja,death,1,588.0,1362.0,0.43171806167400884,0.37083760245901637,0.42998110135403755
RA Jadeja,death,2,138.0,1362.0,0.1013215859030837,0.08837090163934426,0.10095209419798414
RA Jadeja,death,3,2.0,1362.0,0.0014684287812041115,0.002651127049180328,0.001502171955754075
RA Jadeja,death,4,152.0,1362.0,0.11160058737151249,0.11151383196721311,0.11159811218166087
RA Jadeja,death,6,72.0,1362.0,0.05286343612334802,0.07952100409836066,0.05362399441079488
RA Jadeja,death,W,85.0,1362.0,0.06240822320117474,0.08016137295081967,0.06291473246649985
RA Jadeja,death,Wd,68.0,1362.0,0.049926578560939794,0.04340420081967213,0.04974049075091789
RA Jadeja,death,Nb,12.0,1362.0,0.00881057268722467,0.006570184426229508,0.008746652908023666
RA Jadeja,middle,0,417.0,1302.0,0.32027649769585254,0.2808889845966761,0.31910250326666695
RA Jadeja,middle,1,558.0,1302.0,0.42857142857142855,0.4414331678151601,0.42895478890656213
RA Jadeja,middle,2,116.0,1302.0,0.0890937019969278,0.06664217673287394,0.08842450601290235
RA Jadeja,middle,3,4.0,1302.0,0.0030721966205837174,0.002286430887717876,0.0030487758833895044
RA Jadeja,middle,4,92.0,1302.0,0.0706605222734255,0.08739739562221321,0.07115938586057267
RA Jadeja,middle,6,30.0,1302.0,0.02304147465437788,0.048281059991892986,0.023793772279937196
RA Jadeja,middle,W,37.0,1302.0,0.028417818740399385,0.04221980137819214,0.028829204213955056
RA Jadeja,middle,Wd,46.0,1302.0,0.03533026113671275,0.028171868666396434,0.03511689623446785
RA Jadeja,middle,Nb,2.0,1302.0,0.0015360983102918587,0.002679114308877179,0.0015701673415462647
RA Jadeja,powerplay,0,34.0,87.0,0.39080459770114945,0.4228881521678736,0.400909654226102
RA Jadeja,powerplay,1,22.0,87.0,0.25287356321839083,0.25764450947345025,0.2543762234562048
RA Jadeja,powerplay,2,5.0,87.0,0.05747126436781609,0.04384827662845184,0.053180559568016324
RA Jadeja,powerplay,3,0.0,87.0,0.0,0.005028429611245902,0.001583757357872725
RA Jadeja,powerplay,4,17.0,87.0,0.19540229885057472,0.15223269683107069,0.18180557380506163
RA Jadeja,powerplay,6,4.0,87.0,0.04597701149425287,0.040523771600022226,0.044259455622054245
RA Jadeja,powerplay,W,4.0,87.0,0.04597701149425287,0.03919952586446391,0.04384237035101226
RA Jadeja,powerplay,Wd,1.0,87.0,0.011494252873563218,0.03486563072990943,0.018855316765325807
RA Jadeja,powerplay,Nb,0.0,87.0,0.0,0.003769007093512122,0.0011870888483502748
RA Tripathi,death,0,35.0,146.0,0.23972602739726026,0.21696977459016392,0.23483220958928258
RA Tripathi,death,1,53.0,146.0,0.363013698630137,0.37083760245901637,0.3646962585933368
RA Tripathi,death,2,12.0,146.0,0.0821917808219178,0.08837090163934426,0.08352062400846114
RA Tripathi,death,3,0.0,146.0,0.0,0.002651127049180328,0.000570134849286092
RA Tripathi,death,4,14.0,146.0,0.0958904109589041,0.11151383196721311,0.09925028644456196
RA Tripathi,death,6,12.0,146.0,0.0821917808219178,0.07952100409836066,0.08161742023620659
RA Tripathi,death,W,15.0,146.0,0.10273972602739725,0.08016137295081967,0.09788416622598273
RA Tripathi,death,Wd,3.0,146.0,0.02054794520547945,0.04340420081967213,0.025463268993477877
RA Tripathi,death,Nb,2.0,146.0,0.0136986301369863,0.006570184426229508,0.012165631059404195
RA Tripathi,middle,0,183.0,742.0,0.24663072776280323,0.2808889845966761,0.24838306826581463
RA Tripathi,middle,1,341.0,742.0,0.45956873315363883,0.4414331678151601,0.4586410827526936
RA Tripathi,middle,2,57.0,742.0,0.07681940700808626,0.06664217673287394,0.07629883256945647
RA Tripathi,middle,3,4.0,742.0,0.005390835579514825,0.002286430887717876,0.005232042500650531
RA Tripathi,middle,4,78.0,742.0,0.10512129380053908,0.08739739562221321,0.10421470054333572
RA Tripathi,middle,6,29.0,742.0,0.03908355795148248,0.048281059991892986,0.039554018413907564
RA Tripathi,middle,W,35.0,742.0,0.04716981132075472,0.04221980137819214,0.04691661388123745
RA Tripathi,middle,Wd,15.0,742.0,0.02021563342318059,0.028171868666396434,0.02062260197782079
RA Tripathi,middle,Nb,0.0,742.0,0.0,0.002679114308877179,0.00013703909508323167
RA Tripathi,powerplay,0,264.0,702.0,0.37606837606837606,0.4228881521678736,0.3785923532165969
RA Tripathi,powerplay,1,188.0,702.0,0.2678062678062678,0.25764450947345025,0.267258464122558
RA Tripathi,powerplay,2,31.0,702.0,0.04415954415954416,0.04384827662845184,0.04414276423873056
RA Tripathi,powerplay,3,1.0,702.0,0.0014245014245014246,0.005028429611245902,0.001618783267452609
RA Tripathi,powerplay,4,122.0,702.0,0.1737891737891738,0.15223269683107069,0.17262709955962646
RA Tripathi,powerplay,6,36.0,702.0,0.05128205128205128,0.040523771600022226,0.050702090113208746
RA Tripathi,powerplay,W,36.0,702.0,0.05128205128205128,0.03919952586446391,0.05063070220293606
RA Tripathi,powerplay,Wd,20.0,702.0,0.02849002849002849,0.03486563072990943,0.028833726723984338
RA Tripathi,powerplay,Nb,4.0,702.0,0.005698005698005698,0.003769007093512122,0.005594016554906315
RD Chahar,death,0,39.0,103.0,0.3786407766990291,0.21696977459016392,0.3334181187664794
RD Chahar,death,1,27.0,103.0,0.2621359223300971,0.37083760245901637,0.29254198670182274
RD Chahar,death,2,7.0,103.0,0.06796116504854369,0.08837090163934426,0.07367018227673966
RD Chahar,death,3,0.0,103.0,0.0,0.002651127049180328,0.0007415739997707211
RD Chahar,death,4,12.0,103.0,0.11650485436893204,0.11151383196721311,0.11510876418663304
RD Chahar,death,6,5.0,103.0,0.04854368932038835,0.07952100409836066,0.05720867247506592
RD Chahar,death,W,12.0,103.0,0.11650485436893204,0.08016137295081967,0.10633884558064886
RD Chahar,death,Wd,1.0,103.0,0.009708737864077669,0.04340420081967213,0.019134042187320878
RD Chahar,death,Nb,0.0,103.0,0.0,0.006570184426229508,0.0018378138255187436
RD Chahar,middle,0,12.0,16.0,0.75,0.2808889845966761,0.4149207032833401
RD Chahar,middle,1,1.0,16.0,0.0625,0.4414331678151601,0.3331665484394001
RD Chahar,middle,2,1.0,16.0,0.0625,0.06664217673287394,0.06545869766633852
RD Chahar,middle,3,0.0,16.0,0.0,0.002286430887717876,0.001633164919798483
RD Chahar,middle,4,0.0,16.0,0.0,0.08739739562221321,0.062426711158723724
RD Chahar,middle,6,0.0,16.0,0.0,0.048281059991892986,0.034486471422780704
RD Chahar,middle,W,2.0,16.0,0.125,0.04221980137819214,0.06587128669870868
RD Chahar,middle,Wd,0.0,16.0,0.0,0.028171868666396434,0.02012276333314031
RD Chahar,middle,Nb,0.0,16.0,0.0,0.002679114308877179,0.0019136530777694135
RD Gaikwad,death,0,27.0,176.0,0.1534090909090909,0.21696977459016392,0.1651795878870674
RD Gaikwad,death,1,77.0,176.0,0.4375,0.37083760245901637,0.4251551115664845
RD Gaikwad,death,2,17.0,176.0,0.09659090909090909,0.08837090163934426,0.09506868548876746
RD Gaikwad,death,3,0.0,176.0,0.0,0.002651127049180328,0.0004909494535519126
RD Gaikwad,death,4,19.0,176.0,0.10795454545454546,0.11151383196721311,0.10861367258652095
RD Gaikwad,death,6,17.0,176.0,0.09659090909090909,0.07952100409836066,0.09342981557377049
RD Gaikwad,death,W,11.0,176.0,0.0625,0.08016137295081967,0.06577062462052216
RD Gaikwad,death,Wd,6.0,176.0,0.03409090909090909,0.04340420081967213,0.03581559274438373
RD Gaikwad,death,Nb,2.0,176.0,0.011363636363636364,0.006570184426229508,0.01047596007893139
RD Gaikwad,middle,0,163.0,766.0,0.21279373368146215,0.2808889845966761,0.21617315060033132
RD Gaikwad,middle,1,395.0,766.0,0.5156657963446475,0.4414331678151601,0.511981794928792
RD Gaikwad,middle,2,55.0,766.0,0.07180156657963446,0.06664217673287394,0.07154551745572575
RD Gaikwad,middle,3,2.0,766.0,0.0026109660574412533,0.002286430887717876,0.002594860093683269
RD Gaikwad,middle,4,63.0,766.0,0.08224543080939947,0.08739739562221321,0.08250111144527114
RD Gaikwad,middle,6,41.0,766.0,0.05352480417754569,0.048281059991892986,0.05326456873408898
RD Gaikwad,middle,W,30.0,766.0,0.0391644908616188,0.04221980137819214,0.039316119175096385
RD Gaikwad,middle,Wd,14.0,766.0,0.018276762402088774,0.028171868666396434,0.018767834673270294
RD Gaikwad,middle,Nb,3.0,766.0,0.0039164490861618795,0.002679114308877179,0.003855042893740803
RD Gaikwad,powerplay,0,441.0,1101.0,0.40054495912806537,0.4228881521678736,0.40132824372192366
RD Gaikwad,powerplay,1,326.0,1101.0,0.296094459582198,0.25764450947345025,0.2947465209280789
RD Gaikwad,powerplay,2,55.0,1101.0,0.049954586739327886,0.04384827662845184,0.049740518023784465
RD Gaikwad,powerplay,3,8.0,1101.0,0.007266121707538601,0.005028429611245902,0.007187675008282064
RD Gaikwad,powerplay,4,149.0,1101.0,0.13533151680290645,0.15223269683107069,0.1359240209230875
RD Gaikwad,powerplay,6,37.0,1101.0,0.03360581289736603,0.040523771600022226,0.03384833555127159
RD Gaikwad,powerplay,W,36.0,1101.0,0.0326975476839237,0.03919952586446391,0.03292548732215474
RD Gaikwad,powerplay,Wd,43.0,1101.0,0.03905540417801998,0.03486563072990943,0.03890852342611427
RD Gaikwad,powerplay,Nb,6.0,1101.0,0.005449591280653951,0.003769007093512122,0.005390675095302792
RD Rickelton,death,0,10.0,44.0,0.22727272727272727,0.21696977459016392,0.2223665593286495
RD Rickelton,death,1,16.0,44.0,0.36363636363636365,0.37083760245901637,0.367065524980484
RD Rickelton,death,2,4.0,44.0,0.09090909090909091,0.08837090163934426,0.0897004293520687
RD Rickelton,death,3,0.0,44.0,0.0,0.002651127049180328,0.0012624414519906324
RD Rickelton,death,4,4.0,44.0,0.09090909090909091,0.11151383196721311,0.1007208723653396
RD Rickelton,death,6,3.0,44.0,0.06818181818181818,0.07952100409836066,0.07358143052302889
RD Rickelton,death,W,2.0,44.0,0.045454545454545456,0.08016137295081967,0.06198160616705698
RD Rickelton,death,Wd,4.0,44.0,0.09090909090909091,0.04340420081967213,0.06828771467603435
RD Rickelton,death,Nb,1.0,44.0,0.022727272727272728,0.006570184426229508,0.015033421155347384
RD Rickelton,middle,0,31.0,159.0,0.1949685534591195,0.2808889845966761,0.21223899187872886
RD Rickelton,middle,1,71.0,159.0,0.44654088050314467,0.4414331678151601,0.44551420458596186
RD Rickelton,middle,2,10.0,159.0,0.06289308176100629,0.06664217673287394,0.06364666869002492
RD Rickelton,middle,3,0.0,159.0,0.0,0.002286430887717876,0.0004595840980337439
RD Rickelton,middle,4,21.0,159.0,0.1320754716981132,0.08739739562221321,0.1230949538939122
RD Rickelton,middle,6,10.0,159.0,0.06289308176100629,0.048281059991892986,0.05995599195816945
RD Rickelton,middle,W,10.0,159.0,0.06289308176100629,0.04221980137819214,0.058737648518229574
RD Rickelton,middle,Wd,6.0,159.0,0.03773584905660377,0.028171868666396434,0.03581344093796913
RD Rickelton,middle,Nb,0.0,159.0,0.0,0.002679114308877179,0.0005385154389702872
RD Rickelton,powerplay,0,157.0,411.0,0.3819951338199513,0.4228881521678736,0.3856220090614522
RD Rickelton,powerplay,1,112.0,411.0,0.2725060827250608,0.25764450947345025,0.2711879831018581
RD Rickelton,powerplay,2,13.0,411.0,0.031630170316301706,0.04384827662845184,0.0327138161089536
RD Rickelton,powerplay,3,1.0,411.0,0.0024330900243309003,0.005028429611245902,0.0026632753535473083
RD Rickelton,powerplay,4,67.0,411.0,0.1630170316301703,0.15223269683107069,0.16206054960807723
RD Rickelton,powerplay,6,29.0,411.0,0.0705596107055961,0.040523771600022226,0.06789567819068933
RD Rickelton,powerplay,W,23.0,411.0,0.05596107055961071,0.03919952586446391,0.0544744590567152
RD Rickelton,powerplay,Wd,8.0,411.0,0.019464720194647202,0.03486563072990943,0.020830654610191523
RD Rickelton,powerplay,Nb,1.0,411.0,0.0024330900243309003,0.003769007093512122,0.0025515749085154877
RE Levi,death,0,0.0,3.0,0.0,0.21696977459016392,0.20183234845596645
RE Levi,death,1,1.0,3.0,0.3333333333333333,0.37083760245901637,0.368221025543271
RE Levi,death,2,0.0,3.0,0.0,0.08837090163934426,0.08220548989706443
RE Levi,death,3,0.0,3.0,0.0,0.002651127049180328,0.002466164696911933
RE Levi,death,4,1.0,3.0,0.3333333333333333,0.11151383196721311,0.12698961113229126
RE Levi,death,6,0.0,3.0,0.0,0.07952100409836066,0.07397302706824248
RE Levi,death,W,0.0,3.0,0.0,0.08016137295081967,0.07456871902401829
RE Levi,death,Wd,1.0,3.0,0.3333333333333333,0.04340420081967213,0.06363181471597408
RE Levi,death,Nb,0.0,3.0,0.0,0.006570184426229508,0.006111799466260007
RE Levi,middle,0,9.0,29.0,0.3103448275862069,0.2808889845966761,0.2932689765777833
RE Levi,middle,1,9.0,29.0,0.3103448275862069,0.4414331678151601,0.38633806829864353
RE Levi,middle,2,1.0,29.0,0.034482758620689655,0.06664217673287394,0.053125899555289235
RE Levi,middle,3,0.0,29.0,0.0,0.002286430887717876,0.0013254671812857252
RE Levi,middle,4,2.0,29.0,0.06896551724137931,0.08739739562221321,0.07965066412881924
RE Levi,middle,6,5.0,29.0,0.1724137931034483,0.048281059991892986,0.10045278840109738
RE Levi,middle,W,2.0,29.0,0.06896551724137931,0.04221980137819214,0.05346075442214038
RE Levi,middle,Wd,1.0,29.0,0.034482758620689655,0.028171868666396434,0.030824271690664595
RE Levi,middle,Nb,0.0,29.0,0.0,0.002679114308877179,0.0015531097442766254
RE Levi,powerplay,0,44.0,97.0,0.4536082474226804,0.4228881521678736,0.4446388765453646
RE Levi,powerplay,1,21.0,97.0,0.21649484536082475,0.25764450947345025,0.2285093458316643
RE Levi,powerplay,2,2.0,97.0,0.020618556701030927,0.04384827662845184,0.027400956679839952
RE Levi,powerplay,3,1.0,97.0,0.010309278350515464,0.005028429611245902,0.0087674247040134
RE Levi,powerplay,4,12.0,97.0,0.12371134020618557,0.15223269683107069,0.13203874360031262
RE Levi,powerplay,6,6.0,97.0,0.061855670103092786,0.040523771600022226,0.05562737856934956
RE Levi,powerplay,W,9.0,97.0,0.09278350515463918,0.03919952586446391,0.0771385476976537
RE Levi,powerplay,Wd,2.0,97.0,0.020618556701030927,0.03486563072990943,0.024778286344499106
RE Levi,powerplay,Nb,0.0,97.0,0.0,0.003769007093512122,0.0011004400273028094
RE van der Merwe,death,0,14.0,55.0,0.2545454545454545,0.21696977459016392,0.23872411561691112
RE van der Merwe,death,1,22.0,55.0,0.4,0.37083760245901637,0.3877210957722174
RE van der Merwe,death,2,3.0,55.0,0.05454545454545454,0.08837090163934426,0.06878774805867127
RE van der Merwe,death,3,0.0,55.0,0.0,0.002651127049180328,0.0011162640207075065
RE van der Merwe,death,4,3.0,55.0,0.05454545454545454,0.11151383196721311,0.07853213977566868
RE van der Merwe,death,6,4.0,55.0,0.07272727272727272,0.07952100409836066,0.07558779119930975
RE van der Merwe,death,W,7.0,55.0,0.12727272727272726,0.08016137295081967,0.10743636755823986
RE van der Merwe,death,Wd,2.0,55.0,0.03636363636363636,0.04340420081967213,0.03932808455565143
RE van der Merwe,death,Nb,0.0,55.0,0.0,0.006570184426229508,0.0027663934426229507
RE van der Merwe,middle,0,31.0,77.0,0.4025974025974026,0.2808889845966761,0.36098768704159867
RE van der Merwe,middle,1,26.0,77.0,0.33766233766233766,0.4414331678151601,0.3731395445521915
RE van der Merwe,middle,2,3.0,77.0,0.03896103896103896,0.06664217673287394,0.04842467580611075
RE van der Merwe,middle,3,2.0,77.0,0.025974025974025976,0.002286430887717876,0.017875702867595853
RE van der Merwe,middle,4,5.0,77.0,0.06493506493506493,0.08739739562221321,0.07261449422981647
RE van der Merwe,middle,6,4.0,77.0,0.05194805194805195,0.048281059991892986,0.05069437948440786
RE van der Merwe,middle,W,4.0,77.0,0.05194805194805195,0.04221980137819214,0.04862215431733065
RE van der Merwe,middle,Wd,2.0,77.0,0.025974025974025976,0.028171868666396434,0.026725425185092796
RE van der Merwe,middle,Nb,0.0,77.0,0.0,0.002679114308877179,0.0009159365158554457
RE van der Merwe,powerplay,0,18.0,35.0,0.5142857142857142,0.4228881521678736,0.46554034782286596
RE van der Merwe,powerplay,1,8.0,35.0,0.22857142857142856,0.25764450947345025,0.24407707171917348
RE van der Merwe,powerplay,2,2.0,35.0,0.05714285714285714,0.04384827662845184,0.05005241420184098
RE van der Merwe,powerplay,3,0.0,35.0,0.0,0.005028429611245902,0.0026818291259978143
RE van der Merwe,powerplay,4,3.0,35.0,0.08571428571428572,0.15223269683107069,0.1211907716432377
RE van der Merwe,powerplay,6,2.0,35.0,0.05714285714285714,0.040523771600022226,0.04827934485334519
RE van der Merwe,powerplay,W,2.0,35.0,0.05714285714285714,0.03919952586446391,0.04757308046104742
RE van der Merwe,powerplay,Wd,0.0,35.0,0.0,0.03486563072990943,0.0185950030559517
RE van der Merwe,powerplay,Nb,0.0,35.0,0.0,0.003769007093512122,0.0020101371165397986
RG Sharma,death,0,157.0,873.0,0.17983963344788087,0.21696977459016392,0.18146636471369829
RG Sharma,death,1,323.0,873.0,0.3699885452462772,0.37083760245901637,0.3700257438098145
RG Sharma,death,2,70.0,873.0,0.08018327605956473,0.08837090163934426,0.0805419891189198
RG Sharma,death,3,0.0,873.0,0.0,0.002651127049180328,0.0001161501445424021
RG Sharma,death,4,127.0,873.0,0.145475372279496,0.11151383196721311,0.14398746251773115
RG Sharma,death,6,88.0,873.0,0.10080183276059565,0.07952100409836066,0.09986948539313738
RG Sharma,death,W,69.0,873.0,0.07903780068728522,0.08016137295081967,0.07908702619718816
RG Sharma,death,Wd,33.0,873.0,0.037800687285223365,0.04340420081967213,0.03804618623525398
RG Sharma,death,Nb,6.0,873.0,0.006872852233676976,0.006570184426229508,0.0068595918697143266
RG Sharma,middle,0,809.0,3034.0,0.26664469347396175,0.2808889845966761,0.2668300453428325
RG Sharma,middle,1,1451.0,3034.0,0.478246539222149,0.4414331678151601,0.47776751031639764
RG Sharma,middle,2,160.0,3034.0,0.05273566249176005,0.06664217673287394,0.05291661908565874
RG Sharma,middle,3,6.0,3034.0,0.001977587343441002,0.002286430887717876,0.0019816061273613254
RG Sharma,middle,4,282.0,3034.0,0.09294660514172709,0.08739739562221321,0.09287439682006783
RG Sharma,middle,6,141.0,3034.0,0.046473302570863545,0.048281059991892986,0.04649682576437076
RG Sharma,middle,W,125.0,3034.0,0.04119973632168754,0.04221980137819214,0.041213009777204844
RG Sharma,middle,Wd,53.0,3034.0,0.01746868820039552,0.028171868666396434,0.017607961856426758
RG Sharma,middle,Nb,7.0,3034.0,0.0023071852340145024,0.002679114308877179,0.0023120249096795988
RG Sharma,powerplay,0,1287.0,2977.0,0.43231441048034935,0.4228881521678736,0.4321894352292724
RG Sharma,powerplay,1,769.0,2977.0,0.25831373866308366,0.25764450947345025,0.25830486588629037
RG Sharma,powerplay,2,105.0,2977.0,0.03527040644944575,0.04384827662845184,0.035384133597990745
RG Sharma,powerplay,3,11.0,2977.0,0.003694994961370507,0.005028429611245902,0.003712673909330406
RG Sharma,powerplay,4,408.0,2977.0,0.13705072220356063,0.15223269683107069,0.1372520079129078
RG Sharma,powerplay,6,174.0,2977.0,0.058448102116224386,0.040523771600022226,0.058210457694398705
RG Sharma,powerplay,W,121.0,2977.0,0.04064494457507558,0.03919952586446391,0.04062578091964818
RG Sharma,powerplay,Wd,91.0,2977.0,0.03056768558951965,0.03486563072990943,0.03062466862088047
RG Sharma,powerplay,Nb,11.0,2977.0,0.003694994961370507,0.003769007093512122,0.0036959762292809034
RJ Gleeson,death,0,2.0,6.0,0.3333333333333333,0.21696977459016392,0.23214763007840342
RJ Gleeson,death,1,0.0,6.0,0.0,0.37083760245901637,0.32246748039914463
RJ Gleeson,death,2,2.0,6.0,0.3333333333333333,0.08837090163934426,0.12032252316464719
RJ Gleeson,death,3,0.0,6.0,0.0,0.002651127049180328,0.002305327868852459
RJ Gleeson,death,4,0.0,6.0,0.0,0.11151383196721311,0.09696854953670705
RJ Gleeson,death,6,0.0,6.0,0.0,0.07952100409836066,0.0691486992159658
RJ Gleeson,death,W,2.0,6.0,0.3333333333333333,0.08016137295081967,0.11318380256593015
RJ Gleeson,death,Wd,0.0,6.0,0.0,0.04340420081967213,0.03774278332145403
RJ Gleeson,death,Nb,0.0,6.0,0.0,0.006570184426229508,0.005713203848895225
RJ Harris,death,0,17.0,73.0,0.2328767123287671,0.21696977459016392,0.22724593790802264
RJ Harris,death,1,22.0,73.0,0.3013698630136986,0.37083760245901637,0.3259602132598288
RJ Harris,death,2,14.0,73.0,0.1917808219178082,0.08837090163934426,0.1551755404033077
RJ Harris,death,3,1.0,73.0,0.0136986301369863,0.002651127049180328,0.009788009574931091
RJ Harris,death,4,5.0,73.0,0.0684931506849315,0.11151383196721311,0.08372171043087191
RJ Harris,death,6,3.0,73.0,0.0410958904109589,0.07952100409836066,0.05469770056579139
RJ Harris,death,W,10.0,73.0,0.136986301369863,0.08016137295081967,0.11687128246046714
RJ Harris,death,Wd,0.0,73.0,0.0,0.04340420081967213,0.015364318874220224
RJ Harris,death,Nb,1.0,73.0,0.0136986301369863,0.006570184426229508,0.011175286522559119
RJ Harris,middle,0,9.0,25.0,0.36,0.2808889845966761,0.31131629821333917
RJ Harris,middle,1,12.0,25.0,0.48,0.4414331678151601,0.4562665648093293
RJ Harris,middle,2,2.0,25.0,0.08,0.06664217673287394,0.07177980106638396
RJ Harris,middle,3,0.0,25.0,0.0,0.002286430887717876,0.0014070343924417698
RJ Harris,middle,4,1.0,25.0,0.04,0.08739739562221321,0.06916762807520813
RJ Harris,middle,6,0.0,25.0,0.0,0.048281059991892986,0.029711421533472605
RJ Harris,middle,W,1.0,25.0,0.04,0.04221980137819214,0.04136603161734901
RJ Harris,middle,Wd,0.0,25.0,0.0,0.028171868666396434,0.017336534563936266
RJ Harris,middle,Nb,0.0,25.0,0.0,0.002679114308877179,0.0016486857285398023
RJ Peterson,death,0,18.0,70.0,0.2571428571428571,0.21696977459016392,0.24253446348733235
RJ Peterson,death,1,24.0,70.0,0.34285714285714286,0.37083760245901637,0.35303185543964233
RJ Peterson,death,2,6.0,70.0,0.08571428571428572,0.08837090163934426,0.08668032786885246
RJ Peterson,death,3,0.0,70.0,0.0,0.002651127049180328,0.0009640461997019374
RJ Peterson,death,4,11.0,70.0,0.15714285714285714,0.11151383196721311,0.14055048435171386
RJ Peterson,death,6,1.0,70.0,0.014285714285714285,0.07952100409836066,0.03800763785394933
RJ Peterson,death,W,6.0,70.0,0.08571428571428572,0.08016137295081967,0.08369504470938897
RJ Peterson,death,Wd,3.0,70.0,0.04285714285714286,0.04340420081967213,0.043056073025335324
RJ Peterson,death,Nb,1.0,70.0,0.014285714285714285,0.006570184426229508,0.011480067064083457
RJ Peterson,middle,0,13.0,43.0,0.3023255813953488,0.2808889845966761,0.2919946913718921
RJ Peterson,middle,1,20.0,43.0,0.46511627906976744,0.4414331678151601,0.4537027314771856
RJ Peterson,middle,2,1.0,43.0,0.023255813953488372,0.06664217673287394,0.0441649044495778
RJ Peterson,middle,3,0.0,43.0,0.0,0.002286430887717876,0.0011018944037194582
RJ Peterson,middle,4,3.0,43.0,0.06976744186046512,0.08739739562221321,0.0782638051191389
RJ Peterson,middle,6,2.0,43.0,0.046511627906976744,0.048281059991892986,0.04736436626115324
RJ Peterson,middle,W,4.0,43.0,0.09302325581395349,0.04221980137819214,0.0685396633147914
RJ Peterson,middle,Wd,0.0,43.0,0.0,0.028171868666396434,0.013576804176576593
RJ Peterson,middle,Nb,0.0,43.0,0.0,0.002679114308877179,0.0012911394259649055
RJ Peterson,powerplay,0,8.0,13.0,0.6153846153846154,0.4228881521678736,0.4701042657870744
RJ Peterson,powerplay,1,4.0,13.0,0.3076923076923077,0.25764450947345025,0.26992038450826433
RJ Peterson,powerplay,2,0.0,13.0,0.0,0.04384827662845184,0.033093038964869315
RJ Peterson,powerplay,3,0.0,13.0,0.0,0.005028429611245902,0.003795041216034643
RJ Peterson,powerplay,4,1.0,13.0,0.07692307692307693,0.15223269683107069,0.133760525910242
RJ Peterson,powerplay,6,0.0,13.0,0.0,0.040523771600022226,0.030583978566054514
RJ Peterson,powerplay,W,0.0,13.0,0.0,0.03919952586446391,0.029584547822236913
RJ Peterson,powerplay,Wd,0.0,13.0,0.0,0.03486563072990943,0.02631368356974297
RJ Peterson,powerplay,Nb,0.0,13.0,0.0,0.003769007093512122,0.002844533655480847
RJW Topley,death,0,4.0,19.0,0.21052631578947367,0.21696977459016392,0.21489476243400946
RJW Topley,death,1,12.0,19.0,0.631578947368421,0.37083760245901637,0.4548051542095026
RJW Topley,death,2,1.0,19.0,0.05263157894736842,0.08837090163934426,0.07686162823006391
RJW Topley,death,3,0.0,19.0,0.0,0.002651127049180328,0.0017973742706307307
RJW Topley,death,4,1.0,19.0,0.05263157894736842,0.11151383196721311,0.09255175048624618
RJW Topley,death,6,0.0,19.0,0.0,0.07952100409836066,0.05391254515143096
RJW Topley,death,W,1.0,19.0,0.05263157894736842,0.08016137295081967,0.07129584606835232
RJW Topley,death,Wd,0.0,19.0,0.0,0.04340420081967213,0.029426576826896363
RJW Topley,death,Nb,0.0,19.0,0.0,0.006570184426229508,0.004454362322867464
RK Singh,death,0,94.0,446.0,0.21076233183856502,0.21696977459016392,0.21127323247655672
RK Singh,death,1,141.0,446.0,0.31614349775784756,0.37083760245901637,0.32064507016123595
RK Singh,death,2,35.0,446.0,0.07847533632286996,0.08837090163934426,0.0792897861431559
RK Singh,death,3,0.0,446.0,0.0,0.002651127049180328,0.00021819975713418337
RK Singh,death,4,73.0,446.0,0.16367713004484305,0.11151383196721311,0.15938385448289819
RK Singh,death,6,38.0,446.0,0.08520179372197309,0.07952100409836066,0.08473423902044121
RK Singh,death,W,24.0,446.0,0.053811659192825115,0.08016137295081967,0.055980359913647706
RK Singh,death,Wd,33.0,446.0,0.07399103139013453,0.04340420081967213,0.07147359677528166
RK Singh,death,Nb,8.0,446.0,0.017937219730941704,0.006570184426229508,0.017001661269648517
RK Singh,middle,0,157.0,514.0,0.30544747081712065,0.2808889845966761,0.30367429491672754
RK Singh,middle,1,245.0,514.0,0.4766536964980545,0.4414331678151601,0.47411069803719563
RK Singh,middle,2,26.0,514.0,0.05058365758754864,0.06664217673287394,0.051743117453637105
RK Singh,middle,3,1.0,514.0,0.0019455252918287938,0.002286430887717876,0.001970139414275659
RK Singh,middle,4,38.0,514.0,0.07392996108949416,0.08739739562221321,0.07490233903409482
RK Singh,middle,6,14.0,514.0,0.027237354085603113,0.048281059991892986,0.028756755234071694
RK Singh,middle,W,18.0,514.0,0.03501945525291829,0.04221980137819214,0.03553933583958066
RK Singh,middle,Wd,14.0,514.0,0.027237354085603113,0.028171868666396434,0.0273048280625557
RK Singh,middle,Nb,1.0,514.0,0.0019455252918287938,0.002679114308877179,0.001998492007861168
RK Singh,powerplay,0,19.0,42.0,0.4523809523809524,0.4228881521678736,0.4379942205696945
RK Singh,powerplay,1,11.0,42.0,0.2619047619047619,0.25764450947345025,0.2598265899870489
RK Singh,powerplay,2,1.0,42.0,0.023809523809523808,0.04384827662845184,0.03358452518461065
RK Singh,powerplay,3,0.0,42.0,0.0,0.005028429611245902,0.002452892493290684
RK Singh,powerplay,4,7.0,42.0,0.16666666666666666,0.15223269683107069,0.15962570577125398
RK Singh,powerplay,6,2.0,42.0,0.047619047619047616,0.040523771600022226,0.0441579373658645
RK Singh,powerplay,W,1.0,42.0,0.023809523809523808,0.03919952586446391,0.03131684188510435
RK Singh,powerplay,Wd,1.0,42.0,0.023809523809523808,0.03486563072990943,0.0292027466975168
RK Singh,powerplay,Nb,0.0,42.0,0.0,0.003769007093512122,0.0018385400456156695
RM Patidar,death,0,17.0,119.0,0.14285714285714285,0.21696977459016392,0.16150183008557584
RM Patidar,death,1,36.0,119.0,0.3025210084033613,0.37083760245901637,0.3197075729456645
RM Patidar,death,2,4.0,119.0,0.03361344537815126,0.08837090163934426,0.04738890607279101
RM Patidar,death,3,0.0,119.0,0.0,0.002651127049180328,0.0006669502010516548
RM Patidar,death,4,16.0,119.0,0.13445378151260504,0.11151383196721311,0.12868272502319827
RM Patidar,death,6,23.0,119.0,0.19327731092436976,0.07952100409836066,0.16465937210021653
RM Patidar,death,W,14.0,119.0,0.11764705882352941,0.08016137295081967,0.10821669759769048
RM Patidar,death,Wd,9.0,119.0,0.07563025210084033,0.04340420081967213,0.06752306938859676
RM Patidar,death,Nb,0.0,119.0,0.0,0.006570184426229508,0.0016528765852149706
RM Patidar,middle,0,107.0,576.0,0.1857638888888889,0.2808889845966761,0.19194084315562832
RM Patidar,middle,1,258.0,576.0,0.4479166666666667,0.4414331678151601,0.4474956602477376
RM Patidar,middle,2,40.0,576.0,0.06944444444444445,0.06664217673287394,0.06926247900862817
RM Patidar,middle,3,0.0,576.0,0.0,0.002286430887717876,0.00014846953816349844
RM Patidar,middle,4,45.0,576.0,0.078125,0.08739739562221321,0.07872710361183202
RM Patidar,middle,6,65.0,576.0,0.11284722222222222,0.048281059991892986,0.10865461428518787
RM Patidar,middle,W,22.0,576.0,0.03819444444444445,0.04221980137819214,0.038455831258324163
RM Patidar,middle,Wd,37.0,576.0,0.0642361111111111,0.028171868666396434,0.06189427718612964
RM Patidar,middle,Nb,2.0,576.0,0.003472222222222222,0.002679114308877179,0.0034207217083686483
RM Patidar,powerplay,0,84.0,181.0,0.46408839779005523,0.4228881521678736,0.45663133975889114
RM Patidar,powerplay,1,53.0,181.0,0.292817679558011,0.25764450947345025,0.2864514949273213
RM Patidar,powerplay,2,4.0,181.0,0.022099447513812154,0.04384827662845184,0.02603588717257047
RM Patidar,powerplay,3,1.0,181.0,0.0055248618784530384,0.005028429611245902,0.005435009884388398
RM Patidar,powerplay,4,28.0,181.0,0.15469613259668508,0.15223269683107069,0.15425026186987706
RM Patidar,powerplay,6,4.0,181.0,0.022099447513812154,0.040523771600022226,0.025434166805433887
RM Patidar,powerplay,W,4.0,181.0,0.022099447513812154,0.03919952586446391,0.025194484319359986
RM Patidar,powerplay,Wd,3.0,181.0,0.016574585635359115,0.03486563072990943,0.01988518203256279
RM Patidar,powerplay,Nb,0.0,181.0,0.0,0.003769007093512122,0.0006821732295949543
RP Meredith,death,0,2.0,3.0,0.6666666666666666,0.21696977459016392,0.2483439763629432
RP Meredith,death,1,0.0,3.0,0.0,0.37083760245901637,0.34496521158978266
RP Meredith,death,2,0.0,3.0,0.0,0.08837090163934426,0.08220548989706443
RP Meredith,death,3,0.0,3.0,0.0,0.002651127049180328,0.002466164696911933
RP Meredith,death,4,0.0,3.0,0.0,0.11151383196721311,0.1037337971788029
RP Meredith,death,6,0.0,3.0,0.0,0.07952100409836066,0.07397302706824248
RP Meredith,death,W,1.0,3.0,0.3333333333333333,0.08016137295081967,0.09782453297750666
RP Meredith,death,Wd,0.0,3.0,0.0,0.04340420081967213,0.04037600076248571
RP Meredith,death,Nb,0.0,3.0,0.0,0.006570184426229508,0.006111799466260007
RP Singh,death,0,21.0,70.0,0.3,0.21696977459016392,0.2698071907600596
RP Singh,death,1,28.0,70.0,0.4,0.37083760245901637,0.3893954918032787
RP Singh,death,2,2.0,70.0,0.02857142857142857,0.08837090163934426,0.050316691505216095
RP Singh,death,3,1.0,70.0,0.014285714285714285,0.002651127049180328,0.01005495529061103
RP Singh,death,4,1.0,70.0,0.014285714285714285,0.11151383196721311,0.04964139344262295
RP Singh,death,6,1.0,70.0,0.014285714285714285,0.07952100409836066,0.03800763785394933
RP Singh,death,W,14.0,70.0,0.2,0.08016137295081967,0.15642231743666168
RP Singh,death,Wd,2.0,70.0,0.02857142857142857,0.04340420081967213,0.03396516393442623
RP Singh,death,Nb,0.0,70.0,0.0,0.006570184426229508,0.002389157973174367
RP Singh,middle,0,3.0,6.0,0.5,0.2808889845966761,0.30946868225797924
RP Singh,middle,1,2.0,6.0,0.3333333333333333,0.4414331678151601,0.42733318940448706
RP Singh,middle,2,0.0,6.0,0.0,0.06664217673287394,0.05794971889815125
RP Singh,middle,3,0.0,6.0,0.0,0.002286430887717876,0.0019882007719285878
RP Singh,middle,4,0.0,6.0,0.0,0.08739739562221321,0.07599773532366366
RP Singh,middle,6,0.0,6.0,0.0,0.048281059991892986,0.04198353042773303
RP Singh,middle,W,1.0,6.0,0.16666666666666666,0.04221980137819214,0.05845200119842795
RP Singh,middle,Wd,0.0,6.0,0.0,0.028171868666396434,0.02449727710121429
RP Singh,middle,Nb,0.0,6.0,0.0,0.002679114308877179,0.002329664616414938
RR Pant,death,0,144.0,679.0,0.21207658321060383,0.21696977459016392,0.21234880526231786
RR Pant,death,1,213.0,679.0,0.3136966126656848,0.37083760245901637,0.31687552725780344
RR Pant,death,2,45.0,679.0,0.0662739322533137,0.08837090163934426,0.06750324904808591
RR Pant,death,3,1.0,679.0,0.0014727540500736377,0.002651127049180328,0.0015383102669919515
RR Pant,death,4,105.0,679.0,0.15463917525773196,0.11151383196721311,0.15223999065186164
RR Pant,death,6,76.0,679.0,0.11192930780559647,0.07952100409836066,0.11012634236986707
RR Pant,death,W,52.0,679.0,0.07658321060382917,0.08016137295081967,0.07678227387765339
RR Pant,death,Wd,39.0,679.0,0.05743740795287187,0.04340420081967213,0.05665670101917508
RR Pant,death,Nb,4.0,679.0,0.005891016200294551,0.006570184426229508,0.005928800246243644
RR Pant,middle,0,538.0,1941.0,0.2771767130345183,0.2808889845966761,0.2772516705622752
RR Pant,middle,1,850.0,1941.0,0.43791859866048427,0.4414331678151601,0.4379895642163586
RR Pant,middle,2,111.0,1941.0,0.0571870170015456,0.06664217673287394,0.05737793390677181
RR Pant,middle,3,0.0,1941.0,0.0,0.002286430887717876,4.616720621338467e-05
RR Pant,middle,4,212.0,1941.0,0.10922205048943844,0.08739739562221321,0.10878137093633948
RR Pant,middle,6,97.0,1941.0,0.04997424008243174,0.048281059991892986,0.049940051690901426
RR Pant,middle,W,75.0,1941.0,0.03863987635239567,0.04221980137819214,0.038712161562406706
RR Pant,middle,Wd,52.0,1941.0,0.026790314270994334,0.028171868666396434,0.026818210371860603
RR Pant,middle,Nb,6.0,1941.0,0.0030911901081916537,0.002679114308877179,0.0030828695468728354
RR Pant,powerplay,0,215.0,485.0,0.44329896907216493,0.4228881521678736,0.44174385921279036
RR Pant,powerplay,1,124.0,485.0,0.2556701030927835,0.25764450947345025,0.25582053405512
RR Pant,powerplay,2,20.0,485.0,0.041237113402061855,0.04384827662845184,0.04143605917169157
RR Pant,powerplay,3,2.0,485.0,0.004123711340206186,0.005028429611245902,0.0041926422560949255
RR Pant,powerplay,4,67.0,485.0,0.13814432989690723,0.15223269683107069,0.1392177292823673
RR Pant,powerplay,6,16.0,485.0,0.032989690721649485,0.040523771600022226,0.03356371593143027
RR Pant,powerplay,W,16.0,485.0,0.032989690721649485,0.03919952586446391,0.03346282101824487
RR Pant,powerplay,Wd,23.0,485.0,0.04742268041237113,0.03486563072990943,0.04646595281751691
RR Pant,powerplay,Nb,2.0,485.0,0.004123711340206186,0.003769007093512122,0.00409668625474378
RR Rossouw,death,0,16.0,129.0,0.12403100775193798,0.21696977459016392,0.14602834901542341
RR Rossouw,death,1,54.0,129.0,0.4186046511627907,0.37083760245901637,0.40729884081870205
RR Rossouw,death,2,15.0,129.0,0.11627906976744186,0.08837090163934426,0.10967358618682704
RR Rossouw,death,3,0.0,129.0,0.0,0.002651127049180328,0.0006274856921136871
RR Rossouw,death,4,17.0,129.0,0.13178294573643412,0.11151383196721311,0.1269855223591037
RR Rossouw,death,6,14.0,129.0,0.10852713178294573,0.07952100409836066,0.10166177611795518
RR Rossouw,death,W,7.0,129.0,0.05426356589147287,0.08016137295081967,0.06039322436705791
RR Rossouw,death,Wd,6.0,129.0,0.046511627906976744,0.04340420081967213,0.04577614220583956
RR Rossouw,death,Nb,0.0,129.0,0.0,0.006570184426229508,0.0015550732369773983
RR Rossouw,middle,0,89.0,360.0,0.24722222222222223,0.2808889845966761,0.2505888984596676
RR Rossouw,middle,1,140.0,360.0,0.3888888888888889,0.4414331678151601,0.394143316781516
RR Rossouw,middle,2,24.0,360.0,0.06666666666666667,0.06664217673287394,0.0666642176732874
RR Rossouw,middle,3,0.0,360.0,0.0,0.002286430887717876,0.0002286430887717876
RR Rossouw,middle,4,34.0,360.0,0.09444444444444444,0.08739739562221321,0.09373973956222131
RR Rossouw,middle,6,32.0,360.0,0.08888888888888889,0.048281059991892986,0.08482810599918929
RR Rossouw,middle,W,17.0,360.0,0.04722222222222222,0.04221980137819214,0.04672198013781921
RR Rossouw,middle,Wd,20.0,360.0,0.05555555555555555,0.028171868666396434,0.052817186866639644
RR Rossouw,middle,Nb,4.0,360.0,0.011111111111111112,0.002679114308877179,0.010267911430887717
RR Rossouw,powerplay,0,94.0,212.0,0.44339622641509435,0.4228881521678736,0.4401409765345831
RR Rossouw,powerplay,1,34.0,212.0,0.16037735849056603,0.25764450947345025,0.17581658880530956
RR Rossouw,powerplay,2,7.0,212.0,0.0330188679245283,0.04384827662845184,0.03473782168705585
RR Rossouw,powerplay,3,3.0,212.0,0.014150943396226415,0.005028429611245902,0.012702925335118397
RR Rossouw,powerplay,4,44.0,212.0,0.20754716981132076,0.15223269683107069,0.1987670947350906
RR Rossouw,powerplay,6,10.0,212.0,0.04716981132075472,0.040523771600022226,0.04611488438095591
RR Rossouw,powerplay,W,16.0,212.0,0.07547169811320754,0.03919952586446391,0.06971421045467681
RR Rossouw,powerplay,Wd,4.0,212.0,0.018867924528301886,0.03486563072990943,0.021407242973001495
RR Rossouw,powerplay,Nb,0.0,212.0,0.0,0.003769007093512122,0.0005982550942082734
RR Sarwan,death,0,6.0,35.0,0.17142857142857143,0.21696977459016392,0.1957172131147541
RR Sarwan,death,1,15.0,35.0,0.42857142857142855,0.37083760245901637,0.39778005464480876
RR Sarwan,death,2,3.0,35.0,0.08571428571428572,0.08837090163934426,0.08713114754098361
RR Sarwan,death,3,2.0,35.0,0.05714285714285714,0.002651127049180328,0.028080601092896174
RR Sarwan,death,4,3.0,35.0,0.08571428571428572,0.11151383196721311,0.09947404371584699
RR Sarwan,death,6,0.0,35.0,0.0,0.07952100409836066,0.04241120218579235
RR Sarwan,death,W,4.0,35.0,0.11428571428571428,0.08016137295081967,0.09608606557377049
RR Sarwan,death,Wd,2.0,35.0,0.05714285714285714,0.04340420081967213,0.049815573770491804
RR Sarwan,death,Nb,0.0,35.0,0.0,0.006570184426229508,0.0035040983606557377
RR Sarwan,middle,0,49.0,161.0,0.30434782608695654,0.2808889845966761,0.2996793999197365
RR Sarwan,middle,1,80.0,161.0,0.4968944099378882,0.4414331678151601,0.4858573468288876
RR Sarwan,middle,2,14.0,161.0,0.08695652173913043,0.06664217673287394,0.08291386601649231
RR Sarwan,middle,3,0.0,161.0,0.0,0.002286430887717876,0.0004550111219339057
RR Sarwan,middle,4,5.0,161.0,0.031055900621118012,0.08739739562221321,0.042268138432281235
RR Sarwan,middle,6,0.0,161.0,0.0,0.048281059991892986,0.00960817114266527
RR Sarwan,middle,W,10.0,161.0,0.062111801242236024,0.04221980137819214,0.05815319430411783
RR Sarwan,middle,Wd,2.0,161.0,0.012422360248447204,0.028171868666396434,0.015556590779382373
RR Sarwan,middle,Nb,1.0,161.0,0.006211180124223602,0.002679114308877179,0.005508281454502921
RR Sarwan,powerplay,0,29.0,64.0,0.453125,0.4228881521678736,0.44149544314148986
RR Sarwan,powerplay,1,23.0,64.0,0.359375,0.25764450947345025,0.32024788825901934
RR Sarwan,powerplay,2,0.0,64.0,0.0,0.04384827662845184,0.016864721780173782
RR Sarwan,powerplay,3,0.0,64.0,0.0,0.005028429611245902,0.0019340113889407316
RR Sarwan,powerplay,4,6.0,64.0,0.09375,0.15223269683107069,0.11624334493502718
RR Sarwan,powerplay,6,1.0,64.0,0.015625,0.040523771600022226,0.025201450615393164
RR Sarwan,powerplay,W,0.0,64.0,0.0,0.03919952586446391,0.015076740717101503
RR Sarwan,powerplay,Wd,5.0,64.0,0.078125,0.03486563072990943,0.06148678104996516
RR Sarwan,powerplay,Nb,0.0,64.0,0.0,0.003769007093512122,0.0014496181128892777
RS Bopara,death,0,50.0,252.0,0.1984126984126984,0.21696977459016392,0.2009547636424882
RS Bopara,death,1,97.0,252.0,0.38492063492063494,0.37083760245901637,0.38299145239164606
RS Bopara,death,2,29.0,252.0,0.11507936507936507,0.08837090163934426,0.11142067145744441
RS Bopara,death,3,3.0,252.0,0.011904761904761904,0.002651127049180328,0.010637140691668538
RS Bopara,death,4,33.0,252.0,0.13095238095238096,0.11151383196721311,0.1282895660229059
RS Bopara,death,6,18.0,252.0,0.07142857142857142,0.07952100409836066,0.0725371238490905
RS Bopara,death,W,15.0,252.0,0.05952380952380952,0.08016137295081967,0.0623508730069616
RS Bopara,death,Wd,7.0,252.0,0.027777777777777776,0.04340420081967213,0.02991838367392769
RS Bopara,death,Nb,0.0,252.0,0.0,0.006570184426229508,0.000900025263867056
RS Bopara,middle,0,112.0,376.0,0.2978723404255319,0.2808889845966761,0.29623932544198806
RS Bopara,middle,1,181.0,376.0,0.48138297872340424,0.4414331678151601,0.47754165075145766
RS Bopara,middle,2,29.0,376.0,0.07712765957446809,0.06664217673287394,0.07611944007046864
RS Bopara,middle,3,4.0,376.0,0.010638297872340425,0.002286430887717876,0.009835233739203642
RS Bopara,middle,4,25.0,376.0,0.06648936170212766,0.08739739562221321,0.06849974957905897
RS Bopara,middle,6,7.0,376.0,0.018617021276595744,0.048281059991892986,0.021469332691528172
RS Bopara,middle,W,12.0,376.0,0.031914893617021274,0.04221980137819214,0.03290575013251847
RS Bopara,middle,Wd,6.0,376.0,0.015957446808510637,0.028171868666396434,0.017131910448691966
RS Bopara,middle,Nb,0.0,376.0,0.0,0.002679114308877179,0.00025760714508434414
RS Bopara,powerplay,0,90.0,206.0,0.4368932038834951,0.4228881521678736,0.43461595970209327
RS Bopara,powerplay,1,66.0,206.0,0.32038834951456313,0.25764450947345025,0.310186099101374
RS Bopara,powerplay,2,7.0,206.0,0.03398058252427184,0.04384827662845184,0.035585085630642575
RS Bopara,powerplay,3,4.0,206.0,0.019417475728155338,0.005028429611245902,0.01707779343272291
RS Bopara,powerplay,4,16.0,206.0,0.07766990291262135,0.15223269683107069,0.08979393444407653
RS Bopara,powerplay,6,2.0,206.0,0.009708737864077669,0.040523771600022226,0.014719312455288167
RS Bopara,powerplay,W,10.0,206.0,0.04854368932038835,0.03919952586446391,0.04702431314869332
RS Bopara,powerplay,Wd,11.0,206.0,0.05339805825242718,0.03486563072990943,0.050384655403237305
RS Bopara,powerplay,Nb,0.0,206.0,0.0,0.003769007093512122,0.0006128466818718898
RT Ponting,death,0,3.0,12.0,0.25,0.21696977459016392,0.2245921343001261
RT Ponting,death,1,4.0,12.0,0.3333333333333333,0.37083760245901637,0.36218277112232033
RT Ponting,death,2,1.0,12.0,0.08333333333333333,0.08837090163934426,0.08720838587641867
RT Ponting,death,3,0.0,12.0,0.0,0.002651127049180328,0.002039328499369483
RT Ponting,death,4,2.0,12.0,0.16666666666666666,0.11151383196721311,0.12424140920554855
RT Ponting,death,6,0.0,12.0,0.0,0.07952100409836066,0.061170003152585126
RT Ponting,death,W,1.0,12.0,0.08333333333333333,0.08016137295081967,0.08089336380832282
RT Ponting,death,Wd,1.0,12.0,0.08333333333333333,0.04340420081967213,0.05261861601513241
RT Ponting,death,Nb,0.0,12.0,0.0,0.006570184426229508,0.005053988020176545
RT Ponting,middle,0,43.0,150.0,0.2866666666666667,0.2808889845966761,0.28545031254666864
RT Ponting,middle,1,63.0,150.0,0.42,0.4414331678151601,0.4245122458558232
RT Ponting,middle,2,14.0,150.0,0.09333333333333334,0.06664217673287394,0.08771414247007872
RT Ponting,middle,3,1.0,150.0,0.006666666666666667,0.002286430887717876,0.005744511765835343
RT Ponting,middle,4,15.0,150.0,0.1,0.08739739562221321,0.09734682013099226
RT Ponting,middle,6,2.0,150.0,0.013333333333333334,0.048281059991892986,0.02069074947197747
RT Ponting,middle,W,9.0,150.0,0.06,0.04221980137819214,0.05625680029014571
RT Ponting,middle,Wd,3.0,150.0,0.02,0.028171868666396434,0.02172039340345188
RT Ponting,middle,Nb,0.0,150.0,0.0,0.002679114308877179,0.0005640240650267745
RT Ponting,powerplay,0,63.0,138.0,0.45652173913043476,0.4228881521678736,0.4489636297006458
RT Ponting,powerplay,1,36.0,138.0,0.2608695652173913,0.25764450947345025,0.2601448335895394
RT Ponting,powerplay,2,6.0,138.0,0.043478260869565216,0.04384827662845184,0.04356141047830378
RT Ponting,powerplay,3,1.0,138.0,0.007246376811594203,0.005028429611245902,0.006747961710392337
RT Ponting,powerplay,4,17.0,138.0,0.12318840579710146,0.15223269683107069,0.12971521277102713
RT Ponting,powerplay,6,2.0,138.0,0.014492753623188406,0.040523771600022226,0.02034242058427466
RT Ponting,powerplay,W,7.0,138.0,0.050724637681159424,0.03919952586446391,0.048134724913362674
RT Ponting,powerplay,Wd,6.0,138.0,0.043478260869565216,0.03486563072990943,0.04154283836627178
RT Ponting,powerplay,Nb,0.0,138.0,0.0,0.003769007093512122,0.0008469678861824994
RV Uthappa,death,0,55.0,289.0,0.1903114186851211,0.21696977459016392,0.19355255618117495
RV Uthappa,death,1,106.0,289.0,0.36678200692041524,0.37083760245901637,0.36727508844486517
RV Uthappa,death,2,25.0,289.0,0.08650519031141868,0.08837090163934426,0.0867320245154218
RV Uthappa,death,3,0.0,289.0,0.0,0.002651127049180328,0.00032232547710399123
RV Uthappa,death,4,35.0,289.0,0.12110726643598616,0.11151383196721311,0.11994089142458517
RV Uthappa,death,6,31.0,289.0,0.10726643598615918,0.07952100409836066,0.10389313119736908
RV Uthappa,death,W,21.0,289.0,0.0726643598615917,0.08016137295081967,0.07357585081468931
RV Uthappa,death,Wd,14.0,289.0,0.04844290657439446,0.04340420081967213,0.04783029797199661
RV Uthappa,death,Nb,2.0,289.0,0.006920415224913495,0.006570184426229508,0.006877833972793861
RV Uthappa,middle,0,499.0,1702.0,0.29318448883666276,0.2808889845966761,0.2929021580848835
RV Uthappa,middle,1,705.0,1702.0,0.41421856639247945,0.4414331678151601,0.41484347113238024
RV Uthappa,middle,2,108.0,1702.0,0.06345475910693302,0.06664217673287394,0.0635279489490901
RV Uthappa,middle,3,2.0,1702.0,0.0011750881316098707,0.002286430887717876,0.001200606909017632
RV Uthappa,middle,4,164.0,1702.0,0.0963572267920094,0.08739739562221321,0.09615149014057894
RV Uthappa,middle,6,89.0,1702.0,0.05229142185663925,0.048281059991892986,0.05219933547627768
RV Uthappa,middle,W,83.0,1702.0,0.04876615746180964,0.04221980137819214,0.04861583929685861
RV Uthappa,middle,Wd,46.0,1702.0,0.02702702702702703,0.028171868666396434,0.027053315009561343
RV Uthappa,middle,Nb,6.0,1702.0,0.0035252643948296123,0.002679114308877179,0.0035058350013519443
RV Uthappa,powerplay,0,637.0,1564.0,0.40728900255754474,0.4228881521678736,0.40767800878224125
RV Uthappa,powerplay,1,445.0,1564.0,0.28452685421994883,0.25764450947345025,0.2838564715579414
RV Uthappa,powerplay,2,73.0,1564.0,0.046675191815856776,0.04384827662845184,0.04660469517776688
RV Uthappa,powerplay,3,11.0,1564.0,0.007033248081841432,0.005028429611245902,0.006983252608759249
RV Uthappa,powerplay,4,236.0,1564.0,0.15089514066496162,0.15223269683107069,0.15092849618032594
RV Uthappa,powerplay,6,45.0,1564.0,0.02877237851662404,0.040523771600022226,0.029065430713217513
RV Uthappa,powerplay,W,57.0,1564.0,0.03644501278772379,0.03919952586446391,0.036513703886894365
RV Uthappa,powerplay,Wd,52.0,1564.0,0.03324808184143223,0.03486563072990943,0.033288419718950364
RV Uthappa,powerplay,Nb,8.0,1564.0,0.005115089514066497,0.003769007093512122,0.005081521373903046
RW Price,death,0,5.0,13.0,0.38461538461538464,0.21696977459016392,0.25809039591710486
RW Price,death,1,1.0,13.0,0.07692307692307693,0.37083760245901637,0.29874536034642746
RW Price,death,2,2.0,13.0,0.15384615384615385,0.08837090163934426,0.10443086916176926
RW Price,death,3,0.0,13.0,0.0,0.002651127049180328,0.0020008506031549645
RW Price,death,4,1.0,13.0,0.07692307692307693,0.11151383196721311,0.1030293071450665
RW Price,death,6,0.0,13.0,0.0,0.07952100409836066,0.06001585214970616
RW Price,death,W,4.0,13.0,0.3076923076923077,0.08016137295081967,0.1359708475100526
RW Price,death,Wd,0.0,13.0,0.0,0.04340420081967213,0.03275788741107331
RW Price,death,Nb,0.0,13.0,0.0,0.006570184426229508,0.004958629755644912
RW Price,middle,0,1.0,3.0,0.3333333333333333,0.2808889845966761,0.28454789264807084
RW Price,middle,1,2.0,3.0,0.6666666666666666,0.4414331678151601,0.45714713285131175
RW Price,middle,2,0.0,3.0,0.0,0.06664217673287394,0.06199272254220831
RW Price,middle,3,0.0,3.0,0.0,0.002286430887717876,0.0021269124536910473
RW Price,middle,4,0.0,3.0,0.0,0.08739739562221321,0.08129990290438438
RW Price,middle,6,0.0,3.0,0.0,0.048281059991892986,0.044912613945946964
RW Price,middle,W,0.0,3.0,0.0,0.04221980137819214,0.03927423384017874
RW Price,middle,Wd,0.0,3.0,0.0,0.028171868666396434,0.02620638945711296
RW Price,middle,Nb,0.0,3.0,0.0,0.002679114308877179,0.00249219935709505
Ramandeep Singh,death,0,14.0,65.0,0.2153846153846154,0.21696977459016392,0.2159884855581577
Ramandeep Singh,death,1,24.0,65.0,0.36923076923076925,0.37083760245901637,0.3698428961748634
Ramandeep Singh,death,2,6.0,65.0,0.09230769230769231,0.08837090163934426,0.090807962529274
Ramandeep Singh,death,3,1.0,65.0,0.015384615384615385,0.002651127049180328,0.01053376268540203
Ramandeep Singh,death,4,5.0,65.0,0.07692307692307693,0.11151383196721311,0.0901005074160812
Ramandeep Singh,death,6,8.0,65.0,0.12307692307692308,0.07952100409836066,0.10648419203747073
Ramandeep Singh,death,W,4.0,65.0,0.06153846153846154,0.08016137295081967,0.06863290398126463
Ramandeep Singh,death,Wd,2.0,65.0,0.03076923076923077,0.04340420081967213,0.03558255269320843
Ramandeep Singh,death,Nb,1.0,65.0,0.015384615384615385,0.006570184426229508,0.012026736924277907
Ramandeep Singh,middle,0,23.0,89.0,0.25842696629213485,0.2808889845966761,0.26539193320827165
Ramandeep Singh,middle,1,42.0,89.0,0.47191011235955055,0.4414331678151601,0.4624598969969489
Ramandeep Singh,middle,2,6.0,89.0,0.06741573033707865,0.06664217673287394,0.06717586875437952
Ramandeep Singh,middle,3,0.0,89.0,0.0,0.002286430887717876,0.0007089708178970158
Ramandeep Singh,middle,4,3.0,89.0,0.033707865168539325,0.08739739562221321,0.05035578158828316
Ramandeep Singh,middle,6,4.0,89.0,0.0449438202247191,0.048281059991892986,0.04597862325330015
Ramandeep Singh,middle,W,8.0,89.0,0.0898876404494382,0.04221980137819214,0.07510691515602856
Ramandeep Singh,middle,Wd,2.0,89.0,0.02247191011235955,0.028171868666396434,0.024239339121363234
Ramandeep Singh,middle,Nb,1.0,89.0,0.011235955056179775,0.002679114308877179,0.008582671103527808
Ramandeep Singh,powerplay,0,1.0,4.0,0.25,0.4228881521678736,0.40717104742533966
Ramandeep Singh,powerplay,1,2.0,4.0,0.5,0.25764450947345025,0.2796768267940457
Ramandeep Singh,powerplay,2,0.0,4.0,0.0,0.04384827662845184,0.039862069662228945
Ramandeep Singh,powerplay,3,0.0,4.0,0.0,0.005028429611245902,0.004571299646587184
Ramandeep Singh,powerplay,4,0.0,4.0,0.0,0.15223269683107069,0.1383933607555188
Ramandeep Singh,powerplay,6,0.0,4.0,0.0,0.040523771600022226,0.03683979236365657
Ramandeep Singh,powerplay,W,0.0,4.0,0.0,0.03919952586446391,0.0356359326040581
Ramandeep Singh,powerplay,Wd,1.0,4.0,0.25,0.03486563072990943,0.05442330066355403
Ramandeep Singh,powerplay,Nb,0.0,4.0,0.0,0.003769007093512122,0.00342637008501102
Rashid Khan,death,0,75.0,313.0,0.23961661341853036,0.21696977459016392,0.23705039938698744
Rashid Khan,death,1,83.0,313.0,0.26517571884984026,0.37083760245901637,0.2771487368225514
Rashid Khan,death,2,27.0,313.0,0.08626198083067092,0.08837090163934426,0.08650095202712116
Rashid Khan,death,3,1.0,313.0,0.003194888178913738,0.002651127049180328,0.003133272186875958
Rashid Khan,death,4,36.0,313.0,0.11501597444089456,0.11151383196721311,0.11461913110110063
Rashid Khan,death,6,32.0,313.0,0.10223642172523961,0.07952100409836066,0.0996624367250267
Rashid Khan,death,W,36.0,313.0,0.11501597444089456,0.08016137295081967,0.11106644452700506
Rashid Khan,death,Wd,18.0,313.0,0.05750798722044728,0.04340420081967213,0.05590982445548693
Rashid Khan,death,Nb,5.0,313.0,0.01597444089456869,0.006570184426229508,0.014908802767844702
Rashid Khan,middle,0,26.0,75.0,0.3466666666666667,0.2808889845966761,0.32378747290319165
Rashid Khan,middle,1,26.0,75.0,0.3466666666666667,0.4414331678151601,0.37962892793570785
Rashid Khan,middle,2,8.0,75.0,0.10666666666666667,0.06664217673287394,0.09274510495056484
Rashid Khan,middle,3,0.0,75.0,0.0,0.002286430887717876,0.0007952803087714352
Rashid Khan,middle,4,5.0,75.0,0.06666666666666667,0.08739739562221321,0.07387735499903068
Rashid Khan,middle,6,3.0,75.0,0.04,0.048281059991892986,0.04288036869283234
Rashid Khan,middle,W,4.0,75.0,0.05333333333333334,0.04221980137819214,0.049467757001110314
Rashid Khan,middle,Wd,3.0,75.0,0.04,0.028171868666396434,0.03588586736222484
Rashid Khan,middle,Nb,0.0,75.0,0.0,0.002679114308877179,0.0009318658465659752
Ravi Bishnoi,death,0,34.0,84.0,0.40476190476190477,0.21696977459016392,0.3441837982548916
Ravi Bishnoi,death,1,21.0,84.0,0.25,0.37083760245901637,0.288979871760973
Ravi Bishnoi,death,2,4.0,84.0,0.047619047619047616,0.08837090163934426,0.060764806980433635
Ravi Bishnoi,death,3,1.0,84.0,0.011904761904761904,0.002651127049180328,0.008919718402961397
Ravi Bishnoi,death,4,5.0,84.0,0.05952380952380952,0.11151383196721311,0.07629478450555263
Ravi Bishnoi,death,6,3.0,84.0,0.03571428571428571,0.07952100409836066,0.049845485193019574
Ravi Bishnoi,death,W,13.0,84.0,0.15476190476190477,0.08016137295081967,0.13069721708090956
Ravi Bishnoi,death,Wd,3.0,84.0,0.03571428571428571,0.04340420081967213,0.03819490349021682
Ravi Bishnoi,death,Nb,0.0,84.0,0.0,0.006570184426229508,0.002119414331041777
Ravi Bishnoi,middle,0,9.0,20.0,0.45,0.2808889845966761,0.3372593230644508
Ravi Bishnoi,middle,1,8.0,20.0,0.4,0.4414331678151601,0.4276221118767734
Ravi Bishnoi,middle,2,0.0,20.0,0.0,0.06664217673287394,0.044428117821915955
Ravi Bishnoi,middle,3,0.0,20.0,0.0,0.002286430887717876,0.001524287258478584
Ravi Bishnoi,middle,4,2.0,20.0,0.1,0.08739739562221321,0.09159826374814213
Ravi Bishnoi,middle,6,0.0,20.0,0.0,0.048281059991892986,0.032187373327928655
Ravi Bishnoi,middle,W,1.0,20.0,0.05,0.04221980137819214,0.04481320091879477
Ravi Bishnoi,middle,Wd,0.0,20.0,0.0,0.028171868666396434,0.01878124577759762
Ravi Bishnoi,middle,Nb,0.0,20.0,0.0,0.002679114308877179,0.0017860762059181193
S Aravind,death,0,15.0,35.0,0.42857142857142855,0.21696977459016392,0.3157172131147541
S Aravind,death,1,11.0,35.0,0.3142857142857143,0.37083760245901637,0.3444467213114754
S Aravind,death,2,4.0,35.0,0.11428571428571428,0.08837090163934426,0.10046448087431695
S Aravind,death,3,0.0,35.0,0.0,0.002651127049180328,0.0014139344262295082
S Aravind,death,4,1.0,35.0,0.02857142857142857,0.11151383196721311,0.07280737704918033
S Aravind,death,6,0.0,35.0,0.0,0.07952100409836066,0.04241120218579235
S Aravind,death,W,2.0,35.0,0.05714285714285714,0.08016137295081967,0.06941939890710382
S Aravind,death,Wd,2.0,35.0,0.05714285714285714,0.04340420081967213,0.049815573770491804
S Aravind,death,Nb,0.0,35.0,0.0,0.006570184426229508,0.0035040983606557377
S Aravind,middle,0,5.0,12.0,0.4166666666666667,0.2808889845966761,0.312222295843597
S Aravind,middle,1,4.0,12.0,0.3333333333333333,0.4414331678151601,0.4164870521655078
S Aravind,middle,2,1.0,12.0,0.08333333333333333,0.06664217673287394,0.07049398210221072
S Aravind,middle,3,0.0,12.0,0.0,0.002286430887717876,0.0017587929905522122
S Aravind,middle,4,1.0,12.0,0.08333333333333333,0.08739739562221321,0.08645953509401015
S Aravind,middle,6,0.0,12.0,0.0,0.048281059991892986,0.037139276916840755
S Aravind,middle,W,1.0,12.0,0.08333333333333333,0.04221980137819214,0.05170753952168627
S Aravind,middle,Wd,0.0,12.0,0.0,0.028171868666396434,0.02167066820492033
S Aravind,middle,Nb,0.0,12.0,0.0,0.002679114308877179,0.002060857160674753
S Badree,death,0,18.0,49.0,0.3673469387755102,0.21696977459016392,0.2997616964450175
S Badree,death,1,19.0,49.0,0.3877551020408163,0.37083760245901637,0.38015173144225456
S Badree,death,2,1.0,49.0,0.02040816326530612,0.08837090163934426,0.05095321421993001
S Badree,death,3,0.0,49.0,0.0,0.002651127049180328,0.001191517774912507
S Badree,death,4,0.0,49.0,0.0,0.11151383196721311,0.050118576165039605
S Badree,death,6,0.0,49.0,0.0,0.07952100409836066,0.035739777122858724
S Badree,death,W,6.0,49.0,0.12244897959183673,0.08016137295081967,0.10344331368576165
S Badree,death,Wd,4.0,49.0,0.08163265306122448,0.04340420081967213,0.0644513262110886
S Badree,death,Nb,1.0,49.0,0.02040816326530612,0.006570184426229508,0.014188846933136857
S Badree,middle,0,9.0,19.0,0.47368421052631576,0.2808889845966761,0.34297558277740753
S Badree,middle,1,4.0,19.0,0.21052631578947367,0.4414331678151601,0.36707333411197296
S Badree,middle,2,1.0,19.0,0.05263157894736842,0.06664217673287394,0.062130289310423005
S Badree,middle,3,0.0,19.0,0.0,0.002286430887717876,0.001550122635740933
S Badree,middle,4,1.0,19.0,0.05263157894736842,0.08739739562221321,0.07620162415065301
S Badree,middle,6,1.0,19.0,0.05263157894736842,0.048281059991892986,0.049682074570774906
S Badree,middle,W,2.0,19.0,0.10526315789473684,0.04221980137819214,0.0625218992394523
S Badree,middle,Wd,1.0,19.0,0.05263157894736842,0.028171868666396434,0.0360487245195908
S Badree,middle,Nb,0.0,19.0,0.0,0.002679114308877179,0.001816348683984528
S Badrinath,death,0,40.0,244.0,0.16393442622950818,0.21696977459016392,0.17140419360424847
S Badrinath,death,1,111.0,244.0,0.45491803278688525,0.37083760245901637,0.4430757186561995
S Badrinath,death,2,19.0,244.0,0.0778688524590164,0.08837090163934426,0.0793480143154006
S Badrinath,death,3,0.0,244.0,0.0,0.002651127049180328,0.00037339817594089124
S Badrinath,death,4,36.0,244.0,0.14754098360655737,0.11151383196721311,0.14246673689679057
S Badrinath,death,6,11.0,244.0,0.045081967213114756,0.07952100409836066,0.0499325357885015
S Badrinath,death,W,19.0,244.0,0.0778688524590164,0.08016137295081967,0.07819174266912952
S Badrinath,death,Wd,4.0,244.0,0.01639344262295082,0.04340420081967213,0.020197774763334102
S Badrinath,death,Nb,4.0,244.0,0.01639344262295082,0.006570184426229508,0.01500988513045486
S Badrinath,middle,0,185.0,597.0,0.3098827470686767,0.2808889845966761,0.30806210264343337
S Badrinath,middle,1,260.0,597.0,0.4355108877721943,0.4414331678151601,0.43588277348917803
S Badrinath,middle,2,41.0,597.0,0.06867671691792294,0.06664217673287394,0.06854895929248815
S Badrinath,middle,3,0.0,597.0,0.0,0.002286430887717876,0.00014357493800426223
S Badrinath,middle,4,66.0,597.0,0.11055276381909548,0.08739739562221321,0.10909873755869472
S Badrinath,middle,6,13.0,597.0,0.021775544388609715,0.048281059991892986,0.023439940972803327
S Badrinath,middle,W,16.0,597.0,0.02680067001675042,0.04221980137819214,0.0277689043251612
S Badrinath,middle,Wd,16.0,597.0,0.02680067001675042,0.028171868666396434,0.02688677354263086
S Badrinath,middle,Nb,0.0,597.0,0.0,0.002679114308877179,0.00016823323760610227
S Badrinath,powerplay,0,124.0,204.0,0.6078431372549019,0.4228881521678736,0.5775226478963728
S Badrinath,powerplay,1,35.0,204.0,0.1715686274509804,0.25764450947345025,0.18567942778253282
S Badrinath,powerplay,2,7.0,204.0,0.03431372549019608,0.04384827662845184,0.035876766660401946
S Badrinath,powerplay,3,1.0,204.0,0.004901960784313725,0.005028429611245902,0.00492269337889277
S Badrinath,powerplay,4,22.0,204.0,0.10784313725490197,0.15223269683107069,0.11512011423460175
S Badrinath,powerplay,6,0.0,204.0,0.0,0.040523771600022226,0.006643241245905283
S Badrinath,powerplay,W,6.0,204.0,0.029411764705882353,0.03919952586446391,0.03101631571548589
S Badrinath,powerplay,Wd,8.0,204.0,0.0392156862745098,0.03486563072990943,0.03850256241473925
S Badrinath,powerplay,Nb,1.0,204.0,0.004901960784313725,0.003769007093512122,0.004716230671067561
S Chanderpaul,death,0,2.0,19.0,0.10526315789473684,0.21696977459016392,0.18099645734926367
S Chanderpaul,death,1,11.0,19.0,0.5789473684210527,0.37083760245901637,0.4378560016671298
S Chanderpaul,death,2,1.0,19.0,0.05263157894736842,0.08837090163934426,0.07686162823006391
S Chanderpaul,death,3,0.0,19.0,0.0,0.002651127049180328,0.0017973742706307307
S Chanderpaul,death,4,4.0,19.0,0.21052631578947367,0.11151383196721311,0.14339920811336485
S Chanderpaul,death,6,0.0,19.0,0.0,0.07952100409836066,0.05391254515143096
S Chanderpaul,death,W,1.0,19.0,0.05263157894736842,0.08016137295081967,0.07129584606835232
S Chanderpaul,death,Wd,0.0,19.0,0.0,0.04340420081967213,0.029426576826896363
S Chanderpaul,death,Nb,0.0,19.0,0.0,0.006570184426229508,0.004454362322867464
S Chanderpaul,middle,0,39.0,106.0,0.36792452830188677,0.2808889845966761,0.344079173862103
S Chanderpaul,middle,1,42.0,106.0,0.39622641509433965,0.4414331678151601,0.408611826798674
S Chanderpaul,middle,2,7.0,106.0,0.0660377358490566,0.06664217673287394,0.06620333609119834
S Chanderpaul,middle,3,0.0,106.0,0.0,0.002286430887717876,0.0006264194212925688
S Chanderpaul,middle,4,6.0,106.0,0.05660377358490566,0.08739739562221321,0.0650403823622502
S Chanderpaul,middle,6,1.0,106.0,0.009433962264150943,0.048281059991892986,0.020077002737504925
S Chanderpaul,middle,W,8.0,106.0,0.07547169811320754,0.04221980137819214,0.06636158941868277
S Chanderpaul,middle,Wd,3.0,106.0,0.02830188679245283,0.028171868666396434,0.028266265388053817
S Chanderpaul,middle,Nb,0.0,106.0,0.0,0.002679114308877179,0.000734003920240323
S Chanderpaul,powerplay,0,63.0,116.0,0.5431034482758621,0.4228881521678736,0.5122790133763778
S Chanderpaul,powerplay,1,25.0,116.0,0.21551724137931033,0.25764450947345025,0.22631910499319238
S Chanderpaul,powerplay,2,4.0,116.0,0.034482758620689655,0.04384827662845184,0.03688417349447483
S Chanderpaul,powerplay,3,0.0,116.0,0.0,0.005028429611245902,0.0012893409259604877
S Chanderpaul,powerplay,4,12.0,116.0,0.10344827586206896,0.15223269683107069,0.11595710175155659
S Chanderpaul,powerplay,6,2.0,116.0,0.017241379310344827,0.040523771600022226,0.023211223487185188
S Chanderpaul,powerplay,W,5.0,116.0,0.04310344827586207,0.03919952586446391,0.04210244252934972
S Chanderpaul,powerplay,Wd,5.0,116.0,0.04310344827586207,0.03486563072990943,0.04099118736664344
S Chanderpaul,powerplay,Nb,0.0,116.0,0.0,0.003769007093512122,0.0009664120752595185
S Dhawan,death,0,85.0,397.0,0.2141057934508816,0.21696977459016392,0.21436794275424842
S Dhawan,death,1,157.0,397.0,0.3954659949622166,0.37083760245901637,0.3932116798589489
S Dhawan,death,2,37.0,397.0,0.09319899244332494,0.08837090163934426,0.09275706193495142
S Dhawan,death,3,2.0,397.0,0.005037783375314861,0.002651127049180328,0.004819325130359755
S Dhawan,death,4,68.0,397.0,0.1712846347607053,0.11151383196721311,0.16581362306336045
S Dhawan,death,6,18.0,397.0,0.04534005037783375,0.07952100409836066,0.04846874179390029
S Dhawan,death,W,20.0,397.0,0.05037783375314862,0.08016137295081967,0.05310401583073864
S Dhawan,death,Wd,8.0,397.0,0.020151133501259445,0.04340420081967213,0.022279560715759462
S Dhawan,death,Nb,2.0,397.0,0.005037783375314861,0.006570184426229508,0.005178048917732678
S Dhawan,middle,0,517.0,2207.0,0.2342546443135478,0.2808889845966761,0.23508480613434227
S Dhawan,middle,1,1064.0,2207.0,0.48210240144993205,0.4414331678151601,0.4813784275534519
S Dhawan,middle,2,169.0,2207.0,0.07657453556864521,0.06664217673287394,0.07639772455243211
S Dhawan,middle,3,4.0,2207.0,0.0018124150430448573,0.002286430887717876,0.0018208532423269759
S Dhawan,middle,4,241.0,2207.0,0.10919800634345266,0.08739739562221321,0.10880992248548665
S Dhawan,middle,6,55.0,2207.0,0.02492070684186679,0.048281059991892986,0.025336556475156084
S Dhawan,middle,W,87.0,2207.0,0.03942002718622564,0.04221980137819214,0.0394698674032611
S Dhawan,middle,Wd,62.0,2207.0,0.02809243316719529,0.028171868666396434,0.028093847239277197
S Dhawan,middle,Nb,8.0,2207.0,0.0036248300860897147,0.002679114308877179,0.0036079949142657263
S Dhawan,powerplay,0,1296.0,3168.0,0.4090909090909091,0.4228881521678736,0.4092629445407465
S Dhawan,powerplay,1,932.0,3168.0,0.29419191919191917,0.25764450947345025,0.293736215828846
S Dhawan,powerplay,2,113.0,3168.0,0.03566919191919192,0.04384827662845184,0.03577117551905801
S Dhawan,powerplay,3,14.0,3168.0,0.004419191919191919,0.005028429611245902,0.004426788399142717
S Dhawan,powerplay,4,500.0,3168.0,0.15782828282828282,0.15223269683107069,0.1577585124293151
S Dhawan,powerplay,6,89.0,3168.0,0.028093434343434344,0.040523771600022226,0.028248426079800777
S Dhawan,powerplay,W,111.0,3168.0,0.035037878787878785,0.03919952586446391,0.03508976964918284
S Dhawan,powerplay,Wd,103.0,3168.0,0.032512626262626264,0.03486563072990943,0.03254196547044775
S Dhawan,powerplay,Nb,10.0,3168.0,0.0031565656565656565,0.003769007093512122,0.003164202083460251
S Dube,death,0,122.0,489.0,0.24948875255623723,0.21696977459016392,0.2470298506306362
S Dube,death,1,174.0,489.0,0.3558282208588957,0.37083760245901637,0.35696314574359295
S Dube,death,2,28.0,489.0,0.05725971370143149,0.08837090163934426,0.05961216647556478
S Dube,death,3,1.0,489.0,0.002044989775051125,0.002651127049180328,0.0020908224611856582
S Dube,death,4,53.0,489.0,0.1083844580777096,0.11151383196721311,0.1086210837026248
S Dube,death,6,44.0,489.0,0.08997955010224949,0.07952100409836066,0.08918873376925222
S Dube,death,W,30.0,489.0,0.06134969325153374,0.08016137295081967,0.0627721264991168
S Dube,death,Wd,36.0,489.0,0.0736196319018405,0.04340420081967213,0.07133491121509808
S Dube,death,Nb,1.0,489.0,0.002044989775051125,0.006570184426229508,0.0023871595029285072
S Dube,middle,0,283.0,1014.0,0.27909270216962523,0.2808889845966761,0.2791608722807088
S Dube,middle,1,412.0,1014.0,0.40631163708086787,0.4414331678151601,0.40764452249772903
S Dube,middle,2,54.0,1014.0,0.05325443786982249,0.06664217673287394,0.05376251145096295
S Dube,middle,3,0.0,1014.0,0.0,0.002286430887717876,8.677157069138049e-05
S Dube,middle,4,83.0,1014.0,0.08185404339250493,0.08739739562221321,0.08206441729116559
S Dube,middle,6,92.0,1014.0,0.09072978303747535,0.048281059991892986,0.08911882580614396
S Dube,middle,W,35.0,1014.0,0.03451676528599606,0.04221980137819214,0.03480910062156327
S Dube,middle,Wd,52.0,1014.0,0.05128205128205128,0.028171868666396434,0.050405004503468555
S Dube,middle,Nb,3.0,1014.0,0.0029585798816568047,0.002679114308877179,0.0029479739775664965
S Dube,powerplay,0,28.0,50.0,0.56,0.4228881521678736,0.49906140096349944
S Dube,powerplay,1,13.0,50.0,0.26,0.25764450947345025,0.2589531153215334
S Dube,powerplay,2,3.0,50.0,0.06,0.04384827662845184,0.052821456279311924
S Dube,powerplay,3,0.0,50.0,0.0,0.005028429611245902,0.0022348576049981785
S Dube,powerplay,4,3.0,50.0,0.06,0.15223269683107069,0.10099230970269808
S Dube,powerplay,6,1.0,50.0,0.02,0.040523771600022226,0.029121676266676548
S Dube,powerplay,W,0.0,50.0,0.0,0.03919952586446391,0.017422011495317292
S Dube,powerplay,Wd,2.0,50.0,0.04,0.03486563072990943,0.03771805810218197
S Dube,powerplay,Nb,0.0,50.0,0.0,0.003769007093512122,0.0016751142637831653
S Gopal,death,0,21.0,96.0,0.21875,0.21696977459016392,0.2182264042912247
S Gopal,death,1,39.0,96.0,0.40625,0.37083760245901637,0.39583458895853424
S Gopal,death,2,8.0,96.0,0.08333333333333333,0.08837090163934426,0.08481497107039537
S Gopal,death,3,0.0,96.0,0.0,0.002651127049180328,0.00077974324975892
S Gopal,death,4,13.0,96.0,0.13541666666666666,0.11151383196721311,0.12838642116682739
S Gopal,death,6,2.0,96.0,0.020833333333333332,0.07952100409836066,0.03809441297010608
S Gopal,death,W,10.0,96.0,0.10416666666666667,0.08016137295081967,0.09710628616200578
S Gopal,death,Wd,3.0,96.0,0.03125,0.04340420081967213,0.03482476494696239
S Gopal,death,Nb,0.0,96.0,0.0,0.006570184426229508,0.0019324071841851495
S Gopal,middle,0,25.0,57.0,0.43859649122807015,0.2808889845966761,0.373562467874918
S Gopal,middle,1,24.0,57.0,0.42105263157894735,0.4414331678151601,0.42945697641862274
S Gopal,middle,2,2.0,57.0,0.03508771929824561,0.06664217673287394,0.04809986669396863
S Gopal,middle,3,0.0,57.0,0.0,0.002286430887717876,0.0009428580980279901
S Gopal,middle,4,4.0,57.0,0.07017543859649122,0.08739739562221321,0.07727727654524255
S Gopal,middle,6,0.0,57.0,0.0,0.048281059991892986,0.019909715460574427
S Gopal,middle,W,2.0,57.0,0.03508771929824561,0.04221980137819214,0.0380287840734813
S Gopal,middle,Wd,0.0,57.0,0.0,0.028171868666396434,0.011617265429441827
S Gopal,middle,Nb,0.0,57.0,0.0,0.002679114308877179,0.001104789405722548
S Gopal,powerplay,0,4.0,4.0,1.0,0.4228881521678736,0.47535286560715784
S Gopal,powerplay,1,0.0,4.0,0.0,0.25764450947345025,0.23422228133950024
S Gopal,powerplay,2,0.0,4.0,0.0,0.04384827662845184,0.039862069662228945
S Gopal,powerplay,3,0.0,4.0,0.0,0.005028429611245902,0.004571299646587184
S Gopal,powerplay,4,0.0,4.0,0.0,0.15223269683107069,0.1383933607555188
S Gopal,powerplay,6,0.0,4.0,0.0,0.040523771600022226,0.03683979236365657
S Gopal,powerplay,W,0.0,4.0,0.0,0.03919952586446391,0.0356359326040581
S Gopal,powerplay,Wd,0.0,4.0,0.0,0.03486563072990943,0.031696027936281304
S Gopal,powerplay,Nb,0.0,4.0,0.0,0.003769007093512122,0.00342637008501102
S Joseph,death,0,3.0,8.0,0.375,0.21696977459016392,0.24330814549180327
S Joseph,death,1,2.0,8.0,0.25,0.37083760245901637,0.35069800204918034
S Joseph,death,2,0.0,8.0,0.0,0.08837090163934426,0.07364241803278689
S Joseph,death,3,0.0,8.0,0.0,0.002651127049180328,0.0022092725409836064
S Joseph,death,4,2.0,8.0,0.25,0.11151383196721311,0.1345948599726776
S Joseph,death,6,1.0,8.0,0.125,0.07952100409836066,0.08710083674863389
S Joseph,death,W,0.0,8.0,0.0,0.08016137295081967,0.06680114412568305
S Joseph,death,Wd,0.0,8.0,0.0,0.04340420081967213,0.03617016734972678
S Joseph,death,Nb,0.0,8.0,0.0,0.006570184426229508,0.005475153688524591
S Kaul,death,0,20.0,35.0,0.5714285714285714,0.21696977459016392,0.38238387978142074
S Kaul,death,1,7.0,35.0,0.2,0.37083760245901637,0.29111338797814207
S Kaul,death,2,4.0,35.0,0.11428571428571428,0.08837090163934426,0.10046448087431695
S Kaul,death,3,0.0,35.0,0.0,0.002651127049180328,0.0014139344262295082
S Kaul,death,4,1.0,35.0,0.02857142857142857,0.11151383196721311,0.07280737704918033
S Kaul,death,6,0.0,35.0,0.0,0.07952100409836066,0.04241120218579235
S Kaul,death,W,3.0,35.0,0.08571428571428572,0.08016137295081967,0.08275273224043715
S Kaul,death,Wd,0.0,35.0,0.0,0.04340420081967213,0.02314890710382514
S Kaul,death,Nb,0.0,35.0,0.0,0.006570184426229508,0.0035040983606557377
S Nadeem,death,0,28.0,61.0,0.45901639344262296,0.21696977459016392,0.3631563463723422
S Nadeem,death,1,13.0,61.0,0.21311475409836064,0.37083760245901637,0.27557924849862037
S Nadeem,death,2,3.0,61.0,0.04918032786885246,0.08837090163934426,0.06470134718389872
S Nadeem,death,3,0.0,61.0,0.0,0.002651127049180328,0.0010499513066060705
S Nadeem,death,4,2.0,61.0,0.03278688524590164,0.11151383196721311,0.06396587404642104
S Nadeem,death,6,0.0,61.0,0.0,0.07952100409836066,0.03149346696964778
S Nadeem,death,W,15.0,61.0,0.2459016393442623,0.08016137295081967,0.18026192988151274
S Nadeem,death,Wd,0.0,61.0,0.0,0.04340420081967213,0.01718978250284045
S Nadeem,death,Nb,0.0,61.0,0.0,0.006570184426229508,0.0026020532381106965
S Nadeem,middle,0,11.0,22.0,0.5,0.2808889845966761,0.35863805457850073
S Nadeem,middle,1,9.0,22.0,0.4090909090909091,0.4414331678151601,0.42995688246139363
S Nadeem,middle,2,0.0,22.0,0.0,0.06664217673287394,0.04299495273088641
S Nadeem,middle,3,0.0,22.0,0.0,0.002286430887717876,0.0014751167017534683
S Nadeem,middle,4,0.0,22.0,0.0,0.08739739562221321,0.056385416530460135
S Nadeem,middle,6,0.0,22.0,0.0,0.048281059991892986,0.031149070962511603
S Nadeem,middle,W,1.0,22.0,0.045454545454545456,0.04221980137819214,0.04336761379238203
S Nadeem,middle,Wd,1.0,22.0,0.045454545454545456,0.028171868666396434,0.03430443139767511
S Nadeem,middle,Nb,0.0,22.0,0.0,0.002679114308877179,0.0017284608444368896
S Randiv,death,0,2.0,4.0,0.5,0.21696977459016392,0.2426997950819672
S Randiv,death,1,0.0,4.0,0.0,0.37083760245901637,0.33712509314456035
S Randiv,death,2,1.0,4.0,0.25,0.08837090163934426,0.10306445603576751
S Randiv,death,3,0.0,4.0,0.0,0.002651127049180328,0.0024101154992548436
S Randiv,death,4,0.0,4.0,0.0,0.11151383196721311,0.10137621087928465
S Randiv,death,6,0.0,4.0,0.0,0.07952100409836066,0.0722918219076006
S Randiv,death,W,1.0,4.0,0.25,0.08016137295081967,0.09560124813710878
S Randiv,death,Wd,0.0,4.0,0.0,0.04340420081967213,0.039458364381520124
S Randiv,death,Nb,0.0,4.0,0.0,0.006570184426229508,0.005972894932935916
S Randiv,middle,0,0.0,2.0,0.0,0.2808889845966761,0.2675133186635011
S Randiv,middle,1,1.0,2.0,0.5,0.4414331678151601,0.44422206458586677
S Randiv,middle,2,0.0,2.0,0.0,0.06664217673287394,0.06346873974559422
S Randiv,middle,3,0.0,2.0,0.0,0.002286430887717876,0.0021775532263979772
S Randiv,middle,4,0.0,2.0,0.0,0.08739739562221321,0.0832356148782983
S Randiv,middle,6,0.0,2.0,0.0,0.048281059991892986,0.045981961897040936
S Randiv,middle,W,1.0,2.0,0.5,0.04221980137819214,0.06401885845542109
S Randiv,middle,Wd,0.0,2.0,0.0,0.028171868666396434,0.026830351110853745
S Randiv,middle,Nb,0.0,2.0,0.0,0.002679114308877179,0.0025515374370258847
S Sreesanth,death,0,32.0,48.0,0.6666666666666666,0.21696977459016392,0.46225898845007457
S Sreesanth,death,1,6.0,48.0,0.125,0.37083760245901637,0.23674436475409835
S Sreesanth,death,2,0.0,48.0,0.0,0.08837090163934426,0.04016859165424739
S Sreesanth,death,3,0.0,48.0,0.0,0.002651127049180328,0.0012050577496274218
S Sreesanth,death,4,4.0,48.0,0.08333333333333333,0.11151383196721311,0.09614265089418779
S Sreesanth,death,6,0.0,48.0,0.0,0.07952100409836066,0.0361459109538003
S Sreesanth,death,W,4.0,48.0,0.08333333333333333,0.08016137295081967,0.08189153315946349
S Sreesanth,death,Wd,2.0,48.0,0.041666666666666664,0.04340420081967213,0.042456454918032786
S Sreesanth,death,Nb,0.0,48.0,0.0,0.006570184426229508,0.002986447466467958
S Tyagi,death,0,1.0,4.0,0.25,0.21696977459016392,0.21997252235469447
S Tyagi,death,1,3.0,4.0,0.75,0.37083760245901637,0.4053069113263785
S Tyagi,death,2,0.0,4.0,0.0,0.08837090163934426,0.08033718330849478
S Tyagi,death,3,0.0,4.0,0.0,0.002651127049180328,0.0024101154992548436
S Tyagi,death,4,0.0,4.0,0.0,0.11151383196721311,0.10137621087928465
S Tyagi,death,6,0.0,4.0,0.0,0.07952100409836066,0.0722918219076006
S Tyagi,death,W,0.0,4.0,0.0,0.08016137295081967,0.07287397540983606
S Tyagi,death,Wd,0.0,4.0,0.0,0.04340420081967213,0.039458364381520124
S Tyagi,death,Nb,0.0,4.0,0.0,0.006570184426229508,0.005972894932935916
SA Abbott,death,0,18.0,58.0,0.3103448275862069,0.21696977459016392,0.2722325610572098
SA Abbott,death,1,20.0,58.0,0.3448275862068966,0.37083760245901637,0.3554439193710271
SA Abbott,death,2,3.0,58.0,0.05172413793103448,0.08837090163934426,0.06668200066912011
SA Abbott,death,3,2.0,58.0,0.034482758620689655,0.002651127049180328,0.02149025593844095
SA Abbott,death,4,4.0,58.0,0.06896551724137931,0.11151383196721311,0.08633217631314823
SA Abbott,death,6,3.0,58.0,0.05172413793103448,0.07952100409836066,0.06306979759116763
SA Abbott,death,W,7.0,58.0,0.1206896551724138,0.08016137295081967,0.10414749916359986
SA Abbott,death,Wd,1.0,58.0,0.017241379310344827,0.04340420081967213,0.027920081967213115
SA Abbott,death,Nb,0.0,58.0,0.0,0.006570184426229508,0.0026817079290732686
SA Abbott,middle,0,3.0,4.0,0.75,0.2808889845966761,0.32353544054243283
SA Abbott,middle,1,1.0,4.0,0.25,0.4414331678151601,0.4240301525592365
SA Abbott,middle,2,0.0,4.0,0.0,0.06664217673287394,0.060583797029885395
SA Abbott,middle,3,0.0,4.0,0.0,0.002286430887717876,0.0020785735342889783
SA Abbott,middle,4,0.0,4.0,0.0,0.08739739562221321,0.07945217783837565
SA Abbott,middle,6,0.0,4.0,0.0,0.048281059991892986,0.04389187271990271
SA Abbott,middle,W,0.0,4.0,0.0,0.04221980137819214,0.03838163761653831
SA Abbott,middle,Wd,0.0,4.0,0.0,0.028171868666396434,0.02561078969672403
SA Abbott,middle,Nb,0.0,4.0,0.0,0.002679114308877179,0.0024355584626156172
SA Yadav,death,0,117.0,598.0,0.1956521739130435,0.21696977459016392,0.1969887006012642
SA Yadav,death,1,188.0,598.0,0.31438127090301005,0.37083760245901637,0.3179208528187471
SA Yadav,death,2,40.0,598.0,0.06688963210702341,0.08837090163934426,0.06823642016547612
SA Yadav,death,3,0.0,598.0,0.0,0.002651127049180328,0.0001662148620175754
SA Yadav,death,4,109.0,598.0,0.18227424749163879,0.11151383196721311,0.17783785780358702
SA Yadav,death,6,62.0,598.0,0.10367892976588629,0.07952100409836066,0.10216432627575928
SA Yadav,death,W,57.0,598.0,0.09531772575250837,0.08016137295081967,0.09436748419754355
SA Yadav,death,Wd,20.0,598.0,0.033444816053511704,0.04340420081967213,0.03406922889151549
SA Yadav,death,Nb,5.0,598.0,0.008361204013377926,0.006570184426229508,0.008248914384089624
SA Yadav,middle,0,586.0,2446.0,0.23957481602616518,0.2808889845966761,0.2402395653193351
SA Yadav,middle,1,1075.0,2446.0,0.43949304987735077,0.4414331678151601,0.4395242665778787
SA Yadav,middle,2,162.0,2446.0,0.06623058053965658,0.06664217673287394,0.06623720316545252
SA Yadav,middle,3,3.0,2446.0,0.0012264922322158627,0.002286430887717876,0.0012435467560372947
SA Yadav,middle,4,315.0,2446.0,0.12878168438266557,0.08739739562221321,0.12811580684830592
SA Yadav,middle,6,154.0,2446.0,0.06295993458708095,0.048281059991892986,0.06272374995964429
SA Yadav,middle,W,90.0,2446.0,0.03679476696647588,0.04221980137819214,0.03688205633754131
SA Yadav,middle,Wd,54.0,2446.0,0.022076860179885527,0.028171868666396434,0.022174929503884094
SA Yadav,middle,Nb,7.0,2446.0,0.0028618152085036794,0.002679114308877179,0.002858875531920791
SA Yadav,powerplay,0,423.0,1019.0,0.4151128557409225,0.4228881521678736,0.41540654021408396
SA Yadav,powerplay,1,254.0,1019.0,0.2492639842983317,0.25764450947345025,0.24958052915858173
SA Yadav,powerplay,2,36.0,1019.0,0.03532875368007851,0.04384827662845184,0.035650548692292804
SA Yadav,powerplay,3,5.0,1019.0,0.004906771344455349,0.005028429611245902,0.004911366557554141
SA Yadav,powerplay,4,169.0,1019.0,0.16584887144259078,0.15223269683107069,0.16533456834111693
SA Yadav,powerplay,6,58.0,1019.0,0.05691854759568204,0.040523771600022226,0.05629929260056741
SA Yadav,powerplay,W,34.0,1019.0,0.033366045142296366,0.03919952586446391,0.033586384357486836
SA Yadav,powerplay,Wd,38.0,1019.0,0.03729146221786065,0.03486563072990943,0.0371998349661911
SA Yadav,powerplay,Nb,2.0,1019.0,0.001962708537782139,0.003769007093512122,0.0020309351121251037
SB Jakati,death,0,10.0,30.0,0.3333333333333333,0.21696977459016392,0.2668398711943794
SB Jakati,death,1,13.0,30.0,0.43333333333333335,0.37083760245901637,0.39762148711943796
SB Jakati,death,2,1.0,30.0,0.03333333333333333,0.08837090163934426,0.06478337236533958
SB Jakati,death,3,0.0,30.0,0.0,0.002651127049180328,0.0015149297423887587
SB Jakati,death,4,3.0,30.0,0.1,0.11151383196721311,0.10657933255269321
SB Jakati,death,6,0.0,30.0,0.0,0.07952100409836066,0.04544057377049181
SB Jakati,death,W,2.0,30.0,0.06666666666666667,0.08016137295081967,0.07437792740046838
SB Jakati,death,Wd,1.0,30.0,0.03333333333333333,0.04340420081967213,0.03908811475409836
SB Jakati,death,Nb,0.0,30.0,0.0,0.006570184426229508,0.003754391100702576
SB Styris,death,0,12.0,71.0,0.16901408450704225,0.21696977459016392,0.18629541426672575
SB Styris,death,1,28.0,71.0,0.39436619718309857,0.37083760245901637,0.38588742430955547
SB Styris,death,2,6.0,71.0,0.08450704225352113,0.08837090163934426,0.08589942401417812
SB Styris,death,3,0.0,71.0,0.0,0.002651127049180328,0.0009553610988037218
SB Styris,death,4,8.0,71.0,0.11267605633802817,0.11151383196721311,0.11225723674494167
SB Styris,death,6,6.0,71.0,0.08450704225352113,0.07952100409836066,0.082710271747157
SB Styris,death,W,9.0,71.0,0.1267605633802817,0.08016137295081967,0.1099680623246197
SB Styris,death,Wd,2.0,71.0,0.028169014084507043,0.04340420081967213,0.03365917146654852
SB Styris,death,Nb,0.0,71.0,0.0,0.006570184426229508,0.002367634027470093
SB Styris,middle,0,120.0,345.0,0.34782608695652173,0.2808889845966761,0.34087158281523905
SB Styris,middle,1,138.0,345.0,0.4,0.4414331678151601,0.40430474470806854
SB Styris,middle,2,22.0,345.0,0.06376811594202898,0.06664217673287394,0.06406671966055832
SB Styris,middle,3,1.0,345.0,0.002898550724637681,0.002286430887717876,0.002834953858464195
SB Styris,middle,4,25.0,345.0,0.07246376811594203,0.08739739562221321,0.0740153138308793
SB Styris,middle,6,11.0,345.0,0.03188405797101449,0.048281059991892986,0.03358764259656031
SB Styris,middle,W,20.0,345.0,0.057971014492753624,0.04221980137819214,0.05633452481851347
SB Styris,middle,Wd,8.0,345.0,0.02318840579710145,0.028171868666396434,0.0237061681731321
SB Styris,middle,Nb,0.0,345.0,0.0,0.002679114308877179,0.00027834953858464195
SB Styris,powerplay,0,12.0,27.0,0.4444444444444444,0.4228881521678736,0.431575016219626
SB Styris,powerplay,1,8.0,27.0,0.2962962962962963,0.25764450947345025,0.2732206026707166
SB Styris,powerplay,2,0.0,27.0,0.0,0.04384827662845184,0.026178075599075725
SB Styris,powerplay,3,0.0,27.0,0.0,0.005028429611245902,0.003002047529102031
SB Styris,powerplay,4,4.0,27.0,0.14814814814814814,0.15223269683107069,0.15058668467526606
SB Styris,powerplay,6,1.0,27.0,0.037037037037037035,0.040523771600022226,0.03911866961195357
SB Styris,powerplay,W,1.0,27.0,0.037037037037037035,0.03919952586446391,0.03832807514296353
SB Styris,powerplay,Wd,0.0,27.0,0.0,0.03486563072990943,0.02081530192830414
SB Styris,powerplay,Nb,1.0,27.0,0.037037037037037035,0.003769007093512122,0.01717552662299231
SC Ganguly,death,0,18.0,91.0,0.1978021978021978,0.21696977459016392,0.20365489300463022
SC Ganguly,death,1,30.0,91.0,0.32967032967032966,0.37083760245901637,0.342240489300463
SC Ganguly,death,2,9.0,91.0,0.0989010989010989,0.08837090163934426,0.09568577149292955
SC Ganguly,death,3,0.0,91.0,0.0,0.002651127049180328,0.00080950444249781
SC Ganguly,death,4,7.0,91.0,0.07692307692307693,0.11151383196721311,0.08748513953197348
SC Ganguly,death,6,14.0,91.0,0.15384615384615385,0.07952100409836066,0.13115145163308722
SC Ganguly,death,W,7.0,91.0,0.07692307692307693,0.08016137295081967,0.07791186960330372
SC Ganguly,death,Wd,5.0,91.0,0.054945054945054944,0.04340420081967213,0.051421130021273936
SC Ganguly,death,Nb,1.0,91.0,0.01098901098901099,0.006570184426229508,0.009639750969841071
SC Ganguly,middle,0,203.0,552.0,0.3677536231884058,0.2808889845966761,0.3618843908511268
SC Ganguly,middle,1,219.0,552.0,0.3967391304347826,0.4414331678151601,0.3997589978253486
SC Ganguly,middle,2,24.0,552.0,0.043478260869565216,0.06664217673287394,0.045043390319788774
SC Ganguly,middle,3,2.0,552.0,0.0036231884057971015,0.002286430887717876,0.003532866951872829
SC Ganguly,middle,4,40.0,552.0,0.07246376811594203,0.08739739562221321,0.07347279700150089
SC Ganguly,middle,6,15.0,552.0,0.02717391304347826,0.048281059991892986,0.028600071621073846
SC Ganguly,middle,W,20.0,552.0,0.036231884057971016,0.04221980137819214,0.036636473066094064
SC Ganguly,middle,Wd,26.0,552.0,0.04710144927536232,0.028171868666396434,0.0458224235585403
SC Ganguly,middle,Nb,3.0,552.0,0.005434782608695652,0.002679114308877179,0.005248588804653864
SC Ganguly,powerplay,0,218.0,437.0,0.4988558352402746,0.4228881521678736,0.49248537963671896
SC Ganguly,powerplay,1,101.0,437.0,0.2311212814645309,0.25764450947345025,0.23334545152817193
SC Ganguly,powerplay,2,13.0,437.0,0.029748283752860413,0.04384827662845184,0.03093067309253265
SC Ganguly,powerplay,3,1.0,437.0,0.002288329519450801,0.005028429611245902,0.0025181073049262807
SC Ganguly,powerplay,4,65.0,437.0,0.14874141876430205,0.15223269683107069,0.149034188413507
SC Ganguly,powerplay,6,5.0,437.0,0.011441647597254004,0.040523771600022226,0.013880400134173772
SC Ganguly,powerplay,W,19.0,437.0,0.043478260869565216,0.03919952586446391,0.043119457095552524
SC Ganguly,powerplay,Wd,14.0,437.0,0.032036613272311214,0.03486563072990943,0.032273847440663264
SC Ganguly,powerplay,Nb,1.0,437.0,0.002288329519450801,0.003769007093512122,0.0024124953537536372
SC Kuggeleijn,death,0,3.0,14.0,0.21428571428571427,0.21696977459016392,0.21627390710382513
SC Kuggeleijn,death,1,5.0,14.0,0.35714285714285715,0.37083760245901637,0.36728711293260474
SC Kuggeleijn,death,2,0.0,14.0,0.0,0.08837090163934426,0.065459927140255
SC Kuggeleijn,death,3,0.0,14.0,0.0,0.002651127049180328,0.0019637978142076503
SC Kuggeleijn,death,4,3.0,14.0,0.21428571428571427,0.11151383196721311,0.1381583940497875
SC Kuggeleijn,death,6,1.0,14.0,0.07142857142857142,0.07952100409836066,0.07742296599878568
SC Kuggeleijn,death,W,1.0,14.0,0.07142857142857142,0.08016137295081967,0.07789731329690346
SC Kuggeleijn,death,Wd,1.0,14.0,0.07142857142857142,0.04340420081967213,0.05066977838494232
SC Kuggeleijn,death,Nb,0.0,14.0,0.0,0.006570184426229508,0.004866803278688525
SC Kuggeleijn,middle,0,0.0,2.0,0.0,0.2808889845966761,0.2675133186635011
SC Kuggeleijn,middle,1,1.0,2.0,0.5,0.4414331678151601,0.44422206458586677
SC Kuggeleijn,middle,2,0.0,2.0,0.0,0.06664217673287394,0.06346873974559422
SC Kuggeleijn,middle,3,0.0,2.0,0.0,0.002286430887717876,0.0021775532263979772
SC Kuggeleijn,middle,4,0.0,2.0,0.0,0.08739739562221321,0.0832356148782983
SC Kuggeleijn,middle,6,0.0,2.0,0.0,0.048281059991892986,0.045981961897040936
SC Kuggeleijn,middle,W,1.0,2.0,0.5,0.04221980137819214,0.06401885845542109
SC Kuggeleijn,middle,Wd,0.0,2.0,0.0,0.028171868666396434,0.026830351110853745
SC Kuggeleijn,middle,Nb,0.0,2.0,0.0,0.002679114308877179,0.0025515374370258847
SC Kuggeleijn,powerplay,0,0.0,2.0,0.0,0.4228881521678736,0.40275062111226057
SC Kuggeleijn,powerplay,1,0.0,2.0,0.0,0.25764450947345025,0.24537572330804786
SC Kuggeleijn,powerplay,2,0.0,2.0,0.0,0.04384827662845184,0.04176026345566842
SC Kuggeleijn,powerplay,3,0.0,2.0,0.0,0.005028429611245902,0.004788980582138954
SC Kuggeleijn,powerplay,4,0.0,2.0,0.0,0.15223269683107069,0.14498352079149587
SC Kuggeleijn,powerplay,6,1.0,2.0,0.5,0.040523771600022226,0.06240359200002117
SC Kuggeleijn,powerplay,W,1.0,2.0,0.5,0.03919952586446391,0.06114240558520373
SC Kuggeleijn,powerplay,Wd,0.0,2.0,0.0,0.03486563072990943,0.033205362599913746
SC Kuggeleijn,powerplay,Nb,0.0,2.0,0.0,0.003769007093512122,0.00358953056524964
SD Hope,death,0,14.0,51.0,0.27450980392156865,0.21696977459016392,0.24921748333633578
SD Hope,death,1,25.0,51.0,0.49019607843137253,0.37083760245901637,0.4377308142676995
SD Hope,death,2,3.0,51.0,0.058823529411764705,0.08837090163934426,0.0718113853359755
SD Hope,death,3,0.0,51.0,0.0,0.002651127049180328,0.001165330571068276
SD Hope,death,4,4.0,51.0,0.0784313725490196,0.11151383196721311,0.09297311295262116
SD Hope,death,6,2.0,51.0,0.0392156862745098,0.07952100409836066,0.05693230949378491
SD Hope,death,W,1.0,51.0,0.0196078431372549,0.08016137295081967,0.04622477931904161
SD Hope,death,Wd,2.0,51.0,0.0392156862745098,0.04340420081967213,0.041056791569086655
SD Hope,death,Nb,0.0,51.0,0.0,0.006570184426229508,0.002887993154386597
SD Hope,middle,0,68.0,308.0,0.22077922077922077,0.2808889845966761,0.22768838903410069
SD Hope,middle,1,154.0,308.0,0.5,0.4414331678151601,0.49326818020863905
SD Hope,middle,2,27.0,308.0,0.08766233766233766,0.06664217673287394,0.08524622721067517
SD Hope,middle,3,0.0,308.0,0.0,0.002286430887717876,0.00026280814801354896
SD Hope,middle,4,19.0,308.0,0.06168831168831169,0.08739739562221321,0.06464337880715094
SD Hope,middle,6,19.0,308.0,0.06168831168831169,0.048281059991892986,0.060147248274930225
SD Hope,middle,W,18.0,308.0,0.05844155844155844,0.04221980137819214,0.05657698866416001
SD Hope,middle,Wd,3.0,308.0,0.00974025974025974,0.028171868666396434,0.011858835478896141
SD Hope,middle,Nb,0.0,308.0,0.0,0.002679114308877179,0.00030794417343415846
SD Hope,powerplay,0,158.0,415.0,0.38072289156626504,0.4228881521678736,0.3844297276631098
SD Hope,powerplay,1,125.0,415.0,0.30120481927710846,0.25764450947345025,0.29737534149217143
SD Hope,powerplay,2,17.0,415.0,0.04096385542168675,0.04384827662845184,0.04121743091239137
SD Hope,powerplay,3,0.0,415.0,0.0,0.005028429611245902,0.0004420597460435958
SD Hope,powerplay,4,53.0,415.0,0.12771084337349398,0.15223269683107069,0.1298666107104238
SD Hope,powerplay,6,29.0,415.0,0.06987951807228916,0.040523771600022226,0.06729879310769427
SD Hope,powerplay,W,22.0,415.0,0.05301204819277108,0.03919952586446391,0.05179776051555726
SD Hope,powerplay,Wd,9.0,415.0,0.021686746987951807,0.03486563072990943,0.02284533017405797
SD Hope,powerplay,Nb,2.0,415.0,0.004819277108433735,0.003769007093512122,0.004726945678550516
SE Bond,death,0,3.0,17.0,0.17647058823529413,0.21696977459016392,0.20489106988783434
SE Bond,death,1,7.0,17.0,0.4117647058823529,0.37083760245901637,0.38304393155018696
SE Bond,death,2,1.0,17.0,0.058823529411764705,0.08837090163934426,0.07955852746620651
SE Bond,death,3,0.0,17.0,0.0,0.002651127049180328,0.0018604400345125108
SE Bond,death,4,1.0,17.0,0.058823529411764705,0.11151383196721311,0.09579918032786885
SE Bond,death,6,0.0,17.0,0.0,0.07952100409836066,0.05580421340235836
SE Bond,death,W,5.0,17.0,0.29411764705882354,0.08016137295081967,0.14397289329882082
SE Bond,death,Wd,0.0,17.0,0.0,0.04340420081967213,0.03045908829450676
SE Bond,death,Nb,0.0,17.0,0.0,0.006570184426229508,0.004610655737704918
SE Bond,middle,0,0.0,2.0,0.0,0.2808889845966761,0.2675133186635011
SE Bond,middle,1,1.0,2.0,0.5,0.4414331678151601,0.44422206458586677
SE Bond,middle,2,0.0,2.0,0.0,0.06664217673287394,0.06346873974559422
SE Bond,middle,3,0.0,2.0,0.0,0.002286430887717876,0.0021775532263979772
SE Bond,middle,4,0.0,2.0,0.0,0.08739739562221321,0.0832356148782983
SE Bond,middle,6,0.0,2.0,0.0,0.048281059991892986,0.045981961897040936
SE Bond,middle,W,1.0,2.0,0.5,0.04221980137819214,0.06401885845542109
SE Bond,middle,Wd,0.0,2.0,0.0,0.028171868666396434,0.026830351110853745
SE Bond,middle,Nb,0.0,2.0,0.0,0.002679114308877179,0.0025515374370258847
SE Marsh,death,0,24.0,147.0,0.16326530612244897,0.21696977459016392,0.1747528929604629
SE Marsh,death,1,65.0,147.0,0.4421768707482993,0.37083760245901637,0.42691713421583233
SE Marsh,death,2,9.0,147.0,0.061224489795918366,0.08837090163934426,0.0670312089068116
SE Marsh,death,3,0.0,147.0,0.0,0.002651127049180328,0.0005670859998246691
SE Marsh,death,4,15.0,147.0,0.10204081632653061,0.11151383196721311,0.10406712983255896
SE Marsh,death,6,11.0,147.0,0.07482993197278912,0.07952100409836066,0.07583336986061191
SE Marsh,death,W,14.0,147.0,0.09523809523809523,0.08016137295081967,0.09201312790391865
SE Marsh,death,Wd,8.0,147.0,0.05442176870748299,0.04340420081967213,0.05206506969404751
SE Marsh,death,Nb,1.0,147.0,0.006802721088435374,0.006570184426229508,0.006752980625931446
SE Marsh,middle,0,227.0,887.0,0.25591882750845546,0.2808889845966761,0.256996288439986
SE Marsh,middle,1,404.0,887.0,0.455467869222097,0.4414331678151601,0.45486227261338336
SE Marsh,middle,2,53.0,887.0,0.05975197294250282,0.06664217673287394,0.06004928486441743
SE Marsh,middle,3,3.0,887.0,0.0033821871476888386,0.002286430887717876,0.003334905324173371
SE Marsh,middle,4,109.0,887.0,0.12288613303269448,0.08739739562221321,0.12135479592760359
SE Marsh,middle,6,45.0,887.0,0.05073280721533258,0.048281059991892986,0.05062701445488211
SE Marsh,middle,W,31.0,887.0,0.03494926719278467,0.04221980137819214,0.03526299035073105
SE Marsh,middle,Wd,13.0,887.0,0.014656144306651634,0.028171868666396434,0.015239347083771152
SE Marsh,middle,Nb,2.0,887.0,0.002254791431792559,0.002679114308877179,0.002273100941051874
SE Marsh,powerplay,0,357.0,752.0,0.4747340425531915,0.4228881521678736,0.47211556324080167
SE Marsh,powerplay,1,210.0,752.0,0.27925531914893614,0.25764450947345025,0.27816386411482075
SE Marsh,powerplay,2,26.0,752.0,0.034574468085106384,0.04384827662845184,0.03504284225396221
SE Marsh,powerplay,3,3.0,752.0,0.003989361702127659,0.005028429611245902,0.004041839879355853
SE Marsh,powerplay,4,107.0,752.0,0.1422872340425532,0.15223269683107069,0.14278953014298337
SE Marsh,powerplay,6,10.0,752.0,0.013297872340425532,0.040523771600022226,0.01467291775757688
SE Marsh,powerplay,W,17.0,752.0,0.022606382978723406,0.03919952586446391,0.023444420498205245
SE Marsh,powerplay,Wd,18.0,752.0,0.023936170212765957,0.03486563072990943,0.024488163168177247
SE Marsh,powerplay,Nb,4.0,752.0,0.005319148936170213,0.003769007093512122,0.0052408589441167745
SE Rutherford,death,0,68.0,303.0,0.22442244224422442,0.21696977459016392,0.22355332648281795
SE Rutherford,death,1,99.0,303.0,0.32673267326732675,0.37083760245901637,0.33187610524303396
SE Rutherford,death,2,17.0,303.0,0.056105610561056105,0.08837090163934426,0.05986832672178942
SE Rutherford,death,3,0.0,303.0,0.0,0.002651127049180328,0.0003091693351813793
SE Rutherford,death,4,31.0,303.0,0.10231023102310231,0.11151383196721311,0.10338353725565166
SE Rutherford,death,6,43.0,303.0,0.1419141914191419,0.07952100409836066,0.1346380179706543
SE Rutherford,death,W,22.0,303.0,0.07260726072607261,0.08016137295081967,0.07348820675811309
SE Rutherford,death,Wd,19.0,303.0,0.0627062706270627,0.04340420081967213,0.06045530038713378
SE Rutherford,death,Nb,4.0,303.0,0.013201320132013201,0.006570184426229508,0.012428009845624432
SE Rutherford,middle,0,124.0,349.0,0.3553008595988539,0.2808889845966761,0.3476492529148253
SE Rutherford,middle,1,126.0,349.0,0.36103151862464183,0.4414331678151601,0.3692990403923043
SE Rutherford,middle,2,19.0,349.0,0.054441260744985676,0.06664217673287394,0.05569585364862457
SE Rutherford,middle,3,0.0,349.0,0.0,0.002286430887717876,0.00023510857457253223
SE Rutherford,middle,4,25.0,349.0,0.07163323782234957,0.08739739562221321,0.07325423091230984
SE Rutherford,middle,6,23.0,349.0,0.0659025787965616,0.048281059991892986,0.06409059742847228
SE Rutherford,middle,W,18.0,349.0,0.05157593123209169,0.04221980137819214,0.0506138613242357
SE Rutherford,middle,Wd,14.0,349.0,0.04011461318051576,0.028171868666396434,0.038886567472123025
SE Rutherford,middle,Nb,0.0,349.0,0.0,0.002679114308877179,0.0002754873325323577
SE Rutherford,powerplay,0,27.0,54.0,0.5,0.4228881521678736,0.4671864477310101
SE Rutherford,powerplay,1,13.0,54.0,0.24074074074074073,0.25764450947345025,0.24793383381848946
SE Rutherford,powerplay,2,2.0,54.0,0.037037037037037035,0.04384827662845184,0.03993543686317099
SE Rutherford,powerplay,3,0.0,54.0,0.0,0.005028429611245902,0.002139757281381235
SE Rutherford,powerplay,4,7.0,54.0,0.12962962962962962,0.15223269683107069,0.13924795609832794
SE Rutherford,powerplay,6,3.0,54.0,0.05555555555555555,0.040523771600022226,0.04915905174469031
SE Rutherford,powerplay,W,2.0,54.0,0.037037037037037035,0.03919952586446391,0.037957245048708045
SE Rutherford,powerplay,Wd,0.0,54.0,0.0,0.03486563072990943,0.014836438608472101
SE Rutherford,powerplay,Nb,0.0,54.0,0.0,0.003769007093512122,0.0016038328057498392
SH Johnson,death,0,4.0,8.0,0.5,0.21696977459016392,0.2641414788251366
SH Johnson,death,1,3.0,8.0,0.375,0.37083760245901637,0.37153133538251365
SH Johnson,death,2,0.0,8.0,0.0,0.08837090163934426,0.07364241803278689
SH Johnson,death,3,0.0,8.0,0.0,0.002651127049180328,0.0022092725409836064
SH Johnson,death,4,1.0,8.0,0.125,0.11151383196721311,0.11376152663934426
SH Johnson,death,6,0.0,8.0,0.0,0.07952100409836066,0.06626750341530055
SH Johnson,death,W,0.0,8.0,0.0,0.08016137295081967,0.06680114412568305
SH Johnson,death,Wd,0.0,8.0,0.0,0.04340420081967213,0.03617016734972678
SH Johnson,death,Nb,0.0,8.0,0.0,0.006570184426229508,0.005475153688524591
SH Johnson,middle,0,0.0,1.0,0.0,0.2808889845966761,0.27403803375285474
SH Johnson,middle,1,0.0,1.0,0.0,0.4414331678151601,0.4306665051855221
SH Johnson,middle,2,0.0,1.0,0.0,0.06664217673287394,0.06501675778816969
SH Johnson,middle,3,0.0,1.0,0.0,0.002286430887717876,0.002230664280700367
SH Johnson,middle,4,0.0,1.0,0.0,0.08739739562221321,0.08526575182654948
SH Johnson,middle,6,0.0,1.0,0.0,0.048281059991892986,0.04710347316282242
SH Johnson,middle,W,1.0,1.0,1.0,0.04221980137819214,0.06558029402750454
SH Johnson,middle,Wd,0.0,1.0,0.0,0.028171868666396434,0.027484749918435542
SH Johnson,middle,Nb,0.0,1.0,0.0,0.002679114308877179,0.00261377005744115
SK Raina,death,0,112.0,672.0,0.16666666666666666,0.21696977459016392,0.16949268396573955
SK Raina,death,1,293.0,672.0,0.43601190476190477,0.37083760245901637,0.43235042710443916
SK Raina,death,2,67.0,672.0,0.09970238095238096,0.08837090163934426,0.09906578099097439
SK Raina,death,3,1.0,672.0,0.001488095238095238,0.002651127049180328,0.0015534341038865355
SK Raina,death,4,86.0,672.0,0.12797619047619047,0.11151383196721311,0.12705133887456252
SK Raina,death,6,47.0,672.0,0.06994047619047619,0.07952100409836066,0.07047870809541353
SK Raina,death,W,34.0,672.0,0.050595238095238096,0.08016137295081967,0.052256256907349426
SK Raina,death,Wd,27.0,672.0,0.04017857142857143,0.04340420081967213,0.04035978656290293
SK Raina,death,Nb,5.0,672.0,0.00744047619047619,0.006570184426229508,0.007391583394731994
SK Raina,middle,0,593.0,2441.0,0.24293322408848833,0.2808889845966761,0.24354516702292103
SK Raina,middle,1,1185.0,2441.0,0.48545678000819337,0.4414331678151601,0.4847470079454278
SK Raina,middle,2,156.0,2441.0,0.06390823433019255,0.06664217673287394,0.06395231240198104
SK Raina,middle,3,3.0,2441.0,0.0012290045063498567,0.002286430887717876,0.0012460528962147178
SK Raina,middle,4,228.0,2441.0,0.09340434248258911,0.08739739562221321,0.09330749529419126
SK Raina,middle,6,95.0,2441.0,0.038918476034412126,0.048281059991892986,0.039069424586729434
SK Raina,middle,W,94.0,2441.0,0.03850880786562884,0.04221980137819214,0.03856863847445695
SK Raina,middle,Wd,80.0,2441.0,0.03277345350266284,0.028171868666396434,0.03269926430739857
SK Raina,middle,Nb,7.0,2441.0,0.0028676771814829987,0.002679114308877179,0.0028646370706791966
SK Raina,powerplay,0,528.0,1259.0,0.4193804606830818,0.4228881521678736,0.4194884727380408
SK Raina,powerplay,1,307.0,1259.0,0.24384432088959493,0.25764450947345025,0.24426926895992152
SK Raina,powerplay,2,64.0,1259.0,0.050833995234312944,0.04384827662845184,0.050618884576703674
SK Raina,powerplay,3,8.0,1259.0,0.006354249404289118,0.005028429611245902,0.0063134235446111134
SK Raina,powerplay,4,195.0,1259.0,0.15488482922954727,0.15223269683107069,0.15480316233505992
SK Raina,powerplay,6,54.0,1259.0,0.04289118347895155,0.040523771600022226,0.042818283959969894
SK Raina,powerplay,W,47.0,1259.0,0.03733121525019857,0.03919952586446391,0.037388745985048925
SK Raina,powerplay,Wd,51.0,1259.0,0.04050833995234313,0.03486563072990943,0.04033458447205264
SK Raina,powerplay,Nb,5.0,1259.0,0.003971405877680699,0.003769007093512122,0.003965173428591598
SK Trivedi,death,0,22.0,55.0,0.4,0.21696977459016392,0.3229346419327006
SK Trivedi,death,1,16.0,55.0,0.2909090909090909,0.37083760245901637,0.32456320103537534
SK Trivedi,death,2,4.0,55.0,0.07272727272727272,0.08837090163934426,0.07931406384814496
SK Trivedi,death,3,0.0,55.0,0.0,0.002651127049180328,0.0011162640207075065
SK Trivedi,death,4,3.0,55.0,0.05454545454545454,0.11151383196721311,0.07853213977566868
SK Trivedi,death,6,0.0,55.0,0.0,0.07952100409836066,0.033482528041415015
SK Trivedi,death,W,7.0,55.0,0.12727272727272726,0.08016137295081967,0.10743636755823986
SK Trivedi,death,Wd,2.0,55.0,0.03636363636363636,0.04340420081967213,0.03932808455565143
SK Trivedi,death,Nb,1.0,55.0,0.01818181818181818,0.006570184426229508,0.013292709232096635
SK Trivedi,middle,0,1.0,1.0,1.0,0.2808889845966761,0.2984282776552938
SK Trivedi,middle,1,0.0,1.0,0.0,0.4414331678151601,0.4306665051855221
SK Trivedi,middle,2,0.0,1.0,0.0,0.06664217673287394,0.06501675778816969
SK Trivedi,middle,3,0.0,1.0,0.0,0.002286430887717876,0.002230664280700367
SK Trivedi,middle,4,0.0,1.0,0.0,0.08739739562221321,0.08526575182654948
SK Trivedi,middle,6,0.0,1.0,0.0,0.048281059991892986,0.04710347316282242
SK Trivedi,middle,W,0.0,1.0,0.0,0.04221980137819214,0.041190050125065505
SK Trivedi,middle,Wd,0.0,1.0,0.0,0.028171868666396434,0.027484749918435542
SK Trivedi,middle,Nb,0.0,1.0,0.0,0.002679114308877179,0.00261377005744115
SK Warne,death,0,34.0,105.0,0.3238095238095238,0.21696977459016392,0.2943364895421142
SK Warne,death,1,37.0,105.0,0.3523809523809524,0.37083760245901637,0.3574724420576597
SK Warne,death,2,7.0,105.0,0.06666666666666667,0.08837090163934426,0.07265404183154324
SK Warne,death,3,0.0,105.0,0.0,0.002651127049180328,0.0007313453928773318
SK Warne,death,4,9.0,105.0,0.08571428571428572,0.11151383196721311,0.09283140192198983
SK Warne,death,6,4.0,105.0,0.0380952380952381,0.07952100409836066,0.04952303561334087
SK Warne,death,W,11.0,105.0,0.10476190476190476,0.08016137295081967,0.0979755511588468
SK Warne,death,Wd,2.0,105.0,0.01904761904761905,0.04340420081967213,0.025766676088185416
SK Warne,death,Nb,1.0,105.0,0.009523809523809525,0.006570184426229508,0.008709016393442622
SK Warne,middle,0,25.0,58.0,0.43103448275862066,0.2808889845966761,0.36975060595782694
SK Warne,middle,1,21.0,58.0,0.3620689655172414,0.4414331678151601,0.3944625174755756
SK Warne,middle,2,1.0,58.0,0.017241379310344827,0.06664217673287394,0.03740497009505059
SK Warne,middle,3,0.0,58.0,0.0,0.002286430887717876,0.0009332370970277045
SK Warne,middle,4,2.0,58.0,0.034482758620689655,0.08739739562221321,0.056080569641719674
SK Warne,middle,6,2.0,58.0,0.034482758620689655,0.048281059991892986,0.04011471836403795
SK Warne,middle,W,5.0,58.0,0.08620689655172414,0.04221980137819214,0.06825298015436414
SK Warne,middle,Wd,2.0,58.0,0.034482758620689655,0.028171868666396434,0.031906885169957724
SK Warne,middle,Nb,0.0,58.0,0.0,0.002679114308877179,0.0010935160444396647
SL Malinga,death,0,78.0,200.0,0.39,0.21696977459016392,0.3611616290983607
SL Malinga,death,1,63.0,200.0,0.315,0.37083760245901637,0.32430626707650273
SL Malinga,death,2,7.0,200.0,0.035,0.08837090163934426,0.04389515027322404
SL Malinga,death,3,1.0,200.0,0.005,0.002651127049180328,0.0046085211748633885
SL Malinga,death,4,12.0,200.0,0.06,0.11151383196721311,0.0685856386612022
SL Malinga,death,6,7.0,200.0,0.035,0.07952100409836066,0.04242016734972678
SL Malinga,death,W,27.0,200.0,0.135,0.08016137295081967,0.12586022882513662
SL Malinga,death,Wd,5.0,200.0,0.025,0.04340420081967213,0.02806736680327869
SL Malinga,death,Nb,0.0,200.0,0.0,0.006570184426229508,0.001095030737704918
SL Malinga,middle,0,8.0,15.0,0.5333333333333333,0.2808889845966761,0.3497374433430372
SL Malinga,middle,1,6.0,15.0,0.4,0.4414331678151601,0.4301332129564801
SL Malinga,middle,2,0.0,15.0,0.0,0.06664217673287394,0.04846703762390832
SL Malinga,middle,3,0.0,15.0,0.0,0.002286430887717876,0.0016628588274311825
SL Malinga,middle,4,0.0,15.0,0.0,0.08739739562221321,0.06356174227070052
SL Malinga,middle,6,0.0,15.0,0.0,0.048281059991892986,0.03511349817592217
SL Malinga,middle,W,0.0,15.0,0.0,0.04221980137819214,0.03070531009323065
SL Malinga,middle,Wd,1.0,15.0,0.06666666666666667,0.028171868666396434,0.0386704499391974
SL Malinga,middle,Nb,0.0,15.0,0.0,0.002679114308877179,0.0019484467700924936
SM Curran,death,0,89.0,422.0,0.2109004739336493,0.21696977459016392,0.2114259545099709
SM Curran,death,1,154.0,422.0,0.36492890995260663,0.37083760245901637,0.3654404850613867
SM Curran,death,2,41.0,422.0,0.0971563981042654,0.08837090163934426,0.09639574905968348
SM Curran,death,3,0.0,422.0,0.0,0.002651127049180328,0.00022953480945284223
SM Curran,death,4,49.0,422.0,0.11611374407582939,0.11151383196721311,0.11571548328720459
SM Curran,death,6,37.0,422.0,0.08767772511848342,0.07952100409836066,0.08697151550635157
SM Curran,death,W,31.0,422.0,0.07345971563981042,0.08016137295081967,0.07403994571002769
SM Curran,death,Wd,18.0,422.0,0.04265402843601896,0.04340420081967213,0.04271897842594564
SM Curran,death,Nb,3.0,422.0,0.0071090047393364926,0.006570184426229508,0.007062353629976581
SM Curran,middle,0,129.0,441.0,0.2925170068027211,0.2808889845966761,0.2915500195090791
SM Curran,middle,1,201.0,441.0,0.4557823129251701,0.4414331678151601,0.4545890368245455
SM Curran,middle,2,31.0,441.0,0.07029478458049887,0.06664217673287394,0.0699910334081392
SM Curran,middle,3,0.0,441.0,0.0,0.002286430887717876,0.00019013978276240134
SM Curran,middle,4,31.0,441.0,0.07029478458049887,0.08739739562221321,0.07171703913698238
SM Curran,middle,6,13.0,441.0,0.02947845804988662,0.048281059991892986,0.03104208399100981
SM Curran,middle,W,21.0,441.0,0.047619047619047616,0.04221980137819214,0.04717004585265631
SM Curran,middle,Wd,13.0,441.0,0.02947845804988662,0.028171868666396434,0.029369801968099497
SM Curran,middle,Nb,2.0,441.0,0.0045351473922902496,0.002679114308877179,0.004380799526725754
SM Curran,powerplay,0,53.0,131.0,0.40458015267175573,0.4228881521678736,0.4088627256533038
SM Curran,powerplay,1,39.0,131.0,0.29770992366412213,0.25764450947345025,0.28833789695285383
SM Curran,powerplay,2,4.0,131.0,0.030534351145038167,0.04384827662845184,0.03364871967917002
SM Curran,powerplay,3,1.0,131.0,0.007633587786259542,0.005028429611245902,0.007024194061110152
SM Curran,powerplay,4,17.0,131.0,0.1297709923664122,0.15223269683107069,0.13502519224118611
SM Curran,powerplay,6,7.0,131.0,0.05343511450381679,0.040523771600022226,0.050414917333338534
SM Curran,powerplay,W,5.0,131.0,0.03816793893129771,0.03919952586446391,0.03840924581624887
SM Curran,powerplay,Wd,4.0,131.0,0.030534351145038167,0.03486563072990943,0.031547515960212734
SM Curran,powerplay,Nb,1.0,131.0,0.007633587786259542,0.003769007093512122,0.006729592302575935
SM Harwood,death,0,7.0,14.0,0.5,0.21696977459016392,0.29034798117789923
SM Harwood,death,1,4.0,14.0,0.2857142857142857,0.37083760245901637,0.3487685944140862
SM Harwood,death,2,2.0,14.0,0.14285714285714285,0.08837090163934426,0.10249696417729205
SM Harwood,death,3,0.0,14.0,0.0,0.002651127049180328,0.0019637978142076503
SM Harwood,death,4,0.0,14.0,0.0,0.11151383196721311,0.08260283849423194
SM Harwood,death,6,0.0,14.0,0.0,0.07952100409836066,0.05890444748026716
SM Harwood,death,W,0.0,14.0,0.0,0.08016137295081967,0.05937879477838494
SM Harwood,death,Wd,0.0,14.0,0.0,0.04340420081967213,0.0321512598664238
SM Harwood,death,Nb,1.0,14.0,0.07142857142857142,0.006570184426229508,0.023385321797207044
SM Katich,death,0,2.0,10.0,0.2,0.21696977459016392,0.21357581967213116
SM Katich,death,1,6.0,10.0,0.6,0.37083760245901637,0.4166700819672131
SM Katich,death,2,1.0,10.0,0.1,0.08837090163934426,0.09069672131147541
SM Katich,death,3,0.0,10.0,0.0,0.002651127049180328,0.002120901639344262
SM Katich,death,4,0.0,10.0,0.0,0.11151383196721311,0.0892110655737705
SM Katich,death,6,1.0,10.0,0.1,0.07952100409836066,0.08361680327868853
SM Katich,death,W,0.0,10.0,0.0,0.08016137295081967,0.06412909836065574
SM Katich,death,Wd,0.0,10.0,0.0,0.04340420081967213,0.03472336065573771
SM Katich,death,Nb,0.0,10.0,0.0,0.006570184426229508,0.005256147540983607
SM Katich,middle,0,15.0,58.0,0.25862068965517243,0.2808889845966761,0.2677097896312964
SM Katich,middle,1,20.0,58.0,0.3448275862068966,0.4414331678151601,0.3842584358429225
SM Katich,middle,2,6.0,58.0,0.10344827586206896,0.06664217673287394,0.0884253782583159
SM Katich,middle,3,0.0,58.0,0.0,0.002286430887717876,0.0009332370970277045
SM Katich,middle,4,7.0,58.0,0.1206896551724138,0.08739739562221321,0.10710097780498498
SM Katich,middle,6,2.0,58.0,0.034482758620689655,0.048281059991892986,0.04011471836403795
SM Katich,middle,W,4.0,58.0,0.06896551724137931,0.04221980137819214,0.05804889852171108
SM Katich,middle,Wd,3.0,58.0,0.05172413793103448,0.028171868666396434,0.04211096680261078
SM Katich,middle,Nb,1.0,58.0,0.017241379310344827,0.002679114308877179,0.011297597677092725
SM Katich,powerplay,0,43.0,100.0,0.43,0.4228881521678736,0.42796804347653533
SM Katich,powerplay,1,20.0,100.0,0.2,0.25764450947345025,0.21646985984955722
SM Katich,powerplay,2,7.0,100.0,0.07,0.04384827662845184,0.06252807903670053
SM Katich,powerplay,3,1.0,100.0,0.01,0.005028429611245902,0.008579551317498829
SM Katich,powerplay,4,19.0,100.0,0.19,0.15223269683107069,0.1792093419517345
SM Katich,powerplay,6,2.0,100.0,0.02,0.040523771600022226,0.025863934742863495
SM Katich,powerplay,W,6.0,100.0,0.06,0.03919952586446391,0.05405700738984683
SM Katich,powerplay,Wd,2.0,100.0,0.02,0.03486563072990943,0.02424732306568841
SM Katich,powerplay,Nb,0.0,100.0,0.0,0.003769007093512122,0.001076859169574892
SM Pollock,death,0,9.0,61.0,0.14754098360655737,0.21696977459016392,0.17503753449115403
SM Pollock,death,1,24.0,61.0,0.39344262295081966,0.37083760245901637,0.38449013958772926
SM Pollock,death,2,5.0,61.0,0.08196721311475409,0.08837090163934426,0.08450332738191853
SM Pollock,death,3,0.0,61.0,0.0,0.002651127049180328,0.0010499513066060705
SM Pollock,death,4,7.0,61.0,0.11475409836065574,0.11151383196721311,0.11347082454147055
SM Pollock,death,6,8.0,61.0,0.13114754098360656,0.07952100409836066,0.110701387761727
SM Pollock,death,W,6.0,61.0,0.09836065573770492,0.08016137295081967,0.09115301899042363
SM Pollock,death,Wd,2.0,61.0,0.03278688524590164,0.04340420081967213,0.03699176270086025
SM Pollock,death,Nb,0.0,61.0,0.0,0.006570184426229508,0.0026020532381106965
SM Pollock,middle,0,26.0,60.0,0.43333333333333335,0.2808889845966761,0.3723555938386704
SM Pollock,middle,1,24.0,60.0,0.4,0.4414331678151601,0.4165732671260641
SM Pollock,middle,2,2.0,60.0,0.03333333333333333,0.06664217673287394,0.046656870693149576
SM Pollock,middle,3,0.0,60.0,0.0,0.002286430887717876,0.0009145723550871504
SM Pollock,middle,4,3.0,60.0,0.05,0.08739739562221321,0.06495895824888528
SM Pollock,middle,6,0.0,60.0,0.0,0.048281059991892986,0.019312423996757193
SM Pollock,middle,W,1.0,60.0,0.016666666666666666,0.04221980137819214,0.026887920551276857
SM Pollock,middle,Wd,4.0,60.0,0.06666666666666667,0.028171868666396434,0.05126874746655857
SM Pollock,middle,Nb,0.0,60.0,0.0,0.002679114308877179,0.0010716457235508715
SM Pollock,powerplay,0,5.0,8.0,0.625,0.4228881521678736,0.4565734601398947
SM Pollock,powerplay,1,1.0,8.0,0.125,0.25764450947345025,0.23553709122787522
SM Pollock,powerplay,2,0.0,8.0,0.0,0.04384827662845184,0.03654023052370987
SM Pollock,powerplay,3,0.0,8.0,0.0,0.005028429611245902,0.004190358009371585
SM Pollock,powerplay,4,0.0,8.0,0.0,0.15223269683107069,0.1268605806925589
SM Pollock,powerplay,6,0.0,8.0,0.0,0.040523771600022226,0.03376980966668519
SM Pollock,powerplay,W,1.0,8.0,0.125,0.03919952586446391,0.05349960488705326
SM Pollock,powerplay,Wd,1.0,8.0,0.125,0.03486563072990943,0.04988802560825786
SM Pollock,powerplay,Nb,0.0,8.0,0.0,0.003769007093512122,0.0031408392445934352
SMSM Senanayake,death,0,16.0,55.0,0.2909090909090909,0.21696977459016392,0.25977674719585847
SMSM Senanayake,death,1,24.0,55.0,0.43636363636363634,0.37083760245901637,0.4087737273511648
SMSM Senanayake,death,2,3.0,55.0,0.05454545454545454,0.08837090163934426,0.06878774805867127
SMSM Senanayake,death,3,0.0,55.0,0.0,0.002651127049180328,0.0011162640207075065
SMSM Senanayake,death,4,2.0,55.0,0.03636363636363636,0.11151383196721311,0.068005823986195
SMSM Senanayake,death,6,1.0,55.0,0.01818181818181818,0.07952100409836066,0.044008843830888704
SMSM Senanayake,death,W,6.0,55.0,0.10909090909090909,0.08016137295081967,0.09691005176876617
SMSM Senanayake,death,Wd,2.0,55.0,0.03636363636363636,0.04340420081967213,0.03932808455565143
SMSM Senanayake,death,Nb,1.0,55.0,0.01818181818181818,0.006570184426229508,0.013292709232096635
SMSM Senanayake,middle,0,8.0,16.0,0.5,0.2808889845966761,0.3434921318547687
SMSM Senanayake,middle,1,6.0,16.0,0.375,0.4414331678151601,0.4224522627251144
SMSM Senanayake,middle,2,1.0,16.0,0.0625,0.06664217673287394,0.06545869766633852
SMSM Senanayake,middle,3,0.0,16.0,0.0,0.002286430887717876,0.001633164919798483
SMSM Senanayake,middle,4,0.0,16.0,0.0,0.08739739562221321,0.062426711158723724
SMSM Senanayake,middle,6,0.0,16.0,0.0,0.048281059991892986,0.034486471422780704
SMSM Senanayake,middle,W,0.0,16.0,0.0,0.04221980137819214,0.030157000984422956
SMSM Senanayake,middle,Wd,1.0,16.0,0.0625,0.028171868666396434,0.037979906190283165
SMSM Senanayake,middle,Nb,0.0,16.0,0.0,0.002679114308877179,0.0019136530777694135
SN Khan,death,0,32.0,169.0,0.1893491124260355,0.21696977459016392,0.19463536355792613
SN Khan,death,1,62.0,169.0,0.3668639053254438,0.37083760245901637,0.3676244215232567
SN Khan,death,2,17.0,169.0,0.10059171597633136,0.08837090163934426,0.0982528041415013
SN Khan,death,3,0.0,169.0,0.0,0.002651127049180328,0.0005073927366852302
SN Khan,death,4,28.0,169.0,0.16568047337278108,0.11151383196721311,0.15531365205114125
SN Khan,death,6,6.0,169.0,0.03550295857988166,0.07952100409836066,0.043927464899207784
SN Khan,death,W,14.0,169.0,0.08284023668639054,0.08016137295081967,0.08232753549297984
SN Khan,death,Wd,7.0,169.0,0.04142011834319527,0.04340420081967213,0.0417998470468272
SN Khan,death,Nb,3.0,169.0,0.01775147928994083,0.006570184426229508,0.015611518550474547
SN Khan,middle,0,72.0,211.0,0.3412322274881517,0.2808889845966761,0.3316157744377173
SN Khan,middle,1,91.0,211.0,0.4312796208530806,0.4414331678151601,0.4328977159864797
SN Khan,middle,2,8.0,211.0,0.037914691943127965,0.06664217673287394,0.04249277716858549
SN Khan,middle,3,0.0,211.0,0.0,0.002286430887717876,0.00036437145621002006
SN Khan,middle,4,21.0,211.0,0.0995260663507109,0.08739739562221321,0.09759321045772322
SN Khan,middle,6,4.0,211.0,0.018957345971563982,0.048281059991892986,0.023630447807472987
SN Khan,middle,W,13.0,211.0,0.061611374407582936,0.04221980137819214,0.058521083884970855
SN Khan,middle,Wd,2.0,211.0,0.009478672985781991,0.028171868666396434,0.012457668313369948
SN Khan,middle,Nb,0.0,211.0,0.0,0.002679114308877179,0.00042695048747046677
SN Khan,powerplay,0,44.0,108.0,0.4074074074074074,0.4228881521678736,0.4115913924778037
SN Khan,powerplay,1,24.0,108.0,0.2222222222222222,0.25764450947345025,0.23179581337120278
SN Khan,powerplay,2,4.0,108.0,0.037037037037037035,0.04384827662845184,0.03887791260228428
SN Khan,powerplay,3,0.0,108.0,0.0,0.005028429611245902,0.00135903503006646
SN Khan,powerplay,4,19.0,108.0,0.17592592592592593,0.15223269683107069,0.16952235049488396
SN Khan,powerplay,6,7.0,108.0,0.06481481481481481,0.040523771600022226,0.05824966800000601
SN Khan,powerplay,W,5.0,108.0,0.046296296296296294,0.03919952586446391,0.044378250233638894
SN Khan,powerplay,Wd,3.0,108.0,0.027777777777777776,0.03486563072990943,0.02969341371078633
SN Khan,powerplay,Nb,2.0,108.0,0.018518518518518517,0.003769007093512122,0.0145321640793276
SN Thakur,death,0,42.0,182.0,0.23076923076923078,0.21696977459016392,0.22828284226849802
SN Thakur,death,1,56.0,182.0,0.3076923076923077,0.37083760245901637,0.31906983828090385
SN Thakur,death,2,14.0,182.0,0.07692307692307693,0.08837090163934426,0.0789857480431251
SN Thakur,death,3,2.0,182.0,0.01098901098901099,0.002651127049180328,0.00948668955841087
SN Thakur,death,4,24.0,182.0,0.13186813186813187,0.11151383196721311,0.1282006904445429
SN Thakur,death,6,12.0,182.0,0.06593406593406594,0.07952100409836066,0.06838216290060553
SN Thakur,death,W,20.0,182.0,0.10989010989010989,0.08016137295081967,0.1045335807118594
SN Thakur,death,Wd,11.0,182.0,0.06043956043956044,0.04340420081967213,0.0573701262738148
SN Thakur,death,Nb,1.0,182.0,0.005494505494505495,0.006570184426229508,0.005688321518239551
SN Thakur,middle,0,28.0,84.0,0.3333333333333333,0.2808889845966761,0.31641580148279874
SN Thakur,middle,1,32.0,84.0,0.38095238095238093,0.4414331678151601,0.40046231219843875
SN Thakur,middle,2,7.0,84.0,0.08333333333333333,0.06664217673287394,0.07794908926866902
SN Thakur,middle,3,0.0,84.0,0.0,0.002286430887717876,0.0007375583508767342
SN Thakur,middle,4,8.0,84.0,0.09523809523809523,0.08739739562221321,0.09270883729748813
SN Thakur,middle,6,3.0,84.0,0.03571428571428571,0.048281059991892986,0.03976808386835257
SN Thakur,middle,W,3.0,84.0,0.03571428571428571,0.04221980137819214,0.03781283915425553
SN Thakur,middle,Wd,3.0,84.0,0.03571428571428571,0.028171868666396434,0.03328124795690207
SN Thakur,middle,Nb,0.0,84.0,0.0,0.002679114308877179,0.0008642304222184448
SN Thakur,powerplay,0,3.0,4.0,0.75,0.4228881521678736,0.4526255928798851
SN Thakur,powerplay,1,0.0,4.0,0.0,0.25764450947345025,0.23422228133950024
SN Thakur,powerplay,2,0.0,4.0,0.0,0.04384827662845184,0.039862069662228945
SN Thakur,powerplay,3,0.0,4.0,0.0,0.005028429611245902,0.004571299646587184
SN Thakur,powerplay,4,0.0,4.0,0.0,0.15223269683107069,0.1383933607555188
SN Thakur,powerplay,6,0.0,4.0,0.0,0.040523771600022226,0.03683979236365657
SN Thakur,powerplay,W,1.0,4.0,0.25,0.03919952586446391,0.05836320533133083
SN Thakur,powerplay,Wd,0.0,4.0,0.0,0.03486563072990943,0.031696027936281304
SN Thakur,powerplay,Nb,0.0,4.0,0.0,0.003769007093512122,0.00342637008501102
SO Hetmyer,death,0,141.0,676.0,0.20857988165680474,0.21696977459016392,0.20904859075922702
SO Hetmyer,death,1,247.0,676.0,0.36538461538461536,0.37083760245901637,0.36568925153402326
SO Hetmyer,death,2,60.0,676.0,0.08875739644970414,0.08837090163934426,0.08873580456085722
SO Hetmyer,death,3,0.0,676.0,0.0,0.002651127049180328,0.00014810765637878926
SO Hetmyer,death,4,60.0,676.0,0.08875739644970414,0.11151383196721311,0.09002870569649235
SO Hetmyer,death,6,71.0,676.0,0.10502958579881656,0.07952100409836066,0.1036045253686235
SO Hetmyer,death,W,47.0,676.0,0.0695266272189349,0.08016137295081967,0.07012074709222457
SO Hetmyer,death,Wd,46.0,676.0,0.06804733727810651,0.04340420081967213,0.06667062574411577
SO Hetmyer,death,Nb,4.0,676.0,0.005917159763313609,0.006570184426229508,0.005953641588057514
SO Hetmyer,middle,0,269.0,891.0,0.30190796857463525,0.2808889845966761,0.3010048972973867
SO Hetmyer,middle,1,360.0,891.0,0.40404040404040403,0.4414331678151601,0.40564696746789086
SO Hetmyer,middle,2,52.0,891.0,0.058361391694725026,0.06664217673287394,0.05871717193266913
SO Hetmyer,middle,3,2.0,891.0,0.002244668911335578,0.002286430887717876,0.0022464631960351397
SO Hetmyer,middle,4,58.0,891.0,0.06509539842873176,0.08739739562221321,0.06605359379687274
SO Hetmyer,middle,6,75.0,891.0,0.08417508417508418,0.048281059991892986,0.08263291342607489
SO Hetmyer,middle,W,39.0,891.0,0.04377104377104377,0.04221980137819214,0.04370439533311244
SO Hetmyer,middle,Wd,31.0,891.0,0.03479236812570146,0.028171868666396434,0.03450792131756805
SO Hetmyer,middle,Nb,5.0,891.0,0.005611672278338945,0.002679114308877179,0.005485676232389997
SO Hetmyer,powerplay,0,134.0,305.0,0.43934426229508194,0.4228881521678736,0.4374363074977245
SO Hetmyer,powerplay,1,81.0,305.0,0.26557377049180325,0.25764450947345025,0.26465443588097975
SO Hetmyer,powerplay,2,7.0,305.0,0.022950819672131147,0.04384827662845184,0.025373713232284274
SO Hetmyer,powerplay,3,0.0,305.0,0.0,0.005028429611245902,0.0005830063317386553
SO Hetmyer,powerplay,4,44.0,305.0,0.14426229508196722,0.15223269683107069,0.14518639963258792
SO Hetmyer,powerplay,6,17.0,305.0,0.05573770491803279,0.040523771600022226,0.05397377062029243
SO Hetmyer,powerplay,W,15.0,305.0,0.04918032786885246,0.03919952586446391,0.04802313343356103
SO Hetmyer,powerplay,Wd,7.0,305.0,0.022950819672131147,0.03486563072990943,0.02433224704114892
SO Hetmyer,powerplay,Nb,0.0,305.0,0.0,0.003769007093512122,0.0004369863296825649
SP Fleming,middle,0,13.0,47.0,0.2765957446808511,0.2808889845966761,0.2785696480904258
SP Fleming,middle,1,13.0,47.0,0.2765957446808511,0.4414331678151601,0.3523830656621426
SP Fleming,middle,2,3.0,47.0,0.06382978723404255,0.06664217673287394,0.06512283987718342
SP Fleming,middle,3,0.0,47.0,0.0,0.002286430887717876,0.0010512325920541959
SP Fleming,middle,4,8.0,47.0,0.1702127659574468,0.08739739562221321,0.13213673361940836
SP Fleming,middle,6,1.0,47.0,0.02127659574468085,0.048281059991892986,0.03369244137558298
SP Fleming,middle,W,4.0,47.0,0.0851063829787234,0.04221980137819214,0.06538841442675501
SP Fleming,middle,Wd,4.0,47.0,0.0851063829787234,0.028171868666396434,0.058929594789147784
SP Fleming,middle,Nb,1.0,47.0,0.02127659574468085,0.002679114308877179,0.012726029567299853
SP Fleming,powerplay,0,71.0,151.0,0.47019867549668876,0.4228881521678736,0.46029071249588976
SP Fleming,powerplay,1,31.0,151.0,0.2052980132450331,0.25764450947345025,0.21626063025621994
SP Fleming,powerplay,2,10.0,151.0,0.06622516556291391,0.04384827662845184,0.06153890610019934
SP Fleming,powerplay,3,2.0,151.0,0.013245033112582781,0.005028429611245902,0.011524278452616943
SP Fleming,powerplay,4,26.0,151.0,0.17218543046357615,0.15223269683107069,0.16800684750388917
SP Fleming,powerplay,6,2.0,151.0,0.013245033112582781,0.040523771600022226,0.018957857926706227
SP Fleming,powerplay,W,6.0,151.0,0.039735099337748346,0.03919952586446391,0.03962293735381443
SP Fleming,powerplay,Wd,3.0,151.0,0.019867549668874173,0.03486563072990943,0.023008509053384172
SP Fleming,powerplay,Nb,0.0,151.0,0.0,0.003769007093512122,0.0007893208572800257
SP Narine,death,0,39.0,158.0,0.2468354430379747,0.21696977459016392,0.2408019746646796
SP Narine,death,1,58.0,158.0,0.3670886075949367,0.37083760245901637,0.36784598029475074
SP Narine,death,2,5.0,158.0,0.03164556962025317,0.08837090163934426,0.04310523265441298
SP Narine,death,3,0.0,158.0,0.0,0.002651127049180328,0.0005355812220566319
SP Narine,death,4,14.0,158.0,0.08860759493670886,0.11151383196721311,0.09323511756913397
SP Narine,death,6,12.0,158.0,0.0759493670886076,0.07952100409836066,0.07667090991886075
SP Narine,death,W,20.0,158.0,0.12658227848101267,0.08016137295081967,0.11720431776784236
SP Narine,death,Wd,10.0,158.0,0.06329113924050633,0.04340420081967213,0.05927357592316609
SP Narine,death,Nb,0.0,158.0,0.0,0.006570184426229508,0.0013273099850968704
SP Narine,middle,0,67.0,271.0,0.24723247232472326,0.2808889845966761,0.2515612841924985
SP Narine,middle,1,77.0,271.0,0.28413284132841327,0.4414331678151601,0.30436439457429715
SP Narine,middle,2,15.0,271.0,0.055350553505535055,0.06664217673287394,0.056802852312909824
SP Narine,middle,3,0.0,271.0,0.0,0.002286430887717876,0.00029407471224667214
SP Narine,middle,4,31.0,271.0,0.11439114391143912,0.08739739562221321,0.11091927917970588
SP Narine,middle,6,33.0,271.0,0.12177121771217712,0.048281059991892986,0.11231910739445568
SP Narine,middle,W,25.0,271.0,0.09225092250922509,0.04221980137819214,0.08581605162420478
SP Narine,middle,Wd,23.0,271.0,0.08487084870848709,0.028171868666396434,0.07757837539117639
SP Narine,middle,Nb,0.0,271.0,0.0,0.002679114308877179,0.0003445806185051034
SP Narine,powerplay,0,242.0,610.0,0.39672131147540984,0.4228881521678736,0.39833157859494606
SP Narine,powerplay,1,99.0,610.0,0.16229508196721312,0.25764450947345025,0.16816273904452
SP Narine,powerplay,2,20.0,610.0,0.03278688524590164,0.04384827662845184,0.03346758625405857
SP Narine,powerplay,3,0.0,610.0,0.0,0.005028429611245902,0.00030944182223051705
SP Narine,powerplay,4,111.0,610.0,0.1819672131147541,0.15223269683107069,0.1801373967280659
SP Narine,powerplay,6,60.0,610.0,0.09836065573770492,0.040523771600022226,0.09480146286769367
SP Narine,powerplay,W,43.0,610.0,0.07049180327868852,0.03919952586446391,0.0685661246685824
SP Narine,powerplay,Wd,33.0,610.0,0.054098360655737705,0.03486563072990943,0.05291480804491751
SP Narine,powerplay,Nb,2.0,610.0,0.003278688524590164,0.003769007093512122,0.0033088619749853613
SPD Smith,death,0,94.0,506.0,0.1857707509881423,0.21696977459016392,0.18805639374286917
SPD Smith,death,1,203.0,506.0,0.40118577075098816,0.37083760245901637,0.3989624617186093
SPD Smith,death,2,52.0,506.0,0.10276679841897234,0.08837090163934426,0.10171215396625233
SPD Smith,death,3,3.0,506.0,0.005928853754940711,0.002651127049180328,0.005688727256350207
SPD Smith,death,4,69.0,506.0,0.13636363636363635,0.11151383196721311,0.1345431378730559
SPD Smith,death,6,30.0,506.0,0.05928853754940711,0.07952100409836066,0.060770769531015435
SPD Smith,death,W,36.0,506.0,0.07114624505928854,0.08016137295081967,0.07180669398907104
SPD Smith,death,Wd,12.0,506.0,0.023715415019762844,0.04340420081967213,0.02515781690986609
SPD Smith,death,Nb,7.0,506.0,0.01383399209486166,0.006570184426229508,0.013301845012910585
SPD Smith,middle,0,338.0,1378.0,0.24528301886792453,0.2808889845966761,0.24628741846535052
SPD Smith,middle,1,674.0,1378.0,0.48911465892597966,0.4414331678151601,0.4877696239158014
SPD Smith,middle,2,126.0,1378.0,0.09143686502177069,0.06664217673287394,0.09073743798964384
SPD Smith,middle,3,1.0,1378.0,0.000725689404934688,0.002286430887717876,0.0007697159629821686
SPD Smith,middle,4,118.0,1378.0,0.08563134978229318,0.08739739562221321,0.08568116771853916
SPD Smith,middle,6,24.0,1378.0,0.01741654571843251,0.048281059991892986,0.018287194922197263
SPD Smith,middle,W,55.0,1378.0,0.03991291727140784,0.04221980137819214,0.03997799157625365
SPD Smith,middle,Wd,40.0,1378.0,0.02902757619738752,0.028171868666396434,0.02900343776209863
SPD Smith,middle,Nb,2.0,1378.0,0.001451378809869376,0.002679114308877179,0.001486011687133348
SPD Smith,powerplay,0,222.0,574.0,0.3867595818815331,0.4228881521678736,0.38911323466891684
SPD Smith,powerplay,1,186.0,574.0,0.3240418118466899,0.25764450947345025,0.31971625468882414
SPD Smith,powerplay,2,20.0,574.0,0.03484320557491289,0.04384827662845184,0.035429855154948
SPD Smith,powerplay,3,6.0,574.0,0.010452961672473868,0.005028429611245902,0.010099571961644684
SPD Smith,powerplay,4,81.0,574.0,0.14111498257839722,0.15223269683107069,0.1418392636372033
SPD Smith,powerplay,6,15.0,574.0,0.02613240418118467,0.040523771600022226,0.02706995254723272
SPD Smith,powerplay,W,17.0,574.0,0.029616724738675958,0.03919952586446391,0.03024101145696833
SPD Smith,powerplay,Wd,25.0,574.0,0.04355400696864112,0.03486563072990943,0.04298798897263254
SPD Smith,powerplay,Nb,2.0,574.0,0.003484320557491289,0.003769007093512122,0.003502866911629454
SR Tendulkar,death,0,24.0,124.0,0.1935483870967742,0.21696977459016392,0.19926092063174733
SR Tendulkar,death,1,45.0,124.0,0.3629032258064516,0.37083760245901637,0.36483843962415036
SR Tendulkar,death,2,10.0,124.0,0.08064516129032258,0.08837090163934426,0.08252948820471812
SR Tendulkar,death,3,0.0,124.0,0.0,0.002651127049180328,0.0006466163534586166
SR Tendulkar,death,4,24.0,124.0,0.1935483870967742,0.11151383196721311,0.17353995901639344
SR Tendulkar,death,6,6.0,124.0,0.04838709677419355,0.07952100409836066,0.05598073270691724
SR Tendulkar,death,W,8.0,124.0,0.06451612903225806,0.08016137295081967,0.06833204218312675
SR Tendulkar,death,Wd,6.0,124.0,0.04838709677419355,0.04340420081967213,0.04717175629748101
SR Tendulkar,death,Nb,1.0,124.0,0.008064516129032258,0.006570184426229508,0.007700044982007197
SR Tendulkar,middle,0,202.0,733.0,0.2755798090040928,0.2808889845966761,0.2758545399532562
SR Tendulkar,middle,1,335.0,733.0,0.45702592087312416,0.4414331678151601,0.4562190513746525
SR Tendulkar,middle,2,45.0,733.0,0.061391541609822645,0.06664217673287394,0.06166324329794949
SR Tendulkar,middle,3,1.0,733.0,0.001364256480218281,0.002286430887717876,0.001411975725108299
SR Tendulkar,middle,4,77.0,733.0,0.10504774897680765,0.08739739562221321,0.1041344059830382
SR Tendulkar,middle,6,11.0,733.0,0.015006821282401092,0.048281059991892986,0.016728644760253195
SR Tendulkar,middle,W,30.0,733.0,0.040927694406548434,0.04221980137819214,0.04099455634557268
SR Tendulkar,middle,Wd,31.0,733.0,0.04229195088676671,0.028171868666396434,0.04156128686501405
SR Tendulkar,middle,Nb,1.0,733.0,0.001364256480218281,0.002679114308877179,0.001432295695155352
SR Tendulkar,powerplay,0,354.0,818.0,0.43276283618581907,0.4228881521678736,0.4323024779565442
SR Tendulkar,powerplay,1,200.0,818.0,0.24449877750611246,0.25764450947345025,0.2451116321432844
SR Tendulkar,powerplay,2,47.0,818.0,0.05745721271393643,0.04384827662845184,0.05682276347918191
SR Tendulkar,powerplay,3,2.0,818.0,0.0024449877750611247,0.005028429611245902,0.0025654279539042376
SR Tendulkar,powerplay,4,138.0,818.0,0.1687041564792176,0.15223269683107069,0.1679362562625208
SR Tendulkar,powerplay,6,8.0,818.0,0.009779951100244499,0.040523771600022226,0.011213229445222482
SR Tendulkar,powerplay,W,21.0,818.0,0.02567237163814181,0.03919952586446391,0.026303008198809503
SR Tendulkar,powerplay,Wd,46.0,818.0,0.05623471882640587,0.03486563072990943,0.05523849094311932
SR Tendulkar,powerplay,Nb,2.0,818.0,0.0024449877750611247,0.003769007093512122,0.0025067136174131525
SR Watson,death,0,46.0,279.0,0.16487455197132617,0.21696977459016392,0.1714068682871679
SR Watson,death,1,102.0,279.0,0.3655913978494624,0.37083760245901637,0.36624922914846597
SR Watson,death,2,30.0,279.0,0.10752688172043011,0.08837090163934426,0.10512487794850711
SR Watson,death,3,1.0,279.0,0.0035842293906810036,0.002651127049180328,0.0034672259622796652
SR Watson,death,4,37.0,279.0,0.13261648745519714,0.11151383196721311,0.12997038645356904
SR Watson,death,6,30.0,279.0,0.10752688172043011,0.07952100409836066,0.10401517292769413
SR Watson,death,W,24.0,279.0,0.08602150537634409,0.08016137295081967,0.08528669253301814
SR Watson,death,Wd,7.0,279.0,0.025089605734767026,0.04340420081967213,0.027386106685852306
SR Watson,death,Nb,2.0,279.0,0.007168458781362007,0.006570184426229508,0.0070934400534457065
SR Watson,middle,0,410.0,1517.0,0.2702702702702703,0.2808889845966761,0.27054306961070457
SR Watson,middle,1,584.0,1517.0,0.3849703361898484,0.4414331678151601,0.38642089063108953
SR Watson,middle,2,93.0,1517.0,0.061305207646671064,0.06664217673287394,0.06144231667907191
SR Watson,middle,3,3.0,1517.0,0.001977587343441002,0.002286430887717876,0.001985521666993394
SR Watson,middle,4,172.0,1517.0,0.1133816743572841,0.08739739562221321,0.11271412705516283
SR Watson,middle,6,129.0,1517.0,0.08503625576796309,0.048281059991892986,0.08409199897217451
SR Watson,middle,W,71.0,1517.0,0.04680290046143705,0.04221980137819214,0.046685158673813544
SR Watson,middle,Wd,53.0,1517.0,0.03493737640079104,0.028171868666396434,0.034763567595796956
SR Watson,middle,Nb,2.0,1517.0,0.0013183915622940012,0.002679114308877179,0.0013533491151927343
SR Watson,powerplay,0,720.0,1559.0,0.46183450930083386,0.4228881521678736,0.4608602414551063
SR Watson,powerplay,1,410.0,1559.0,0.26298909557408595,0.25764450947345025,0.26285539736018637
SR Watson,powerplay,2,53.0,1559.0,0.03399615137908916,0.04384827662845184,0.03424260854605258
SR Watson,powerplay,3,4.0,1559.0,0.0025657472738935213,0.005028429611245902,0.002627352835803525
SR Watson,powerplay,4,204.0,1559.0,0.1308531109685696,0.15223269683107069,0.13138793488007683
SR Watson,powerplay,6,66.0,1559.0,0.042334830019243104,0.040523771600022226,0.0422895252432776
SR Watson,powerplay,W,54.0,1559.0,0.03463758819756254,0.03919952586446391,0.034751707964089155
SR Watson,powerplay,Wd,39.0,1559.0,0.025016035920461834,0.03486563072990943,0.025262429786864528
SR Watson,powerplay,Nb,9.0,1559.0,0.005772931366260423,0.003769007093512122,0.005722801928543143
SS Cottrell,death,0,7.0,15.0,0.4666666666666667,0.21696977459016392,0.2850689269746647
SS Cottrell,death,1,4.0,15.0,0.26666666666666666,0.37083760245901637,0.342427347242921
SS Cottrell,death,2,0.0,15.0,0.0,0.08837090163934426,0.06426974664679583
SS Cottrell,death,3,0.0,15.0,0.0,0.002651127049180328,0.0019280923994038747
SS Cottrell,death,4,1.0,15.0,0.06666666666666667,0.11151383196721311,0.0992827868852459
SS Cottrell,death,6,0.0,15.0,0.0,0.07952100409836066,0.05783345752608048
SS Cottrell,death,W,3.0,15.0,0.2,0.08016137295081967,0.1128446348733234
SS Cottrell,death,Wd,0.0,15.0,0.0,0.04340420081967213,0.0315666915052161
SS Cottrell,death,Nb,0.0,15.0,0.0,0.006570184426229508,0.004778315946348734
SS Cottrell,middle,0,3.0,8.0,0.375,0.2808889845966761,0.29657415383056346
SS Cottrell,middle,1,2.0,8.0,0.25,0.4414331678151601,0.4095276398459668
SS Cottrell,middle,2,0.0,8.0,0.0,0.06664217673287394,0.05553514727739495
SS Cottrell,middle,3,0.0,8.0,0.0,0.002286430887717876,0.00190535907309823
SS Cottrell,middle,4,1.0,8.0,0.125,0.08739739562221321,0.09366449635184433
SS Cottrell,middle,6,0.0,8.0,0.0,0.048281059991892986,0.04023421665991082
SS Cottrell,middle,W,2.0,8.0,0.25,0.04221980137819214,0.07684983448182679
SS Cottrell,middle,Wd,0.0,8.0,0.0,0.028171868666396434,0.023476557221997027
SS Cottrell,middle,Nb,0.0,8.0,0.0,0.002679114308877179,0.002232595257397649
SS Iyer,death,0,85.0,509.0,0.16699410609037327,0.21696977459016392,0.17063532055301742
SS Iyer,death,1,202.0,509.0,0.3968565815324165,0.37083760245901637,0.3949608453522052
SS Iyer,death,2,45.0,509.0,0.08840864440078586,0.08837090163934426,0.08840589447281197
SS Iyer,death,3,0.0,509.0,0.0,0.002651127049180328,0.0001931604407417361
SS Iyer,death,4,65.0,509.0,0.12770137524557956,0.11151383196721311,0.12652195497028876
SS Iyer,death,6,55.0,509.0,0.10805500982318271,0.07952100409836066,0.1059760294425035
SS Iyer,death,W,36.0,509.0,0.07072691552062868,0.08016137295081967,0.07141430768311983
SS Iyer,death,Wd,20.0,509.0,0.03929273084479371,0.04340420081967213,0.03959229149870107
SS Iyer,death,Nb,1.0,509.0,0.0019646365422396855,0.006570184426229508,0.002300195586610529
SS Iyer,middle,0,434.0,1798.0,0.2413793103448276,0.2808889845966761,0.24223915091614093
SS Iyer,middle,1,884.0,1798.0,0.4916573971078977,0.4414331678151601,0.4905643779720383
SS Iyer,middle,2,112.0,1798.0,0.06229143492769744,0.06664217673287394,0.06238611918896352
SS Iyer,middle,3,3.0,1798.0,0.0016685205784204673,0.002286430887717876,0.001681968028024328
SS Iyer,middle,4,146.0,1798.0,0.08120133481646273,0.08739739562221321,0.08133617835956938
SS Iyer,middle,6,99.0,1798.0,0.05506117908787542,0.048281059991892986,0.054913624809399195
SS Iyer,middle,W,61.0,1798.0,0.0339265850945495,0.04221980137819214,0.03410706858276805
SS Iyer,middle,Wd,55.0,1798.0,0.030589543937708564,0.028171868666396434,0.030536928589040183
SS Iyer,middle,Nb,4.0,1798.0,0.002224694104560623,0.002679114308877179,0.0022345835540560867
SS Iyer,powerplay,0,400.0,915.0,0.4371584699453552,0.4228881521678736,0.43656076030022506
SS Iyer,powerplay,1,247.0,915.0,0.26994535519125684,0.25764450947345025,0.2694301365224482
SS Iyer,powerplay,2,39.0,915.0,0.04262295081967213,0.04384827662845184,0.04267427336663673
SS Iyer,powerplay,3,6.0,915.0,0.006557377049180328,0.005028429611245902,0.006493337365916059
SS Iyer,powerplay,4,126.0,915.0,0.1377049180327869,0.15223269683107069,0.13831341138559458
SS Iyer,powerplay,6,24.0,915.0,0.02622950819672131,0.040523771600022226,0.02682822080000093
SS Iyer,powerplay,W,38.0,915.0,0.041530054644808745,0.03919952586446391,0.04143244087390425
SS Iyer,powerplay,Wd,32.0,915.0,0.034972677595628415,0.03486563072990943,0.03496819395727369
SS Iyer,powerplay,Nb,3.0,915.0,0.003278688524590164,0.003769007093512122,0.0032992254280005077
SS Tiwary,death,0,53.0,278.0,0.1906474820143885,0.21696977459016392,0.19395846221259924
SS Tiwary,death,1,124.0,278.0,0.4460431654676259,0.37083760245901637,0.43658334622125994
SS Tiwary,death,2,26.0,278.0,0.09352517985611511,0.08837090163934426,0.09287684297350242
SS Tiwary,death,3,1.0,278.0,0.0035971223021582736,0.002651127049180328,0.003478129188576142
SS Tiwary,death,4,30.0,278.0,0.1079136690647482,0.11151383196721311,0.10836651974430353
SS Tiwary,death,6,14.0,278.0,0.050359712230215826,0.07952100409836066,0.05402779925765543
SS Tiwary,death,W,16.0,278.0,0.05755395683453238,0.08016137295081967,0.06039765697494587
SS Tiwary,death,Wd,11.0,278.0,0.039568345323741004,0.04340420081967213,0.04005084287039901
SS Tiwary,death,Nb,3.0,278.0,0.01079136690647482,0.006570184426229508,0.010260400556758429
SS Tiwary,middle,0,208.0,686.0,0.3032069970845481,0.2808889845966761,0.3019773545232328
SS Tiwary,middle,1,306.0,686.0,0.446064139941691,0.4414331678151601,0.44580898996226775
SS Tiwary,middle,2,52.0,686.0,0.07580174927113703,0.06664217673287394,0.07529708962715559
SS Tiwary,middle,3,0.0,686.0,0.0,0.002286430887717876,0.0001259741535932714
SS Tiwary,middle,4,48.0,686.0,0.06997084548104957,0.08739739562221321,0.07093098598469494
SS Tiwary,middle,6,25.0,686.0,0.03644314868804665,0.048281059991892986,0.0370953752061649
SS Tiwary,middle,W,22.0,686.0,0.03206997084548105,0.04221980137819214,0.03262919015857808
SS Tiwary,middle,Wd,21.0,686.0,0.030612244897959183,0.028171868666396434,0.030477788907239473
SS Tiwary,middle,Nb,4.0,686.0,0.0058309037900874635,0.002679114308877179,0.005657251477073123
SS Tiwary,powerplay,0,71.0,158.0,0.44936708860759494,0.4228881521678736,0.4440178085187624
SS Tiwary,powerplay,1,44.0,158.0,0.27848101265822783,0.25764450947345025,0.2742716180754445
SS Tiwary,powerplay,2,7.0,158.0,0.04430379746835443,0.04384827662845184,0.0442117730562529
SS Tiwary,powerplay,3,0.0,158.0,0.0,0.005028429611245902,0.001015844365908263
SS Tiwary,powerplay,4,21.0,158.0,0.13291139240506328,0.15223269683107069,0.13681468622849913
SS Tiwary,powerplay,6,2.0,158.0,0.012658227848101266,0.040523771600022226,0.018287630626267117
SS Tiwary,powerplay,W,2.0,158.0,0.012658227848101266,0.03919952586446391,0.018020106235245234
SS Tiwary,powerplay,Wd,9.0,158.0,0.056962025316455694,0.03486563072990943,0.05249810721816352
SS Tiwary,powerplay,Nb,2.0,158.0,0.012658227848101266,0.003769007093512122,0.010862425675456994
SSB Magala,middle,0,0.0,5.0,0.0,0.2808889845966761,0.24967909741926766
SSB Magala,middle,1,2.0,5.0,0.4,0.4414331678151601,0.4368294825023646
SSB Magala,middle,2,0.0,5.0,0.0,0.06664217673287394,0.05923749042922128
SSB Magala,middle,3,0.0,5.0,0.0,0.002286430887717876,0.0020323830113047787
SSB Magala,middle,4,1.0,5.0,0.2,0.08739739562221321,0.09990879610863396
SSB Magala,middle,6,2.0,5.0,0.4,0.048281059991892986,0.08736094221501599
SSB Magala,middle,W,0.0,5.0,0.0,0.04221980137819214,0.03752871233617079
SSB Magala,middle,Wd,0.0,5.0,0.0,0.028171868666396434,0.02504166103679683
SSB Magala,middle,Nb,0.0,5.0,0.0,0.002679114308877179,0.002381434941224159
ST Jayasuriya,death,0,2.0,4.0,0.5,0.21696977459016392,0.2426997950819672
ST Jayasuriya,death,1,0.0,4.0,0.0,0.37083760245901637,0.33712509314456035
ST Jayasuriya,death,2,0.0,4.0,0.0,0.08837090163934426,0.08033718330849478
ST Jayasuriya,death,3,0.0,4.0,0.0,0.002651127049180328,0.0024101154992548436
ST Jayasuriya,death,4,0.0,4.0,0.0,0.11151383196721311,0.10137621087928465
ST Jayasuriya,death,6,1.0,4.0,0.25,0.07952100409836066,0.09501909463487333
ST Jayasuriya,death,W,1.0,4.0,0.25,0.08016137295081967,0.09560124813710878
ST Jayasuriya,death,Wd,0.0,4.0,0.0,0.04340420081967213,0.039458364381520124
ST Jayasuriya,death,Nb,0.0,4.0,0.0,0.006570184426229508,0.005972894932935916
ST Jayasuriya,middle,0,57.0,193.0,0.29533678756476683,0.2808889845966761,0.2928564780423478
ST Jayasuriya,middle,1,72.0,193.0,0.37305699481865284,0.4414331678151601,0.3847953936163365
ST Jayasuriya,middle,2,13.0,193.0,0.06735751295336788,0.06664217673287394,0.06723470845199553
ST Jayasuriya,middle,3,0.0,193.0,0.0,0.002286430887717876,0.00039252032407173835
ST Jayasuriya,middle,4,17.0,193.0,0.08808290155440414,0.08739739562221321,0.08796521813256879
ST Jayasuriya,middle,6,11.0,193.0,0.05699481865284974,0.048281059991892986,0.0554988944192091
ST Jayasuriya,middle,W,15.0,193.0,0.07772020725388601,0.04221980137819214,0.07162571697479693
ST Jayasuriya,middle,Wd,7.0,193.0,0.03626943005181347,0.028171868666396434,0.03487929075817965
ST Jayasuriya,middle,Nb,1.0,193.0,0.0051813471502590676,0.002679114308877179,0.0047517792804939365
ST Jayasuriya,powerplay,0,241.0,550.0,0.4381818181818182,0.4228881521678736,0.43714495946900833
ST Jayasuriya,powerplay,1,95.0,550.0,0.17272727272727273,0.25764450947345025,0.17848437352362376
ST Jayasuriya,powerplay,2,22.0,550.0,0.04,0.04384827662845184,0.040260900110403515
ST Jayasuriya,powerplay,3,2.0,550.0,0.0036363636363636364,0.005028429611245902,0.0037307409905929425
ST Jayasuriya,powerplay,4,88.0,550.0,0.16,0.15223269683107069,0.15947340317498784
ST Jayasuriya,powerplay,6,24.0,550.0,0.04363636363636364,0.040523771600022226,0.04342534044745913
ST Jayasuriya,powerplay,W,27.0,550.0,0.04909090909090909,0.03919952586446391,0.048420306838268735
ST Jayasuriya,powerplay,Wd,47.0,550.0,0.08545454545454545,0.03486563072990943,0.08202478852406166
ST Jayasuriya,powerplay,Nb,4.0,550.0,0.007272727272727273,0.003769007093512122,0.007035186921594043
STR Binny,death,0,53.0,256.0,0.20703125,0.21696977459016392,0.20837429386353568
STR Binny,death,1,106.0,256.0,0.4140625,0.37083760245901637,0.4082212976295968
STR Binny,death,2,28.0,256.0,0.109375,0.08837090163934426,0.10653660832964111
STR Binny,death,3,3.0,256.0,0.01171875,0.002651127049180328,0.01049339554718653
STR Binny,death,4,25.0,256.0,0.09765625,0.11151383196721311,0.09952889621178555
STR Binny,death,6,18.0,256.0,0.0703125,0.07952100409836066,0.07155689244572441
STR Binny,death,W,19.0,256.0,0.07421875,0.08016137295081967,0.07502180715551617
STR Binny,death,Wd,3.0,256.0,0.01171875,0.04340420081967213,0.016000567678334073
STR Binny,death,Nb,1.0,256.0,0.00390625,0.006570184426229508,0.004266241138679664
STR Binny,middle,0,127.0,375.0,0.33866666666666667,0.2808889845966761,0.3330977334551013
STR Binny,middle,1,131.0,375.0,0.34933333333333333,0.4414331678151601,0.35821042581350937
STR Binny,middle,2,31.0,375.0,0.08266666666666667,0.06664217673287394,0.08112213751642158
STR Binny,middle,3,4.0,375.0,0.010666666666666666,0.002286430887717876,0.009858933097611362
STR Binny,middle,4,34.0,375.0,0.09066666666666667,0.08739739562221321,0.09035155620455067
STR Binny,middle,6,16.0,375.0,0.042666666666666665,0.048281059991892986,0.04320781301126679
STR Binny,middle,W,21.0,375.0,0.056,0.04221980137819214,0.054671788084645026
STR Binny,middle,Wd,11.0,375.0,0.029333333333333333,0.028171868666396434,0.029221384931700862
STR Binny,middle,Nb,0.0,375.0,0.0,0.002679114308877179,0.00025822788519298107
STR Binny,powerplay,0,16.0,22.0,0.7272727272727273,0.4228881521678736,0.5308955820437895
STR Binny,powerplay,1,3.0,22.0,0.13636363636363635,0.25764450947345025,0.21460936095061306
STR Binny,powerplay,2,0.0,22.0,0.0,0.04384827662845184,0.028289210728033445
STR Binny,powerplay,3,0.0,22.0,0.0,0.005028429611245902,0.0032441481362876787
STR Binny,powerplay,4,3.0,22.0,0.13636363636363635,0.15223269683107069,0.14660173989101336
STR Binny,powerplay,6,0.0,22.0,0.0,0.040523771600022226,0.02614436877420789
STR Binny,powerplay,W,0.0,22.0,0.0,0.03919952586446391,0.025290016686750908
STR Binny,powerplay,Wd,0.0,22.0,0.0,0.03486563072990943,0.02249395530961899
STR Binny,powerplay,Nb,0.0,22.0,0.0,0.003769007093512122,0.0024316174796852404
SV Samson,death,0,74.0,465.0,0.15913978494623657,0.21696977459016392,0.16372037818535953
SV Samson,death,1,178.0,465.0,0.3827956989247312,0.37083760245901637,0.3818485229670508
SV Samson,death,2,39.0,465.0,0.08387096774193549,0.08837090163934426,0.08422739814965104
SV Samson,death,3,0.0,465.0,0.0,0.002651127049180328,0.00020999026132121408
SV Samson,death,4,63.0,465.0,0.13548387096774195,0.11151383196721311,0.133585254017205
SV Samson,death,6,47.0,465.0,0.1010752688172043,0.07952100409836066,0.09936800032462263
SV Samson,death,W,36.0,465.0,0.07741935483870968,0.08016137295081967,0.07763654439214414
SV Samson,death,Wd,24.0,465.0,0.05161290322580645,0.04340420081967213,0.05096270897581561
SV Samson,death,Nb,4.0,465.0,0.008602150537634409,0.006570184426229508,0.00844120272683006
SV Samson,middle,0,467.0,1969.0,0.2371762315896394,0.2808889845966761,0.23804657012636488
SV Samson,middle,1,933.0,1969.0,0.4738445911630269,0.4414331678151601,0.47319926665634965
SV Samson,middle,2,137.0,1969.0,0.06957846622651091,0.06664217673287394,0.06952000351882279
SV Samson,middle,3,6.0,1969.0,0.0030472320975114273,0.002286430887717876,0.003032084238680296
SV Samson,middle,4,166.0,1969.0,0.08430675469781615,0.08739739562221321,0.084368290604723
SV Samson,middle,6,129.0,1969.0,0.06551549009649568,0.048281059991892986,0.06517234564443788
SV Samson,middle,W,80.0,1969.0,0.04062976130015236,0.04221980137819214,0.0406614196391875
SV Samson,middle,Wd,44.0,1969.0,0.0223463687150838,0.028171868666396434,0.0224623567678725
SV Samson,middle,Nb,7.0,1969.0,0.0035551041137633316,0.002679114308877179,0.003537662803561517
SV Samson,powerplay,0,570.0,1358.0,0.41973490427098675,0.4228881521678736,0.41982512595616234
SV Samson,powerplay,1,361.0,1358.0,0.2658321060382916,0.25764450947345025,0.2655978400421588
SV Samson,powerplay,2,50.0,1358.0,0.036818851251840944,0.04384827662845184,0.037019979302673874
SV Samson,powerplay,3,8.0,1358.0,0.005891016200294551,0.005028429611245902,0.005866335611194446
SV Samson,powerplay,4,203.0,1358.0,0.14948453608247422,0.15223269683107069,0.1495631672913039
SV Samson,powerplay,6,58.0,1358.0,0.042709867452135494,0.040523771600022226,0.04264731821459291
SV Samson,powerplay,W,61.0,1358.0,0.04491899852724595,0.03919952586446391,0.0447553512407572
SV Samson,powerplay,Wd,44.0,1358.0,0.03240058910162003,0.03486563072990943,0.03247111962031214
SV Samson,powerplay,Nb,3.0,1358.0,0.0022091310751104565,0.003769007093512122,0.0022537627208444096
SW Billings,death,0,31.0,171.0,0.18128654970760233,0.21696977459016392,0.18805114210240076
SW Billings,death,1,57.0,171.0,0.3333333333333333,0.37083760245901637,0.3404431473855955
SW Billings,death,2,18.0,171.0,0.10526315789473684,0.08837090163934426,0.10206083443399891
SW Billings,death,3,1.0,171.0,0.005847953216374269,0.002651127049180328,0.005241919819749826
SW Billings,death,4,22.0,171.0,0.1286549707602339,0.11151383196721311,0.125405465775775
SW Billings,death,6,15.0,171.0,0.08771929824561403,0.07952100409836066,0.08616511926035274
SW Billings,death,W,19.0,171.0,0.1111111111111111,0.08016137295081967,0.1052438621707715
SW Billings,death,Wd,6.0,171.0,0.03508771929824561,0.04340420081967213,0.036664303472923626
SW Billings,death,Nb,2.0,171.0,0.011695906432748537,0.006570184426229508,0.010724205578432134
SW Billings,middle,0,96.0,333.0,0.2882882882882883,0.2808889845966761,0.287494797275783
SW Billings,middle,1,142.0,333.0,0.4264264264264264,0.4414331678151601,0.42803572845202786
SW Billings,middle,2,31.0,333.0,0.09309309309309309,0.06664217673287394,0.09025653369789532
SW Billings,middle,3,0.0,333.0,0.0,0.002286430887717876,0.0002451936608812736
SW Billings,middle,4,24.0,333.0,0.07207207207207207,0.08739739562221321,0.07371553840452688
SW Billings,middle,6,10.0,333.0,0.03003003003003003,0.048281059991892986,0.031987245039345094
SW Billings,middle,W,17.0,333.0,0.05105105105105105,0.04221980137819214,0.050104000147795404
SW Billings,middle,Wd,11.0,333.0,0.03303303303303303,0.028171868666396434,0.032511728543313294
SW Billings,middle,Nb,2.0,333.0,0.006006006006006006,0.002679114308877179,0.00564923477843187
SW Billings,powerplay,0,43.0,128.0,0.3359375,0.4228881521678736,0.3566400362304461
SW Billings,powerplay,1,44.0,128.0,0.34375,0.25764450947345025,0.32324869273177387
SW Billings,powerplay,2,6.0,128.0,0.046875,0.04384827662845184,0.046154351578202815
SW Billings,powerplay,3,1.0,128.0,0.0078125,0.005028429611245902,0.00714962609791569
SW Billings,powerplay,4,22.0,128.0,0.171875,0.15223269683107069,0.16719826115025493
SW Billings,powerplay,6,2.0,128.0,0.015625,0.040523771600022226,0.021553278952386245
SW Billings,powerplay,W,7.0,128.0,0.0546875,0.03919952586446391,0.050999887110586645
SW Billings,powerplay,Wd,3.0,128.0,0.0234375,0.03486563072990943,0.026158483507121293
SW Billings,powerplay,Nb,0.0,128.0,0.0,0.003769007093512122,0.00089738264131241
SW Tait,death,0,7.0,22.0,0.3181818181818182,0.21696977459016392,0.25288372554204125
SW Tait,death,1,12.0,22.0,0.5454545454545454,0.37083760245901637,0.43279845319936544
SW Tait,death,2,0.0,22.0,0.0,0.08837090163934426,0.0570134849286092
SW Tait,death,3,0.0,22.0,0.0,0.002651127049180328,0.0017104045478582761
SW Tait,death,4,0.0,22.0,0.0,0.11151383196721311,0.07194440772078266
SW Tait,death,6,0.0,22.0,0.0,0.07952100409836066,0.05130387361184559
SW Tait,death,W,3.0,22.0,0.13636363636363635,0.08016137295081967,0.10010411158117398
SW Tait,death,Wd,0.0,22.0,0.0,0.04340420081967213,0.028002710206240088
SW Tait,death,Nb,0.0,22.0,0.0,0.006570184426229508,0.004238828662083554
SW Tait,middle,0,3.0,9.0,0.3333333333333333,0.2808889845966761,0.2905216200789193
SW Tait,middle,1,4.0,9.0,0.4444444444444444,0.4414331678151601,0.44198625944094705
SW Tait,middle,2,0.0,9.0,0.0,0.06664217673287394,0.05440177692479505
SW Tait,middle,3,0.0,9.0,0.0,0.002286430887717876,0.001866474194055409
SW Tait,middle,4,0.0,9.0,0.0,0.08739739562221321,0.07134481275282711
SW Tait,middle,6,1.0,9.0,0.1111111111111111,0.048281059991892986,0.05982127346276978
SW Tait,middle,W,1.0,9.0,0.1111111111111111,0.04221980137819214,0.05487330724750379
SW Tait,middle,Wd,0.0,9.0,0.0,0.028171868666396434,0.02299744380930321
SW Tait,middle,Nb,0.0,9.0,0.0,0.002679114308877179,0.0021870320888793295
Salman Butt,death,0,4.0,24.0,0.16666666666666666,0.21696977459016392,0.19810610911885246
Salman Butt,death,1,11.0,24.0,0.4583333333333333,0.37083760245901637,0.40364850153688525
Salman Butt,death,2,1.0,24.0,0.041666666666666664,0.08837090163934426,0.07085681352459017
Salman Butt,death,3,1.0,24.0,0.041666666666666664,0.002651127049180328,0.017281954405737706
Salman Butt,death,4,5.0,24.0,0.20833333333333334,0.11151383196721311,0.1478211449795082
Salman Butt,death,6,0.0,24.0,0.0,0.07952100409836066,0.04970062756147541
Salman Butt,death,W,2.0,24.0,0.08333333333333333,0.08016137295081967,0.08135085809426229
Salman Butt,death,Wd,0.0,24.0,0.0,0.04340420081967213,0.027127625512295084
Salman Butt,death,Nb,0.0,24.0,0.0,0.006570184426229508,0.004106365266393443
Salman Butt,middle,0,40.0,150.0,0.26666666666666666,0.2808889845966761,0.2696608388624581
Salman Butt,middle,1,70.0,150.0,0.4666666666666667,0.4414331678151601,0.4613543511189811
Salman Butt,middle,2,10.0,150.0,0.06666666666666667,0.06664217673287394,0.06666151089113136
Salman Butt,middle,3,0.0,150.0,0.0,0.002286430887717876,0.0004813538710985002
Salman Butt,middle,4,15.0,150.0,0.1,0.08739739562221321,0.09734682013099226
Salman Butt,middle,6,3.0,150.0,0.02,0.048281059991892986,0.025953907366714313
Salman Butt,middle,W,7.0,150.0,0.04666666666666667,0.04221980137819214,0.045730484500672026
Salman Butt,middle,Wd,5.0,150.0,0.03333333333333333,0.028171868666396434,0.03224670919292556
Salman Butt,middle,Nb,0.0,150.0,0.0,0.002679114308877179,0.0005640240650267745
Salman Butt,powerplay,0,123.0,271.0,0.45387453874538747,0.4228881521678736,0.44988915140422814
Salman Butt,powerplay,1,57.0,271.0,0.21033210332103322,0.25764450947345025,0.21641730025381997
Salman Butt,powerplay,2,14.0,271.0,0.05166051660516605,0.04384827662845184,0.05065572689755008
Salman Butt,powerplay,3,1.0,271.0,0.0036900369003690036,0.005028429611245902,0.003862177441960887
Salman Butt,powerplay,4,42.0,271.0,0.15498154981549817,0.15223269683107069,0.15462799959242068
Salman Butt,powerplay,6,1.0,271.0,0.0036900369003690036,0.040523771600022226,0.008427494739552698
Salman Butt,powerplay,W,10.0,271.0,0.03690036900369004,0.03919952586446391,0.03719608049703716
Salman Butt,powerplay,Wd,20.0,271.0,0.07380073800738007,0.03486563072990943,0.06879300716783401
Salman Butt,powerplay,Nb,3.0,271.0,0.01107011070110701,0.003769007093512122,0.010131062005596414
Sandeep Sharma,death,0,20.0,64.0,0.3125,0.21696977459016392,0.2757576056116015
Sandeep Sharma,death,1,29.0,64.0,0.453125,0.37083760245901637,0.42147600094577553
Sandeep Sharma,death,2,3.0,64.0,0.046875,0.08837090163934426,0.06283496216897856
Sandeep Sharma,death,3,0.0,64.0,0.0,0.002651127049180328,0.0010196642496847414
Sandeep Sharma,death,4,3.0,64.0,0.046875,0.11151383196721311,0.0717360892181589
Sandeep Sharma,death,6,0.0,64.0,0.0,0.07952100409836066,0.030585001576292563
Sandeep Sharma,death,W,4.0,64.0,0.0625,0.08016137295081967,0.06929283575031525
Sandeep Sharma,death,Wd,4.0,64.0,0.0625,0.04340420081967213,0.05515546185372005
Sandeep Sharma,death,Nb,1.0,64.0,0.015625,0.006570184426229508,0.012142378625472888
Sandeep Sharma,middle,0,5.0,13.0,0.38461538461538464,0.2808889845966761,0.3063313091295669
Sandeep Sharma,middle,1,6.0,13.0,0.46153846153846156,0.4414331678151601,0.44636465495483785
Sandeep Sharma,middle,2,0.0,13.0,0.0,0.06664217673287394,0.05029598243990486
Sandeep Sharma,middle,3,0.0,13.0,0.0,0.002286430887717876,0.0017256082171455667
Sandeep Sharma,middle,4,1.0,13.0,0.07692307692307693,0.08739739562221321,0.0848282231111043
Sandeep Sharma,middle,6,0.0,13.0,0.0,0.048281059991892986,0.0364385358429381
Sandeep Sharma,middle,W,1.0,13.0,0.07692307692307693,0.04221980137819214,0.050731925568446905
Sandeep Sharma,middle,Wd,0.0,13.0,0.0,0.028171868666396434,0.021261787672752025
Sandeep Sharma,middle,Nb,0.0,13.0,0.0,0.002679114308877179,0.002021973063303531
Shahbaz Ahmed,death,0,41.0,199.0,0.20603015075376885,0.21696977459016392,0.20786105014061323
Shahbaz Ahmed,death,1,76.0,199.0,0.38190954773869346,0.37083760245901637,0.38005650250360107
Shahbaz Ahmed,death,2,17.0,199.0,0.08542713567839195,0.08837090163934426,0.08591981617394884
Shahbaz Ahmed,death,3,0.0,199.0,0.0,0.002651127049180328,0.0004437032718293436
Shahbaz Ahmed,death,4,18.0,199.0,0.09045226130653267,0.11151383196721311,0.0939772103710817
Shahbaz Ahmed,death,6,16.0,199.0,0.08040201005025126,0.07952100409836066,0.08025456135537418
Shahbaz Ahmed,death,W,20.0,199.0,0.10050251256281408,0.08016137295081967,0.09709813773235476
Shahbaz Ahmed,death,Wd,11.0,199.0,0.05527638190954774,0.04340420081967213,0.053289405994924204
Shahbaz Ahmed,death,Nb,0.0,199.0,0.0,0.006570184426229508,0.001099612456272721
Shahbaz Ahmed,middle,0,75.0,244.0,0.3073770491803279,0.2808889845966761,0.3036463358586868
Shahbaz Ahmed,middle,1,105.0,244.0,0.430327868852459,0.4414331678151601,0.431891995466924
Shahbaz Ahmed,middle,2,19.0,244.0,0.0778688524590164,0.06664217673287394,0.07628763052575689
Shahbaz Ahmed,middle,3,1.0,244.0,0.004098360655737705,0.002286430887717876,0.0038431592799602642
Shahbaz Ahmed,middle,4,15.0,244.0,0.06147540983606557,0.08739739562221321,0.06512639374960749
Shahbaz Ahmed,middle,6,8.0,244.0,0.03278688524590164,0.048281059991892986,0.034969163379139856
Shahbaz Ahmed,middle,W,7.0,244.0,0.028688524590163935,0.04221980137819214,0.03059433822228058
Shahbaz Ahmed,middle,Wd,12.0,244.0,0.04918032786885246,0.028171868666396434,0.046221389953013586
Shahbaz Ahmed,middle,Nb,2.0,244.0,0.00819672131147541,0.002679114308877179,0.007419593564630589
Shahbaz Ahmed,powerplay,0,8.0,23.0,0.34782608695652173,0.4228881521678736,0.39548454105896735
Shahbaz Ahmed,powerplay,1,9.0,23.0,0.391304347826087,0.25764450947345025,0.30644095839584146
Shahbaz Ahmed,powerplay,2,1.0,23.0,0.043478260869565216,0.04384827662845184,0.043713191510128147
Shahbaz Ahmed,powerplay,3,1.0,23.0,0.043478260869565216,0.005028429611245902,0.01906566959444184
Shahbaz Ahmed,powerplay,4,0.0,23.0,0.0,0.15223269683107069,0.09665568052766392
Shahbaz Ahmed,powerplay,6,1.0,23.0,0.043478260869565216,0.040523771600022226,0.04160239466668078
Shahbaz Ahmed,powerplay,W,2.0,23.0,0.08695652173913043,0.03919952586446391,0.056634619596485025
Shahbaz Ahmed,powerplay,Wd,1.0,23.0,0.043478260869565216,0.03486563072990943,0.03800992427295837
Shahbaz Ahmed,powerplay,Nb,0.0,23.0,0.0,0.003769007093512122,0.0023930203768330934
Shahid Afridi,death,0,54.0,270.0,0.2,0.21696977459016392,0.2021896483342147
Shahid Afridi,death,1,99.0,270.0,0.36666666666666664,0.37083760245901637,0.36720485193019564
Shahid Afridi,death,2,22.0,270.0,0.08148148148148149,0.08837090163934426,0.08237043892120571
Shahid Afridi,death,3,1.0,270.0,0.003703703703703704,0.002651127049180328,0.0035678873611845584
Shahid Afridi,death,4,29.0,270.0,0.10740740740740741,0.11151383196721311,0.10793726864093071
Shahid Afridi,death,6,26.0,270.0,0.0962962962962963,0.07952100409836066,0.0941317424643046
Shahid Afridi,death,W,25.0,270.0,0.09259259259259259,0.08016137295081967,0.09098856425171867
Shahid Afridi,death,Wd,11.0,270.0,0.040740740740740744,0.04340420081967213,0.041084413008989955
Shahid Afridi,death,Nb,3.0,270.0,0.011111111111111112,0.006570184426229508,0.010525185087255421
Shahid Afridi,middle,0,97.0,362.0,0.26795580110497236,0.2808889845966761,0.2692426850344951
Shahid Afridi,middle,1,143.0,362.0,0.39502762430939226,0.4414331678151601,0.3996450913248915
Shahid Afridi,middle,2,31.0,362.0,0.0856353591160221,0.06664217673287394,0.0837454902221765
Shahid Afridi,middle,3,1.0,362.0,0.0027624309392265192,0.002286430887717876,0.002715067750021679
Shahid Afridi,middle,4,32.0,362.0,0.08839779005524862,0.08739739562221321,0.08829824832061822
Shahid Afridi,middle,6,23.0,362.0,0.06353591160220995,0.048281059991892986,0.062018015919591336
Shahid Afridi,middle,W,21.0,362.0,0.058011049723756904,0.04221980137819214,0.05643978123166091
Shahid Afridi,middle,Wd,11.0,362.0,0.03038674033149171,0.028171868666396434,0.030166355091183726
Shahid Afridi,middle,Nb,3.0,362.0,0.008287292817679558,0.002679114308877179,0.0077292651053609135
Shahid Afridi,powerplay,0,30.0,83.0,0.3614457831325301,0.4228881521678736,0.38142704135540606
Shahid Afridi,powerplay,1,22.0,83.0,0.26506024096385544,0.25764450947345025,0.26264862096697567
Shahid Afridi,powerplay,2,6.0,83.0,0.07228915662650602,0.04384827662845184,0.06304008996047214
Shahid Afridi,powerplay,3,0.0,83.0,0.0,0.005028429611245902,0.0016352616621937892
Shahid Afridi,powerplay,4,13.0,83.0,0.1566265060240964,0.15223269683107069,0.15519762498571404
Shahid Afridi,powerplay,6,4.0,83.0,0.04819277108433735,0.040523771600022226,0.04569878751220235
Shahid Afridi,powerplay,W,4.0,83.0,0.04819277108433735,0.03919952586446391,0.04526813849250859
Shahid Afridi,powerplay,Wd,4.0,83.0,0.04819277108433735,0.03486563072990943,0.043858741700783556
Shahid Afridi,powerplay,Nb,0.0,83.0,0.0,0.003769007093512122,0.0012256933637437796
Shakib Al Hasan,death,0,72.0,413.0,0.17433414043583534,0.21696977459016392,0.17809887634350235
Shakib Al Hasan,death,1,174.0,413.0,0.4213075060532688,0.37083760245901637,0.41685100242463724
Shakib Al Hasan,death,2,27.0,413.0,0.06537530266343826,0.08837090163934426,0.06740581912930192
Shakib Al Hasan,death,3,0.0,413.0,0.0,0.002651127049180328,0.00023409510368038215
Shakib Al Hasan,death,4,55.0,413.0,0.13317191283292978,0.11151383196721311,0.1312594995114537
Shakib Al Hasan,death,6,17.0,413.0,0.04116222760290557,0.07952100409836066,0.04454931603517533
Shakib Al Hasan,death,W,38.0,413.0,0.09200968523002422,0.08016137295081967,0.09096347664024898
Shakib Al Hasan,death,Wd,27.0,413.0,0.06537530266343826,0.04340420081967213,0.06343524952050085
Shakib Al Hasan,death,Nb,3.0,413.0,0.007263922518159807,0.006570184426229508,0.007202665291499294
Shakib Al Hasan,middle,0,261.0,902.0,0.2893569844789357,0.2808889845966761,0.2889974091123854
Shakib Al Hasan,middle,1,393.0,902.0,0.4356984478935698,0.4414331678151601,0.43594196041677963
Shakib Al Hasan,middle,2,71.0,902.0,0.0787139689578714,0.06664217673287394,0.07820136631562097
Shakib Al Hasan,middle,3,1.0,902.0,0.0011086474501108647,0.002286430887717876,0.0011586594856780414
Shakib Al Hasan,middle,4,91.0,902.0,0.1008869179600887,0.08739739562221321,0.10031411446378825
Shakib Al Hasan,middle,6,21.0,902.0,0.02328159645232816,0.048281059991892986,0.024343144797957236
Shakib Al Hasan,middle,W,41.0,902.0,0.045454545454545456,0.04221980137819214,0.045317189018182255
Shakib Al Hasan,middle,Wd,22.0,902.0,0.024390243902439025,0.028171868666396434,0.024550822448679253
Shakib Al Hasan,middle,Nb,1.0,902.0,0.0011086474501108647,0.002679114308877179,0.0011753339409289673
Shakib Al Hasan,powerplay,0,122.0,285.0,0.4280701754385965,0.4228881521678736,0.4274323879591229
Shakib Al Hasan,powerplay,1,85.0,285.0,0.2982456140350877,0.25764450947345025,0.29324855501211694
Shakib Al Hasan,powerplay,2,10.0,285.0,0.03508771929824561,0.04384827662845184,0.03616594173888638
Shakib Al Hasan,powerplay,3,4.0,285.0,0.014035087719298246,0.005028429611245902,0.012926575952153341
Shakib Al Hasan,powerplay,4,40.0,285.0,0.14035087719298245,0.15223269683107069,0.14181325499459332
Shakib Al Hasan,powerplay,6,4.0,285.0,0.014035087719298246,0.040523771600022226,0.017295233427695043
Shakib Al Hasan,powerplay,W,13.0,285.0,0.0456140350877193,0.03919952586446391,0.04482455702947248
Shakib Al Hasan,powerplay,Wd,5.0,285.0,0.017543859649122806,0.03486563072990943,0.01967576993598885
Shakib Al Hasan,powerplay,Nb,2.0,285.0,0.007017543859649123,0.003769007093512122,0.006617723949970723
Shashank Singh,death,0,38.0,225.0,0.1688888888888889,0.21696977459016392,0.17614638107021344
Shashank Singh,death,1,84.0,225.0,0.37333333333333335,0.37083760245901637,0.3729566192390968
Shashank Singh,death,2,21.0,225.0,0.09333333333333334,0.08837090163934426,0.09258428703990103
Shashank Singh,death,3,1.0,225.0,0.0044444444444444444,0.002651127049180328,0.0041737550262913705
Shashank Singh,death,4,31.0,225.0,0.13777777777777778,0.11151383196721311,0.13381340859882462
Shashank Singh,death,6,31.0,225.0,0.13777777777777778,0.07952100409836066,0.12898430250541293
Shashank Singh,death,W,9.0,225.0,0.04,0.08016137295081967,0.0460620940303124
Shashank Singh,death,Wd,10.0,225.0,0.044444444444444446,0.04340420081967213,0.04428742653881843
Shashank Singh,death,Nb,0.0,225.0,0.0,0.006570184426229508,0.0009917259511289824
Shashank Singh,middle,0,69.0,239.0,0.28870292887029286,0.2808889845966761,0.28758265012138723
Shashank Singh,middle,1,107.0,239.0,0.4476987447698745,0.4414331678151601,0.44680045416704806
Shashank Singh,middle,2,13.0,239.0,0.05439330543933055,0.06664217673287394,0.056149416019050026
Shashank Singh,middle,3,0.0,239.0,0.0,0.002286430887717876,0.00032780371150077073
Shashank Singh,middle,4,20.0,239.0,0.08368200836820083,0.08739739562221321,0.08421468037594454
Shashank Singh,middle,6,15.0,239.0,0.06276150627615062,0.048281059991892986,0.06068545662966207
Shashank Singh,middle,W,7.0,239.0,0.029288702928870293,0.04221980137819214,0.031142623853504248
Shashank Singh,middle,Wd,8.0,239.0,0.03347280334728033,0.028171868666396434,0.032712812712028166
Shashank Singh,middle,Nb,0.0,239.0,0.0,0.002679114308877179,0.00038410240987486434
Shashank Singh,powerplay,0,7.0,24.0,0.2916666666666667,0.4228881521678736,0.373680095104921
Shashank Singh,powerplay,1,7.0,24.0,0.2916666666666667,0.25764450947345025,0.2704028184209064
Shashank Singh,powerplay,2,1.0,24.0,0.041666666666666664,0.04384827662845184,0.043030172892782395
Shashank Singh,powerplay,3,0.0,24.0,0.0,0.005028429611245902,0.0031427685070286888
Shashank Singh,powerplay,4,5.0,24.0,0.20833333333333334,0.15223269683107069,0.17327043551941917
Shashank Singh,powerplay,6,0.0,24.0,0.0,0.040523771600022226,0.025327357250013893
Shashank Singh,powerplay,W,1.0,24.0,0.041666666666666664,0.03919952586446391,0.040124703665289946
Shashank Singh,powerplay,Wd,3.0,24.0,0.125,0.03486563072990943,0.06866601920619339
Shashank Singh,powerplay,Nb,0.0,24.0,0.0,0.003769007093512122,0.0023556294334450764
Shivam Mavi,death,0,23.0,66.0,0.3484848484848485,0.21696977459016392,0.2988565187132694
Shivam Mavi,death,1,19.0,66.0,0.2878787878787879,0.37083760245901637,0.3191840009279307
Shivam Mavi,death,2,3.0,66.0,0.045454545454545456,0.08837090163934426,0.06164939684503557
Shivam Mavi,death,3,0.0,66.0,0.0,0.002651127049180328,0.0010004253015774823
Shivam Mavi,death,4,6.0,66.0,0.09090909090909091,0.11151383196721311,0.09868446489328797
Shivam Mavi,death,6,4.0,66.0,0.06060606060606061,0.07952100409836066,0.06774377513145685
Shivam Mavi,death,W,10.0,66.0,0.15151515151515152,0.08016137295081967,0.12458919733993194
Shivam Mavi,death,Wd,1.0,66.0,0.015151515151515152,0.04340420081967213,0.025812905969687598
Shivam Mavi,death,Nb,0.0,66.0,0.0,0.006570184426229508,0.002479314877822456
Shivam Mavi,middle,0,2.0,6.0,0.3333333333333333,0.2808889845966761,0.28772955182319665
Shivam Mavi,middle,1,3.0,6.0,0.5,0.4414331678151601,0.4490723198392697
Shivam Mavi,middle,2,0.0,6.0,0.0,0.06664217673287394,0.05794971889815125
Shivam Mavi,middle,3,0.0,6.0,0.0,0.002286430887717876,0.0019882007719285878
Shivam Mavi,middle,4,0.0,6.0,0.0,0.08739739562221321,0.07599773532366366
Shivam Mavi,middle,6,0.0,6.0,0.0,0.048281059991892986,0.04198353042773303
Shivam Mavi,middle,W,0.0,6.0,0.0,0.04221980137819214,0.036712870763645336
Shivam Mavi,middle,Wd,1.0,6.0,0.16666666666666666,0.028171868666396434,0.04623640753599689
Shivam Mavi,middle,Nb,0.0,6.0,0.0,0.002679114308877179,0.002329664616414938
Shoaib Akhtar,death,0,4.0,10.0,0.4,0.21696977459016392,0.25357581967213116
Shoaib Akhtar,death,1,2.0,10.0,0.2,0.37083760245901637,0.3366700819672131
Shoaib Akhtar,death,2,1.0,10.0,0.1,0.08837090163934426,0.09069672131147541
Shoaib Akhtar,death,3,1.0,10.0,0.1,0.002651127049180328,0.022120901639344263
Shoaib Akhtar,death,4,1.0,10.0,0.1,0.11151383196721311,0.1092110655737705
Shoaib Akhtar,death,6,1.0,10.0,0.1,0.07952100409836066,0.08361680327868853
Shoaib Akhtar,death,W,0.0,10.0,0.0,0.08016137295081967,0.06412909836065574
Shoaib Akhtar,death,Wd,0.0,10.0,0.0,0.04340420081967213,0.03472336065573771
Shoaib Akhtar,death,Nb,0.0,10.0,0.0,0.006570184426229508,0.005256147540983607
Shoaib Akhtar,middle,0,0.0,1.0,0.0,0.2808889845966761,0.27403803375285474
Shoaib Akhtar,middle,1,1.0,1.0,1.0,0.4414331678151601,0.4550567490879611
Shoaib Akhtar,middle,2,0.0,1.0,0.0,0.06664217673287394,0.06501675778816969
Shoaib Akhtar,middle,3,0.0,1.0,0.0,0.002286430887717876,0.002230664280700367
Shoaib Akhtar,middle,4,0.0,1.0,0.0,0.08739739562221321,0.08526575182654948
Shoaib Akhtar,middle,6,0.0,1.0,0.0,0.048281059991892986,0.04710347316282242
Shoaib Akhtar,middle,W,0.0,1.0,0.0,0.04221980137819214,0.041190050125065505
Shoaib Akhtar,middle,Wd,0.0,1.0,0.0,0.028171868666396434,0.027484749918435542
Shoaib Akhtar,middle,Nb,0.0,1.0,0.0,0.002679114308877179,0.00261377005744115
Shoaib Malik,death,0,61.0,345.0,0.17681159420289855,0.21696977459016392,0.18098387268469238
Shoaib Malik,death,1,148.0,345.0,0.4289855072463768,0.37083760245901637,0.4229441664892485
Shoaib Malik,death,2,42.0,345.0,0.12173913043478261,0.08837090163934426,0.11827230146902278
Shoaib Malik,death,3,1.0,345.0,0.002898550724637681,0.002651127049180328,0.0028728443687460084
Shoaib Malik,death,4,46.0,345.0,0.13333333333333333,0.11151383196721311,0.13106637215243772
Shoaib Malik,death,6,13.0,345.0,0.03768115942028986,0.07952100409836066,0.04202815626995955
Shoaib Malik,death,W,21.0,345.0,0.06086956521739131,0.08016137295081967,0.06287390887800724
Shoaib Malik,death,Wd,11.0,345.0,0.03188405797101449,0.04340420081967213,0.033080955929316584
Shoaib Malik,death,Nb,2.0,345.0,0.005797101449275362,0.006570184426229508,0.005877421758569299
Shoaib Malik,middle,0,201.0,677.0,0.2968980797636632,0.2808889845966761,0.2960049642731758
Shoaib Malik,middle,1,318.0,677.0,0.46971935007385524,0.4414331678151601,0.4681413203802042
Shoaib Malik,middle,2,49.0,677.0,0.0723781388478582,0.06664217673287394,0.07205814096138767
Shoaib Malik,middle,3,3.0,677.0,0.004431314623338257,0.002286430887717876,0.004311655837529588
Shoaib Malik,middle,4,60.0,677.0,0.08862629246676514,0.08739739562221321,0.0885577347627455
Shoaib Malik,middle,6,12.0,677.0,0.01772525849335303,0.048281059991892986,0.0194299057178183
Shoaib Malik,middle,W,20.0,677.0,0.029542097488921712,0.04221980137819214,0.030249361304222712
Shoaib Malik,middle,Wd,13.0,677.0,0.019202363367799114,0.028171868666396434,0.019702754179436344
Shoaib Malik,middle,Nb,1.0,677.0,0.0014771048744460858,0.002679114308877179,0.0015441625834798985
Shoaib Malik,powerplay,0,83.0,154.0,0.538961038961039,0.4228881521678736,0.5150284849830667
Shoaib Malik,powerplay,1,33.0,154.0,0.21428571428571427,0.25764450947345025,0.2232256720563815
Shoaib Malik,powerplay,2,7.0,154.0,0.045454545454545456,0.04384827662845184,0.04512335600586636
Shoaib Malik,powerplay,3,1.0,154.0,0.006493506493506494,0.005028429611245902,0.006191428785823897
Shoaib Malik,powerplay,4,18.0,154.0,0.11688311688311688,0.15223269683107069,0.124171690068262
Shoaib Malik,powerplay,6,0.0,154.0,0.0,0.040523771600022226,0.008355416824746852
Shoaib Malik,powerplay,W,8.0,154.0,0.05194805194805195,0.03919952586446391,0.04931948986896163
Shoaib Malik,powerplay,Wd,3.0,154.0,0.01948051948051948,0.03486563072990943,0.022652707366991633
Shoaib Malik,powerplay,Nb,1.0,154.0,0.006493506493506494,0.003769007093512122,0.005931754039899407
Shubman Gill,death,0,45.0,287.0,0.156794425087108,0.21696977459016392,0.16415532410888856
Shubman Gill,death,1,126.0,287.0,0.43902439024390244,0.37083760245901637,0.43068349877174517
Shubman Gill,death,2,25.0,287.0,0.08710801393728224,0.08837090163934426,0.08726249561337544
Shubman Gill,death,3,1.0,287.0,0.003484320557491289,0.002651127049180328,0.0033824008622850557
Shubman Gill,death,4,27.0,287.0,0.09407665505226481,0.11151383196721311,0.09620964305409335
Shubman Gill,death,6,22.0,287.0,0.07665505226480836,0.07952100409836066,0.07700562741264351
Shubman Gill,death,W,22.0,287.0,0.07665505226480836,0.08016137295081967,0.07708395999398406
Shubman Gill,death,Wd,18.0,287.0,0.0627177700348432,0.04340420081967213,0.060355253922895674
Shubman Gill,death,Nb,1.0,287.0,0.003484320557491289,0.006570184426229508,0.0038617962600892364
Shubman Gill,middle,0,272.0,1307.0,0.20811017597551645,0.2808889845966761,0.2102713878128189
Shubman Gill,middle,1,620.0,1307.0,0.4743687834736037,0.4414331678151601,0.4733907399499676
Shubman Gill,middle,2,133.0,1307.0,0.10175975516449885,0.06664217673287394,0.10071691690372307
Shubman Gill,middle,3,5.0,1307.0,0.0038255547054322878,0.002286430887717876,0.0037798494695684593
Shubman Gill,middle,4,133.0,1307.0,0.10175975516449885,0.08739739562221321,0.10133325599472051
Shubman Gill,middle,6,66.0,1307.0,0.0504973221117062,0.048281059991892986,0.05043150883420618
Shubman Gill,middle,W,42.0,1307.0,0.032134659525631215,0.04221980137819214,0.032434144064682764
Shubman Gill,middle,Wd,30.0,1307.0,0.022953328232593728,0.028171868666396434,0.02310829602572818
Shubman Gill,middle,Nb,6.0,1307.0,0.0045906656465187455,0.002679114308877179,0.004533900944584326
Shubman Gill,powerplay,0,571.0,1562.0,0.36555697823303457,0.4228881521678736,0.3669884682189232
Shubman Gill,powerplay,1,497.0,1562.0,0.3181818181818182,0.25764450947345025,0.31667027489321975
Shubman Gill,powerplay,2,65.0,1562.0,0.041613316261203584,0.04384827662845184,0.041669120515067465
Shubman Gill,powerplay,3,9.0,1562.0,0.005761843790012804,0.005028429611245902,0.005743531326123493
Shubman Gill,powerplay,4,263.0,1562.0,0.16837387964148529,0.15223269683107069,0.16797085385345994
Shubman Gill,powerplay,6,45.0,1562.0,0.02880921895006402,0.040523771600022226,0.02910171714357109
Shubman Gill,powerplay,W,56.0,1562.0,0.03585147247119078,0.03919952586446391,0.03593506930997413
Shubman Gill,powerplay,Wd,50.0,1562.0,0.03201024327784891,0.03486563072990943,0.03208153884469187
Shubman Gill,powerplay,Nb,6.0,1562.0,0.0038412291933418692,0.003769007093512122,0.003839425894969092
Sikandar Raza,death,0,34.0,172.0,0.19767441860465115,0.21696977459016392,0.2013150518094649
Sikandar Raza,death,1,57.0,172.0,0.3313953488372093,0.37083760245901637,0.33883728348283326
Sikandar Raza,death,2,23.0,172.0,0.13372093023255813,0.08837090163934426,0.12516432106402722
Sikandar Raza,death,3,1.0,172.0,0.005813953488372093,0.002651127049180328,0.005217193782864213
Sikandar Raza,death,4,16.0,172.0,0.09302325581395349,0.11151383196721311,0.0965120437673987
Sikandar Raza,death,6,13.0,172.0,0.0755813953488372,0.07952100409836066,0.07632471775440768
Sikandar Raza,death,W,16.0,172.0,0.09302325581395349,0.08016137295081967,0.0905964854624188
Sikandar Raza,death,Wd,10.0,172.0,0.05813953488372093,0.04340420081967213,0.055359283173523045
Sikandar Raza,death,Nb,2.0,172.0,0.011627906976744186,0.006570184426229508,0.010673619703062171
Sikandar Raza,middle,0,136.0,434.0,0.31336405529953915,0.2808889845966761,0.3106235430039389
Sikandar Raza,middle,1,175.0,434.0,0.4032258064516129,0.4414331678151601,0.4064500563557097
Sikandar Raza,middle,2,44.0,434.0,0.10138248847926268,0.06664217673287394,0.09845081660193028
Sikandar Raza,middle,3,0.0,434.0,0.0,0.002286430887717876,0.00019294775423779544
Sikandar Raza,middle,4,45.0,434.0,0.10368663594470046,0.08739739562221321,0.10231201650820365
Sikandar Raza,middle,6,14.0,434.0,0.03225806451612903,0.048281059991892986,0.033610216033071134
Sikandar Raza,middle,W,12.0,434.0,0.027649769585253458,0.04221980137819214,0.02887930813318077
Sikandar Raza,middle,Wd,7.0,434.0,0.016129032258064516,0.028171868666396434,0.017145305372691683
Sikandar Raza,middle,Nb,1.0,434.0,0.002304147465437788,0.002679114308877179,0.0023357902370360487
Sikandar Raza,powerplay,0,64.0,124.0,0.5161290322580645,0.4228881521678736,0.49338735418728624
Sikandar Raza,powerplay,1,23.0,124.0,0.18548387096774194,0.25764450947345025,0.20308402670084152
Sikandar Raza,powerplay,2,4.0,124.0,0.03225806451612903,0.04384827662845184,0.035084945519134596
Sikandar Raza,powerplay,3,1.0,124.0,0.008064516129032258,0.005028429611245902,0.007324007222255098
Sikandar Raza,powerplay,4,17.0,124.0,0.13709677419354838,0.15223269683107069,0.14078846264172457
Sikandar Raza,powerplay,6,1.0,124.0,0.008064516129032258,0.040523771600022226,0.015981407707322495
Sikandar Raza,powerplay,W,9.0,124.0,0.07258064516129033,0.03919952586446391,0.06443890874743022
Sikandar Raza,powerplay,Wd,5.0,124.0,0.04032258064516129,0.03486563072990943,0.03899161725119742
Sikandar Raza,powerplay,Nb,0.0,124.0,0.0,0.003769007093512122,0.0009192700228078347
Sohail Tanvir,death,0,34.0,122.0,0.2786885245901639,0.21696977459016392,0.26344932705929974
Sohail Tanvir,death,1,41.0,122.0,0.3360655737704918,0.37083760245901637,0.3446512598664238
Sohail Tanvir,death,2,7.0,122.0,0.05737704918032787,0.08837090163934426,0.06502985225662822
Sohail Tanvir,death,3,0.0,122.0,0.0,0.002651127049180328,0.0006545992714025501
Sohail Tanvir,death,4,11.0,122.0,0.09016393442622951,0.11151383196721311,0.09543551406597856
Sohail Tanvir,death,6,5.0,122.0,0.040983606557377046,0.07952100409836066,0.050499013357619915
Sohail Tanvir,death,W,11.0,122.0,0.09016393442622951,0.08016137295081967,0.08769416616069621
Sohail Tanvir,death,Wd,11.0,122.0,0.09016393442622951,0.04340420081967213,0.0786183211900425
Sohail Tanvir,death,Nb,2.0,122.0,0.01639344262295082,0.006570184426229508,0.01396794677190852
Sohail Tanvir,middle,0,11.0,32.0,0.34375,0.2808889845966761,0.3088272136648201
Sohail Tanvir,middle,1,13.0,32.0,0.40625,0.4414331678151601,0.42579620434175564
Sohail Tanvir,middle,2,1.0,32.0,0.03125,0.06664217673287394,0.050912320407152184
Sohail Tanvir,middle,3,0.0,32.0,0.0,0.002286430887717876,0.0012702393820654867
Sohail Tanvir,middle,4,3.0,32.0,0.09375,0.08739739562221321,0.090220775345674
Sohail Tanvir,middle,6,2.0,32.0,0.0625,0.048281059991892986,0.05460058888438499
Sohail Tanvir,middle,W,1.0,32.0,0.03125,0.04221980137819214,0.03734433409899564
Sohail Tanvir,middle,Wd,1.0,32.0,0.03125,0.028171868666396434,0.029539927036886904
Sohail Tanvir,middle,Nb,0.0,32.0,0.0,0.002679114308877179,0.0014883968382650994
Sohail Tanvir,powerplay,0,2.0,8.0,0.25,0.4228881521678736,0.3940734601398947
Sohail Tanvir,powerplay,1,3.0,8.0,0.375,0.25764450947345025,0.2772037578945419
Sohail Tanvir,powerplay,2,0.0,8.0,0.0,0.04384827662845184,0.03654023052370987
Sohail Tanvir,powerplay,3,0.0,8.0,0.0,0.005028429611245902,0.004190358009371585
Sohail Tanvir,powerplay,4,1.0,8.0,0.125,0.15223269683107069,0.14769391402589224
Sohail Tanvir,powerplay,6,1.0,8.0,0.125,0.040523771600022226,0.05460314300001853
Sohail Tanvir,powerplay,W,1.0,8.0,0.125,0.03919952586446391,0.05349960488705326
Sohail Tanvir,powerplay,Wd,0.0,8.0,0.0,0.03486563072990943,0.02905469227492453
Sohail Tanvir,powerplay,Nb,0.0,8.0,0.0,0.003769007093512122,0.0031408392445934352
T Banton,death,0,4.0,26.0,0.15384615384615385,0.21696977459016392,0.19210289369100844
T Banton,death,1,7.0,26.0,0.2692307692307692,0.37083760245901637,0.3308106681569796
T Banton,death,2,5.0,26.0,0.19230769230769232,0.08837090163934426,0.12931569796323894
T Banton,death,3,0.0,26.0,0.0,0.002651127049180328,0.0016067436661698956
T Banton,death,4,6.0,26.0,0.23076923076923078,0.11151383196721311,0.1584932314952807
T Banton,death,6,2.0,26.0,0.07692307692307693,0.07952100409836066,0.07849757824143071
T Banton,death,W,1.0,26.0,0.038461538461538464,0.08016137295081967,0.0637341654247392
T Banton,death,Wd,1.0,26.0,0.038461538461538464,0.04340420081967213,0.0414570914058619
T Banton,death,Nb,0.0,26.0,0.0,0.006570184426229508,0.003981929955290611
T Banton,middle,0,25.0,104.0,0.2403846153846154,0.2808889845966761,0.2516358290546322
T Banton,middle,1,39.0,104.0,0.375,0.4414331678151601,0.39345365772643337
T Banton,middle,2,8.0,104.0,0.07692307692307693,0.06664217673287394,0.07406727131468721
T Banton,middle,3,0.0,104.0,0.0,0.002286430887717876,0.0006351196910327434
T Banton,middle,4,12.0,104.0,0.11538461538461539,0.08739739562221321,0.107610387672837
T Banton,middle,6,9.0,104.0,0.08653846153846154,0.048281059991892986,0.07591140555330361
T Banton,middle,W,7.0,104.0,0.0673076923076923,0.04221980137819214,0.060338833716164476
T Banton,middle,Wd,3.0,104.0,0.028846153846153848,0.028171868666396434,0.02865885240733234
T Banton,middle,Nb,1.0,104.0,0.009615384615384616,0.002679114308877179,0.007688642863576994
T Banton,powerplay,0,48.0,126.0,0.38095238095238093,0.4228881521678736,0.3910573860645479
T Banton,powerplay,1,35.0,126.0,0.2777777777777778,0.25764450947345025,0.2729263878249278
T Banton,powerplay,2,5.0,126.0,0.03968253968253968,0.04384827662845184,0.04068633171769924
T Banton,powerplay,3,1.0,126.0,0.007936507936507936,0.005028429611245902,0.007235766171384554
T Banton,powerplay,4,16.0,126.0,0.12698412698412698,0.15223269683107069,0.1330681197183303
T Banton,powerplay,6,7.0,126.0,0.05555555555555555,0.040523771600022226,0.05193343893976439
T Banton,powerplay,W,9.0,126.0,0.07142857142857142,0.03919952586446391,0.06366253635288287
T Banton,powerplay,Wd,5.0,126.0,0.03968253968253968,0.03486563072990943,0.03852183873009866
T Banton,powerplay,Nb,0.0,126.0,0.0,0.003769007093512122,0.0009081944803643669
T Henderson,death,0,1.0,2.0,0.5,0.21696977459016392,0.2304474043715847
T Henderson,death,1,0.0,2.0,0.0,0.37083760245901637,0.353178669008587
T Henderson,death,2,0.0,2.0,0.0,0.08837090163934426,0.08416276346604215
T Henderson,death,3,0.0,2.0,0.0,0.002651127049180328,0.002524882903981265
T Henderson,death,4,0.0,2.0,0.0,0.11151383196721311,0.10620364949258392
T Henderson,death,6,0.0,2.0,0.0,0.07952100409836066,0.07573428961748634
T Henderson,death,W,1.0,2.0,0.5,0.08016137295081967,0.10015368852459015
T Henderson,death,Wd,0.0,2.0,0.0,0.04340420081967213,0.04133733411397346
T Henderson,death,Nb,0.0,2.0,0.0,0.006570184426229508,0.00625731850117096
T Henderson,middle,0,0.0,5.0,0.0,0.2808889845966761,0.24967909741926766
T Henderson,middle,1,3.0,5.0,0.6,0.4414331678151601,0.4590517047245868
T Henderson,middle,2,0.0,5.0,0.0,0.06664217673287394,0.05923749042922128
T Henderson,middle,3,0.0,5.0,0.0,0.002286430887717876,0.0020323830113047787
T Henderson,middle,4,0.0,5.0,0.0,0.08739739562221321,0.07768657388641174
T Henderson,middle,6,1.0,5.0,0.2,0.048281059991892986,0.06513871999279376
T Henderson,middle,W,1.0,5.0,0.2,0.04221980137819214,0.05975093455839302
T Henderson,middle,Wd,0.0,5.0,0.0,0.028171868666396434,0.02504166103679683
T Henderson,middle,Nb,0.0,5.0,0.0,0.002679114308877179,0.002381434941224159
T Henderson,powerplay,0,8.0,10.0,0.8,0.4228881521678736,0.4983105217342989
T Henderson,powerplay,1,0.0,10.0,0.0,0.25764450947345025,0.2061156075787602
T Henderson,powerplay,2,1.0,10.0,0.1,0.04384827662845184,0.05507862130276146
T Henderson,powerplay,3,0.0,10.0,0.0,0.005028429611245902,0.004022743688996721
T Henderson,powerplay,4,0.0,10.0,0.0,0.15223269683107069,0.12178615746485655
T Henderson,powerplay,6,0.0,10.0,0.0,0.040523771600022226,0.03241901728001778
T Henderson,powerplay,W,0.0,10.0,0.0,0.03919952586446391,0.031359620691571125
T Henderson,powerplay,Wd,0.0,10.0,0.0,0.03486563072990943,0.027892504583927547
T Henderson,powerplay,Nb,1.0,10.0,0.1,0.003769007093512122,0.023015205674809698
T Natarajan,death,0,2.0,5.0,0.4,0.21696977459016392,0.23730646630236793
T Natarajan,death,1,3.0,5.0,0.6,0.37083760245901637,0.3963000910746812
T Natarajan,death,2,0.0,5.0,0.0,0.08837090163934426,0.078551912568306
T Natarajan,death,3,0.0,5.0,0.0,0.002651127049180328,0.0023565573770491805
T Natarajan,death,4,0.0,5.0,0.0,0.11151383196721311,0.09912340619307833
T Natarajan,death,6,0.0,5.0,0.0,0.07952100409836066,0.07068533697632058
T Natarajan,death,W,0.0,5.0,0.0,0.08016137295081967,0.07125455373406192
T Natarajan,death,Wd,0.0,5.0,0.0,0.04340420081967213,0.038581511839708565
T Natarajan,death,Nb,0.0,5.0,0.0,0.006570184426229508,0.00584016393442623
T Shamsi,death,0,9.0,19.0,0.47368421052631576,0.21696977459016392,0.29964052514587386
T Shamsi,death,1,4.0,19.0,0.21052631578947367,0.37083760245901637,0.3192119338705196
T Shamsi,death,2,0.0,19.0,0.0,0.08837090163934426,0.05991247568769102
T Shamsi,death,3,1.0,19.0,0.05263157894736842,0.002651127049180328,0.018746526813003612
T Shamsi,death,4,0.0,19.0,0.0,0.11151383196721311,0.0756025979438733
T Shamsi,death,6,0.0,19.0,0.0,0.07952100409836066,0.05391254515143096
T Shamsi,death,W,4.0,19.0,0.21052631578947367,0.08016137295081967,0.12214330369547095
T Shamsi,death,Wd,1.0,19.0,0.05263157894736842,0.04340420081967213,0.046375729369269245
T Shamsi,death,Nb,0.0,19.0,0.0,0.006570184426229508,0.004454362322867464
T Shamsi,middle,0,0.0,2.0,0.0,0.2808889845966761,0.2675133186635011
T Shamsi,middle,1,2.0,2.0,1.0,0.4414331678151601,0.4680315883953906
T Shamsi,middle,2,0.0,2.0,0.0,0.06664217673287394,0.06346873974559422
T Shamsi,middle,3,0.0,2.0,0.0,0.002286430887717876,0.0021775532263979772
T Shamsi,middle,4,0.0,2.0,0.0,0.08739739562221321,0.0832356148782983
T Shamsi,middle,6,0.0,2.0,0.0,0.048281059991892986,0.045981961897040936
T Shamsi,middle,W,0.0,2.0,0.0,0.04221980137819214,0.04020933464589728
T Shamsi,middle,Wd,0.0,2.0,0.0,0.028171868666396434,0.026830351110853745
T Shamsi,middle,Nb,0.0,2.0,0.0,0.002679114308877179,0.0025515374370258847
T Stubbs,death,0,52.0,338.0,0.15384615384615385,0.21696977459016392,0.16052590207303322
T Stubbs,death,1,143.0,338.0,0.4230769230769231,0.37083760245901637,0.41754895264116576
T Stubbs,death,2,26.0,338.0,0.07692307692307693,0.08837090163934426,0.07813448694596235
T Stubbs,death,3,0.0,338.0,0.0,0.002651127049180328,0.00028054254488680717
T Stubbs,death,4,52.0,338.0,0.15384615384615385,0.11151383196721311,0.14936654306531355
T Stubbs,death,6,29.0,338.0,0.08579881656804733,0.07952100409836066,0.08513449778818631
T Stubbs,death,W,20.0,338.0,0.05917159763313609,0.08016137295081967,0.06139273787839362
T Stubbs,death,Wd,12.0,338.0,0.03550295857988166,0.04340420081967213,0.036339068869806576
T Stubbs,death,Nb,4.0,338.0,0.011834319526627219,0.006570184426229508,0.011277268193251798
T Stubbs,middle,0,151.0,577.0,0.2616984402079723,0.2808889845966761,0.2629425597793631
T Stubbs,middle,1,286.0,577.0,0.49566724436741766,0.4414331678151601,0.492151258853495
T Stubbs,middle,2,39.0,577.0,0.06759098786828423,0.06664217673287394,0.06752947661153154
T Stubbs,middle,3,2.0,577.0,0.0034662045060658577,0.002286430887717876,0.0033897199927207695
T Stubbs,middle,4,39.0,577.0,0.06759098786828423,0.08739739562221321,0.06887503375184527
T Stubbs,middle,6,26.0,577.0,0.045060658578856154,0.048281059991892986,0.04526943662832369
T Stubbs,middle,W,18.0,577.0,0.03119584055459272,0.04221980137819214,0.031910521969412776
T Stubbs,middle,Wd,13.0,577.0,0.022530329289428077,0.028171868666396434,0.022896069281451957
T Stubbs,middle,Nb,3.0,577.0,0.005199306759098787,0.002679114308877179,0.0050359231318558954
T Stubbs,powerplay,0,48.0,100.0,0.48,0.4228881521678736,0.46368232919082103
T Stubbs,powerplay,1,24.0,100.0,0.24,0.25764450947345025,0.2450412884209858
T Stubbs,powerplay,2,9.0,100.0,0.09,0.04384827662845184,0.07681379332241482
T Stubbs,powerplay,3,1.0,100.0,0.01,0.005028429611245902,0.008579551317498829
T Stubbs,powerplay,4,11.0,100.0,0.11,0.15223269683107069,0.12206648480887734
T Stubbs,powerplay,6,2.0,100.0,0.02,0.040523771600022226,0.025863934742863495
T Stubbs,powerplay,W,4.0,100.0,0.04,0.03919952586446391,0.03977129310413255
T Stubbs,powerplay,Wd,1.0,100.0,0.01,0.03486563072990943,0.01710446592283127
T Stubbs,powerplay,Nb,0.0,100.0,0.0,0.003769007093512122,0.001076859169574892
T Taibu,death,0,5.0,27.0,0.18518518518518517,0.21696977459016392,0.2041610594568143
T Taibu,death,1,13.0,27.0,0.48148148148148145,0.37083760245901637,0.4154254343038904
T Taibu,death,2,3.0,27.0,0.1111111111111111,0.08837090163934426,0.09753486665035478
T Taibu,death,3,1.0,27.0,0.037037037037037035,0.002651127049180328,0.016508135551749452
T Taibu,death,4,3.0,27.0,0.1111111111111111,0.11151383196721311,0.11135154147296306
T Taibu,death,6,1.0,27.0,0.037037037037037035,0.07952100409836066,0.06240059946170786
T Taibu,death,W,1.0,27.0,0.037037037037037035,0.08016137295081967,0.06278290922436995
T Taibu,death,Wd,0.0,27.0,0.0,0.04340420081967213,0.025912955713237096
T Taibu,death,Nb,0.0,27.0,0.0,0.006570184426229508,0.0039224981649131395
T Taibu,middle,0,24.0,67.0,0.3582089552238806,0.2808889845966761,0.3293042933071686
T Taibu,middle,1,23.0,67.0,0.34328358208955223,0.4414331678151601,0.37997501600566735
T Taibu,middle,2,7.0,67.0,0.1044776119402985,0.06664217673287394,0.09033352401228932
T Taibu,middle,3,0.0,67.0,0.0,0.002286430887717876,0.0008547405187730378
T Taibu,middle,4,6.0,67.0,0.08955223880597014,0.08739739562221321,0.08874668995222923
T Taibu,middle,6,0.0,67.0,0.0,0.048281059991892986,0.018048994389492704
T Taibu,middle,W,4.0,67.0,0.05970149253731343,0.04221980137819214,0.05316628088904379
T Taibu,middle,Wd,2.0,67.0,0.029850746268656716,0.028171868666396434,0.029223128473419225
T Taibu,middle,Nb,1.0,67.0,0.014925373134328358,0.002679114308877179,0.010347332451916703
T Taibu,powerplay,0,7.0,37.0,0.1891891891891892,0.4228881521678736,0.3105912478794149
T Taibu,powerplay,1,18.0,37.0,0.4864864864864865,0.25764450947345025,0.3676075373888053
T Taibu,powerplay,2,4.0,37.0,0.10810810810810811,0.04384827662845184,0.07472637746932563
T Taibu,powerplay,3,0.0,37.0,0.0,0.005028429611245902,0.0026121712266212477
T Taibu,powerplay,4,3.0,37.0,0.08108108108108109,0.15223269683107069,0.11804295939276399
T Taibu,powerplay,6,0.0,37.0,0.0,0.040523771600022226,0.02105130992208947
T Taibu,powerplay,W,3.0,37.0,0.08108108108108109,0.03919952586446391,0.05932442902050073
T Taibu,powerplay,Wd,2.0,37.0,0.05405405405405406,0.03486563072990943,0.04408604193761529
T Taibu,powerplay,Nb,0.0,37.0,0.0,0.003769007093512122,0.00195792576286344
T Thushara,death,0,7.0,17.0,0.4117647058823529,0.21696977459016392,0.27506650848432557
T Thushara,death,1,5.0,17.0,0.29411764705882354,0.37083760245901637,0.34795621225194134
T Thushara,death,2,1.0,17.0,0.058823529411764705,0.08837090163934426,0.07955852746620651
T Thushara,death,3,0.0,17.0,0.0,0.002651127049180328,0.0018604400345125108
T Thushara,death,4,0.0,17.0,0.0,0.11151383196721311,0.07825532067874605
T Thushara,death,6,0.0,17.0,0.0,0.07952100409836066,0.05580421340235836
T Thushara,death,W,3.0,17.0,0.17647058823529413,0.08016137295081967,0.10888517400057521
T Thushara,death,Wd,1.0,17.0,0.058823529411764705,0.04340420081967213,0.04800294794362957
T Thushara,death,Nb,0.0,17.0,0.0,0.006570184426229508,0.004610655737704918
TA Boult,death,0,31.0,99.0,0.31313131313131315,0.21696977459016392,0.2854589279396155
TA Boult,death,1,33.0,99.0,0.3333333333333333,0.37083760245901637,0.34412592876518455
TA Boult,death,2,9.0,99.0,0.09090909090909091,0.08837090163934426,0.09017867673074655
TA Boult,death,3,0.0,99.0,0.0,0.002651127049180328,0.0007629142587569289
TA Boult,death,4,5.0,99.0,0.050505050505050504,0.11151383196721311,0.06806153437905414
TA Boult,death,6,5.0,99.0,0.050505050505050504,0.07952100409836066,0.058854965208161344
TA Boult,death,W,12.0,99.0,0.12121212121212122,0.08016137295081967,0.1093989562448402
TA Boult,death,Wd,4.0,99.0,0.04040404040404041,0.04340420081967213,0.04126739591933011
TA Boult,death,Nb,0.0,99.0,0.0,0.006570184426229508,0.0018907005543106498
TA Boult,middle,0,8.0,26.0,0.3076923076923077,0.2808889845966761,0.291447869452531
TA Boult,middle,1,14.0,26.0,0.5384615384615384,0.4414331678151601,0.47965646534252127
TA Boult,middle,2,0.0,26.0,0.0,0.06664217673287394,0.0403891980199236
TA Boult,middle,3,0.0,26.0,0.0,0.002286430887717876,0.0013857156895259854
TA Boult,middle,4,1.0,26.0,0.038461538461538464,0.08739739562221321,0.06811963371043224
TA Boult,middle,6,0.0,26.0,0.0,0.048281059991892986,0.02926124847993514
TA Boult,middle,W,2.0,26.0,0.07692307692307693,0.04221980137819214,0.055890788714055846
TA Boult,middle,Wd,1.0,26.0,0.038461538461538464,0.028171868666396434,0.03222537494933117
TA Boult,middle,Nb,0.0,26.0,0.0,0.002679114308877179,0.0016237056417437448
TD Paine,death,0,6.0,15.0,0.4,0.21696977459016392,0.2668871087928465
TD Paine,death,1,4.0,15.0,0.26666666666666666,0.37083760245901637,0.342427347242921
TD Paine,death,2,0.0,15.0,0.0,0.08837090163934426,0.06426974664679583
TD Paine,death,3,0.0,15.0,0.0,0.002651127049180328,0.0019280923994038747
TD Paine,death,4,1.0,15.0,0.06666666666666667,0.11151383196721311,0.0992827868852459
TD Paine,death,6,1.0,15.0,0.06666666666666667,0.07952100409836066,0.07601527570789866
TD Paine,death,W,3.0,15.0,0.2,0.08016137295081967,0.1128446348733234
TD Paine,death,Wd,0.0,15.0,0.0,0.04340420081967213,0.0315666915052161
TD Paine,death,Nb,0.0,15.0,0.0,0.006570184426229508,0.004778315946348734
TD Paine,middle,0,3.0,7.0,0.42857142857142855,0.2808889845966761,0.30288424220993715
TD Paine,middle,1,4.0,7.0,0.5714285714285714,0.4414331678151601,0.46079418537460437
TD Paine,middle,2,0.0,7.0,0.0,0.06664217673287394,0.05671674615563739
TD Paine,middle,3,0.0,7.0,0.0,0.002286430887717876,0.0019458986278450008
TD Paine,middle,4,0.0,7.0,0.0,0.08739739562221321,0.07438076223167082
TD Paine,middle,6,0.0,7.0,0.0,0.048281059991892986,0.04109026382288764
TD Paine,middle,W,0.0,7.0,0.0,0.04221980137819214,0.03593174585378055
TD Paine,middle,Wd,0.0,7.0,0.0,0.028171868666396434,0.023976058439486324
TD Paine,middle,Nb,0.0,7.0,0.0,0.002679114308877179,0.0022800972841507906
TD Paine,powerplay,0,10.0,26.0,0.38461538461538464,0.4228881521678736,0.4078110013138628
TD Paine,powerplay,1,7.0,26.0,0.2692307692307692,0.25764450947345025,0.2622087936202729
TD Paine,powerplay,2,2.0,26.0,0.07692307692307693,0.04384827662845184,0.05687774341118293
TD Paine,powerplay,3,0.0,26.0,0.0,0.005028429611245902,0.003047533097724789
TD Paine,powerplay,4,0.0,26.0,0.0,0.15223269683107069,0.0922622405036792
TD Paine,powerplay,6,1.0,26.0,0.038461538461538464,0.040523771600022226,0.039711376727286196
TD Paine,powerplay,W,3.0,26.0,0.11538461538461539,0.03919952586446391,0.06921183385725085
TD Paine,powerplay,Wd,3.0,26.0,0.11538461538461539,0.03486563072990943,0.06658523074539965
TD Paine,powerplay,Nb,0.0,26.0,0.0,0.003769007093512122,0.00228424672334068
TG Southee,death,0,39.0,143.0,0.2727272727272727,0.21696977459016392,0.260539841440473
TG Southee,death,1,44.0,143.0,0.3076923076923077,0.37083760245901637,0.3214945579145391
TG Southee,death,2,17.0,143.0,0.11888111888111888,0.08837090163934426,0.11221221893756159
TG Southee,death,3,0.0,143.0,0.0,0.002651127049180328,0.0005794813222252083
TG Southee,death,4,13.0,143.0,0.09090909090909091,0.11151383196721311,0.09541285944638539
TG Southee,death,6,6.0,143.0,0.04195804195804196,0.07952100409836066,0.05016852548598048
TG Southee,death,W,22.0,143.0,0.15384615384615385,0.08016137295081967,0.13774019080892233
TG Southee,death,Wd,1.0,143.0,0.006993006993006993,0.04340420081967213,0.01495173788408134
TG Southee,death,Nb,1.0,143.0,0.006993006993006993,0.006570184426229508,0.006900586759831587
TG Southee,middle,0,28.0,83.0,0.3373493975903614,0.2808889845966761,0.3189882876737158
TG Southee,middle,1,27.0,83.0,0.3253012048192771,0.4414331678151601,0.3630676968504586
TG Southee,middle,2,8.0,83.0,0.0963855421686747,0.06664217673287394,0.08671290300256063
TG Southee,middle,3,0.0,83.0,0.0,0.002286430887717876,0.0007435547602334556
TG Southee,middle,4,1.0,83.0,0.012048192771084338,0.08739739562221321,0.0365519985763295
TG Southee,middle,6,6.0,83.0,0.07228915662650602,0.048281059991892986,0.06448164552581885
TG Southee,middle,W,12.0,83.0,0.14457831325301204,0.04221980137819214,0.11129099231811126
TG Southee,middle,Wd,1.0,83.0,0.012048192771084338,0.028171868666396434,0.017291664606958187
TG Southee,middle,Nb,0.0,83.0,0.0,0.002679114308877179,0.0008712566858137167
TG Southee,powerplay,0,1.0,1.0,1.0,0.4228881521678736,0.43696405089548646
TG Southee,powerplay,1,0.0,1.0,0.0,0.25764450947345025,0.25136049704726854
TG Southee,powerplay,2,0.0,1.0,0.0,0.04384827662845184,0.04277880646678228
TG Southee,powerplay,3,0.0,1.0,0.0,0.005028429611245902,0.004905784986581368
TG Southee,powerplay,4,0.0,1.0,0.0,0.15223269683107069,0.1485197042254348
TG Southee,powerplay,6,0.0,1.0,0.0,0.040523771600022226,0.039535386926850956
TG Southee,powerplay,W,0.0,1.0,0.0,0.03919952586446391,0.038243439867769666
TG Southee,powerplay,Wd,0.0,1.0,0.0,0.03486563072990943,0.034015249492594574
TG Southee,powerplay,Nb,0.0,1.0,0.0,0.003769007093512122,0.003677080091231339
TH David,death,0,106.0,545.0,0.1944954128440367,0.21696977459016392,0.1960321213394984
TH David,death,1,172.0,545.0,0.3155963302752294,0.37083760245901637,0.319373511279249
TH David,death,2,37.0,545.0,0.06788990825688074,0.08837090163934426,0.06929031806080986
TH David,death,3,1.0,545.0,0.001834862385321101,0.002651127049180328,0.001890675353790108
TH David,death,4,60.0,545.0,0.11009174311926606,0.11151383196721311,0.11018897996357012
TH David,death,6,83.0,545.0,0.15229357798165138,0.07952100409836066,0.14731767549390498
TH David,death,W,35.0,545.0,0.06422018348623854,0.08016137295081967,0.0653101793470646
TH David,death,Wd,45.0,545.0,0.08256880733944955,0.04340420081967213,0.07989088552613142
TH David,death,Nb,6.0,545.0,0.011009174311926606,0.006570184426229508,0.010705653635981504
TH David,middle,0,132.0,463.0,0.28509719222462204,0.2808889845966761,0.28476254350669394
TH David,middle,1,189.0,463.0,0.408207343412527,0.4414331678151601,0.4108495560886807
TH David,middle,2,19.0,463.0,0.04103671706263499,0.06664217673287394,0.043072936519512835
TH David,middle,3,0.0,463.0,0.0,0.002286430887717876,0.00018182352983839967
TH David,middle,4,48.0,463.0,0.10367170626349892,0.08739739562221321,0.10237752649083207
TH David,middle,6,37.0,463.0,0.07991360691144708,0.048281059991892986,0.07739809622201932
TH David,middle,W,20.0,463.0,0.04319654427645788,0.04221980137819214,0.0431188708849457
TH David,middle,Wd,12.0,463.0,0.02591792656587473,0.028171868666396434,0.026097166494345642
TH David,middle,Nb,6.0,463.0,0.012958963282937365,0.002679114308877179,0.012141480263131386
TH David,powerplay,0,15.0,50.0,0.3,0.4228881521678736,0.35461695651905495
TH David,powerplay,1,13.0,50.0,0.26,0.25764450947345025,0.2589531153215334
TH David,powerplay,2,0.0,50.0,0.0,0.04384827662845184,0.019488122945978594
TH David,powerplay,3,0.0,50.0,0.0,0.005028429611245902,0.0022348576049981785
TH David,powerplay,4,11.0,50.0,0.22,0.15223269683107069,0.18988119859158697
TH David,powerplay,6,7.0,50.0,0.14,0.040523771600022226,0.0957883429333432
TH David,powerplay,W,3.0,50.0,0.06,0.03919952586446391,0.05075534482865063
TH David,powerplay,Wd,1.0,50.0,0.02,0.03486563072990943,0.02660694699107086
TH David,powerplay,Nb,0.0,50.0,0.0,0.003769007093512122,0.0016751142637831653
TK Curran,death,0,18.0,77.0,0.23376623376623376,0.21696977459016392,0.2280238545607398
TK Curran,death,1,35.0,77.0,0.45454545454545453,0.37083760245901637,0.425927385456074
TK Curran,death,2,7.0,77.0,0.09090909090909091,0.08837090163934426,0.09004133389379292
TK Curran,death,3,0.0,77.0,0.0,0.002651127049180328,0.0009063682219419924
TK Curran,death,4,4.0,77.0,0.05194805194805195,0.11151383196721311,0.07231242118537201
TK Curran,death,6,5.0,77.0,0.06493506493506493,0.07952100409836066,0.06992171080285835
TK Curran,death,W,7.0,77.0,0.09090909090909091,0.08016137295081967,0.08723465741908365
TK Curran,death,Wd,1.0,77.0,0.012987012987012988,0.04340420081967213,0.02338605156228107
TK Curran,death,Nb,0.0,77.0,0.0,0.006570184426229508,0.002246216897856242
TK Curran,middle,0,20.0,65.0,0.3076923076923077,0.2808889845966761,0.2974815179415909
TK Curran,middle,1,28.0,65.0,0.4307692307692308,0.4414331678151601,0.43483168297720387
TK Curran,middle,2,7.0,65.0,0.1076923076923077,0.06664217673287394,0.09205416256490435
TK Curran,middle,3,0.0,65.0,0.0,0.002286430887717876,0.0008710212905591909
TK Curran,middle,4,5.0,65.0,0.07692307692307693,0.08739739562221321,0.08091329357036693
TK Curran,middle,6,1.0,65.0,0.015384615384615385,0.048281059991892986,0.027916594282625898
TK Curran,middle,W,2.0,65.0,0.03076923076923077,0.04221980137819214,0.03513135290597796
TK Curran,middle,Wd,2.0,65.0,0.03076923076923077,0.028171868666396434,0.029779759491960545
TK Curran,middle,Nb,0.0,65.0,0.0,0.002679114308877179,0.001020614974810354
TL Seifert,death,0,24.0,77.0,0.3116883116883117,0.21696977459016392,0.27930590584279114
TL Seifert,death,1,28.0,77.0,0.36363636363636365,0.37083760245901637,0.36609832562701417
TL Seifert,death,2,4.0,77.0,0.05194805194805195,0.08837090163934426,0.06440030825276727
TL Seifert,death,3,0.0,77.0,0.0,0.002651127049180328,0.0009063682219419924
TL Seifert,death,4,9.0,77.0,0.11688311688311688,0.11151383196721311,0.11504746392041475
TL Seifert,death,6,5.0,77.0,0.06493506493506493,0.07952100409836066,0.06992171080285835
TL Seifert,death,W,4.0,77.0,0.05194805194805195,0.08016137295081967,0.061593631778058
TL Seifert,death,Wd,3.0,77.0,0.03896103896103896,0.04340420081967213,0.04048006865629816
TL Seifert,death,Nb,0.0,77.0,0.0,0.006570184426229508,0.002246216897856242
TL Seifert,middle,0,67.0,308.0,0.21753246753246752,0.2808889845966761,0.22481482581570988
TL Seifert,middle,1,143.0,308.0,0.4642857142857143,0.4414331678151601,0.4616589848063402
TL Seifert,middle,2,22.0,308.0,0.07142857142857142,0.06664217673287394,0.07087841111872113
TL Seifert,middle,3,1.0,308.0,0.003246753246753247,0.002286430887717876,0.0031363713664043537
TL Seifert,middle,4,30.0,308.0,0.09740259740259741,0.08739739562221321,0.0962525742094498
TL Seifert,middle,6,24.0,308.0,0.07792207792207792,0.048281059991892986,0.07451506436688425
TL Seifert,middle,W,15.0,308.0,0.048701298701298704,0.04221980137819214,0.0479562990089876
TL Seifert,middle,Wd,5.0,308.0,0.016233766233766232,0.028171868666396434,0.01760596191567775
TL Seifert,middle,Nb,1.0,308.0,0.003246753246753247,0.002679114308877179,0.003181507391824963
TL Seifert,powerplay,0,190.0,488.0,0.38934426229508196,0.4228881521678736,0.39188546607332375
TL Seifert,powerplay,1,129.0,488.0,0.26434426229508196,0.25764450947345025,0.2638367052631402
TL Seifert,powerplay,2,21.0,488.0,0.0430327868852459,0.04384827662845184,0.04309456641124635
TL Seifert,powerplay,3,6.0,488.0,0.012295081967213115,0.005028429611245902,0.011744578000851963
TL Seifert,powerplay,4,77.0,488.0,0.15778688524590165,0.15223269683107069,0.15736611339629325
TL Seifert,powerplay,6,22.0,488.0,0.045081967213114756,0.040523771600022226,0.04473664936363805
TL Seifert,powerplay,W,26.0,488.0,0.05327868852459016,0.03919952586446391,0.05221208529276242
TL Seifert,powerplay,Wd,16.0,488.0,0.03278688524590164,0.03486563072990943,0.03294436596438708
TL Seifert,powerplay,Nb,1.0,488.0,0.0020491803278688526,0.003769007093512122,0.002179470234356979
TM Dilshan,death,0,41.0,215.0,0.19069767441860466,0.21696977459016392,0.19481878817100612
TM Dilshan,death,1,82.0,215.0,0.3813953488372093,0.37083760245901637,0.37973923175827706
TM Dilshan,death,2,15.0,215.0,0.06976744186046512,0.08837090163934426,0.07268563162970106
TM Dilshan,death,3,1.0,215.0,0.004651162790697674,0.002651127049180328,0.004337431693989071
TM Dilshan,death,4,33.0,215.0,0.15348837209302327,0.11151383196721311,0.14690413050466086
TM Dilshan,death,6,18.0,215.0,0.08372093023255814,0.07952100409836066,0.08306211828993892
TM Dilshan,death,W,10.0,215.0,0.046511627906976744,0.08016137295081967,0.05179001928640308
TM Dilshan,death,Wd,13.0,215.0,0.06046511627906977,0.04340420081967213,0.05778889424622308
TM Dilshan,death,Nb,2.0,215.0,0.009302325581395349,0.006570184426229508,0.008873754419800707
TM Dilshan,middle,0,230.0,747.0,0.3078982597054886,0.2808889845966761,0.3065254884166036
TM Dilshan,middle,1,333.0,747.0,0.4457831325301205,0.4414331678151601,0.4455620415662089
TM Dilshan,middle,2,57.0,747.0,0.07630522088353414,0.06664217673287394,0.07581408776278901
TM Dilshan,middle,3,1.0,747.0,0.0013386880856760374,0.002286430887717876,0.0013868579866692695
TM Dilshan,middle,4,67.0,747.0,0.08969210174029452,0.08739739562221321,0.08957547118791427
TM Dilshan,middle,6,8.0,747.0,0.0107095046854083,0.048281059991892986,0.01261911359552188
TM Dilshan,middle,W,31.0,747.0,0.041499330655957165,0.04221980137819214,0.041535949244126666
TM Dilshan,middle,Wd,18.0,747.0,0.024096385542168676,0.028171868666396434,0.02430352572637339
TM Dilshan,middle,Nb,2.0,747.0,0.002677376171352075,0.002679114308877179,0.002677464513792995
TM Dilshan,powerplay,0,390.0,864.0,0.4513888888888889,0.4228881521678736,0.4501277943437112
TM Dilshan,powerplay,1,207.0,864.0,0.23958333333333334,0.25764450947345025,0.24038250041917922
TM Dilshan,powerplay,2,31.0,864.0,0.03587962962962963,0.04384827662845184,0.036232224629577515
TM Dilshan,powerplay,3,3.0,864.0,0.003472222222222222,0.005028429611245902,0.0035410809562498187
TM Dilshan,powerplay,4,136.0,864.0,0.1574074074074074,0.15223269683107069,0.15717843791287925
TM Dilshan,powerplay,6,12.0,864.0,0.013888888888888888,0.040523771600022226,0.015067423522124878
TM Dilshan,powerplay,W,43.0,864.0,0.04976851851851852,0.03919952586446391,0.04930086397630371
TM Dilshan,powerplay,Wd,35.0,864.0,0.04050925925925926,0.03486563072990943,0.040259541182739354
TM Dilshan,powerplay,Nb,7.0,864.0,0.008101851851851851,0.003769007093512122,0.00791013305723505
TM Head,death,0,16.0,100.0,0.16,0.21696977459016392,0.17627707845433255
TM Head,death,1,40.0,100.0,0.4,0.37083760245901637,0.39166788641686184
TM Head,death,2,15.0,100.0,0.15,0.08837090163934426,0.1323916861826698
TM Head,death,3,0.0,100.0,0.0,0.002651127049180328,0.0007574648711943793
TM Head,death,4,8.0,100.0,0.08,0.11151383196721311,0.08900395199063232
TM Head,death,6,7.0,100.0,0.07,0.07952100409836066,0.0727202868852459
TM Head,death,W,9.0,100.0,0.09,0.08016137295081967,0.08718896370023418
TM Head,death,Wd,4.0,100.0,0.04,0.04340420081967213,0.04097262880562061
TM Head,death,Nb,1.0,100.0,0.01,0.006570184426229508,0.00902005269320843
TM Head,middle,0,85.0,404.0,0.2103960396039604,0.2808889845966761,0.21674675536906993
TM Head,middle,1,185.0,404.0,0.45792079207920794,0.4414331678151601,0.45643542052388825
TM Head,middle,2,27.0,404.0,0.06683168316831684,0.06664217673287394,0.06681461051647512
TM Head,middle,3,0.0,404.0,0.0,0.002286430887717876,0.0002059847646592681
TM Head,middle,4,37.0,404.0,0.09158415841584158,0.08739739562221321,0.09120697257857777
TM Head,middle,6,25.0,404.0,0.06188118811881188,0.048281059991892986,0.06065595135062098
TM Head,middle,W,26.0,404.0,0.06435643564356436,0.04221980137819214,0.062362144268305594
TM Head,middle,Wd,17.0,404.0,0.04207920792079208,0.028171868666396434,0.04082629447445013
TM Head,middle,Nb,2.0,404.0,0.0049504950495049506,0.002679114308877179,0.0047458661539528995
TM Head,powerplay,0,287.0,780.0,0.367948717948718,0.4228881521678736,0.37062869034965235
TM Head,powerplay,1,170.0,780.0,0.21794871794871795,0.25764450947345025,0.21988509802309514
TM Head,powerplay,2,27.0,780.0,0.03461538461538462,0.04384827662845184,0.035065769591631796
TM Head,powerplay,3,2.0,780.0,0.002564102564102564,0.005028429611245902,0.0026843136395729708
TM Head,powerplay,4,173.0,780.0,0.22179487179487178,0.15223269683107069,0.2184015949673693
TM Head,powerplay,6,56.0,780.0,0.07179487179487179,0.040523771600022226,0.07026945227317181
TM Head,powerplay,W,32.0,780.0,0.041025641025641026,0.03919952586446391,0.040936562237290926
TM Head,powerplay,Wd,29.0,780.0,0.03717948717948718,0.03486563072990943,0.037066616133166315
TM Head,powerplay,Nb,4.0,780.0,0.005128205128205128,0.003769007093512122,0.005061902785049372
TR Birt,death,0,9.0,27.0,0.3333333333333333,0.21696977459016392,0.2638625519941277
TR Birt,death,1,5.0,27.0,0.18518518518518517,0.37083760245901637,0.2960224492292635
TR Birt,death,2,2.0,27.0,0.07407407407407407,0.08837090163934426,0.08260949351602642
TR Birt,death,3,0.0,27.0,0.0,0.002651127049180328,0.0015827624174210913
TR Birt,death,4,7.0,27.0,0.25925925925925924,0.11151383196721311,0.1710530340102765
TR Birt,death,6,2.0,27.0,0.07407407407407407,0.07952100409836066,0.07732597259603623
TR Birt,death,W,2.0,27.0,0.07407407407407407,0.08016137295081967,0.07770828235869831
TR Birt,death,Wd,0.0,27.0,0.0,0.04340420081967213,0.025912955713237096
TR Birt,death,Nb,0.0,27.0,0.0,0.006570184426229508,0.0039224981649131395
TR Birt,middle,0,16.0,40.0,0.4,0.2808889845966761,0.34044449229833806
TR Birt,middle,1,12.0,40.0,0.3,0.4414331678151601,0.37071658390758006
TR Birt,middle,2,3.0,40.0,0.075,0.06664217673287394,0.07082108836643697
TR Birt,middle,3,0.0,40.0,0.0,0.002286430887717876,0.001143215443858938
TR Birt,middle,4,3.0,40.0,0.075,0.08739739562221321,0.0811986978111066
TR Birt,middle,6,0.0,40.0,0.0,0.048281059991892986,0.024140529995946493
TR Birt,middle,W,4.0,40.0,0.1,0.04221980137819214,0.07110990068909608
TR Birt,middle,Wd,2.0,40.0,0.05,0.028171868666396434,0.039085934333198215
TR Birt,middle,Nb,0.0,40.0,0.0,0.002679114308877179,0.0013395571544385894
TR Birt,powerplay,0,5.0,7.0,0.7142857142857143,0.4228881521678736,0.4662877890790414
TR Birt,powerplay,1,1.0,7.0,0.14285714285714285,0.25764450947345025,0.24054851870080873
TR Birt,powerplay,2,0.0,7.0,0.0,0.04384827662845184,0.03731768223698029
TR Birt,powerplay,3,0.0,7.0,0.0,0.005028429611245902,0.00427951456276247
TR Birt,powerplay,4,0.0,7.0,0.0,0.15223269683107069,0.12955974198388995
TR Birt,powerplay,6,1.0,7.0,0.14285714285714285,0.040523771600022226,0.055764912000018915
TR Birt,powerplay,W,0.0,7.0,0.0,0.03919952586446391,0.03336129860805439
TR Birt,powerplay,Wd,0.0,7.0,0.0,0.03486563072990943,0.029672877216944202
TR Birt,powerplay,Nb,0.0,7.0,0.0,0.003769007093512122,0.0032076656114996783
TS Mills,death,0,8.0,18.0,0.4444444444444444,0.21696977459016392,0.28756536178632
TS Mills,death,1,1.0,18.0,0.05555555555555555,0.37083760245901637,0.2729914499717354
TS Mills,death,2,0.0,18.0,0.0,0.08837090163934426,0.060945449406444314
TS Mills,death,3,0.0,18.0,0.0,0.002651127049180328,0.0018283634821933295
TS Mills,death,4,0.0,18.0,0.0,0.11151383196721311,0.07690609101187111
TS Mills,death,6,1.0,18.0,0.05555555555555555,0.07952100409836066,0.0720834511023177
TS Mills,death,W,6.0,18.0,0.3333333333333333,0.08016137295081967,0.15873198134539288
TS Mills,death,Wd,2.0,18.0,0.1111111111111111,0.04340420081967213,0.06441669022046353
TS Mills,death,Nb,0.0,18.0,0.0,0.006570184426229508,0.00453116167326173
TS Mills,middle,0,5.0,10.0,0.5,0.2808889845966761,0.3247111876773409
TS Mills,middle,1,3.0,10.0,0.3,0.4414331678151601,0.4131465342521281
TS Mills,middle,2,0.0,10.0,0.0,0.06664217673287394,0.05331374138629915
TS Mills,middle,3,0.0,10.0,0.0,0.002286430887717876,0.0018291447101743009
TS Mills,middle,4,0.0,10.0,0.0,0.08739739562221321,0.06991791649777057
TS Mills,middle,6,1.0,10.0,0.1,0.048281059991892986,0.05862484799351439
TS Mills,middle,W,1.0,10.0,0.1,0.04221980137819214,0.05377584110255371
TS Mills,middle,Wd,0.0,10.0,0.0,0.028171868666396434,0.022537494933117144
TS Mills,middle,Nb,0.0,10.0,0.0,0.002679114308877179,0.002143291447101743
TU Deshpande,death,0,7.0,30.0,0.23333333333333334,0.21696977459016392,0.22398272833723654
TU Deshpande,death,1,9.0,30.0,0.3,0.37083760245901637,0.3404786299765808
TU Deshpande,death,2,4.0,30.0,0.13333333333333333,0.08837090163934426,0.10764051522248244
TU Deshpande,death,3,0.0,30.0,0.0,0.002651127049180328,0.0015149297423887587
TU Deshpande,death,4,2.0,30.0,0.06666666666666667,0.11151383196721311,0.09229361826697892
TU Deshpande,death,6,2.0,30.0,0.06666666666666667,0.07952100409836066,0.07401200234192039
TU Deshpande,death,W,4.0,30.0,0.13333333333333333,0.08016137295081967,0.10294935597189696
TU Deshpande,death,Wd,2.0,30.0,0.06666666666666667,0.04340420081967213,0.05337382903981265
TU Deshpande,death,Nb,0.0,30.0,0.0,0.006570184426229508,0.003754391100702576
TU Deshpande,middle,0,1.0,1.0,1.0,0.2808889845966761,0.2984282776552938
TU Deshpande,middle,1,0.0,1.0,0.0,0.4414331678151601,0.4306665051855221
TU Deshpande,middle,2,0.0,1.0,0.0,0.06664217673287394,0.06501675778816969
TU Deshpande,middle,3,0.0,1.0,0.0,0.002286430887717876,0.002230664280700367
TU Deshpande,middle,4,0.0,1.0,0.0,0.08739739562221321,0.08526575182654948
TU Deshpande,middle,6,0.0,1.0,0.0,0.048281059991892986,0.04710347316282242
TU Deshpande,middle,W,0.0,1.0,0.0,0.04221980137819214,0.041190050125065505
TU Deshpande,middle,Wd,0.0,1.0,0.0,0.028171868666396434,0.027484749918435542
TU Deshpande,middle,Nb,0.0,1.0,0.0,0.002679114308877179,0.00261377005744115
Tilak Varma,death,0,59.0,351.0,0.16809116809116809,0.21696977459016392,0.17309153704247202
Tilak Varma,death,1,128.0,351.0,0.3646723646723647,0.37083760245901637,0.36530307953544927
Tilak Varma,death,2,28.0,351.0,0.07977207977207977,0.08837090163934426,0.08065175464341118
Tilak Varma,death,3,2.0,351.0,0.005698005698005698,0.002651127049180328,0.005386304557460903
Tilak Varma,death,4,44.0,351.0,0.12535612535612536,0.11151383196721311,0.1239400339608402
Tilak Varma,death,6,41.0,351.0,0.1168091168091168,0.07952100409836066,0.11299447612259444
Tilak Varma,death,W,20.0,351.0,0.05698005698005698,0.08016137295081967,0.05935154710494319
Tilak Varma,death,Wd,26.0,351.0,0.07407407407407407,0.04340420081967213,0.07093649113244728
Tilak Varma,death,Nb,3.0,351.0,0.008547008547008548,0.006570184426229508,0.008344775900381535
Tilak Varma,middle,0,247.0,997.0,0.2477432296890672,0.2808889845966761,0.2490217544685314
Tilak Varma,middle,1,463.0,997.0,0.46439317953861586,0.4414331678151601,0.4635075474567082
Tilak Varma,middle,2,63.0,997.0,0.06318956870611836,0.06664217673287394,0.06332274548632108
Tilak Varma,middle,3,2.0,997.0,0.0020060180541624875,0.002286430887717876,0.002016834364039262
Tilak Varma,middle,4,95.0,997.0,0.09528585757271815,0.08739739562221321,0.09498157745890891
Tilak Varma,middle,6,57.0,997.0,0.05717151454363089,0.048281059991892986,0.05682858476342885
Tilak Varma,middle,W,26.0,997.0,0.026078234704112337,0.04221980137819214,0.026700860226738364
Tilak Varma,middle,Wd,42.0,997.0,0.04212637913741224,0.028171868666396434,0.0415881145097935
Tilak Varma,middle,Nb,2.0,997.0,0.0020060180541624875,0.002679114308877179,0.0020319812655304604
Tilak Varma,powerplay,0,99.0,262.0,0.37786259541984735,0.4228881521678736,0.38382624532024817
Tilak Varma,powerplay,1,75.0,262.0,0.2862595419847328,0.25764450947345025,0.2824694714534371
Tilak Varma,powerplay,2,12.0,262.0,0.04580152671755725,0.04384827662845184,0.04554281809648369
Tilak Varma,powerplay,3,0.0,262.0,0.0,0.005028429611245902,0.0006660171670524374
Tilak Varma,powerplay,4,38.0,262.0,0.1450381679389313,0.15223269683107069,0.14599108567298952
Tilak Varma,powerplay,6,14.0,262.0,0.05343511450381679,0.040523771600022226,0.0517250028609301
Tilak Varma,powerplay,W,8.0,262.0,0.030534351145038167,0.03919952586446391,0.03168205640588926
Tilak Varma,powerplay,Wd,12.0,262.0,0.04580152671755725,0.03486563072990943,0.04435306367283569
Tilak Varma,powerplay,Nb,4.0,262.0,0.015267175572519083,0.003769007093512122,0.013744239350134057
UT Khawaja,middle,0,12.0,42.0,0.2857142857142857,0.2808889845966761,0.28336048029106153
UT Khawaja,middle,1,21.0,42.0,0.5,0.4414331678151601,0.4714308135683708
UT Khawaja,middle,2,2.0,42.0,0.047619047619047616,0.06664217673287394,0.05689862279652387
UT Khawaja,middle,3,0.0,42.0,0.0,0.002286430887717876,0.0011153321403501834
UT Khawaja,middle,4,2.0,42.0,0.047619047619047616,0.08739739562221321,0.06702311981571375
UT Khawaja,middle,6,1.0,42.0,0.023809523809523808,0.048281059991892986,0.035746858532630724
UT Khawaja,middle,W,3.0,42.0,0.07142857142857142,0.04221980137819214,0.05718039091619129
UT Khawaja,middle,Wd,1.0,42.0,0.023809523809523808,0.028171868666396434,0.025937496910437282
UT Khawaja,middle,Nb,0.0,42.0,0.0,0.002679114308877179,0.001306885028720575
UT Khawaja,powerplay,0,58.0,161.0,0.36024844720496896,0.4228881521678736,0.3727140601329102
UT Khawaja,powerplay,1,44.0,161.0,0.2732919254658385,0.25764450947345025,0.2701780118355125
UT Khawaja,powerplay,2,7.0,161.0,0.043478260869565216,0.04384827662845184,0.04355189584645808
UT Khawaja,powerplay,3,2.0,161.0,0.012422360248447204,0.005028429611245902,0.010950931265919582
UT Khawaja,powerplay,4,34.0,161.0,0.2111801242236025,0.15223269683107069,0.19944929290170563
UT Khawaja,powerplay,6,4.0,161.0,0.024844720496894408,0.040523771600022226,0.027964929671646214
UT Khawaja,powerplay,W,6.0,161.0,0.037267080745341616,0.03919952586446391,0.03765164693820178
UT Khawaja,powerplay,Wd,5.0,161.0,0.031055900621118012,0.03486563072990943,0.03181405586664864
UT Khawaja,powerplay,Nb,1.0,161.0,0.006211180124223602,0.003769007093512122,0.005725175540997437
UT Yadav,death,0,67.0,202.0,0.3316831683168317,0.21696977459016392,0.3127222767917626
UT Yadav,death,1,68.0,202.0,0.33663366336633666,0.37083760245901637,0.34228720701801923
UT Yadav,death,2,11.0,202.0,0.054455445544554455,0.08837090163934426,0.06006130605608996
UT Yadav,death,3,0.0,202.0,0.0,0.002651127049180328,0.0004382028180463352
UT Yadav,death,4,14.0,202.0,0.06930693069306931,0.11151383196721311,0.07628327801110961
UT Yadav,death,6,8.0,202.0,0.039603960396039604,0.07952100409836066,0.04620181885923317
UT Yadav,death,W,17.0,202.0,0.08415841584158416,0.08016137295081967,0.08349774759517681
UT Yadav,death,Wd,16.0,202.0,0.07920792079207921,0.04340420081967213,0.07328995054870614
UT Yadav,death,Nb,1.0,202.0,0.0049504950495049506,0.006570184426229508,0.005218212301856117
UT Yadav,middle,0,10.0,20.0,0.5,0.2808889845966761,0.35392598973111744
UT Yadav,middle,1,7.0,20.0,0.35,0.4414331678151601,0.41095544521010674
UT Yadav,middle,2,0.0,20.0,0.0,0.06664217673287394,0.044428117821915955
UT Yadav,middle,3,0.0,20.0,0.0,0.002286430887717876,0.001524287258478584
UT Yadav,middle,4,1.0,20.0,0.05,0.08739739562221321,0.07493159708147547
UT Yadav,middle,6,0.0,20.0,0.0,0.048281059991892986,0.032187373327928655
UT Yadav,middle,W,1.0,20.0,0.05,0.04221980137819214,0.04481320091879477
UT Yadav,middle,Wd,1.0,20.0,0.05,0.028171868666396434,0.03544791244426428
UT Yadav,middle,Nb,0.0,20.0,0.0,0.002679114308877179,0.0017860762059181193
Umar Gul,death,0,35.0,107.0,0.32710280373831774,0.21696977459016392,0.2971346325415412
Umar Gul,death,1,32.0,107.0,0.29906542056074764,0.37083760245901637,0.31859526597524257
Umar Gul,death,2,4.0,107.0,0.037383177570093455,0.08837090163934426,0.051257388201182114
Umar Gul,death,3,0.0,107.0,0.0,0.002651127049180328,0.0007213951154232185
Umar Gul,death,4,5.0,107.0,0.04672897196261682,0.11151383196721311,0.06435750529720086
Umar Gul,death,6,13.0,107.0,0.12149532710280374,0.07952100409836066,0.11007374261179882
Umar Gul,death,W,13.0,107.0,0.12149532710280374,0.08016137295081967,0.11024799263967883
Umar Gul,death,Wd,4.0,107.0,0.037383177570093455,0.04340420081967213,0.0390215512434482
Umar Gul,death,Nb,1.0,107.0,0.009345794392523364,0.006570184426229508,0.00859052637448422
Umar Gul,middle,0,24.0,39.0,0.6153846153846154,0.2808889845966761,0.44601973903629166
Umar Gul,middle,1,7.0,39.0,0.1794871794871795,0.4414331678151601,0.3121180596532456
Umar Gul,middle,2,2.0,39.0,0.05128205128205128,0.06664217673287394,0.059059329991328575
Umar Gul,middle,3,0.0,39.0,0.0,0.002286430887717876,0.0011576865254267726
Umar Gul,middle,4,3.0,39.0,0.07692307692307693,0.08739739562221321,0.08222652942896871
Umar Gul,middle,6,0.0,39.0,0.0,0.048281059991892986,0.024446106325009105
Umar Gul,middle,W,0.0,39.0,0.0,0.04221980137819214,0.021377114621869437
Umar Gul,middle,Wd,3.0,39.0,0.07692307692307693,0.028171868666396434,0.052238920843745026
Umar Gul,middle,Nb,0.0,39.0,0.0,0.002679114308877179,0.0013565135741150272
Umran Malik,death,0,7.0,16.0,0.4375,0.21696977459016392,0.27997841042154564
Umran Malik,death,1,3.0,16.0,0.1875,0.37083760245901637,0.3184554303278689
Umran Malik,death,2,2.0,16.0,0.125,0.08837090163934426,0.09883635831381733
Umran Malik,death,3,0.0,16.0,0.0,0.002651127049180328,0.0018936621779859484
Umran Malik,death,4,2.0,16.0,0.125,0.11151383196721311,0.11536702283372366
Umran Malik,death,6,1.0,16.0,0.0625,0.07952100409836066,0.07465786007025763
Umran Malik,death,W,1.0,16.0,0.0625,0.08016137295081967,0.07511526639344261
Umran Malik,death,Wd,0.0,16.0,0.0,0.04340420081967213,0.031003000585480094
Umran Malik,death,Nb,0.0,16.0,0.0,0.006570184426229508,0.00469298887587822
V Kohli,death,0,175.0,1140.0,0.15350877192982457,0.21696977459016392,0.15565999235898859
V Kohli,death,1,422.0,1140.0,0.3701754385964912,0.37083760245901637,0.3701978848291192
V Kohli,death,2,140.0,1140.0,0.12280701754385964,0.08837090163934426,0.1216396915809947
V Kohli,death,3,3.0,1140.0,0.002631578947368421,0.002651127049180328,0.0026322415948874687
V Kohli,death,4,161.0,1140.0,0.1412280701754386,0.11151383196721311,0.14022080786329538
V Kohli,death,6,113.0,1140.0,0.09912280701754386,0.07952100409836066,0.09845833912197832
V Kohli,death,W,70.0,1140.0,0.06140350877192982,0.08016137295081967,0.062039368574604056
V Kohli,death,Wd,47.0,1140.0,0.0412280701754386,0.04340420081967213,0.04130183731592109
V Kohli,death,Nb,9.0,1140.0,0.007894736842105263,0.006570184426229508,0.007849836760211169
V Kohli,middle,0,937.0,4030.0,0.2325062034739454,0.2808889845966761,0.23298170992232606
V Kohli,middle,1,2067.0,4030.0,0.5129032258064516,0.4414331678151601,0.5122008173741047
V Kohli,middle,2,320.0,4030.0,0.0794044665012407,0.06664217673287394,0.07927903859196928
V Kohli,middle,3,9.0,4030.0,0.0022332506203473945,0.002286430887717876,0.0022337732765377676
V Kohli,middle,4,340.0,4030.0,0.08436724565756824,0.08739739562221321,0.08439702600120111
V Kohli,middle,6,148.0,4030.0,0.03672456575682382,0.048281059991892986,0.03683814309574342
V Kohli,middle,W,110.0,4030.0,0.02729528535980149,0.04221980137819214,0.027441963649908523
V Kohli,middle,Wd,90.0,4030.0,0.022332506203473945,0.028171868666396434,0.02238989551514886
V Kohli,middle,Nb,9.0,4030.0,0.0022332506203473945,0.002679114308877179,0.002237632573060218
V Kohli,powerplay,0,1111.0,3027.0,0.3670300627684176,0.4228881521678736,0.36775856735791157
V Kohli,powerplay,1,1005.0,3027.0,0.33201189296333,0.25764450947345025,0.3310419890378018
V Kohli,powerplay,2,146.0,3027.0,0.04823257350512058,0.04384827662845184,0.04817539323936683
V Kohli,powerplay,3,12.0,3027.0,0.003964321110009911,0.005028429611245902,0.00397819927761651
V Kohli,powerplay,4,478.0,3027.0,0.15791212421539477,0.15223269683107069,0.15783805277901625
V Kohli,powerplay,6,87.0,3027.0,0.028741328047571853,0.040523771600022226,0.028894995390936058
V Kohli,powerplay,W,85.0,3027.0,0.028080607862570203,0.03919952586446391,0.028225621465464153
V Kohli,powerplay,Wd,93.0,3027.0,0.030723488602576808,0.03486563072990943,0.0307775106714041
V Kohli,powerplay,Nb,10.0,3027.0,0.003303600925008259,0.003769007093512122,0.0033096707804827143
V Sehwag,death,0,2.0,22.0,0.09090909090909091,0.21696977459016392,0.17223856425171866
V Sehwag,death,1,8.0,22.0,0.36363636363636365,0.37083760245901637,0.3682823241671074
V Sehwag,death,2,0.0,22.0,0.0,0.08837090163934426,0.0570134849286092
V Sehwag,death,3,0.0,22.0,0.0,0.002651127049180328,0.0017104045478582761
V Sehwag,death,4,4.0,22.0,0.18181818181818182,0.11151383196721311,0.13646053675304073
V Sehwag,death,6,3.0,22.0,0.13636363636363635,0.07952100409836066,0.09969097038603915
V Sehwag,death,W,4.0,22.0,0.18181818181818182,0.08016137295081967,0.1162331438392385
V Sehwag,death,Wd,0.0,22.0,0.0,0.04340420081967213,0.028002710206240088
V Sehwag,death,Nb,1.0,22.0,0.045454545454545456,0.006570184426229508,0.02036786092014807
V Sehwag,middle,0,107.0,581.0,0.18416523235800344,0.2808889845966761,0.19039542573891632
V Sehwag,middle,1,244.0,581.0,0.4199655765920826,0.4414331678151601,0.4213483521942132
V Sehwag,middle,2,38.0,581.0,0.06540447504302926,0.06664217673287394,0.06548419817925114
V Sehwag,middle,3,0.0,581.0,0.0,0.002286430887717876,0.00014727413125396947
V Sehwag,middle,4,90.0,581.0,0.1549053356282272,0.08739739562221321,0.150556998107711
V Sehwag,middle,6,47.0,581.0,0.08089500860585198,0.048281059991892986,0.07879427117500115
V Sehwag,middle,W,32.0,581.0,0.055077452667814115,0.04221980137819214,0.05424926256864362
V Sehwag,middle,Wd,19.0,581.0,0.03270223752151463,0.028171868666396434,0.032410426323117324
V Sehwag,middle,Nb,4.0,581.0,0.0068846815834767644,0.002679114308877179,0.00661379158189225
V Sehwag,powerplay,0,417.0,1124.0,0.3709964412811388,0.4228881521678736,0.37277966158652487
V Sehwag,powerplay,1,273.0,1124.0,0.24288256227758007,0.25764450947345025,0.2433898456863729
V Sehwag,powerplay,2,57.0,1124.0,0.050711743772241996,0.04384827662845184,0.05047588579479216
V Sehwag,powerplay,3,1.0,1124.0,0.0008896797153024911,0.005028429611245902,0.0010319047976373162
V Sehwag,powerplay,4,214.0,1124.0,0.1903914590747331,0.15223269683107069,0.18908016140312958
V Sehwag,powerplay,6,38.0,1124.0,0.033807829181494664,0.040523771600022226,0.034038617580756776
V Sehwag,powerplay,W,59.0,1124.0,0.05249110320284697,0.03919952586446391,0.052034347967850995
V Sehwag,powerplay,Wd,56.0,1124.0,0.0498220640569395,0.03486563072990943,0.0493080972759419
V Sehwag,powerplay,Nb,9.0,1124.0,0.00800711743772242,0.003769007093512122,0.007861477906993545
V Shankar,death,0,60.0,311.0,0.19292604501607716,0.21696977459016392,0.19566607117836626
V Shankar,death,1,129.0,311.0,0.41479099678456594,0.37083760245901637,0.4097820629582925
V Shankar,death,2,31.0,311.0,0.09967845659163987,0.08837090163934426,0.09838984634066601
V Shankar,death,3,1.0,311.0,0.003215434083601286,0.002651127049180328,0.00315112558965018
V Shankar,death,4,26.0,311.0,0.08360128617363344,0.11151383196721311,0.08678220307318668
V Shankar,death,6,29.0,311.0,0.0932475884244373,0.07952100409836066,0.0916833053103545
V Shankar,death,W,18.0,311.0,0.05787781350482315,0.08016137295081967,0.06041725047872589
V Shankar,death,Wd,15.0,311.0,0.04823151125401929,0.04340420081967213,0.04768139040680024
V Shankar,death,Nb,2.0,311.0,0.006430868167202572,0.006570184426229508,0.006446744663957778
V Shankar,middle,0,116.0,459.0,0.25272331154684097,0.2808889845966761,0.25498108092959326
V Shankar,middle,1,228.0,459.0,0.49673202614379086,0.4414331678151601,0.4922992519290709
V Shankar,middle,2,36.0,459.0,0.0784313725490196,0.06664217673287394,0.0774863468322945
V Shankar,middle,3,0.0,459.0,0.0,0.002286430887717876,0.00018328103308359729
V Shankar,middle,4,28.0,459.0,0.06100217864923747,0.08739739562221321,0.06311802770518743
V Shankar,middle,6,17.0,459.0,0.037037037037037035,0.048281059991892986,0.03793836152239623
V Shankar,middle,W,20.0,459.0,0.04357298474945534,0.04221980137819214,0.043464513136528424
V Shankar,middle,Wd,13.0,459.0,0.02832244008714597,0.028171868666396434,0.028310370233779275
V Shankar,middle,Nb,1.0,459.0,0.002178649237472767,0.002679114308877179,0.0022187666780663067
V Shankar,powerplay,0,61.0,133.0,0.45864661654135336,0.4228881521678736,0.45037876350702283
V Shankar,powerplay,1,36.0,133.0,0.2706766917293233,0.25764450947345025,0.2676634703984856
V Shankar,powerplay,2,8.0,133.0,0.06015037593984962,0.04384827662845184,0.05638110442276344
V Shankar,powerplay,3,0.0,133.0,0.0,0.005028429611245902,0.0011626426846811334
V Shankar,powerplay,4,17.0,133.0,0.12781954887218044,0.15223269683107069,0.13346420735978512
V Shankar,powerplay,6,3.0,133.0,0.022556390977443608,0.040523771600022226,0.02671069863584329
V Shankar,powerplay,W,4.0,133.0,0.03007518796992481,0.03919952586446391,0.03218486147155235
V Shankar,powerplay,Wd,4.0,133.0,0.03007518796992481,0.03486563072990943,0.03118280479304264
V Shankar,powerplay,Nb,0.0,133.0,0.0,0.003769007093512122,0.000871446726823612
V Viyaskanth,death,0,0.0,5.0,0.0,0.21696977459016392,0.1928620218579235
V Viyaskanth,death,1,4.0,5.0,0.8,0.37083760245901637,0.4185223132969035
V Viyaskanth,death,2,0.0,5.0,0.0,0.08837090163934426,0.078551912568306
V Viyaskanth,death,3,1.0,5.0,0.2,0.002651127049180328,0.024578779599271405
V Viyaskanth,death,4,0.0,5.0,0.0,0.11151383196721311,0.09912340619307833
V Viyaskanth,death,6,0.0,5.0,0.0,0.07952100409836066,0.07068533697632058
V Viyaskanth,death,W,0.0,5.0,0.0,0.08016137295081967,0.07125455373406192
V Viyaskanth,death,Wd,0.0,5.0,0.0,0.04340420081967213,0.038581511839708565
V Viyaskanth,death,Nb,0.0,5.0,0.0,0.006570184426229508,0.00584016393442623
VR Aaron,death,0,25.0,60.0,0.4166666666666667,0.21696977459016392,0.3367879098360656
VR Aaron,death,1,21.0,60.0,0.35,0.37083760245901637,0.3583350409836066
VR Aaron,death,2,4.0,60.0,0.06666666666666667,0.08837090163934426,0.0753483606557377
VR Aaron,death,3,0.0,60.0,0.0,0.002651127049180328,0.001060450819672131
VR Aaron,death,4,2.0,60.0,0.03333333333333333,0.11151383196721311,0.06460553278688524
VR Aaron,death,6,2.0,60.0,0.03333333333333333,0.07952100409836066,0.05180840163934427
VR Aaron,death,W,4.0,60.0,0.06666666666666667,0.08016137295081967,0.07206454918032787
VR Aaron,death,Wd,1.0,60.0,0.016666666666666666,0.04340420081967213,0.027361680327868853
VR Aaron,death,Nb,1.0,60.0,0.016666666666666666,0.006570184426229508,0.012628073770491804
VR Aaron,middle,0,1.0,1.0,1.0,0.2808889845966761,0.2984282776552938
VR Aaron,middle,1,0.0,1.0,0.0,0.4414331678151601,0.4306665051855221
VR Aaron,middle,2,0.0,1.0,0.0,0.06664217673287394,0.06501675778816969
VR Aaron,middle,3,0.0,1.0,0.0,0.002286430887717876,0.002230664280700367
VR Aaron,middle,4,0.0,1.0,0.0,0.08739739562221321,0.08526575182654948
VR Aaron,middle,6,0.0,1.0,0.0,0.048281059991892986,0.04710347316282242
VR Aaron,middle,W,0.0,1.0,0.0,0.04221980137819214,0.041190050125065505
VR Aaron,middle,Wd,0.0,1.0,0.0,0.028171868666396434,0.027484749918435542
VR Aaron,middle,Nb,0.0,1.0,0.0,0.002679114308877179,0.00261377005744115
VR Iyer,death,0,34.0,156.0,0.21794871794871795,0.21696977459016392,0.21774893358982939
VR Iyer,death,1,52.0,156.0,0.3333333333333333,0.37083760245901637,0.3409872658079625
VR Iyer,death,2,12.0,156.0,0.07692307692307693,0.08837090163934426,0.07925936768149883
VR Iyer,death,3,1.0,156.0,0.00641025641025641,0.002651127049180328,0.005643087152893945
VR Iyer,death,4,22.0,156.0,0.14102564102564102,0.11151383196721311,0.13500282285045165
VR Iyer,death,6,13.0,156.0,0.08333333333333333,0.07952100409836066,0.08255530695884912
VR Iyer,death,W,13.0,156.0,0.08333333333333333,0.08016137295081967,0.08268599447975912
VR Iyer,death,Wd,9.0,156.0,0.057692307692307696,0.04340420081967213,0.054776367514218806
VR Iyer,death,Nb,0.0,156.0,0.0,0.006570184426229508,0.0013408539645366343
VR Iyer,middle,0,133.0,497.0,0.2676056338028169,0.2808889845966761,0.2685950826515215
VR Iyer,middle,1,221.0,497.0,0.44466800804828976,0.4414331678151601,0.4444270516063434
VR Iyer,middle,2,36.0,497.0,0.07243460764587525,0.06664217673287394,0.07200314165607999
VR Iyer,middle,3,0.0,497.0,0.0,0.002286430887717876,0.0001703114255283334
VR Iyer,middle,4,46.0,497.0,0.0925553319919517,0.08739739562221321,0.09217112816552799
VR Iyer,middle,6,28.0,497.0,0.056338028169014086,0.048281059991892986,0.055737881563641935
VR Iyer,middle,W,18.0,497.0,0.03621730382293763,0.04221980137819214,0.036664417234874645
VR Iyer,middle,Wd,14.0,497.0,0.028169014084507043,0.028171868666396434,0.028169226716305135
VR Iyer,middle,Nb,1.0,497.0,0.002012072434607646,0.002679114308877179,0.002061758980177071
VR Iyer,powerplay,0,182.0,433.0,0.42032332563510394,0.4228881521678736,0.42054022428480964
VR Iyer,powerplay,1,110.0,433.0,0.2540415704387991,0.25764450947345025,0.2543462587292558
VR Iyer,powerplay,2,22.0,433.0,0.050808314087759814,0.04384827662845184,0.050219727410439896
VR Iyer,powerplay,3,1.0,433.0,0.0023094688221709007,0.005028429611245902,0.002539402081289294
VR Iyer,powerplay,4,68.0,433.0,0.15704387990762125,0.15223269683107069,0.15663701453116877
VR Iyer,powerplay,6,21.0,433.0,0.04849884526558892,0.040523771600022226,0.04782442043129152
VR Iyer,powerplay,W,17.0,433.0,0.03926096997690531,0.03919952586446391,0.039255773857459944
VR Iyer,powerplay,Wd,12.0,433.0,0.02771362586605081,0.03486563072990943,0.02831844657335386
VR Iyer,powerplay,Nb,0.0,433.0,0.0,0.003769007093512122,0.0003187321009312577
WD Parnell,death,0,46.0,152.0,0.3026315789473684,0.21696977459016392,0.28478536970628415
WD Parnell,death,1,59.0,152.0,0.3881578947368421,0.37083760245901637,0.38454950051229503
WD Parnell,death,2,10.0,152.0,0.06578947368421052,0.08837090163934426,0.07049393784153006
WD Parnell,death,3,1.0,152.0,0.006578947368421052,0.002651127049180328,0.005760651468579236
WD Parnell,death,4,11.0,152.0,0.07236842105263158,0.11151383196721311,0.0805237149931694
WD Parnell,death,6,2.0,152.0,0.013157894736842105,0.07952100409836066,0.026983542520491805
WD Parnell,death,W,13.0,152.0,0.08552631578947369,0.08016137295081967,0.08440861936475409
WD Parnell,death,Wd,10.0,152.0,0.06578947368421052,0.04340420081967213,0.06112587517076503
WD Parnell,death,Nb,0.0,152.0,0.0,0.006570184426229508,0.0013687884221311477
WD Parnell,middle,0,23.0,52.0,0.4423076923076923,0.2808889845966761,0.37212564547681565
WD Parnell,middle,1,23.0,52.0,0.4423076923076923,0.4414331678151601,0.44192746426746093
WD Parnell,middle,2,2.0,52.0,0.038461538461538464,0.06664217673287394,0.05071398988385823
WD Parnell,middle,3,0.0,52.0,0.0,0.002286430887717876,0.0009941003859642939
WD Parnell,middle,4,2.0,52.0,0.038461538461538464,0.08739739562221321,0.05973799809661444
WD Parnell,middle,6,0.0,52.0,0.0,0.048281059991892986,0.020991765213866514
WD Parnell,middle,W,1.0,52.0,0.019230769230769232,0.04221980137819214,0.029226000599213976
WD Parnell,middle,Wd,1.0,52.0,0.019230769230769232,0.028171868666396434,0.023118203767998446
WD Parnell,middle,Nb,0.0,52.0,0.0,0.002679114308877179,0.001164832308207469
WD Parnell,powerplay,0,17.0,28.0,0.6071428571428571,0.4228881521678736,0.4987577365693375
WD Parnell,powerplay,1,4.0,28.0,0.14285714285714285,0.25764450947345025,0.2103791232196766
WD Parnell,powerplay,2,1.0,28.0,0.03571428571428571,0.04384827662845184,0.04049898625203049
WD Parnell,powerplay,3,0.0,28.0,0.0,0.005028429611245902,0.002957899771321119
WD Parnell,powerplay,4,3.0,28.0,0.10714285714285714,0.15223269683107069,0.133666292253571
WD Parnell,powerplay,6,1.0,28.0,0.03571428571428571,0.040523771600022226,0.0385433950588366
WD Parnell,powerplay,W,1.0,28.0,0.03571428571428571,0.03919952586446391,0.03776442697909642
WD Parnell,powerplay,Wd,1.0,28.0,0.03571428571428571,0.03486563072990943,0.035215076899946726
WD Parnell,powerplay,Nb,0.0,28.0,0.0,0.003769007093512122,0.0022170629961836014
WG Jacks,death,0,8.0,67.0,0.11940298507462686,0.21696977459016392,0.1558765512486594
WG Jacks,death,1,20.0,67.0,0.29850746268656714,0.37083760245901637,0.32554676727439863
WG Jacks,death,2,7.0,67.0,0.1044776119402985,0.08837090163934426,0.09845641182779225
WG Jacks,death,3,0.0,67.0,0.0,0.002651127049180328,0.000991075532403861
WG Jacks,death,4,12.0,67.0,0.1791044776119403,0.11151383196721311,0.15383694652979932
WG Jacks,death,6,9.0,67.0,0.13432835820895522,0.07952100409836066,0.11383962770032174
WG Jacks,death,W,5.0,67.0,0.07462686567164178,0.08016137295081967,0.0766958403554466
WG Jacks,death,Wd,5.0,67.0,0.07462686567164178,0.04340420081967213,0.06295484142791481
WG Jacks,death,Nb,1.0,67.0,0.014925373134328358,0.006570184426229508,0.011801938103263368
WG Jacks,middle,0,57.0,225.0,0.25333333333333335,0.2808889845966761,0.25749267692025296
WG Jacks,middle,1,93.0,225.0,0.41333333333333333,0.4414331678151601,0.41757481778342037
WG Jacks,middle,2,8.0,225.0,0.035555555555555556,0.06664217673287394,0.040247875733263994
WG Jacks,middle,3,0.0,225.0,0.0,0.002286430887717876,0.00034512164342911337
WG Jacks,middle,4,22.0,225.0,0.09777777777777778,0.08739739562221321,0.09621092764108878
WG Jacks,middle,6,17.0,225.0,0.07555555555555556,0.048281059991892986,0.07143865056481404
WG Jacks,middle,W,18.0,225.0,0.08,0.04221980137819214,0.07429732850991579
WG Jacks,middle,Wd,8.0,225.0,0.035555555555555556,0.028171868666396434,0.03444103677983343
WG Jacks,middle,Nb,2.0,225.0,0.008888888888888889,0.002679114308877179,0.007951564423981462
WG Jacks,powerplay,0,75.0,232.0,0.3232758620689655,0.4228881521678736,0.33792472825998143
WG Jacks,powerplay,1,75.0,232.0,0.3232758620689655,0.25764450947345025,0.31362419256962504
WG Jacks,powerplay,2,17.0,232.0,0.07327586206896551,0.04384827662845184,0.06894827597477232
WG Jacks,powerplay,3,1.0,232.0,0.004310344827586207,0.005028429611245902,0.004415945531065574
WG Jacks,powerplay,4,35.0,232.0,0.15086206896551724,0.15223269683107069,0.15106363188692218
WG Jacks,powerplay,6,16.0,232.0,0.06896551724137931,0.040523771600022226,0.06478290758823857
WG Jacks,powerplay,W,8.0,232.0,0.034482758620689655,0.03919952586446391,0.035176400862421166
WG Jacks,powerplay,Wd,4.0,232.0,0.017241379310344827,0.03486563072990943,0.019833180989692563
WG Jacks,powerplay,Nb,1.0,232.0,0.004310344827586207,0.003769007093512122,0.004230736337281195
WP Saha,death,0,59.0,320.0,0.184375,0.21696977459016392,0.18799664162112933
WP Saha,death,1,127.0,320.0,0.396875,0.37083760245901637,0.3939819558287796
WP Saha,death,2,45.0,320.0,0.140625,0.08837090163934426,0.13481898907103826
WP Saha,death,3,0.0,320.0,0.0,0.002651127049180328,0.00029456967213114756
WP Saha,death,4,36.0,320.0,0.1125,0.11151383196721311,0.11239042577413479
WP Saha,death,6,21.0,320.0,0.065625,0.07952100409836066,0.06716900045537341
WP Saha,death,W,23.0,320.0,0.071875,0.08016137295081967,0.07279570810564663
WP Saha,death,Wd,9.0,320.0,0.028125,0.04340420081967213,0.029822688979963572
WP Saha,death,Nb,0.0,320.0,0.0,0.006570184426229508,0.0007300204918032787
WP Saha,middle,0,230.0,835.0,0.2754491017964072,0.2808889845966761,0.2756977821529909
WP Saha,middle,1,397.0,835.0,0.4754491017964072,0.4414331678151601,0.47389408767155017
WP Saha,middle,2,61.0,835.0,0.07305389221556886,0.06664217673287394,0.07276078522207423
WP Saha,middle,3,3.0,835.0,0.003592814371257485,0.002286430887717876,0.0035330939834385313
WP Saha,middle,4,60.0,835.0,0.0718562874251497,0.08739739562221321,0.07256673808558689
WP Saha,middle,6,22.0,835.0,0.026347305389221556,0.048281059991892986,0.027349991313915106
WP Saha,middle,W,36.0,835.0,0.04311377245508982,0.04221980137819214,0.04307290520586021
WP Saha,middle,Wd,24.0,835.0,0.02874251497005988,0.028171868666396434,0.028716428281892407
WP Saha,middle,Nb,2.0,835.0,0.0023952095808383233,0.002679114308877179,0.0024081880826915284
WP Saha,powerplay,0,367.0,941.0,0.3900106269925611,0.4228881521678736,0.39135119886515285
WP Saha,powerplay,1,256.0,941.0,0.2720510095642933,0.25764450947345025,0.2714635885616086
WP Saha,powerplay,2,41.0,941.0,0.04357066950053135,0.04384827662845184,0.04358198885335176
WP Saha,powerplay,3,2.0,941.0,0.0021253985122210413,0.005028429611245902,0.00224376879148811
WP Saha,powerplay,4,163.0,941.0,0.17321997874601489,0.15223269683107069,0.17236422820921798
WP Saha,powerplay,6,34.0,941.0,0.036131774707757705,0.040523771600022226,0.036310857149848004
WP Saha,powerplay,W,47.0,941.0,0.04994686503719448,0.03919952586446391,0.049508645295187115
WP Saha,powerplay,Wd,30.0,941.0,0.031880977683315624,0.03486563072990943,0.032002676074614045
WP Saha,powerplay,Nb,1.0,941.0,0.0010626992561105207,0.003769007093512122,0.001173048199531585
WPUJC Vaas,death,0,13.0,67.0,0.19402985074626866,0.21696977459016392,0.20260552321127623
WPUJC Vaas,death,1,38.0,67.0,0.5671641791044776,0.37083760245901637,0.4937710663398192
WPUJC Vaas,death,2,7.0,67.0,0.1044776119402985,0.08837090163934426,0.09845641182779225
WPUJC Vaas,death,3,0.0,67.0,0.0,0.002651127049180328,0.000991075532403861
WPUJC Vaas,death,4,1.0,67.0,0.014925373134328358,0.11151383196721311,0.05103320821204229
WPUJC Vaas,death,6,0.0,67.0,0.0,0.07952100409836066,0.02972747816761146
WPUJC Vaas,death,W,7.0,67.0,0.1044776119402985,0.08016137295081967,0.09538742914049333
WPUJC Vaas,death,Wd,1.0,67.0,0.014925373134328358,0.04340420081967213,0.025571663857821357
WPUJC Vaas,death,Nb,0.0,67.0,0.0,0.006570184426229508,0.002456143710740003
WPUJC Vaas,middle,0,7.0,24.0,0.2916666666666667,0.2808889845966761,0.2849306153729226
WPUJC Vaas,middle,1,14.0,24.0,0.5833333333333334,0.4414331678151601,0.4946457298844751
WPUJC Vaas,middle,2,1.0,24.0,0.041666666666666664,0.06664217673287394,0.05727636045804621
WPUJC Vaas,middle,3,0.0,24.0,0.0,0.002286430887717876,0.0014290193048236725
WPUJC Vaas,middle,4,1.0,24.0,0.041666666666666664,0.08739739562221321,0.07024837226388325
WPUJC Vaas,middle,6,0.0,24.0,0.0,0.048281059991892986,0.030175662494933114
WPUJC Vaas,middle,W,0.0,24.0,0.0,0.04221980137819214,0.026387375861370087
WPUJC Vaas,middle,Wd,0.0,24.0,0.0,0.028171868666396434,0.01760741791649777
WPUJC Vaas,middle,Nb,1.0,24.0,0.041666666666666664,0.002679114308877179,0.017299446443048237
Washington Sundar,death,0,74.0,372.0,0.1989247311827957,0.21696977459016392,0.20067667714467613
Washington Sundar,death,1,134.0,372.0,0.3602150537634409,0.37083760245901637,0.3612463691707783
Washington Sundar,death,2,33.0,372.0,0.08870967741935484,0.08837090163934426,0.08867678656692662
Washington Sundar,death,3,2.0,372.0,0.005376344086021506,0.002651127049180328,0.00511175990768741
Washington Sundar,death,4,48.0,372.0,0.12903225806451613,0.11151383196721311,0.12733143999681681
Washington Sundar,death,6,21.0,372.0,0.056451612903225805,0.07952100409836066,0.05869135962120006
Washington Sundar,death,W,32.0,372.0,0.08602150537634409,0.08016137295081967,0.08545256048066212
Washington Sundar,death,Wd,28.0,372.0,0.07526881720430108,0.04340420081967213,0.07217516512812351
Washington Sundar,death,Nb,0.0,372.0,0.0,0.006570184426229508,0.0006378819831290784
Washington Sundar,middle,0,93.0,324.0,0.28703703703703703,0.2808889845966761,0.2863614268787556
Washington Sundar,middle,1,148.0,324.0,0.4567901234567901,0.4414331678151601,0.4551025459137538
Washington Sundar,middle,2,14.0,324.0,0.043209876543209874,0.06664217673287394,0.0457848545860301
Washington Sundar,middle,3,2.0,324.0,0.006172839506172839,0.002286430887717876,0.005745761636012953
Washington Sundar,middle,4,32.0,324.0,0.09876543209876543,0.08739739562221321,0.09751619732112234
Washington Sundar,middle,6,10.0,324.0,0.030864197530864196,0.048281059991892986,0.03277813846064758
Washington Sundar,middle,W,15.0,324.0,0.046296296296296294,0.04221980137819214,0.04584832982177935
Washington Sundar,middle,Wd,9.0,324.0,0.027777777777777776,0.028171868666396434,0.027821084468834776
Washington Sundar,middle,Nb,1.0,324.0,0.0030864197530864196,0.002679114308877179,0.0030416609130634264
Washington Sundar,powerplay,0,19.0,44.0,0.4318181818181818,0.4228881521678736,0.4275657867466065
Washington Sundar,powerplay,1,13.0,44.0,0.29545454545454547,0.25764450947345025,0.27744976641592867
Washington Sundar,powerplay,2,3.0,44.0,0.06818181818181818,0.04384827662845184,0.05659441744211992
Washington Sundar,powerplay,3,0.0,44.0,0.0,0.005028429611245902,0.002394490291069477
Washington Sundar,powerplay,4,4.0,44.0,0.09090909090909091,0.15223269683107069,0.12011080801479557
Washington Sundar,powerplay,6,0.0,44.0,0.0,0.040523771600022226,0.01929703409524868
Washington Sundar,powerplay,W,1.0,44.0,0.022727272727272728,0.03919952586446391,0.030571202792601865
Washington Sundar,powerplay,Wd,3.0,44.0,0.06818181818181818,0.03486563072990943,0.052316967014242585
Washington Sundar,powerplay,Nb,1.0,44.0,0.022727272727272728,0.003769007093512122,0.013699527187386725
XC Bartlett,death,0,9.0,29.0,0.3103448275862069,0.21696977459016392,0.2562143620812545
XC Bartlett,death,1,6.0,29.0,0.20689655172413793,0.37083760245901637,0.3019348420052269
XC Bartlett,death,2,3.0,29.0,0.10344827586206896,0.08837090163934426,0.09470776906628653
XC Bartlett,death,3,0.0,29.0,0.0,0.002651127049180328,0.0015368852459016393
XC Bartlett,death,4,3.0,29.0,0.10344827586206896,0.11151383196721311,0.10812396056070325
XC Bartlett,death,6,2.0,29.0,0.06896551724137931,0.07952100409836066,0.07508464005702067
XC Bartlett,death,W,4.0,29.0,0.13793103448275862,0.08016137295081967,0.10444137562366357
XC Bartlett,death,Wd,2.0,29.0,0.06896551724137931,0.04340420081967213,0.05414736279401283
XC Bartlett,death,Nb,0.0,29.0,0.0,0.006570184426229508,0.00380880256593015
XC Bartlett,middle,0,8.0,16.0,0.5,0.2808889845966761,0.3434921318547687
XC Bartlett,middle,1,7.0,16.0,0.4375,0.4414331678151601,0.44030940558225723
XC Bartlett,middle,2,0.0,16.0,0.0,0.06664217673287394,0.047601554809195666
XC Bartlett,middle,3,0.0,16.0,0.0,0.002286430887717876,0.001633164919798483
XC Bartlett,middle,4,1.0,16.0,0.0625,0.08739739562221321,0.08028385401586657
XC Bartlett,middle,6,0.0,16.0,0.0,0.048281059991892986,0.034486471422780704
XC Bartlett,middle,W,0.0,16.0,0.0,0.04221980137819214,0.030157000984422956
XC Bartlett,middle,Wd,0.0,16.0,0.0,0.028171868666396434,0.02012276333314031
XC Bartlett,middle,Nb,0.0,16.0,0.0,0.002679114308877179,0.0019136530777694135
Y Venugopal Rao,death,0,40.0,219.0,0.182648401826484,0.21696977459016392,0.18794899993670486
Y Venugopal Rao,death,1,92.0,219.0,0.4200913242009132,0.37083760245901637,0.41248457180834225
Y Venugopal Rao,death,2,18.0,219.0,0.0821917808219178,0.08837090163934426,0.08314608519526552
Y Venugopal Rao,death,3,0.0,219.0,0.0,0.002651127049180328,0.00040944047091588074
Y Venugopal Rao,death,4,25.0,219.0,0.1141552511415525,0.11151383196721311,0.11374730995632636
Y Venugopal Rao,death,6,14.0,219.0,0.0639269406392694,0.07952100409836066,0.06633529020824103
Y Venugopal Rao,death,W,20.0,219.0,0.091324200913242,0.08016137295081967,0.08960021203873662
Y Venugopal Rao,death,Wd,9.0,219.0,0.0410958904109589,0.04340420081967213,0.04145238622697639
Y Venugopal Rao,death,Nb,1.0,219.0,0.0045662100456621,0.006570184426229508,0.004875704158491044
Y Venugopal Rao,middle,0,144.0,397.0,0.36272040302267,0.2808889845966761,0.3552301130065607
Y Venugopal Rao,middle,1,162.0,397.0,0.4080604534005038,0.4414331678151601,0.4111151641020741
Y Venugopal Rao,middle,2,22.0,397.0,0.055415617128463476,0.06664217673287394,0.05644321983824933
Y Venugopal Rao,middle,3,0.0,397.0,0.0,0.002286430887717876,0.00020928429178195663
Y Venugopal Rao,middle,4,23.0,397.0,0.05793450881612091,0.08739739562221321,0.060631340560385646
Y Venugopal Rao,middle,6,17.0,397.0,0.042821158690176324,0.048281059991892986,0.04332092082305656
Y Venugopal Rao,middle,W,15.0,397.0,0.037783375314861464,0.04221980137819214,0.03818945550372468
Y Venugopal Rao,middle,Wd,14.0,397.0,0.03526448362720403,0.028171868666396434,0.034615274019807456
Y Venugopal Rao,middle,Nb,0.0,397.0,0.0,0.002679114308877179,0.00024522785435946717
Y Venugopal Rao,powerplay,0,47.0,89.0,0.5280898876404494,0.4228881521678736,0.4954691944706585
Y Venugopal Rao,powerplay,1,21.0,89.0,0.23595505617977527,0.25764450947345025,0.24268046805378302
Y Venugopal Rao,powerplay,2,3.0,89.0,0.033707865168539325,0.04384827662845184,0.03685217879951995
Y Venugopal Rao,powerplay,3,1.0,89.0,0.011235955056179775,0.005028429611245902,0.00931114096472741
Y Venugopal Rao,powerplay,4,8.0,89.0,0.0898876404494382,0.15223269683107069,0.10921944087785138
Y Venugopal Rao,powerplay,6,0.0,89.0,0.0,0.040523771600022226,0.012565510573650303
Y Venugopal Rao,powerplay,W,3.0,89.0,0.033707865168539325,0.03919952586446391,0.035410705694407414
Y Venugopal Rao,powerplay,Wd,5.0,89.0,0.056179775280898875,0.03486563072990943,0.049570738210824625
Y Venugopal Rao,powerplay,Nb,1.0,89.0,0.011235955056179775,0.003769007093512122,0.008920622354577402
YBK Jaiswal,death,0,11.0,42.0,0.2619047619047619,0.21696977459016392,0.23998525589764094
YBK Jaiswal,death,1,12.0,42.0,0.2857142857142857,0.37083760245901637,0.3272378548580568
YBK Jaiswal,death,2,1.0,42.0,0.023809523809523808,0.08837090163934426,0.05530287884846062
YBK Jaiswal,death,3,0.0,42.0,0.0,0.002651127049180328,0.0012932327069172331
YBK Jaiswal,death,4,9.0,42.0,0.21428571428571427,0.11151383196721311,0.16415308876449422
YBK Jaiswal,death,6,5.0,42.0,0.11904761904761904,0.07952100409836066,0.09976634346261497
YBK Jaiswal,death,W,2.0,42.0,0.047619047619047616,0.08016137295081967,0.06349335265893642
YBK Jaiswal,death,Wd,2.0,42.0,0.047619047619047616,0.04340420081967213,0.04556302479008397
YBK Jaiswal,death,Nb,0.0,42.0,0.0,0.006570184426229508,0.0032049680127948822
YBK Jaiswal,middle,0,123.0,584.0,0.2106164383561644,0.2808889845966761,0.21512108875619718
YBK Jaiswal,middle,1,288.0,584.0,0.4931506849315068,0.4414331678151601,0.48983545947533075
YBK Jaiswal,middle,2,28.0,584.0,0.04794520547945205,0.06664217673287394,0.04914372927774833
YBK Jaiswal,middle,3,1.0,584.0,0.0017123287671232876,0.002286430887717876,0.0017491301851101204
YBK Jaiswal,middle,4,65.0,584.0,0.1113013698630137,0.08739739562221321,0.10976906382193675
YBK Jaiswal,middle,6,31.0,584.0,0.053082191780821915,0.048281059991892986,0.05277442692255724
YBK Jaiswal,middle,W,30.0,584.0,0.05136986301369863,0.04221980137819214,0.05078332060116616
YBK Jaiswal,middle,Wd,18.0,584.0,0.030821917808219176,0.028171868666396434,0.03065204286323054
YBK Jaiswal,middle,Nb,0.0,584.0,0.0,0.002679114308877179,0.00017173809672289608
YBK Jaiswal,powerplay,0,429.0,1072.0,0.4001865671641791,0.4228881521678736,0.4010031709412904
YBK Jaiswal,powerplay,1,223.0,1072.0,0.2080223880597015,0.25764450947345025,0.2098073564558795
YBK Jaiswal,powerplay,2,36.0,1072.0,0.033582089552238806,0.04384827662845184,0.03395137685713856
YBK Jaiswal,powerplay,3,4.0,1072.0,0.0037313432835820895,0.005028429611245902,0.00377800106515273
YBK Jaiswal,powerplay,4,222.0,1072.0,0.20708955223880596,0.15223269683107069,0.2051162840586716
YBK Jaiswal,powerplay,6,73.0,1072.0,0.06809701492537314,0.040523771600022226,0.06710517164028856
YBK Jaiswal,powerplay,W,43.0,1072.0,0.04011194029850746,0.03919952586446391,0.04007911963541237
YBK Jaiswal,powerplay,Wd,35.0,1072.0,0.03264925373134328,0.03486563072990943,0.032728979522658616
YBK Jaiswal,powerplay,Nb,7.0,1072.0,0.0065298507462686565,0.003769007093512122,0.006430539823507631
YK Pathan,death,0,143.0,717.0,0.199442119944212,0.21696977459016392,0.20036828399419623
YK Pathan,death,1,283.0,717.0,0.3947001394700139,0.37083760245901637,0.39343923923165214
YK Pathan,death,2,63.0,717.0,0.08786610878661087,0.08837090163934426,0.08789278212096932
YK Pathan,death,3,1.0,717.0,0.001394700139470014,0.002651127049180328,0.0014610899365484983
YK Pathan,death,4,89.0,717.0,0.12412831241283125,0.11151383196721311,0.12346176126643134
YK Pathan,death,6,51.0,717.0,0.07112970711297072,0.07952100409836066,0.0715731045758711
YK Pathan,death,W,48.0,717.0,0.06694560669456066,0.08016137295081967,0.06764392987851095
YK Pathan,death,Wd,35.0,717.0,0.04881450488145049,0.04340420081967213,0.04852862355718215
YK Pathan,death,Nb,4.0,717.0,0.005578800557880056,0.006570184426229508,0.005631185438638282
YK Pathan,middle,0,379.0,1178.0,0.32173174872665533,0.2808889845966761,0.3203904428438974
YK Pathan,middle,1,457.0,1178.0,0.38794567062818336,0.4414331678151601,0.3897022386803008
YK Pathan,middle,2,67.0,1178.0,0.056876061120543296,0.06664217673287394,0.05719678741323067
YK Pathan,middle,3,3.0,1178.0,0.0025466893039049238,0.002286430887717876,0.0025381422294817033
YK Pathan,middle,4,103.0,1178.0,0.08743633276740238,0.08739739562221321,0.08743505404342244
YK Pathan,middle,6,74.0,1178.0,0.06281833616298811,0.048281059991892986,0.062340921510407
YK Pathan,middle,W,48.0,1178.0,0.04074702886247878,0.04221980137819214,0.0407953957759669
YK Pathan,middle,Wd,42.0,1178.0,0.035653650254668934,0.028171868666396434,0.03540794314175358
YK Pathan,middle,Nb,5.0,1178.0,0.004244482173174873,0.002679114308877179,0.00419307436153948
YK Pathan,powerplay,0,93.0,241.0,0.38589211618257263,0.4228881521678736,0.39115845582460834
YK Pathan,powerplay,1,55.0,241.0,0.22821576763485477,0.25764450947345025,0.23240491238056232
YK Pathan,powerplay,2,9.0,241.0,0.03734439834024896,0.04384827662845184,0.03827021731365863
YK Pathan,powerplay,3,1.0,241.0,0.004149377593360996,0.005028429611245902,0.004274509553202264
YK Pathan,powerplay,4,46.0,241.0,0.1908713692946058,0.15223269683107069,0.18537120239588195
YK Pathan,powerplay,6,15.0,241.0,0.06224066390041494,0.040523771600022226,0.05914929133096402
YK Pathan,powerplay,W,12.0,241.0,0.04979253112033195,0.03919952586446391,0.048284630016293795
YK Pathan,powerplay,Wd,8.0,241.0,0.03319502074688797,0.03486563072990943,0.03343282999714013
YK Pathan,powerplay,Nb,2.0,241.0,0.008298755186721992,0.003769007093512122,0.007653951187688558
YS Chahal,death,0,35.0,72.0,0.4861111111111111,0.21696977459016392,0.38998920521077285
YS Chahal,death,1,27.0,72.0,0.375,0.37083760245901637,0.3735134294496487
YS Chahal,death,2,2.0,72.0,0.027777777777777776,0.08837090163934426,0.049418179156908666
YS Chahal,death,3,1.0,72.0,0.013888888888888888,0.002651127049180328,0.009875402517564403
YS Chahal,death,4,0.0,72.0,0.0,0.11151383196721311,0.03982636855971897
YS Chahal,death,6,0.0,72.0,0.0,0.07952100409836066,0.028400358606557378
YS Chahal,death,W,4.0,72.0,0.05555555555555555,0.08016137295081967,0.0643433474824356
YS Chahal,death,Wd,2.0,72.0,0.027777777777777776,0.04340420081967213,0.033358643149882905
YS Chahal,death,Nb,1.0,72.0,0.013888888888888888,0.006570184426229508,0.01127506586651054
YS Chahal,middle,0,19.0,23.0,0.8260869565217391,0.2808889845966761,0.47992951402963563
YS Chahal,middle,1,1.0,23.0,0.043478260869565216,0.4414331678151601,0.2961480430572445
YS Chahal,middle,2,0.0,23.0,0.0,0.06664217673287394,0.04231249316372948
YS Chahal,middle,3,1.0,23.0,0.043478260869565216,0.002286430887717876,0.017324718023947857
YS Chahal,middle,4,0.0,23.0,0.0,0.08739739562221321,0.05549040991886553
YS Chahal,middle,6,0.0,23.0,0.0,0.048281059991892986,0.030654641264693958
YS Chahal,middle,W,2.0,23.0,0.08695652173913043,0.04221980137819214,0.0585522548432966
YS Chahal,middle,Wd,0.0,23.0,0.0,0.028171868666396434,0.017886900740569162
YS Chahal,middle,Nb,0.0,23.0,0.0,0.002679114308877179,0.0017010249580172564
Younis Khan,death,0,0.0,19.0,0.0,0.21696977459016392,0.14709815226451792
Younis Khan,death,1,14.0,19.0,0.7368421052631579,0.37083760245901637,0.4887034592942484
Younis Khan,death,2,3.0,19.0,0.15789473684210525,0.08837090163934426,0.11075993331480967
Younis Khan,death,3,0.0,19.0,0.0,0.002651127049180328,0.0017973742706307307
Younis Khan,death,4,0.0,19.0,0.0,0.11151383196721311,0.0756025979438733
Younis Khan,death,6,0.0,19.0,0.0,0.07952100409836066,0.05391254515143096
Younis Khan,death,W,2.0,19.0,0.10526315789473684,0.08016137295081967,0.0882449986107252
Younis Khan,death,Wd,0.0,19.0,0.0,0.04340420081967213,0.029426576826896363
Younis Khan,death,Nb,0.0,19.0,0.0,0.006570184426229508,0.004454362322867464
Younis Khan,middle,0,44.0,155.0,0.2838709677419355,0.2808889845966761,0.28325927889162583
Younis Khan,middle,1,61.0,155.0,0.3935483870967742,0.4414331678151601,0.40337090621849436
Younis Khan,middle,2,20.0,155.0,0.12903225806451613,0.06664217673287394,0.11623429266315362
Younis Khan,middle,3,1.0,155.0,0.0064516129032258064,0.002286430887717876,0.005597216592352385
Younis Khan,middle,4,11.0,155.0,0.07096774193548387,0.08739739562221321,0.07433792730712066
Younis Khan,middle,6,5.0,155.0,0.03225806451612903,0.048281059991892986,0.03554483281884984
Younis Khan,middle,W,9.0,155.0,0.05806451612903226,0.04221980137819214,0.05481431823142403
Younis Khan,middle,Wd,3.0,155.0,0.01935483870967742,0.028171868666396434,0.021163460239260804
Younis Khan,middle,Nb,1.0,155.0,0.0064516129032258064,0.002679114308877179,0.0056777670377183955
Younis Khan,powerplay,0,24.0,56.0,0.42857142857142855,0.4228881521678736,0.42620339673661406
Younis Khan,powerplay,1,16.0,56.0,0.2857142857142857,0.25764450947345025,0.2740185456139376
Younis Khan,powerplay,2,3.0,56.0,0.05357142857142857,0.04384827662845184,0.04952011526185493
Younis Khan,powerplay,3,0.0,56.0,0.0,0.005028429611245902,0.0020951790046857925
Younis Khan,powerplay,4,10.0,56.0,0.17857142857142858,0.15223269683107069,0.1675969570129461
Younis Khan,powerplay,6,0.0,56.0,0.0,0.040523771600022226,0.016884904833342596
Younis Khan,powerplay,W,2.0,56.0,0.03571428571428571,0.03919952586446391,0.0371664691101933
Younis Khan,powerplay,Wd,1.0,56.0,0.017857142857142856,0.03486563072990943,0.02494401280412893
Younis Khan,powerplay,Nb,0.0,56.0,0.0,0.003769007093512122,0.0015704196222967176
Yuvraj Singh,death,0,162.0,644.0,0.2515527950310559,0.21696977459016392,0.24953039617486336
Yuvraj Singh,death,1,196.0,644.0,0.30434782608695654,0.37083760245901637,0.30823611710286647
Yuvraj Singh,death,2,45.0,644.0,0.06987577639751552,0.08837090163934426,0.0709573626689675
Yuvraj Singh,death,3,1.0,644.0,0.0015527950310559005,0.002651127049180328,0.0016170249736362765
Yuvraj Singh,death,4,71.0,644.0,0.11024844720496894,0.11151383196721311,0.11032244631387211
Yuvraj Singh,death,6,78.0,644.0,0.12111801242236025,0.07952100409836066,0.11868543883616144
Yuvraj Singh,death,W,50.0,644.0,0.07763975155279502,0.08016137295081967,0.0777872147924456
Yuvraj Singh,death,Wd,37.0,644.0,0.05745341614906832,0.04340420081967213,0.05663182460933755
Yuvraj Singh,death,Nb,4.0,644.0,0.006211180124223602,0.006570184426229508,0.006232174527849678
Yuvraj Singh,middle,0,633.0,1709.0,0.3703920421299005,0.2808889845966761,0.3683450882697925
Yuvraj Singh,middle,1,657.0,1709.0,0.3844353423054418,0.4414331678151601,0.38573889463270805
Yuvraj Singh,middle,2,85.0,1709.0,0.0497366881217086,0.06664217673287394,0.05012332022259289
Yuvraj Singh,middle,3,3.0,1709.0,0.0017554125219426564,0.002286430887717876,0.0017675570243045825
Yuvraj Singh,middle,4,141.0,1709.0,0.08250438853130486,0.08739739562221321,0.08261629263858691
Yuvraj Singh,middle,6,85.0,1709.0,0.0497366881217086,0.048281059991892986,0.04970339759844238
Yuvraj Singh,middle,W,60.0,1709.0,0.03510825043885313,0.04221980137819214,0.03527089311328055
Yuvraj Singh,middle,Wd,45.0,1709.0,0.02633118782913985,0.028171868666396434,0.02637328458928294
Yuvraj Singh,middle,Nb,0.0,1709.0,0.0,0.002679114308877179,6.127191100919792e-05
Yuvraj Singh,powerplay,0,107.0,233.0,0.4592274678111588,0.4228881521678736,0.45390302595866283
Yuvraj Singh,powerplay,1,53.0,233.0,0.22746781115879827,0.25764450947345025,0.23188930541735536
Yuvraj Singh,powerplay,2,10.0,233.0,0.04291845493562232,0.04384827662845184,0.043054692546293315
Yuvraj Singh,powerplay,3,0.0,233.0,0.0,0.005028429611245902,0.000736766243405993
Yuvraj Singh,powerplay,4,29.0,233.0,0.12446351931330472,0.15223269683107069,0.12853226327195177
Yuvraj Singh,powerplay,6,6.0,233.0,0.02575107296137339,0.040523771600022226,0.027915570930406187
Yuvraj Singh,powerplay,W,14.0,233.0,0.060085836909871244,0.03919952586446391,0.05702557155523281
Yuvraj Singh,powerplay,Wd,14.0,233.0,0.060085836909871244,0.03486563072990943,0.05639056860511493
Yuvraj Singh,powerplay,Nb,0.0,233.0,0.0,0.003769007093512122,0.0005522354715768677
Z Khan,death,0,41.0,111.0,0.36936936936936937,0.21696977459016392,0.3289986157854739
Z Khan,death,1,34.0,111.0,0.3063063063063063,0.37083760245901637,0.32340068939311695
Z Khan,death,2,9.0,111.0,0.08108108108108109,0.08837090163934426,0.08301215937466074
Z Khan,death,3,0.0,111.0,0.0,0.002651127049180328,0.0007022853110411465
Z Khan,death,4,10.0,111.0,0.09009009009009009,0.11151383196721311,0.09576525350124851
Z Khan,death,6,3.0,111.0,0.02702702702702703,0.07952100409836066,0.040932716317446535
Z Khan,death,W,13.0,111.0,0.11711711711711711,0.08016137295081967,0.10732751601346216
Z Khan,death,Wd,0.0,111.0,0.0,0.04340420081967213,0.011497801541635003
Z Khan,death,Nb,1.0,111.0,0.009009009009009009,0.006570184426229508,0.008362962761915102
Z Khan,middle,0,16.0,25.0,0.64,0.2808889845966761,0.41900860590564687
Z Khan,middle,1,7.0,25.0,0.28,0.4414331678151601,0.3793434878862524
Z Khan,middle,2,0.0,25.0,0.0,0.06664217673287394,0.041010570297153194
Z Khan,middle,3,0.0,25.0,0.0,0.002286430887717876,0.0014070343924417698
Z Khan,middle,4,0.0,25.0,0.0,0.08739739562221321,0.05378301269059275
Z Khan,middle,6,0.0,25.0,0.0,0.048281059991892986,0.029711421533472605
Z Khan,middle,W,2.0,25.0,0.08,0.04221980137819214,0.056750647001964395
Z Khan,middle,Wd,0.0,25.0,0.0,0.028171868666396434,0.017336534563936266
Z Khan,middle,Nb,0.0,25.0,0.0,0.002679114308877179,0.0016486857285398023
Z Khan,powerplay,0,2.0,3.0,0.6666666666666666,0.4228881521678736,0.4398959555049987
Z Khan,powerplay,1,0.0,3.0,0.0,0.25764450947345025,0.23966931113809326
Z Khan,powerplay,2,0.0,3.0,0.0,0.04384827662845184,0.04078909453809473
Z Khan,powerplay,3,0.0,3.0,0.0,0.005028429611245902,0.004677608940693862
Z Khan,powerplay,4,0.0,3.0,0.0,0.15223269683107069,0.14161181100564715
Z Khan,powerplay,6,0.0,3.0,0.0,0.040523771600022226,0.03769653172095091
Z Khan,powerplay,W,1.0,3.0,0.3333333333333333,0.03919952586446391,0.0597204891762455
Z Khan,powerplay,Wd,0.0,3.0,0.0,0.03486563072990943,0.032433144865032036
Z Khan,powerplay,Nb,0.0,3.0,0.0,0.003769007093512122,0.0035060531102438348
