bowler,phase,outcome,n,total_n,probability_raw,fallback_probability,probability
A Badoni,death,0,2.0,16.0,0.125,0.21696977459016392,0.19069269613583137
A Badoni,death,1,9.0,16.0,0.5625,0.37083760245901637,0.425598287470726
A Badoni,death,2,2.0,16.0,0.125,0.08837090163934426,0.09883635831381733
A Badoni,death,3,0.0,16.0,0.0,0.002651127049180328,0.0018936621779859484
A Badoni,death,4,0.0,16.0,0.0,0.11151383196721311,0.07965273711943795
A Badoni,death,6,1.0,16.0,0.0625,0.07952100409836066,0.07465786007025763
A Badoni,death,W,2.0,16.0,0.125,0.08016137295081967,0.09297240925058547
A Badoni,death,Wd,0.0,16.0,0.0,0.04340420081967213,0.031003000585480094
A Badoni,death,Nb,0.0,16.0,0.0,0.006570184426229508,0.00469298887587822
A Badoni,middle,0,2.0,22.0,0.09090909090909091,0.2808889845966761,0.21347676425592008
A Badoni,middle,1,10.0,22.0,0.45454545454545453,0.4414331678151601,0.44608591471945813
A Badoni,middle,2,3.0,22.0,0.13636363636363635,0.06664217673287394,0.09138204950507996
A Badoni,middle,3,0.0,22.0,0.0,0.002286430887717876,0.0014751167017534683
A Badoni,middle,4,2.0,22.0,0.09090909090909091,0.08739739562221321,0.08864348104658916
A Badoni,middle,6,3.0,22.0,0.13636363636363635,0.048281059991892986,0.07953616773670515
A Badoni,middle,W,2.0,22.0,0.09090909090909091,0.04221980137819214,0.05949664605044654
A Badoni,middle,Wd,0.0,22.0,0.0,0.028171868666396434,0.018175399139610603
A Badoni,middle,Nb,0.0,22.0,0.0,0.002679114308877179,0.0017284608444368896
A Badoni,powerplay,0,1.0,1.0,1.0,0.4228881521678736,0.43696405089548646
A Badoni,powerplay,1,0.0,1.0,0.0,0.25764450947345025,0.25136049704726854
A Badoni,powerplay,2,0.0,1.0,0.0,0.04384827662845184,0.04277880646678228
A Badoni,powerplay,3,0.0,1.0,0.0,0.005028429611245902,0.004905784986581368
A Badoni,powerplay,4,0.0,1.0,0.0,0.15223269683107069,0.1485197042254348
A Badoni,powerplay,6,0.0,1.0,0.0,0.040523771600022226,0.039535386926850956
A Badoni,powerplay,W,0.0,1.0,0.0,0.03919952586446391,0.038243439867769666
A Badoni,powerplay,Wd,0.0,1.0,0.0,0.03486563072990943,0.034015249492594574
A Badoni,powerplay,Nb,0.0,1.0,0.0,0.003769007093512122,0.003677080091231339
A Dananjaya,death,0,9.0,60.0,0.15,0.21696977459016392,0.17678790983606557
A Dananjaya,death,1,27.0,60.0,0.45,0.37083760245901637,0.4183350409836066
A Dananjaya,death,2,5.0,60.0,0.08333333333333333,0.08837090163934426,0.08534836065573771
A Dananjaya,death,3,0.0,60.0,0.0,0.002651127049180328,0.001060450819672131
A Dananjaya,death,4,3.0,60.0,0.05,0.11151383196721311,0.07460553278688525
A Dananjaya,death,6,10.0,60.0,0.16666666666666666,0.07952100409836066,0.13180840163934426
A Dananjaya,death,W,3.0,60.0,0.05,0.08016137295081967,0.06206454918032787
A Dananjaya,death,Wd,3.0,60.0,0.05,0.04340420081967213,0.04736168032786885
A Dananjaya,death,Nb,0.0,60.0,0.0,0.006570184426229508,0.0026280737704918035
A Dananjaya,middle,0,69.0,269.0,0.25650557620817843,0.2808889845966761,0.2596620044785341
A Dananjaya,middle,1,134.0,269.0,0.49814126394052044,0.4414331678151601,0.49080041007315983
A Dananjaya,middle,2,22.0,269.0,0.08178438661710037,0.06664217673287394,0.07982422999778303
A Dananjaya,middle,3,0.0,269.0,0.0,0.002286430887717876,0.0002959781084424435
A Dananjaya,middle,4,13.0,269.0,0.048327137546468404,0.08739739562221321,0.05338477613232533
A Dananjaya,middle,6,18.0,269.0,0.06691449814126393,0.048281059991892986,0.0645024025879473
A Dananjaya,middle,W,9.0,269.0,0.03345724907063197,0.04221980137819214,0.03459156004895691
A Dananjaya,middle,Wd,4.0,269.0,0.01486988847583643,0.028171868666396434,0.016591827659080443
A Dananjaya,middle,Nb,0.0,269.0,0.0,0.002679114308877179,0.0003468109137705086
A Dananjaya,powerplay,0,83.0,219.0,0.3789954337899543,0.4228881521678736,0.3857742319950384
A Dananjaya,powerplay,1,63.0,219.0,0.2876712328767123,0.25764450947345025,0.28303390107698073
A Dananjaya,powerplay,2,10.0,219.0,0.045662100456621,0.04384827662845184,0.04538197322447133
A Dananjaya,powerplay,3,0.0,219.0,0.0,0.005028429611245902,0.0007765914457522629
A Dananjaya,powerplay,4,26.0,219.0,0.1187214611872146,0.15223269683107069,0.12389694159553216
A Dananjaya,powerplay,6,18.0,219.0,0.0821917808219178,0.040523771600022226,0.07575656704247448
A Dananjaya,powerplay,W,11.0,219.0,0.0502283105022831,0.03919952586446391,0.04852502329953111
A Dananjaya,powerplay,Wd,8.0,219.0,0.0365296803652968,0.03486563072990943,0.036272684282611496
A Dananjaya,powerplay,Nb,0.0,219.0,0.0,0.003769007093512122,0.0005820860376080498
A Flintoff,death,0,7.0,54.0,0.12962962962962962,0.21696977459016392,0.1667956487617719
A Flintoff,death,1,23.0,54.0,0.42592592592592593,0.37083760245901637,0.4024840861527729
A Flintoff,death,2,6.0,54.0,0.1111111111111111,0.08837090163934426,0.1014344262295082
A Flintoff,death,3,0.0,54.0,0.0,0.002651127049180328,0.0011281391698639693
A Flintoff,death,4,9.0,54.0,0.16666666666666666,0.11151383196721311,0.14319737530519708
A Flintoff,death,6,6.0,54.0,0.1111111111111111,0.07952100409836066,0.09766851238228114
A Flintoff,death,W,3.0,54.0,0.05555555555555555,0.08016137295081967,0.06602611614928497
A Flintoff,death,Wd,0.0,54.0,0.0,0.04340420081967213,0.018469872689222185
A Flintoff,death,Nb,0.0,54.0,0.0,0.006570184426229508,0.0027958231600976632
A Flintoff,middle,0,25.0,53.0,0.4716981132075472,0.2808889845966761,0.38962967079426924
A Flintoff,middle,1,19.0,53.0,0.3584905660377358,0.4414331678151601,0.3941648033613592
A Flintoff,middle,2,3.0,53.0,0.05660377358490566,0.06664217673287394,0.060921366336719976
A Flintoff,middle,3,1.0,53.0,0.018867924528301886,0.002286430887717876,0.011736099306545324
A Flintoff,middle,4,2.0,53.0,0.03773584905660377,0.08739739562221321,0.059095654031059444
A Flintoff,middle,6,1.0,53.0,0.018867924528301886,0.048281059991892986,0.03151873548038408
A Flintoff,middle,W,2.0,53.0,0.03773584905660377,0.04221980137819214,0.039664430700297695
A Flintoff,middle,Wd,0.0,53.0,0.0,0.028171868666396434,0.012116932759740401
A Flintoff,middle,Nb,0.0,53.0,0.0,0.002679114308877179,0.001152307229624593
A Flintoff,powerplay,0,35.0,73.0,0.4794520547945205,0.4228881521678736,0.4594294343957075
A Flintoff,powerplay,1,17.0,73.0,0.2328767123287671,0.25764450947345025,0.2416440741498939
A Flintoff,powerplay,2,8.0,73.0,0.1095890410958904,0.04384827662845184,0.08631797402777057
A Flintoff,powerplay,3,0.0,73.0,0.0,0.005028429611245902,0.001779975083626868
A Flintoff,powerplay,4,7.0,73.0,0.0958904109589041,0.15223269683107069,0.11583458294905156
A Flintoff,powerplay,6,2.0,73.0,0.0273972602739726,0.040523771600022226,0.03204381295576008
A Flintoff,powerplay,W,1.0,73.0,0.0136986301369863,0.03919952586446391,0.022725495881226163
A Flintoff,powerplay,Wd,3.0,73.0,0.0410958904109589,0.03486563072990943,0.038890488753950236
A Flintoff,powerplay,Nb,0.0,73.0,0.0,0.003769007093512122,0.0013341618030131407
A Mishra,death,0,127.0,520.0,0.24423076923076922,0.21696977459016392,0.24228355532786883
A Mishra,death,1,184.0,520.0,0.35384615384615387,0.37083760245901637,0.3550598287470726
A Mishra,death,2,55.0,520.0,0.10576923076923077,0.08837090163934426,0.10452649297423888
A Mishra,death,3,0.0,520.0,0.0,0.002651127049180328,0.00018936621779859484
A Mishra,death,4,40.0,520.0,0.07692307692307693,0.11151383196721311,0.07939384514051522
A Mishra,death,6,53.0,520.0,0.10192307692307692,0.07952100409836066,0.10032292886416862
A Mishra,death,W,39.0,520.0,0.075,0.08016137295081967,0.07536866949648713
A Mishra,death,Wd,17.0,520.0,0.032692307692307694,0.04340420081967213,0.03345744291569087
A Mishra,death,Nb,5.0,520.0,0.009615384615384616,0.006570184426229508,0.009397870316159249
A Mishra,middle,0,819.0,2700.0,0.30333333333333334,0.2808889845966761,0.30300567860725075
A Mishra,middle,1,1215.0,2700.0,0.45,0.4414331678151601,0.4498749367564257
A Mishra,middle,2,191.0,2700.0,0.07074074074074074,0.06664217673287394,0.07068090768953102
A Mishra,middle,3,5.0,2700.0,0.001851851851851852,0.002286430887717876,0.0018581960713535456
A Mishra,middle,4,181.0,2700.0,0.06703703703703703,0.08739739562221321,0.06733426854922939
A Mishra,middle,6,120.0,2700.0,0.044444444444444446,0.048281059991892986,0.044500453430538586
A Mishra,middle,W,121.0,2700.0,0.044814814814814814,0.04221980137819214,0.044776931406980906
A Mishra,middle,Wd,32.0,2700.0,0.011851851851851851,0.028171868666396434,0.012090100272502138
A Mishra,middle,Nb,16.0,2700.0,0.005925925925925926,0.002679114308877179,0.005878527216187988
A Mishra,powerplay,0,55.0,132.0,0.4166666666666667,0.4228881521678736,0.41811352375997063
A Mishra,powerplay,1,41.0,132.0,0.3106060606060606,0.25764450947345025,0.29828942080777915
A Mishra,powerplay,2,3.0,132.0,0.022727272727272728,0.04384827662845184,0.027639134099639962
A Mishra,powerplay,3,0.0,132.0,0.0,0.005028429611245902,0.0011694022351734655
A Mishra,powerplay,4,17.0,132.0,0.12878787878787878,0.15223269683107069,0.13424016205373737
A Mishra,powerplay,6,7.0,132.0,0.05303030303030303,0.040523771600022226,0.050121807348842376
A Mishra,powerplay,W,5.0,132.0,0.03787878787878788,0.03919952586446391,0.03818593624754975
A Mishra,powerplay,Wd,3.0,132.0,0.022727272727272728,0.03486563072990943,0.025550146681374286
A Mishra,powerplay,Nb,1.0,132.0,0.007575757575757576,0.003769007093512122,0.006690466765933051
A Nehra,death,0,108.0,603.0,0.1791044776119403,0.21696977459016392,0.18146001708181425
A Nehra,death,1,243.0,603.0,0.40298507462686567,0.37083760245901637,0.40098523187925456
A Nehra,death,2,55.0,603.0,0.0912106135986733,0.08837090163934426,0.0910339596665222
A Nehra,death,3,2.0,603.0,0.003316749585406302,0.002651127049180328,0.003275342273665961
A Nehra,death,4,67.0,603.0,0.1111111111111111,0.11151383196721311,0.11113616373046427
A Nehra,death,6,41.0,603.0,0.06799336650082918,0.07952100409836066,0.06871048237003799
A Nehra,death,W,66.0,603.0,0.10945273631840796,0.08016137295081967,0.10763056752415676
A Nehra,death,Wd,15.0,603.0,0.024875621890547265,0.04340420081967213,0.026028255105422837
A Nehra,death,Nb,6.0,603.0,0.009950248756218905,0.006570184426229508,0.009739980368661244
A Nehra,middle,0,88.0,288.0,0.3055555555555556,0.2808889845966761,0.3025474371459361
A Nehra,middle,1,123.0,288.0,0.4270833333333333,0.4414331678151601,0.42883331314819023
A Nehra,middle,2,17.0,288.0,0.059027777777777776,0.06664217673287394,0.059956363016204134
A Nehra,middle,3,0.0,288.0,0.0,0.002286430887717876,0.00027883303508754586
A Nehra,middle,4,28.0,288.0,0.09722222222222222,0.08739739562221321,0.09602407263685526
A Nehra,middle,6,9.0,288.0,0.03125,0.048281059991892986,0.0333269585355967
A Nehra,middle,W,13.0,288.0,0.04513888888888889,0.04221980137819214,0.0447829026070966
A Nehra,middle,Wd,10.0,288.0,0.034722222222222224,0.028171868666396434,0.03392339861785323
A Nehra,middle,Nb,0.0,288.0,0.0,0.002679114308877179,0.00032672125718014375
A Nehra,powerplay,0,545.0,1243.0,0.43845534995977475,0.4228881521678736,0.4379700125383593
A Nehra,powerplay,1,313.0,1243.0,0.251810136765889,0.25764450947345025,0.2519920345899751
A Nehra,powerplay,2,41.0,1243.0,0.03298471440064361,0.04384827662845184,0.03332340690969453
A Nehra,powerplay,3,6.0,1243.0,0.004827031375703942,0.005028429611245902,0.004833310354208757
A Nehra,powerplay,4,214.0,1243.0,0.17216411906677392,0.15223269683107069,0.17154271852941763
A Nehra,powerplay,6,36.0,1243.0,0.028962188254223652,0.040523771600022226,0.029322642918161255
A Nehra,powerplay,W,46.0,1243.0,0.03700724054706356,0.03919952586446391,0.0370755892709108
A Nehra,powerplay,Wd,38.0,1243.0,0.030571198712791632,0.03486563072990943,0.03070508591519593
A Nehra,powerplay,Nb,4.0,1243.0,0.003218020917135961,0.003769007093512122,0.003235198974076762
A Nel,death,0,4.0,6.0,0.6666666666666666,0.21696977459016392,0.27562589094796863
A Nel,death,1,0.0,6.0,0.0,0.37083760245901637,0.32246748039914463
A Nel,death,2,1.0,6.0,0.16666666666666666,0.08837090163934426,0.09858339272986458
A Nel,death,3,0.0,6.0,0.0,0.002651127049180328,0.002305327868852459
A Nel,death,4,0.0,6.0,0.0,0.11151383196721311,0.09696854953670705
A Nel,death,6,1.0,6.0,0.16666666666666666,0.07952100409836066,0.0908878296507484
A Nel,death,W,0.0,6.0,0.0,0.08016137295081967,0.06970554169636492
A Nel,death,Wd,0.0,6.0,0.0,0.04340420081967213,0.03774278332145403
A Nel,death,Nb,0.0,6.0,0.0,0.006570184426229508,0.005713203848895225
A Nel,middle,0,7.0,18.0,0.3888888888888889,0.2808889845966761,0.31440619627356975
A Nel,middle,1,7.0,18.0,0.3888888888888889,0.4414331678151601,0.4251263226311449
A Nel,middle,2,1.0,18.0,0.05555555555555555,0.06664217673287394,0.06320150119508547
A Nel,middle,3,0.0,18.0,0.0,0.002286430887717876,0.0015768488880812939
A Nel,middle,4,3.0,18.0,0.16666666666666666,0.08739739562221321,0.11199820387738842
A Nel,middle,6,0.0,18.0,0.0,0.048281059991892986,0.03329728275302964
A Nel,middle,W,0.0,18.0,0.0,0.04221980137819214,0.0291171043987532
A Nel,middle,Wd,0.0,18.0,0.0,0.028171868666396434,0.019428874942342366
A Nel,middle,Nb,0.0,18.0,0.0,0.002679114308877179,0.001847665040604951
A Nel,powerplay,0,3.0,14.0,0.21428571428571427,0.4228881521678736,0.3688060386428693
A Nel,powerplay,1,7.0,14.0,0.5,0.25764450947345025,0.32047741442477795
A Nel,powerplay,2,1.0,14.0,0.07142857142857142,0.04384827662845184,0.050998723428482835
A Nel,powerplay,3,0.0,14.0,0.0,0.005028429611245902,0.0037247626749969645
A Nel,powerplay,4,1.0,14.0,0.07142857142857142,0.15223269683107069,0.13128347913412644
A Nel,powerplay,6,1.0,14.0,0.07142857142857142,0.040523771600022226,0.04853612711112758
A Nel,powerplay,W,1.0,14.0,0.07142857142857142,0.03919952586446391,0.04755520434404734
A Nel,powerplay,Wd,0.0,14.0,0.0,0.03486563072990943,0.02582639313326625
A Nel,powerplay,Nb,0.0,14.0,0.0,0.003769007093512122,0.002791857106305276
A Nortje,death,0,158.0,627.0,0.25199362041467305,0.21696977459016392,0.2498932398554821
A Nortje,death,1,224.0,627.0,0.3572567783094099,0.37083760245901637,0.35807122053727236
A Nortje,death,2,42.0,627.0,0.06698564593301436,0.08837090163934426,0.06826812003834148
A Nortje,death,3,2.0,627.0,0.003189792663476874,0.002651127049180328,0.003157488878511564
A Nortje,death,4,79.0,627.0,0.12599681020733652,0.11151383196721311,0.12512826578514022
A Nortje,death,6,52.0,627.0,0.08293460925039872,0.07952100409836066,0.08272989529825252
A Nortje,death,W,43.0,627.0,0.0685805422647528,0.08016137295081967,0.06927504485462188
A Nortje,death,Wd,25.0,627.0,0.03987240829346093,0.04340420081967213,0.04008420994420822
A Nortje,death,Nb,2.0,627.0,0.003189792663476874,0.006570184426229508,0.003392514808169686
A Nortje,middle,0,173.0,488.0,0.35450819672131145,0.2808889845966761,0.3489309836815664
A Nortje,middle,1,185.0,488.0,0.3790983606557377,0.4414331678151601,0.3838206945314515
A Nortje,middle,2,25.0,488.0,0.05122950819672131,0.06664217673287394,0.052397134600975295
A Nortje,middle,3,0.0,488.0,0.0,0.002286430887717876,0.00017321446119074817
A Nortje,middle,4,44.0,488.0,0.09016393442622951,0.08739739562221321,0.08995434815319797
A Nortje,middle,6,26.0,488.0,0.05327868852459016,0.048281059991892986,0.05290008030241613
A Nortje,middle,W,21.0,488.0,0.0430327868852459,0.04221980137819214,0.04297119707410546
A Nortje,middle,Wd,13.0,488.0,0.02663934426229508,0.028171868666396434,0.026755444595939124
A Nortje,middle,Nb,1.0,488.0,0.0020491803278688526,0.002679114308877179,0.002096902599157362
A Nortje,powerplay,0,286.0,645.0,0.4434108527131783,0.4228881521678736,0.44221244684191957
A Nortje,powerplay,1,152.0,645.0,0.23565891472868217,0.25764450947345025,0.23694274507874163
A Nortje,powerplay,2,28.0,645.0,0.043410852713178294,0.04384827662845184,0.043436395715530034
A Nortje,powerplay,3,4.0,645.0,0.006201550387596899,0.005028429611245902,0.006133046984598301
A Nortje,powerplay,4,100.0,645.0,0.15503875968992248,0.15223269683107069,0.15487490200473406
A Nortje,powerplay,6,27.0,645.0,0.04186046511627907,0.040523771600022226,0.04178241002043925
A Nortje,powerplay,W,31.0,645.0,0.04806201550387597,0.03919952586446391,0.04754449786069863
A Nortje,powerplay,Wd,12.0,645.0,0.018604651162790697,0.03486563072990943,0.019554197414885222
A Nortje,powerplay,Nb,5.0,645.0,0.007751937984496124,0.003769007093512122,0.007519358078453263
A Symonds,death,0,20.0,113.0,0.17699115044247787,0.21696977459016392,0.18744307832422585
A Symonds,death,1,40.0,113.0,0.35398230088495575,0.37083760245901637,0.35838891567555986
A Symonds,death,2,10.0,113.0,0.08849557522123894,0.08837090163934426,0.0884629808207436
A Symonds,death,3,0.0,113.0,0.0,0.002651127049180328,0.0006931051108968177
A Symonds,death,4,15.0,113.0,0.13274336283185842,0.11151383196721311,0.12719315868423872
A Symonds,death,6,18.0,113.0,0.1592920353982301,0.07952100409836066,0.1384368638165649
A Symonds,death,W,8.0,113.0,0.07079646017699115,0.08016137295081967,0.07324480338583521
A Symonds,death,Wd,2.0,113.0,0.017699115044247787,0.04340420081967213,0.024419398907103824
A Symonds,death,Nb,0.0,113.0,0.0,0.006570184426229508,0.0017176952748312441
A Symonds,middle,0,100.0,370.0,0.2702702702702703,0.2808889845966761,0.2713062423996757
A Symonds,middle,1,175.0,370.0,0.47297297297297297,0.4414331678151601,0.4698959188112351
A Symonds,middle,2,22.0,370.0,0.05945945945945946,0.06664217673287394,0.06016021236418282
A Symonds,middle,3,1.0,370.0,0.002702702702702703,0.002286430887717876,0.0026620908183139394
A Symonds,middle,4,32.0,370.0,0.08648648648648649,0.08739739562221321,0.08657535567045982
A Symonds,middle,6,19.0,370.0,0.051351351351351354,0.048281059991892986,0.051051810730916386
A Symonds,middle,W,13.0,370.0,0.03513513513513514,0.04221980137819214,0.03582632208567728
A Symonds,middle,Wd,7.0,370.0,0.01891891891891892,0.028171868666396434,0.019821645723550874
A Symonds,middle,Nb,1.0,370.0,0.002702702702702703,0.002679114308877179,0.0027004013959880174
A Symonds,powerplay,0,57.0,109.0,0.5229357798165137,0.4228881521678736,0.4960773562866775
A Symonds,powerplay,1,27.0,109.0,0.24770642201834864,0.25764450947345025,0.25037436495931553
A Symonds,powerplay,2,5.0,109.0,0.045871559633027525,0.04384827662845184,0.04532839641032264
A Symonds,powerplay,3,0.0,109.0,0.0,0.005028429611245902,0.0013499139895962154
A Symonds,powerplay,4,10.0,109.0,0.09174311926605505,0.15223269683107069,0.10798193203518676
A Symonds,powerplay,6,2.0,109.0,0.01834862385321101,0.040523771600022226,0.02430168365101268
A Symonds,powerplay,W,4.0,109.0,0.03669724770642202,0.03919952586446391,0.03736900023207085
A Symonds,powerplay,Wd,4.0,109.0,0.03669724770642202,0.03486563072990943,0.03620553845098239
A Symonds,powerplay,Nb,0.0,109.0,0.0,0.003769007093512122,0.0010118139848354691
A Zampa,death,0,59.0,313.0,0.18849840255591055,0.21696977459016392,0.19172462035016022
A Zampa,death,1,124.0,313.0,0.3961661341853035,0.37083760245901637,0.39329604560442116
A Zampa,death,2,23.0,313.0,0.07348242811501597,0.08837090163934426,0.07516950726791437
A Zampa,death,3,1.0,313.0,0.003194888178913738,0.002651127049180328,0.003133272186875958
A Zampa,death,4,32.0,313.0,0.10223642172523961,0.11151383196721311,0.10328768634189384
A Zampa,death,6,33.0,313.0,0.10543130990415335,0.07952100409836066,0.1024952979148284
A Zampa,death,W,35.0,313.0,0.11182108626198083,0.08016137295081967,0.10823358333720337
A Zampa,death,Wd,6.0,313.0,0.019169329073482427,0.04340420081967213,0.02191549017786653
A Zampa,death,Nb,0.0,313.0,0.0,0.006570184426229508,0.0007444968188362049
A Zampa,middle,0,407.0,1533.0,0.2654924983692107,0.2808889845966761,0.2658840174086885
A Zampa,middle,1,724.0,1533.0,0.47227658186562294,0.4414331678151601,0.47149226110146625
A Zampa,middle,2,101.0,1533.0,0.06588388780169602,0.06664217673287394,0.06590317041914492
A Zampa,middle,3,6.0,1533.0,0.003913894324853229,0.002286430887717876,0.0038725093677741355
A Zampa,middle,4,102.0,1533.0,0.06653620352250489,0.08739739562221321,0.06706668520336206
A Zampa,middle,6,97.0,1533.0,0.06327462491846053,0.048281059991892986,0.06289335181161838
A Zampa,middle,W,66.0,1533.0,0.043052837573385516,0.04221980137819214,0.04303165419906401
A Zampa,middle,Wd,28.0,1533.0,0.0182648401826484,0.028171868666396434,0.018516767162527564
A Zampa,middle,Nb,2.0,1533.0,0.001304631441617743,0.002679114308877179,0.001339583326354156
A Zampa,powerplay,0,43.0,133.0,0.3233082706766917,0.4228881521678736,0.34633252073245635
A Zampa,powerplay,1,51.0,133.0,0.38345864661654133,0.25764450947345025,0.35436867271062433
A Zampa,powerplay,2,4.0,133.0,0.03007518796992481,0.04384827662845184,0.03325971713952643
A Zampa,powerplay,3,0.0,133.0,0.0,0.005028429611245902,0.0011626426846811334
A Zampa,powerplay,4,19.0,133.0,0.14285714285714285,0.15223269683107069,0.14502490100140364
A Zampa,powerplay,6,7.0,133.0,0.05263157894736842,0.040523771600022226,0.04983208591908028
A Zampa,powerplay,W,8.0,133.0,0.06015037593984962,0.03919952586446391,0.055306248754789344
A Zampa,powerplay,Wd,1.0,133.0,0.007518796992481203,0.03486563072990943,0.013841764330614898
A Zampa,powerplay,Nb,0.0,133.0,0.0,0.003769007093512122,0.000871446726823612
AA Noffke,death,0,4.0,18.0,0.2222222222222222,0.21696977459016392,0.21859984454494064
AA Noffke,death,1,9.0,18.0,0.5,0.37083760245901637,0.4109224844544941
AA Noffke,death,2,2.0,18.0,0.1111111111111111,0.08837090163934426,0.09542820802713398
AA Noffke,death,3,1.0,18.0,0.05555555555555555,0.002651127049180328,0.019069742792538157
AA Noffke,death,4,1.0,18.0,0.05555555555555555,0.11151383196721311,0.09414747032221595
AA Noffke,death,6,0.0,18.0,0.0,0.07952100409836066,0.05484207179197287
AA Noffke,death,W,1.0,18.0,0.05555555555555555,0.08016137295081967,0.07252508479366873
AA Noffke,death,Wd,0.0,18.0,0.0,0.04340420081967213,0.029933931599773887
AA Noffke,death,Nb,0.0,18.0,0.0,0.006570184426229508,0.00453116167326173
AA Noffke,middle,0,7.0,25.0,0.28,0.2808889845966761,0.2805470674441084
AA Noffke,middle,1,13.0,25.0,0.52,0.4414331678151601,0.4716511801939447
AA Noffke,middle,2,2.0,25.0,0.08,0.06664217673287394,0.07177980106638396
AA Noffke,middle,3,0.0,25.0,0.0,0.002286430887717876,0.0014070343924417698
AA Noffke,middle,4,1.0,25.0,0.04,0.08739739562221321,0.06916762807520813
AA Noffke,middle,6,0.0,25.0,0.0,0.048281059991892986,0.029711421533472605
AA Noffke,middle,W,2.0,25.0,0.08,0.04221980137819214,0.056750647001964395
AA Noffke,middle,Wd,0.0,25.0,0.0,0.028171868666396434,0.017336534563936266
AA Noffke,middle,Nb,0.0,25.0,0.0,0.002679114308877179,0.0016486857285398023
AA Noffke,powerplay,0,3.0,13.0,0.23076923076923078,0.4228881521678736,0.375764643145565
AA Noffke,powerplay,1,5.0,13.0,0.38461538461538464,0.25764450947345025,0.2887883090365662
AA Noffke,powerplay,2,0.0,13.0,0.0,0.04384827662845184,0.033093038964869315
AA Noffke,powerplay,3,0.0,13.0,0.0,0.005028429611245902,0.003795041216034643
AA Noffke,powerplay,4,2.0,13.0,0.15384615384615385,0.15223269683107069,0.15262845043854392
AA Noffke,powerplay,6,2.0,13.0,0.15384615384615385,0.040523771600022226,0.06831982762265829
AA Noffke,powerplay,W,0.0,13.0,0.0,0.03919952586446391,0.029584547822236913
AA Noffke,powerplay,Wd,1.0,13.0,0.07692307692307693,0.03486563072990943,0.045181608098044855
AA Noffke,powerplay,Nb,0.0,13.0,0.0,0.003769007093512122,0.002844533655480847
AB Agarkar,death,0,34.0,189.0,0.17989417989417988,0.21696977459016392,0.18637026630395878
AB Agarkar,death,1,81.0,189.0,0.42857142857142855,0.37083760245901637,0.41848691746009015
AB Agarkar,death,2,16.0,189.0,0.08465608465608465,0.08837090163934426,0.0853049609850383
AB Agarkar,death,3,2.0,189.0,0.010582010582010581,0.002651127049180328,0.009196703414703987
AB Agarkar,death,4,26.0,189.0,0.13756613756613756,0.11151383196721311,0.13301551650082324
AB Agarkar,death,6,14.0,189.0,0.07407407407407407,0.07952100409836066,0.07502550289927697
AB Agarkar,death,W,7.0,189.0,0.037037037037037035,0.08016137295081967,0.04456967213114754
AB Agarkar,death,Wd,8.0,189.0,0.042328042328042326,0.04340420081967213,0.04251601761042308
AB Agarkar,death,Nb,1.0,189.0,0.005291005291005291,0.006570184426229508,0.005514442694537905
AB Agarkar,middle,0,126.0,424.0,0.2971698113207547,0.2808889845966761,0.2957662917755755
AB Agarkar,middle,1,174.0,424.0,0.41037735849056606,0.4414331678151601,0.41305458343234136
AB Agarkar,middle,2,28.0,424.0,0.0660377358490566,0.06664217673287394,0.06608984282179947
AB Agarkar,middle,3,3.0,424.0,0.007075471698113208,0.002286430887717876,0.006662623352389472
AB Agarkar,middle,4,49.0,424.0,0.11556603773584906,0.08739739562221321,0.1131377065191563
AB Agarkar,middle,6,13.0,424.0,0.030660377358490566,0.048281059991892986,0.03217940172343905
AB Agarkar,middle,W,16.0,424.0,0.03773584905660377,0.04221980137819214,0.038122396670533805
AB Agarkar,middle,Wd,14.0,424.0,0.0330188679245283,0.028171868666396434,0.03260102316089625
AB Agarkar,middle,Nb,1.0,424.0,0.0023584905660377358,0.002679114308877179,0.0023861305438687224
AB Agarkar,powerplay,0,72.0,169.0,0.4260355029585799,0.4228881521678736,0.42543313917088493
AB Agarkar,powerplay,1,38.0,169.0,0.22485207100591717,0.25764450947345025,0.2311281357843924
AB Agarkar,powerplay,2,1.0,169.0,0.005917159763313609,0.04384827662845184,0.01317670366094772
AB Agarkar,powerplay,3,0.0,169.0,0.0,0.005028429611245902,0.0009623788729657229
AB Agarkar,powerplay,4,30.0,169.0,0.17751479289940827,0.15223269683107069,0.17267611422604226
AB Agarkar,powerplay,6,11.0,169.0,0.0650887573964497,0.040523771600022226,0.06038732470813823
AB Agarkar,powerplay,W,6.0,169.0,0.03550295857988166,0.03919952586446391,0.036210435572146205
AB Agarkar,powerplay,Wd,11.0,169.0,0.0650887573964497,0.03486563072990943,0.059304426933953956
AB Agarkar,powerplay,Nb,0.0,169.0,0.0,0.003769007093512122,0.0007213410705286358
AB Dinda,death,0,90.0,450.0,0.2,0.21696977459016392,0.20138528772164604
AB Dinda,death,1,157.0,450.0,0.3488888888888889,0.37083760245901637,0.3506806206088993
AB Dinda,death,2,40.0,450.0,0.08888888888888889,0.08837090163934426,0.08884660421545668
AB Dinda,death,3,0.0,450.0,0.0,0.002651127049180328,0.00021641853462696554
AB Dinda,death,4,71.0,450.0,0.15777777777777777,0.11151383196721311,0.15400112914018066
AB Dinda,death,6,40.0,450.0,0.08888888888888889,0.07952100409836066,0.08812416359986618
AB Dinda,death,W,36.0,450.0,0.08,0.08016137295081967,0.08001317330210773
AB Dinda,death,Wd,13.0,450.0,0.028888888888888888,0.04340420081967213,0.03007381231180997
AB Dinda,death,Nb,3.0,450.0,0.006666666666666667,0.006570184426229508,0.00665879056540649
AB Dinda,middle,0,89.0,287.0,0.31010452961672474,0.2808889845966761,0.30653076264179524
AB Dinda,middle,1,119.0,287.0,0.4146341463414634,0.4414331678151601,0.41791231410582996
AB Dinda,middle,2,27.0,287.0,0.09407665505226481,0.06664217673287394,0.0907207555636543
AB Dinda,middle,3,1.0,287.0,0.003484320557491289,0.002286430887717876,0.003337789711035826
AB Dinda,middle,4,26.0,287.0,0.09059233449477352,0.08739739562221321,0.09020151628406278
AB Dinda,middle,6,4.0,287.0,0.013937282229965157,0.048281059991892986,0.01813835596231107
AB Dinda,middle,W,12.0,287.0,0.041811846689895474,0.04221980137819214,0.0418617494040602
AB Dinda,middle,Wd,5.0,287.0,0.017421602787456445,0.028171868666396434,0.018736620020354304
AB Dinda,middle,Nb,4.0,287.0,0.013937282229965157,0.002679114308877179,0.012560136306896291
AB Dinda,powerplay,0,333.0,760.0,0.4381578947368421,0.4228881521678736,0.43739440760839365
AB Dinda,powerplay,1,179.0,760.0,0.2355263157894737,0.25764450947345025,0.23663222547367252
AB Dinda,powerplay,2,39.0,760.0,0.05131578947368421,0.04384827662845184,0.050942413831422596
AB Dinda,powerplay,3,4.0,760.0,0.005263157894736842,0.005028429611245902,0.005251421480562295
AB Dinda,powerplay,4,127.0,760.0,0.16710526315789473,0.15223269683107069,0.16636163484155353
AB Dinda,powerplay,6,11.0,760.0,0.014473684210526316,0.040523771600022226,0.015776188580001113
AB Dinda,powerplay,W,27.0,760.0,0.035526315789473684,0.03919952586446391,0.03570997629322319
AB Dinda,powerplay,Wd,34.0,760.0,0.04473684210526316,0.03486563072990943,0.044243281536495475
AB Dinda,powerplay,Nb,6.0,760.0,0.007894736842105263,0.003769007093512122,0.007688450354675607
AC Gilchrist,death,0,0.0,1.0,0.0,0.21696977459016392,0.21167782886845263
AC Gilchrist,death,1,0.0,1.0,0.0,0.37083760245901637,0.36179278288684524
AC Gilchrist,death,2,0.0,1.0,0.0,0.08837090163934426,0.0862155137944822
AC Gilchrist,death,3,0.0,1.0,0.0,0.002651127049180328,0.0025864654138344663
AC Gilchrist,death,4,0.0,1.0,0.0,0.11151383196721311,0.10879398240703719
AC Gilchrist,death,6,0.0,1.0,0.0,0.07952100409836066,0.07758146741303479
AC Gilchrist,death,W,1.0,1.0,1.0,0.08016137295081967,0.10259646141543383
AC Gilchrist,death,Wd,0.0,1.0,0.0,0.04340420081967213,0.042345561775289885
AC Gilchrist,death,Nb,0.0,1.0,0.0,0.006570184426229508,0.0064099360255897644
AC Voges,death,0,4.0,12.0,0.3333333333333333,0.21696977459016392,0.24382290353089534
AC Voges,death,1,6.0,12.0,0.5,0.37083760245901637,0.40064430958385877
AC Voges,death,2,0.0,12.0,0.0,0.08837090163934426,0.06797761664564943
AC Voges,death,3,0.0,12.0,0.0,0.002651127049180328,0.002039328499369483
AC Voges,death,4,0.0,12.0,0.0,0.11151383196721311,0.08577987074401008
AC Voges,death,6,0.0,12.0,0.0,0.07952100409836066,0.061170003152585126
AC Voges,death,W,2.0,12.0,0.16666666666666666,0.08016137295081967,0.10012413303909205
AC Voges,death,Wd,0.0,12.0,0.0,0.04340420081967213,0.03338784678436318
AC Voges,death,Nb,0.0,12.0,0.0,0.006570184426229508,0.005053988020176545
AC Voges,middle,0,6.0,30.0,0.2,0.2808889845966761,0.24622227691238635
AC Voges,middle,1,20.0,30.0,0.6666666666666666,0.4414331678151601,0.5379618101800915
AC Voges,middle,2,1.0,30.0,0.03333333333333333,0.06664217673287394,0.05236695813307082
AC Voges,middle,3,0.0,30.0,0.0,0.002286430887717876,0.0013065319358387863
AC Voges,middle,4,1.0,30.0,0.03333333333333333,0.08739739562221321,0.06422708321269326
AC Voges,middle,6,1.0,30.0,0.03333333333333333,0.048281059991892986,0.04187489142393885
AC Voges,middle,W,1.0,30.0,0.03333333333333333,0.04221980137819214,0.038411315073252655
AC Voges,middle,Wd,0.0,30.0,0.0,0.028171868666396434,0.016098210666512246
AC Voges,middle,Nb,0.0,30.0,0.0,0.002679114308877179,0.0015309224622155307
AC Voges,powerplay,0,5.0,13.0,0.38461538461538464,0.4228881521678736,0.4135004922021688
AC Voges,powerplay,1,1.0,13.0,0.07692307692307693,0.25764450947345025,0.21331661092335868
AC Voges,powerplay,2,0.0,13.0,0.0,0.04384827662845184,0.033093038964869315
AC Voges,powerplay,3,0.0,13.0,0.0,0.005028429611245902,0.003795041216034643
AC Voges,powerplay,4,6.0,13.0,0.46153846153846156,0.15223269683107069,0.22810014855175145
AC Voges,powerplay,6,0.0,13.0,0.0,0.040523771600022226,0.030583978566054514
AC Voges,powerplay,W,0.0,13.0,0.0,0.03919952586446391,0.029584547822236913
AC Voges,powerplay,Wd,1.0,13.0,0.07692307692307693,0.03486563072990943,0.045181608098044855
AC Voges,powerplay,Nb,0.0,13.0,0.0,0.003769007093512122,0.002844533655480847
AD Mascarenhas,death,0,2.0,25.0,0.08,0.21696977459016392,0.1642890920554855
AD Mascarenhas,death,1,10.0,25.0,0.4,0.37083760245901637,0.38205390920554855
AD Mascarenhas,death,2,6.0,25.0,0.24,0.08837090163934426,0.14668978562421187
AD Mascarenhas,death,3,0.0,25.0,0.0,0.002651127049180328,0.0016314627994955865
AD Mascarenhas,death,4,1.0,25.0,0.04,0.11151383196721311,0.08400851197982345
AD Mascarenhas,death,6,2.0,25.0,0.08,0.07952100409836066,0.07970523329129887
AD Mascarenhas,death,W,3.0,25.0,0.12,0.08016137295081967,0.09548392181588902
AD Mascarenhas,death,Wd,1.0,25.0,0.04,0.04340420081967213,0.042094892812105926
AD Mascarenhas,death,Nb,0.0,25.0,0.0,0.006570184426229508,0.0040431904161412355
AD Mascarenhas,middle,0,83.0,247.0,0.3360323886639676,0.2808889845966761,0.3283468968078991
AD Mascarenhas,middle,1,106.0,247.0,0.4291497975708502,0.4414331678151601,0.43086176554915123
AD Mascarenhas,middle,2,18.0,247.0,0.0728744939271255,0.06664217673287394,0.07200587829029602
AD Mascarenhas,middle,3,1.0,247.0,0.004048582995951417,0.002286430887717876,0.0038029868833056274
AD Mascarenhas,middle,4,18.0,247.0,0.0728744939271255,0.08739739562221321,0.07489859172435027
AD Mascarenhas,middle,6,10.0,247.0,0.04048582995951417,0.048281059991892986,0.04157227316960181
AD Mascarenhas,middle,W,10.0,247.0,0.04048582995951417,0.04221980137819214,0.040727498449922246
AD Mascarenhas,middle,Wd,1.0,247.0,0.004048582995951417,0.028171868666396434,0.00741071340298208
AD Mascarenhas,middle,Nb,0.0,247.0,0.0,0.002679114308877179,0.00037339572249159286
AD Mascarenhas,powerplay,0,79.0,170.0,0.4647058823529412,0.4228881521678736,0.4567406004129283
AD Mascarenhas,powerplay,1,36.0,170.0,0.21176470588235294,0.25764450947345025,0.220503716090181
AD Mascarenhas,powerplay,2,11.0,170.0,0.06470588235294118,0.04384827662845184,0.060733005072086066
AD Mascarenhas,powerplay,3,2.0,170.0,0.011764705882352941,0.005028429611245902,0.010481605640237314
AD Mascarenhas,powerplay,4,24.0,170.0,0.1411764705882353,0.15223269683107069,0.14328241844401346
AD Mascarenhas,powerplay,6,6.0,170.0,0.03529411764705882,0.040523771600022226,0.03629024220952804
AD Mascarenhas,powerplay,W,12.0,170.0,0.07058823529411765,0.03919952586446391,0.06460943349799313
AD Mascarenhas,powerplay,Wd,0.0,170.0,0.0,0.03486563072990943,0.00664107251998275
AD Mascarenhas,powerplay,Nb,0.0,170.0,0.0,0.003769007093512122,0.0007179061130499281
AD Mathews,death,0,26.0,153.0,0.16993464052287582,0.21696977459016392,0.1796828548373397
AD Mathews,death,1,73.0,153.0,0.477124183006536,0.37083760245901637,0.45509587615730906
AD Mathews,death,2,17.0,153.0,0.1111111111111111,0.08837090163934426,0.10639811432939777
AD Mathews,death,3,0.0,153.0,0.0,0.002651127049180328,0.0005494563832498089
AD Mathews,death,4,16.0,153.0,0.10457516339869281,0.11151383196721311,0.10601322942325661
AD Mathews,death,6,9.0,153.0,0.058823529411764705,0.07952100409836066,0.06311316147116283
AD Mathews,death,W,11.0,153.0,0.0718954248366013,0.08016137295081967,0.07360857470483309
AD Mathews,death,Wd,0.0,153.0,0.0,0.04340420081967213,0.00899568928905122
AD Mathews,death,Nb,1.0,153.0,0.006535947712418301,0.006570184426229508,0.006543043404399898
AD Mathews,middle,0,220.0,828.0,0.26570048309178745,0.2808889845966761,0.26640041403671316
AD Mathews,middle,1,375.0,828.0,0.4528985507246377,0.4414331678151601,0.4523701920652147
AD Mathews,middle,2,72.0,828.0,0.08695652173913043,0.06664217673287394,0.08602037680796654
AD Mathews,middle,3,0.0,828.0,0.0,0.002286430887717876,0.00010536547869667631
AD Mathews,middle,4,91.0,828.0,0.10990338164251208,0.08739739562221321,0.10886623942959509
AD Mathews,middle,6,32.0,828.0,0.03864734299516908,0.048281059991892986,0.03909129308718401
AD Mathews,middle,W,19.0,828.0,0.022946859903381644,0.04221980137819214,0.02383501388839595
AD Mathews,middle,Wd,17.0,828.0,0.020531400966183576,0.028171868666396434,0.02088349625190767
AD Mathews,middle,Nb,2.0,828.0,0.0024154589371980675,0.002679114308877179,0.0024276089543261376
AD Mathews,powerplay,0,244.0,513.0,0.4756335282651072,0.4228881521678736,0.4718183111875496
AD Mathews,powerplay,1,129.0,513.0,0.25146198830409355,0.25764450947345025,0.25190918694202175
AD Mathews,powerplay,2,20.0,513.0,0.03898635477582846,0.04384827662845184,0.03933803085920085
AD Mathews,powerplay,3,7.0,513.0,0.01364522417153996,0.005028429611245902,0.013021947892314352
AD Mathews,powerplay,4,73.0,513.0,0.14230019493177387,0.15223269683107069,0.14301863991544816
AD Mathews,powerplay,6,12.0,513.0,0.023391812865497075,0.040523771600022226,0.024631014220616435
AD Mathews,powerplay,W,21.0,513.0,0.04093567251461988,0.03919952586446391,0.040810092286760496
AD Mathews,powerplay,Wd,7.0,513.0,0.01364522417153996,0.03486563072990943,0.015180154121512435
AD Mathews,powerplay,Nb,0.0,513.0,0.0,0.003769007093512122,0.00027262257457592203
AD Russell,death,0,190.0,817.0,0.23255813953488372,0.21696977459016392,0.23183056124108115
AD Russell,death,1,266.0,817.0,0.32558139534883723,0.37083760245901637,0.32769370373204276
AD Russell,death,2,70.0,817.0,0.08567931456548347,0.08837090163934426,0.08580494290031945
AD Russell,death,3,2.0,817.0,0.0024479804161566705,0.002651127049180328,0.002457462172657191
AD Russell,death,4,110.0,817.0,0.1346389228886169,0.11151383196721311,0.13355957208715113
AD Russell,death,6,80.0,817.0,0.09791921664626684,0.07952100409836066,0.09706049027296898
AD Russell,death,W,63.0,817.0,0.07711138310893513,0.08016137295081967,0.07725373969432064
AD Russell,death,Wd,30.0,817.0,0.03671970624235006,0.04340420081967213,0.037031701321805
AD Russell,death,Nb,6.0,817.0,0.0073439412484700125,0.006570184426229508,0.007307826577653652
AD Russell,middle,0,301.0,1179.0,0.2553011026293469,0.2808889845966761,0.2561407378046489
AD Russell,middle,1,457.0,1179.0,0.38761662425784565,0.4414331678151601,0.38938254857473864
AD Russell,middle,2,88.0,1179.0,0.07463952502120441,0.06664217673287394,0.07437710177958569
AD Russell,middle,3,0.0,1179.0,0.0,0.002286430887717876,7.502644422372029e-05
AD Russell,middle,4,147.0,1179.0,0.12468193384223919,0.08739739562221321,0.12345848714100781
AD Russell,middle,6,78.0,1179.0,0.06615776081424936,0.048281059991892986,0.06557115865436892
AD Russell,middle,W,64.0,1179.0,0.0542832909245123,0.04221980137819214,0.0538874422109333
AD Russell,middle,Wd,41.0,1179.0,0.03477523324851569,0.028171868666396434,0.034558551884049105
AD Russell,middle,Nb,3.0,1179.0,0.002544529262086514,0.002679114308877179,0.002548945506443878
AD Russell,powerplay,0,249.0,682.0,0.3651026392961877,0.4228881521678736,0.3683040527516827
AD Russell,powerplay,1,193.0,682.0,0.2829912023460411,0.25764450947345025,0.28158695343343215
AD Russell,powerplay,2,23.0,682.0,0.03372434017595308,0.04384827662845184,0.034285223081908685
AD Russell,powerplay,3,7.0,682.0,0.010263929618768328,0.005028429611245902,0.009973874216689523
AD Russell,powerplay,4,106.0,682.0,0.15542521994134897,0.15223269683107069,0.15524834885490696
AD Russell,powerplay,6,41.0,682.0,0.060117302052785926,0.040523771600022226,0.05903178790027824
AD Russell,powerplay,W,32.0,682.0,0.0469208211143695,0.03919952586446391,0.04649304852434703
AD Russell,powerplay,Wd,24.0,682.0,0.03519061583577713,0.03486563072990943,0.03517261112077061
AD Russell,powerplay,Nb,7.0,682.0,0.010263929618768328,0.003769007093512122,0.009904100115984051
AF Milne,death,0,46.0,199.0,0.23115577889447236,0.21696977459016392,0.22878155223266344
AF Milne,death,1,71.0,199.0,0.35678391959798994,0.37083760245901637,0.35913600041155086
AF Milne,death,2,25.0,199.0,0.12562814070351758,0.08837090163934426,0.11939261952122916
AF Milne,death,3,1.0,199.0,0.005025125628140704,0.002651127049180328,0.004627803690239385
AF Milne,death,4,22.0,199.0,0.11055276381909548,0.11151383196721311,0.11071361204472187
AF Milne,death,6,13.0,199.0,0.06532663316582915,0.07952100409836066,0.06770226010014405
AF Milne,death,W,13.0,199.0,0.06532663316582915,0.08016137295081967,0.06780943480348446
AF Milne,death,Wd,7.0,199.0,0.035175879396984924,0.04340420081967213,0.03655300432128404
AF Milne,death,Nb,1.0,199.0,0.005025125628140704,0.006570184426229508,0.005283712874682763
AF Milne,middle,0,73.0,241.0,0.3029045643153527,0.2808889845966761,0.29977067396393964
AF Milne,middle,1,92.0,241.0,0.3817427385892116,0.4414331678151601,0.3902395968420157
AF Milne,middle,2,12.0,241.0,0.04979253112033195,0.06664217673287394,0.05219105718617423
AF Milne,middle,3,1.0,241.0,0.004149377593360996,0.002286430887717876,0.0038841894502089505
AF Milne,middle,4,32.0,241.0,0.13278008298755187,0.08739739562221321,0.12631991396757483
AF Milne,middle,6,10.0,241.0,0.04149377593360996,0.048281059991892986,0.04245993736539402
AF Milne,middle,W,7.0,241.0,0.029045643153526972,0.04221980137819214,0.030920968167714183
AF Milne,middle,Wd,12.0,241.0,0.04979253112033195,0.028171868666396434,0.046714856749664975
AF Milne,middle,Nb,2.0,241.0,0.008298755186721992,0.002679114308877179,0.007498806307313478
AF Milne,powerplay,0,158.0,380.0,0.41578947368421054,0.4228881521678736,0.41646553830170224
AF Milne,powerplay,1,93.0,380.0,0.24473684210526317,0.25764450947345025,0.24596614375937623
AF Milne,powerplay,2,13.0,380.0,0.034210526315789476,0.04384827662845184,0.0351284072979478
AF Milne,powerplay,3,3.0,380.0,0.007894736842105263,0.005028429611245902,0.007621755201071038
AF Milne,powerplay,4,68.0,380.0,0.17894736842105263,0.15223269683107069,0.1764031139839115
AF Milne,powerplay,6,18.0,380.0,0.04736842105263158,0.040523771600022226,0.04671654967619259
AF Milne,powerplay,W,12.0,380.0,0.031578947368421054,0.03919952586446391,0.03230471674899656
AF Milne,powerplay,Wd,14.0,380.0,0.03684210526315789,0.03486563072990943,0.03665386959332471
AF Milne,powerplay,Nb,1.0,380.0,0.002631578947368421,0.003769007093512122,0.002739905437477345
AJ Finch,death,0,4.0,6.0,0.6666666666666666,0.21696977459016392,0.27562589094796863
AJ Finch,death,1,1.0,6.0,0.16666666666666666,0.37083760245901637,0.3442066108339273
AJ Finch,death,2,0.0,6.0,0.0,0.08837090163934426,0.07684426229508197
AJ Finch,death,3,0.0,6.0,0.0,0.002651127049180328,0.002305327868852459
AJ Finch,death,4,1.0,6.0,0.16666666666666666,0.11151383196721311,0.11870767997148966
AJ Finch,death,6,0.0,6.0,0.0,0.07952100409836066,0.0691486992159658
AJ Finch,death,W,0.0,6.0,0.0,0.08016137295081967,0.06970554169636492
AJ Finch,death,Wd,0.0,6.0,0.0,0.04340420081967213,0.03774278332145403
AJ Finch,death,Nb,0.0,6.0,0.0,0.006570184426229508,0.005713203848895225
AJ Finch,middle,0,5.0,33.0,0.15151515151515152,0.2808889845966761,0.22240492306667184
AJ Finch,middle,1,15.0,33.0,0.45454545454545453,0.4414331678151601,0.4473606398987179
AJ Finch,middle,2,2.0,33.0,0.06060606060606061,0.06664217673287394,0.06391352149746517
AJ Finch,middle,3,0.0,33.0,0.0,0.002286430887717876,0.0012528388425851376
AJ Finch,middle,4,5.0,33.0,0.15151515151515152,0.08739739562221321,0.11638213458751408
AJ Finch,middle,6,4.0,33.0,0.12121212121212122,0.048281059991892986,0.08124989588596876
AJ Finch,middle,W,1.0,33.0,0.030303030303030304,0.04221980137819214,0.03683276787846145
AJ Finch,middle,Wd,1.0,33.0,0.030303030303030304,0.028171868666396434,0.02913527050213503
AJ Finch,middle,Nb,0.0,33.0,0.0,0.002679114308877179,0.001468007840480646
AJ Finch,powerplay,0,4.0,6.0,0.6666666666666666,0.4228881521678736,0.45468534971119445
AJ Finch,powerplay,1,1.0,6.0,0.16666666666666666,0.25764450947345025,0.24577783432473935
AJ Finch,powerplay,2,1.0,6.0,0.16666666666666666,0.04384827662845184,0.05986806663343638
AJ Finch,powerplay,3,0.0,6.0,0.0,0.005028429611245902,0.004372547488039915
AJ Finch,powerplay,4,0.0,6.0,0.0,0.15223269683107069,0.1323762581139745
AJ Finch,powerplay,6,0.0,6.0,0.0,0.040523771600022226,0.035238062260888894
AJ Finch,powerplay,W,0.0,6.0,0.0,0.03919952586446391,0.03408654422996862
AJ Finch,powerplay,Wd,0.0,6.0,0.0,0.03486563072990943,0.03031793976513864
AJ Finch,powerplay,Nb,0.0,6.0,0.0,0.003769007093512122,0.0032773974726192368
AJ Hosein,death,0,10.0,63.0,0.15873015873015872,0.21696977459016392,0.18134748527773356
AJ Hosein,death,1,33.0,63.0,0.5238095238095238,0.37083760245901637,0.4644029524112685
AJ Hosein,death,2,5.0,63.0,0.07936507936507936,0.08837090163934426,0.08286248607353175
AJ Hosein,death,3,0.0,63.0,0.0,0.002651127049180328,0.001029563902594302
AJ Hosein,death,4,1.0,63.0,0.015873015873015872,0.11151383196721311,0.053015080375616745
AJ Hosein,death,6,4.0,63.0,0.06349206349206349,0.07952100409836066,0.06971689479547988
AJ Hosein,death,W,8.0,63.0,0.12698412698412698,0.08016137295081967,0.10880053318478433
AJ Hosein,death,Wd,2.0,63.0,0.031746031746031744,0.04340420081967213,0.036273476046474615
AJ Hosein,death,Nb,0.0,63.0,0.0,0.006570184426229508,0.0025515279325163138
AJ Hosein,middle,0,168.0,671.0,0.2503725782414307,0.2808889845966761,0.25208939435143046
AJ Hosein,middle,1,331.0,671.0,0.4932935916542474,0.4414331678151601,0.49037598693756174
AJ Hosein,middle,2,36.0,671.0,0.05365126676602087,0.06664217673287394,0.05438211964741906
AJ Hosein,middle,3,1.0,671.0,0.0014903129657228018,0.002286430887717876,0.001535101597058671
AJ Hosein,middle,4,44.0,671.0,0.06557377049180328,0.08739739562221321,0.06680154124456895
AJ Hosein,middle,6,41.0,671.0,0.06110283159463487,0.048281059991892986,0.060381494233017884
AJ Hosein,middle,W,30.0,671.0,0.044709388971684055,0.04221980137819214,0.04456932778498971
AJ Hosein,middle,Wd,17.0,671.0,0.02533532041728763,0.028171868666396434,0.025494901190795862
AJ Hosein,middle,Nb,3.0,671.0,0.004470938897168405,0.002679114308877179,0.004370133013157648
AJ Hosein,powerplay,0,266.0,663.0,0.40120663650075417,0.4228881521678736,0.4024402931532218
AJ Hosein,powerplay,1,198.0,663.0,0.2986425339366516,0.25764450947345025,0.2963097871677639
AJ Hosein,powerplay,2,26.0,663.0,0.0392156862745098,0.04384827662845184,0.039479276052827986
AJ Hosein,powerplay,3,1.0,663.0,0.0015082956259426848,0.005028429611245902,0.0017085877445943613
AJ Hosein,powerplay,4,102.0,663.0,0.15384615384615385,0.15223269683107069,0.15375434974856733
AJ Hosein,powerplay,6,39.0,663.0,0.058823529411764705,0.040523771600022226,0.05778229141394152
AJ Hosein,powerplay,W,24.0,663.0,0.03619909502262444,0.03919952586446391,0.03636981654989837
AJ Hosein,powerplay,Wd,2.0,663.0,0.0030165912518853697,0.03486563072990943,0.004828769885058859
AJ Hosein,powerplay,Nb,5.0,663.0,0.007541478129713424,0.003769007093512122,0.007326828284125868
AJ Turner,death,0,0.0,1.0,0.0,0.21696977459016392,0.21167782886845263
AJ Turner,death,1,1.0,1.0,1.0,0.37083760245901637,0.38618302678928423
AJ Turner,death,2,0.0,1.0,0.0,0.08837090163934426,0.0862155137944822
AJ Turner,death,3,0.0,1.0,0.0,0.002651127049180328,0.0025864654138344663
AJ Turner,death,4,0.0,1.0,0.0,0.11151383196721311,0.10879398240703719
AJ Turner,death,6,0.0,1.0,0.0,0.07952100409836066,0.07758146741303479
AJ Turner,death,W,0.0,1.0,0.0,0.08016137295081967,0.0782062175129948
AJ Turner,death,Wd,0.0,1.0,0.0,0.04340420081967213,0.042345561775289885
AJ Turner,death,Nb,0.0,1.0,0.0,0.006570184426229508,0.0064099360255897644
AJ Turner,middle,0,2.0,9.0,0.2222222222222222,0.2808889845966761,0.27011345681361315
AJ Turner,middle,1,3.0,9.0,0.3333333333333333,0.4414331678151601,0.4215780961756409
AJ Turner,middle,2,2.0,9.0,0.2222222222222222,0.06664217673287394,0.0952181034554073
AJ Turner,middle,3,0.0,9.0,0.0,0.002286430887717876,0.001866474194055409
AJ Turner,middle,4,2.0,9.0,0.2222222222222222,0.08739739562221321,0.11216113928343935
AJ Turner,middle,6,0.0,9.0,0.0,0.048281059991892986,0.03941311019746366
AJ Turner,middle,W,0.0,9.0,0.0,0.04221980137819214,0.03446514398219767
AJ Turner,middle,Wd,0.0,9.0,0.0,0.028171868666396434,0.02299744380930321
AJ Turner,middle,Nb,0.0,9.0,0.0,0.002679114308877179,0.0021870320888793295
AJ Turner,powerplay,0,2.0,6.0,0.3333333333333333,0.4228881521678736,0.4112070888416292
AJ Turner,powerplay,1,3.0,6.0,0.5,0.25764450947345025,0.28925609519430456
AJ Turner,powerplay,2,0.0,6.0,0.0,0.04384827662845184,0.03812893619865377
AJ Turner,powerplay,3,0.0,6.0,0.0,0.005028429611245902,0.004372547488039915
AJ Turner,powerplay,4,1.0,6.0,0.16666666666666666,0.15223269683107069,0.15411538854875712
AJ Turner,powerplay,6,0.0,6.0,0.0,0.040523771600022226,0.035238062260888894
AJ Turner,powerplay,W,0.0,6.0,0.0,0.03919952586446391,0.03408654422996862
AJ Turner,powerplay,Wd,0.0,6.0,0.0,0.03486563072990943,0.03031793976513864
AJ Turner,powerplay,Nb,0.0,6.0,0.0,0.003769007093512122,0.0032773974726192368
AJ Tye,death,0,97.0,498.0,0.19477911646586346,0.21696977459016392,0.19642897952343227
AJ Tye,death,1,186.0,498.0,0.37349397590361444,0.37083760245901637,0.37329647601925775
AJ Tye,death,2,46.0,498.0,0.09236947791164658,0.08837090163934426,0.09207218599549027
AJ Tye,death,3,2.0,498.0,0.004016064257028112,0.002651127049180328,0.0039145819367420315
AJ Tye,death,4,60.0,498.0,0.12048192771084337,0.11151383196721311,0.11981515479310134
AJ Tye,death,6,34.0,498.0,0.06827309236947791,0.07952100409836066,0.06910936833445061
AJ Tye,death,W,43.0,498.0,0.08634538152610442,0.08016137295081967,0.08588560393686392
AJ Tye,death,Wd,28.0,498.0,0.05622489959839357,0.04340420081967213,0.055271687793284174
AJ Tye,death,Nb,2.0,498.0,0.004016064257028112,0.006570184426229508,0.004205961667377659
AJ Tye,middle,0,77.0,347.0,0.2219020172910663,0.2808889845966761,0.22799886145702078
AJ Tye,middle,1,160.0,347.0,0.4610951008645533,0.4414331678151601,0.4590628597224971
AJ Tye,middle,2,27.0,347.0,0.07780979827089338,0.06664217673287394,0.0766555221429327
AJ Tye,middle,3,1.0,347.0,0.002881844380403458,0.002286430887717876,0.0028203029341310466
AJ Tye,middle,4,36.0,347.0,0.1037463976945245,0.08739739562221321,0.10205657835888508
AJ Tye,middle,6,15.0,347.0,0.043227665706051875,0.048281059991892986,0.04374998036091916
AJ Tye,middle,W,15.0,347.0,0.043227665706051875,0.04221980137819214,0.04312349368250048
AJ Tye,middle,Wd,13.0,347.0,0.037463976945244955,0.028171868666396434,0.036503552316940205
AJ Tye,middle,Nb,3.0,347.0,0.008645533141210375,0.002679114308877179,0.008028849024173352
AJ Tye,powerplay,0,110.0,290.0,0.3793103448275862,0.4228881521678736,0.3845925032930756
AJ Tye,powerplay,1,85.0,290.0,0.29310344827586204,0.25764450947345025,0.28880539508769093
AJ Tye,powerplay,2,15.0,290.0,0.05172413793103448,0.04384827662845184,0.05076948807617598
AJ Tye,powerplay,3,0.0,290.0,0.0,0.005028429611245902,0.0006095066195449579
AJ Tye,powerplay,4,45.0,290.0,0.15517241379310345,0.15223269683107069,0.15481608446437223
AJ Tye,powerplay,6,11.0,290.0,0.03793103448275862,0.040523771600022226,0.03824530564848754
AJ Tye,powerplay,W,15.0,290.0,0.05172413793103448,0.03919952586446391,0.05020600313508653
AJ Tye,powerplay,Wd,7.0,290.0,0.02413793103448276,0.03486563072990943,0.02543825827029205
AJ Tye,powerplay,Nb,2.0,290.0,0.006896551724137931,0.003769007093512122,0.006517455405274196
AK Markram,death,0,5.0,33.0,0.15151515151515152,0.21696977459016392,0.18738069840556928
AK Markram,death,1,14.0,33.0,0.42424242424242425,0.37083760245901637,0.39497950819672134
AK Markram,death,2,3.0,33.0,0.09090909090909091,0.08837090163934426,0.08951830226813384
AK Markram,death,3,0.0,33.0,0.0,0.002651127049180328,0.0014526723557152482
AK Markram,death,4,4.0,33.0,0.12121212121212122,0.11151383196721311,0.1158979901190209
AK Markram,death,6,4.0,33.0,0.12121212121212122,0.07952100409836066,0.0983676734785538
AK Markram,death,W,1.0,33.0,0.030303030303030304,0.08016137295081967,0.057622670110038174
AK Markram,death,Wd,2.0,33.0,0.06060606060606061,0.04340420081967213,0.051180384010779255
AK Markram,death,Nb,0.0,33.0,0.0,0.006570184426229508,0.003600101055468224
AK Markram,middle,0,76.0,320.0,0.2375,0.2808889845966761,0.24232099828851955
AK Markram,middle,1,163.0,320.0,0.509375,0.4414331678151601,0.5018259075350178
AK Markram,middle,2,13.0,320.0,0.040625,0.06664217673287394,0.043515797414763774
AK Markram,middle,3,0.0,320.0,0.0,0.002286430887717876,0.00025404787641309734
AK Markram,middle,4,17.0,320.0,0.053125,0.08739739562221321,0.05693304395802369
AK Markram,middle,6,36.0,320.0,0.1125,0.048281059991892986,0.10536456222132144
AK Markram,middle,W,9.0,320.0,0.028125,0.04221980137819214,0.02969108904202135
AK Markram,middle,Wd,5.0,320.0,0.015625,0.028171868666396434,0.017019096518488493
AK Markram,middle,Nb,1.0,320.0,0.003125,0.002679114308877179,0.003075457145430798
AK Markram,powerplay,0,72.0,173.0,0.4161849710982659,0.4228881521678736,0.4174437844446711
AK Markram,powerplay,1,48.0,173.0,0.2774566473988439,0.25764450947345025,0.27373605811707985
AK Markram,powerplay,2,5.0,173.0,0.028901734104046242,0.04384827662845184,0.031708596549944006
AK Markram,powerplay,3,0.0,173.0,0.0,0.005028429611245902,0.0009443060302809206
AK Markram,powerplay,4,20.0,173.0,0.11560693641618497,0.15223269683107069,0.12248501348940294
AK Markram,powerplay,6,14.0,173.0,0.08092485549132948,0.040523771600022226,0.07333779748357225
AK Markram,powerplay,W,6.0,173.0,0.03468208092485549,0.03919952586446391,0.03553042739238759
AK Markram,powerplay,Wd,8.0,173.0,0.046242774566473986,0.03486563072990943,0.044106221733316325
AK Markram,powerplay,Nb,0.0,173.0,0.0,0.003769007093512122,0.0007077947593449995
AM Nayar,death,0,0.0,6.0,0.0,0.21696977459016392,0.1886693692088382
AM Nayar,death,1,3.0,6.0,0.5,0.37083760245901637,0.38768487170349253
AM Nayar,death,2,1.0,6.0,0.16666666666666666,0.08837090163934426,0.09858339272986458
AM Nayar,death,3,0.0,6.0,0.0,0.002651127049180328,0.002305327868852459
AM Nayar,death,4,1.0,6.0,0.16666666666666666,0.11151383196721311,0.11870767997148966
AM Nayar,death,6,0.0,6.0,0.0,0.07952100409836066,0.0691486992159658
AM Nayar,death,W,1.0,6.0,0.16666666666666666,0.08016137295081967,0.09144467213114753
AM Nayar,death,Wd,0.0,6.0,0.0,0.04340420081967213,0.03774278332145403
AM Nayar,death,Nb,0.0,6.0,0.0,0.006570184426229508,0.005713203848895225
AM Nayar,middle,0,46.0,196.0,0.23469387755102042,0.2808889845966761,0.24252355671130102
AM Nayar,middle,1,87.0,196.0,0.44387755102040816,0.4414331678151601,0.44346324878223053
AM Nayar,middle,2,19.0,196.0,0.09693877551020408,0.06664217673287394,0.09180375876828371
AM Nayar,middle,3,0.0,196.0,0.0,0.002286430887717876,0.0003875306589352332
AM Nayar,middle,4,17.0,196.0,0.08673469387755102,0.08739739562221321,0.08684701620715478
AM Nayar,middle,6,11.0,196.0,0.05612244897959184,0.048281059991892986,0.05479339999862593
AM Nayar,middle,W,6.0,196.0,0.030612244897959183,0.04221980137819214,0.032579627352235956
AM Nayar,middle,Wd,10.0,196.0,0.05102040816326531,0.028171868666396434,0.04714777435023668
AM Nayar,middle,Nb,0.0,196.0,0.0,0.002679114308877179,0.000454087170996132
AM Nayar,powerplay,0,3.0,6.0,0.5,0.4228881521678736,0.43294621927641186
AM Nayar,powerplay,1,0.0,6.0,0.0,0.25764450947345025,0.22403870388995675
AM Nayar,powerplay,2,1.0,6.0,0.16666666666666666,0.04384827662845184,0.05986806663343638
AM Nayar,powerplay,3,0.0,6.0,0.0,0.005028429611245902,0.004372547488039915
AM Nayar,powerplay,4,2.0,6.0,0.3333333333333333,0.15223269683107069,0.1758545189835397
AM Nayar,powerplay,6,0.0,6.0,0.0,0.040523771600022226,0.035238062260888894
AM Nayar,powerplay,W,0.0,6.0,0.0,0.03919952586446391,0.03408654422996862
AM Nayar,powerplay,Wd,0.0,6.0,0.0,0.03486563072990943,0.03031793976513864
AM Nayar,powerplay,Nb,0.0,6.0,0.0,0.003769007093512122,0.0032773974726192368
AM Rahane,middle,0,1.0,5.0,0.2,0.2808889845966761,0.2719013196414899
AM Rahane,middle,1,2.0,5.0,0.4,0.4414331678151601,0.4368294825023646
AM Rahane,middle,2,1.0,5.0,0.2,0.06664217673287394,0.0814597126514435
AM Rahane,middle,3,0.0,5.0,0.0,0.002286430887717876,0.0020323830113047787
AM Rahane,middle,4,0.0,5.0,0.0,0.08739739562221321,0.07768657388641174
AM Rahane,middle,6,0.0,5.0,0.0,0.048281059991892986,0.04291649777057154
AM Rahane,middle,W,1.0,5.0,0.2,0.04221980137819214,0.05975093455839302
AM Rahane,middle,Wd,0.0,5.0,0.0,0.028171868666396434,0.02504166103679683
AM Rahane,middle,Nb,0.0,5.0,0.0,0.002679114308877179,0.002381434941224159
AR Patel,death,0,123.0,462.0,0.2662337662337662,0.21696977459016392,0.2623083485729214
AR Patel,death,1,192.0,462.0,0.4155844155844156,0.37083760245901637,0.4120189324668539
AR Patel,death,2,29.0,462.0,0.06277056277056277,0.08837090163934426,0.0648104304095095
AR Patel,death,3,1.0,462.0,0.0021645021645021645,0.002651127049180328,0.00220327705571158
AR Patel,death,4,35.0,462.0,0.07575757575757576,0.11151383196721311,0.07860667983802494
AR Patel,death,6,40.0,462.0,0.08658008658008658,0.07952100409836066,0.0860176098883156
AR Patel,death,W,30.0,462.0,0.06493506493506493,0.08016137295081967,0.06614831656978644
AR Patel,death,Wd,11.0,462.0,0.023809523809523808,0.04340420081967213,0.025370852654953955
AR Patel,death,Nb,1.0,462.0,0.0021645021645021645,0.006570184426229508,0.00251555254392267
AR Patel,middle,0,873.0,3047.0,0.28651132261240564,0.2808889845966761,0.28643847080786106
AR Patel,middle,1,1454.0,3047.0,0.47719067935674436,0.4414331678151601,0.47672734911325115
AR Patel,middle,2,184.0,3047.0,0.06038726616343945,0.06664217673287394,0.060468314567319395
AR Patel,middle,3,8.0,3047.0,0.002625533311453889,0.002286430887717876,0.0026211393701032443
AR Patel,middle,4,199.0,3047.0,0.0653101411224155,0.08739739562221321,0.06559633813569438
AR Patel,middle,6,155.0,3047.0,0.0508697079094191,0.048281059991892986,0.05083616533841131
AR Patel,middle,W,129.0,3047.0,0.042336724647193964,0.04221980137819214,0.04233520960645536
AR Patel,middle,Wd,45.0,3047.0,0.014768624876928127,0.028171868666396434,0.01494229826584252
AR Patel,middle,Nb,0.0,3047.0,0.0,0.002679114308877179,3.471479506157666e-05
AR Patel,powerplay,0,346.0,932.0,0.37124463519313305,0.4228881521678736,0.3733698828052623
AR Patel,powerplay,1,327.0,932.0,0.35085836909871243,0.25764450947345025,0.34702240779726135
AR Patel,powerplay,2,31.0,932.0,0.033261802575107295,0.04384827662845184,0.03369745994355769
AR Patel,powerplay,3,2.0,932.0,0.002145922746781116,0.005028429611245902,0.0022645444284463334
AR Patel,powerplay,4,127.0,932.0,0.13626609442060086,0.15223269683107069,0.1369231562481922
AR Patel,powerplay,6,50.0,932.0,0.0536480686695279,0.040523771600022226,0.053107974139918614
AR Patel,powerplay,W,40.0,932.0,0.04291845493562232,0.03919952586446391,0.04276541258701498
AR Patel,powerplay,Wd,9.0,932.0,0.009656652360515022,0.03486563072990943,0.01069405887777405
AR Patel,powerplay,Nb,0.0,932.0,0.0,0.003769007093512122,0.00015510317257251533
AS Joseph,death,0,96.0,382.0,0.2513089005235602,0.21696977459016392,0.24805400707015773
AS Joseph,death,1,131.0,382.0,0.34293193717277487,0.37083760245901637,0.3455770239297646
AS Joseph,death,2,36.0,382.0,0.09424083769633508,0.08837090163934426,0.09368444565301841
AS Joseph,death,3,0.0,382.0,0.0,0.002651127049180328,0.000251291663429415
AS Joseph,death,4,31.0,382.0,0.08115183246073299,0.11151383196721311,0.08402974710589697
AS Joseph,death,6,32.0,382.0,0.08376963350785341,0.07952100409836066,0.08336691981974982
AS Joseph,death,W,30.0,382.0,0.07853403141361257,0.08016137295081967,0.07868828179628623
AS Joseph,death,Wd,24.0,382.0,0.06282722513089005,0.04340420081967213,0.060986180172480774
AS Joseph,death,Nb,2.0,382.0,0.005235602094240838,0.006570184426229508,0.005362102789216067
AS Joseph,middle,0,109.0,391.0,0.27877237851662406,0.2808889845966761,0.2789688152757936
AS Joseph,middle,1,148.0,391.0,0.37851662404092073,0.4414331678151601,0.38435574643296144
AS Joseph,middle,2,27.0,391.0,0.06905370843989769,0.06664217673287394,0.06882990039284212
AS Joseph,middle,3,0.0,391.0,0.0,0.002286430887717876,0.000212197762201195
AS Joseph,middle,4,41.0,391.0,0.10485933503836317,0.08739739562221321,0.1032387374127344
AS Joseph,middle,6,32.0,391.0,0.08184143222506395,0.048281059991892986,0.07872678050968844
AS Joseph,middle,W,17.0,391.0,0.043478260869565216,0.04221980137819214,0.04336146648521504
AS Joseph,middle,Wd,12.0,391.0,0.030690537084398978,0.028171868666396434,0.030456785955118
AS Joseph,middle,Nb,5.0,391.0,0.01278772378516624,0.002679114308877179,0.011849569773445678
AS Joseph,powerplay,0,159.0,411.0,0.38686131386861317,0.4228881521678736,0.3900565988618957
AS Joseph,powerplay,1,89.0,411.0,0.21654501216545013,0.25764450947345025,0.22019020039675835
AS Joseph,powerplay,2,20.0,411.0,0.04866180048661801,0.04384827662845184,0.04823488041050571
AS Joseph,powerplay,3,2.0,411.0,0.004866180048661801,0.005028429611245902,0.004880570253769038
AS Joseph,powerplay,4,63.0,411.0,0.15328467153284672,0.15223269683107069,0.15319137000719033
AS Joseph,powerplay,6,40.0,411.0,0.09732360097323602,0.040523771600022226,0.09228592209312836
AS Joseph,powerplay,W,20.0,411.0,0.04866180048661801,0.03919952586446391,0.04782257435605001
AS Joseph,powerplay,Wd,16.0,411.0,0.038929440389294405,0.03486563072990943,0.03856901381196536
AS Joseph,powerplay,Nb,2.0,411.0,0.004866180048661801,0.003769007093512122,0.004768869808737217
AU Rashid,death,0,44.0,174.0,0.25287356321839083,0.21696977459016392,0.24616257468975028
AU Rashid,death,1,69.0,174.0,0.39655172413793105,0.37083760245901637,0.39174534625402174
AU Rashid,death,2,13.0,174.0,0.07471264367816093,0.08837090163934426,0.07726558909146622
AU Rashid,death,3,0.0,174.0,0.0,0.002651127049180328,0.0004955377662019305
AU Rashid,death,4,6.0,174.0,0.034482758620689655,0.11151383196721311,0.048881090087329555
AU Rashid,death,6,20.0,174.0,0.11494252873563218,0.07952100409836066,0.10832168300903938
AU Rashid,death,W,17.0,174.0,0.09770114942528736,0.08016137295081967,0.0944226865328635
AU Rashid,death,Wd,5.0,174.0,0.028735632183908046,0.04340420081967213,0.031477420713957406
AU Rashid,death,Nb,0.0,174.0,0.0,0.006570184426229508,0.0012280718553700015
AU Rashid,middle,0,536.0,1782.0,0.30078563411896747,0.2808889845966761,0.30034882512835737
AU Rashid,middle,1,801.0,1782.0,0.4494949494949495,0.4414331678151601,0.44931796197179275
AU Rashid,middle,2,115.0,1782.0,0.06453423120089787,0.06664217673287394,0.06458050881960206
AU Rashid,middle,3,6.0,1782.0,0.003367003367003367,0.002286430887717876,0.0033432805902901836
AU Rashid,middle,4,102.0,1782.0,0.05723905723905724,0.08739739562221321,0.05790115028808372
AU Rashid,middle,6,112.0,1782.0,0.06285072951739619,0.048281059991892986,0.0625308684959801
AU Rashid,middle,W,89.0,1782.0,0.04994388327721661,0.04221980137819214,0.049774309580201806
AU Rashid,middle,Wd,21.0,1782.0,0.011784511784511785,0.028171868666396434,0.012144278126594873
AU Rashid,middle,Nb,0.0,1782.0,0.0,0.002679114308877179,5.8816999097193826e-05
AU Rashid,powerplay,0,49.0,134.0,0.3656716417910448,0.4228881521678736,0.3788248625673273
AU Rashid,powerplay,1,49.0,134.0,0.3656716417910448,0.25764450947345025,0.3408378182697587
AU Rashid,powerplay,2,7.0,134.0,0.05223880597014925,0.04384827662845184,0.050309948650218816
AU Rashid,powerplay,3,1.0,134.0,0.007462686567164179,0.005028429611245902,0.00690308726695308
AU Rashid,powerplay,4,13.0,134.0,0.09701492537313433,0.15223269683107069,0.10970866593817717
AU Rashid,powerplay,6,9.0,134.0,0.06716417910447761,0.040523771600022226,0.061039947494257986
AU Rashid,powerplay,W,5.0,134.0,0.03731343283582089,0.03919952586446391,0.037747017440106646
AU Rashid,powerplay,Wd,1.0,134.0,0.007462686567164179,0.03486563072990943,0.01376221396089872
AU Rashid,powerplay,Nb,0.0,134.0,0.0,0.003769007093512122,0.0008664384123016372
Abdul Samad,death,0,1.0,9.0,0.1111111111111111,0.21696977459016392,0.19752634660421545
Abdul Samad,death,1,3.0,9.0,0.3333333333333333,0.37083760245901637,0.3639490632318501
Abdul Samad,death,2,1.0,9.0,0.1111111111111111,0.08837090163934426,0.09254767480762797
Abdul Samad,death,3,0.0,9.0,0.0,0.002651127049180328,0.002164185346269655
Abdul Samad,death,4,1.0,9.0,0.1111111111111111,0.11151383196721311,0.11143986283037806
Abdul Samad,death,6,2.0,9.0,0.2222222222222222,0.07952100409836066,0.10573143191702912
Abdul Samad,death,W,0.0,9.0,0.0,0.08016137295081967,0.06543785547005687
Abdul Samad,death,Wd,1.0,9.0,0.1111111111111111,0.04340420081967213,0.05584016393442623
Abdul Samad,death,Nb,0.0,9.0,0.0,0.006570184426229508,0.005363415858146537
Abdul Samad,middle,0,9.0,48.0,0.1875,0.2808889845966761,0.2299495384530346
Abdul Samad,middle,1,19.0,48.0,0.3958333333333333,0.4414331678151601,0.4165605308250728
Abdul Samad,middle,2,6.0,48.0,0.125,0.06664217673287394,0.09847371669676087
Abdul Samad,middle,3,0.0,48.0,0.0,0.002286430887717876,0.0010392867671444892
Abdul Samad,middle,4,5.0,48.0,0.10416666666666667,0.08739739562221321,0.09654427073736964
Abdul Samad,middle,6,7.0,48.0,0.14583333333333334,0.048281059991892986,0.1014913909054059
Abdul Samad,middle,W,2.0,48.0,0.041666666666666664,0.04221980137819214,0.041918091535541886
Abdul Samad,middle,Wd,0.0,48.0,0.0,0.028171868666396434,0.012805394848362016
Abdul Samad,middle,Nb,0.0,48.0,0.0,0.002679114308877179,0.0012177792313078086
Abdur Razzak,death,0,30.0,87.0,0.3448275862068966,0.21696977459016392,0.3045574093197367
Abdur Razzak,death,1,32.0,87.0,0.367816091954023,0.37083760245901637,0.3687677488059894
Abdur Razzak,death,2,4.0,87.0,0.04597701149425287,0.08837090163934426,0.05932941783916355
Abdur Razzak,death,3,0.0,87.0,0.0,0.002651127049180328,0.0008350006454111269
Abdur Razzak,death,4,2.0,87.0,0.022988505747126436,0.11151383196721311,0.05087049825738996
Abdur Razzak,death,6,10.0,87.0,0.11494252873563218,0.07952100409836066,0.10378614302310572
Abdur Razzak,death,W,4.0,87.0,0.04597701149425287,0.08016137295081967,0.05674373951206919
Abdur Razzak,death,Wd,5.0,87.0,0.05747126436781609,0.04340420081967213,0.05304069317155028
Abdur Razzak,death,Nb,0.0,87.0,0.0,0.006570184426229508,0.0020693494255840973
Abdur Razzak,middle,0,71.0,211.0,0.33649289099526064,0.2808889845966761,0.32763171069269736
Abdur Razzak,middle,1,76.0,211.0,0.36018957345971564,0.4414331678151601,0.3731367598111809
Abdur Razzak,middle,2,17.0,211.0,0.08056872037914692,0.06664217673287394,0.07834935087376477
Abdur Razzak,middle,3,2.0,211.0,0.009478672985781991,0.002286430887717876,0.00833249894624986
Abdur Razzak,middle,4,13.0,211.0,0.061611374407582936,0.08739739562221321,0.06572070049756386
Abdur Razzak,middle,6,13.0,211.0,0.061611374407582936,0.048281059991892986,0.05948702151265227
Abdur Razzak,middle,W,12.0,211.0,0.05687203791469194,0.04221980137819214,0.05453702013995094
Abdur Razzak,middle,Wd,6.0,211.0,0.02843601895734597,0.028171868666396434,0.02839392329344963
Abdur Razzak,middle,Nb,1.0,211.0,0.004739336492890996,0.002679114308877179,0.004411014232490387
Abdur Razzak,powerplay,0,37.0,83.0,0.4457831325301205,0.4228881521678736,0.43833761046109715
Abdur Razzak,powerplay,1,24.0,83.0,0.2891566265060241,0.25764450947345025,0.2789087835686017
Abdur Razzak,powerplay,2,5.0,83.0,0.060240963855421686,0.04384827662845184,0.05491000865965913
Abdur Razzak,powerplay,3,0.0,83.0,0.0,0.005028429611245902,0.0016352616621937892
Abdur Razzak,powerplay,4,8.0,83.0,0.0963855421686747,0.15223269683107069,0.114547218481649
Abdur Razzak,powerplay,6,4.0,83.0,0.04819277108433735,0.040523771600022226,0.04569878751220235
Abdur Razzak,powerplay,W,2.0,83.0,0.024096385542168676,0.03919952586446391,0.029007975890882574
Abdur Razzak,powerplay,Wd,2.0,83.0,0.024096385542168676,0.03486563072990943,0.02759857909915754
Abdur Razzak,powerplay,Nb,1.0,83.0,0.012048192771084338,0.003769007093512122,0.009355774664556787
Abhishek Sharma,death,0,6.0,51.0,0.11764705882352941,0.21696977459016392,0.16130539542424788
Abhishek Sharma,death,1,24.0,51.0,0.47058823529411764,0.37083760245901637,0.42674180327868855
Abhishek Sharma,death,2,4.0,51.0,0.0784313725490196,0.08837090163934426,0.0828003963249865
Abhishek Sharma,death,3,0.0,51.0,0.0,0.002651127049180328,0.001165330571068276
Abhishek Sharma,death,4,5.0,51.0,0.09803921568627451,0.11151383196721311,0.10396212394163215
Abhishek Sharma,death,6,9.0,51.0,0.17647058823529413,0.07952100409836066,0.13385538641686184
Abhishek Sharma,death,W,2.0,51.0,0.0392156862745098,0.08016137295081967,0.0572137903080526
Abhishek Sharma,death,Wd,1.0,51.0,0.0196078431372549,0.04340420081967213,0.030067780580075663
Abhishek Sharma,death,Nb,0.0,51.0,0.0,0.006570184426229508,0.002887993154386597
Abhishek Sharma,middle,0,71.0,281.0,0.2526690391459075,0.2808889845966761,0.2561855432519222
Abhishek Sharma,middle,1,131.0,281.0,0.46619217081850534,0.4414331678151601,0.46310693679939685
Abhishek Sharma,middle,2,20.0,281.0,0.0711743772241993,0.06664217673287394,0.07060961703836435
Abhishek Sharma,middle,3,0.0,281.0,0.0,0.002286430887717876,0.00028491350625767925
Abhishek Sharma,middle,4,25.0,281.0,0.08896797153024912,0.08739739562221321,0.08877226113672439
Abhishek Sharma,middle,6,16.0,281.0,0.05693950177935943,0.048281059991892986,0.05586056822328884
Abhishek Sharma,middle,W,11.0,281.0,0.03914590747330961,0.04221980137819214,0.03952894721223578
Abhishek Sharma,middle,Wd,6.0,281.0,0.021352313167259787,0.028171868666396434,0.02220210201450423
Abhishek Sharma,middle,Nb,1.0,281.0,0.0035587188612099642,0.002679114308877179,0.0034491108173055674
Abhishek Sharma,powerplay,0,24.0,79.0,0.3037974683544304,0.4228881521678736,0.343827950308529
Abhishek Sharma,powerplay,1,34.0,79.0,0.43037974683544306,0.25764450947345025,0.3723174821759497
Abhishek Sharma,powerplay,2,3.0,79.0,0.0379746835443038,0.04384827662845184,0.039949000547378766
Abhishek Sharma,powerplay,3,0.0,79.0,0.0,0.005028429611245902,0.001690228440754925
Abhishek Sharma,powerplay,4,12.0,79.0,0.1518987341772152,0.15223269683107069,0.15201099053145234
Abhishek Sharma,powerplay,6,4.0,79.0,0.05063291139240506,0.040523771600022226,0.047234881210091506
Abhishek Sharma,powerplay,W,0.0,79.0,0.0,0.03919952586446391,0.01317631121494585
Abhishek Sharma,powerplay,Wd,2.0,79.0,0.02531645569620253,0.03486563072990943,0.02852626243022166
Abhishek Sharma,powerplay,Nb,0.0,79.0,0.0,0.003769007093512122,0.0012668931406763437
Arshdeep Singh,death,0,224.0,1071.0,0.20915032679738563,0.21696977459016392,0.20943185507075296
Arshdeep Singh,death,1,383.0,1071.0,0.357609710550887,0.37083760245901637,0.3580859622847531
Arshdeep Singh,death,2,93.0,1071.0,0.08683473389355742,0.08837090163934426,0.0868900414631627
Arshdeep Singh,death,3,1.0,1071.0,0.0009337068160597573,0.002651127049180328,0.0009955401277832701
Arshdeep Singh,death,4,131.0,1071.0,0.1223155929038282,0.11151383196721311,0.12192669061988166
Arshdeep Singh,death,6,73.0,1071.0,0.06816059757236227,0.07952100409836066,0.06856961310885186
Arshdeep Singh,death,W,85.0,1071.0,0.07936507936507936,0.08016137295081967,0.07939374880110962
Arshdeep Singh,death,Wd,74.0,1071.0,0.06909430438842204,0.04340420081967213,0.06816936816632482
Arshdeep Singh,death,Nb,7.0,1071.0,0.006535947712418301,0.006570184426229508,0.00653718035738
Arshdeep Singh,middle,0,110.0,483.0,0.2277432712215321,0.2808889845966761,0.23180795293282416
Arshdeep Singh,middle,1,196.0,483.0,0.4057971014492754,0.4414331678151601,0.4085226132172206
Arshdeep Singh,middle,2,34.0,483.0,0.07039337474120083,0.06664217673287394,0.07010647623195976
Arshdeep Singh,middle,3,0.0,483.0,0.0,0.002286430887717876,0.00017487043118301156
Arshdeep Singh,middle,4,56.0,483.0,0.11594202898550725,0.08739739562221321,0.11375888303037959
Arshdeep Singh,middle,6,25.0,483.0,0.051759834368530024,0.048281059991892986,0.05149377131869162
Arshdeep Singh,middle,W,25.0,483.0,0.051759834368530024,0.04221980137819214,0.05103019513408735
Arshdeep Singh,middle,Wd,33.0,483.0,0.06832298136645963,0.028171868666396434,0.06525215056721961
Arshdeep Singh,middle,Nb,4.0,483.0,0.008281573498964804,0.002679114308877179,0.0078530871364342
Arshdeep Singh,powerplay,0,595.0,1549.0,0.3841187863137508,0.4228881521678736,0.38509473007345185
Arshdeep Singh,powerplay,1,370.0,1549.0,0.23886378308586184,0.25764450947345025,0.23933655152859537
Arshdeep Singh,powerplay,2,69.0,1549.0,0.04454486765655261,0.04384827662845184,0.04452733232544876
Arshdeep Singh,powerplay,3,10.0,1549.0,0.006455777921239509,0.005028429611245902,0.0064198471897104065
Arshdeep Singh,powerplay,4,293.0,1549.0,0.18915429309231763,0.15223269683107069,0.1882248633563517
Arshdeep Singh,powerplay,6,51.0,1549.0,0.0329244673983215,0.040523771600022226,0.033115765175582686
Arshdeep Singh,powerplay,W,74.0,1549.0,0.04777275661717237,0.03919952586446391,0.047556942123712115
Arshdeep Singh,powerplay,Wd,81.0,1549.0,0.052291801162040026,0.03486563072990943,0.05185313104417645
Arshdeep Singh,powerplay,Nb,6.0,1549.0,0.003873466752743706,0.003769007093512122,0.003870837182970727
Avesh Khan,death,0,161.0,726.0,0.22176308539944903,0.21696977459016392,0.22151278196293284
Avesh Khan,death,1,274.0,726.0,0.3774104683195592,0.37083760245901637,0.3770672377263194
Avesh Khan,death,2,58.0,726.0,0.07988980716253444,0.08837090163934426,0.08033268415871249
Avesh Khan,death,3,1.0,726.0,0.0013774104683195593,0.002651127049180328,0.0014439230835081112
Avesh Khan,death,4,93.0,726.0,0.128099173553719,0.11151383196721311,0.12723309827505028
Avesh Khan,death,6,49.0,726.0,0.0674931129476584,0.07952100409836066,0.06812120125840003
Avesh Khan,death,W,50.0,726.0,0.06887052341597796,0.08016137295081967,0.06946012391388093
Avesh Khan,death,Wd,37.0,726.0,0.05096418732782369,0.04340420081967213,0.05056940996447374
Avesh Khan,death,Nb,3.0,726.0,0.004132231404958678,0.006570184426229508,0.004259539656722168
Avesh Khan,middle,0,178.0,584.0,0.3047945205479452,0.2808889845966761,0.30326211439722284
Avesh Khan,middle,1,224.0,584.0,0.3835616438356164,0.4414331678151601,0.3872713569112282
Avesh Khan,middle,2,31.0,584.0,0.053082191780821915,0.06664217673287394,0.05395142158544063
Avesh Khan,middle,3,0.0,584.0,0.0,0.002286430887717876,0.0001465660825460177
Avesh Khan,middle,4,69.0,584.0,0.11815068493150685,0.08739739562221321,0.11617932023219317
Avesh Khan,middle,6,29.0,584.0,0.04965753424657534,0.048281059991892986,0.04956929871742904
Avesh Khan,middle,W,28.0,584.0,0.04794520547945205,0.04221980137819214,0.04757819239603796
Avesh Khan,middle,Wd,22.0,584.0,0.03767123287671233,0.028171868666396434,0.037062299273486955
Avesh Khan,middle,Nb,3.0,584.0,0.005136986301369863,0.002679114308877179,0.004979430404415204
Avesh Khan,powerplay,0,275.0,679.0,0.4050073637702504,0.4228881521678736,0.4060021225128163
Avesh Khan,powerplay,1,163.0,679.0,0.24005891016200295,0.25764450947345025,0.2410372467022782
Avesh Khan,powerplay,2,24.0,679.0,0.035346097201767304,0.04384827662845184,0.03581909744803626
Avesh Khan,powerplay,3,6.0,679.0,0.008836524300441826,0.005028429611245902,0.008624669241237603
Avesh Khan,powerplay,4,125.0,679.0,0.18409425625920472,0.15223269683107069,0.18232170775138085
Avesh Khan,powerplay,6,39.0,679.0,0.05743740795287187,0.040523771600022226,0.05649645460918065
Avesh Khan,powerplay,W,26.0,679.0,0.03829160530191458,0.03919952586446391,0.03834211548620105
Avesh Khan,powerplay,Wd,20.0,679.0,0.029455081001472753,0.03486563072990943,0.029756085158826676
Avesh Khan,powerplay,Nb,1.0,679.0,0.0014727540500736377,0.003769007093512122,0.001600501090042399
B Geeves,death,0,3.0,14.0,0.21428571428571427,0.21696977459016392,0.21627390710382513
B Geeves,death,1,3.0,14.0,0.21428571428571427,0.37083760245901637,0.3302500758955677
B Geeves,death,2,2.0,14.0,0.14285714285714285,0.08837090163934426,0.10249696417729205
B Geeves,death,3,0.0,14.0,0.0,0.002651127049180328,0.0019637978142076503
B Geeves,death,4,5.0,14.0,0.35714285714285715,0.11151383196721311,0.17519543108682456
B Geeves,death,6,1.0,14.0,0.07142857142857142,0.07952100409836066,0.07742296599878568
B Geeves,death,W,0.0,14.0,0.0,0.08016137295081967,0.05937879477838494
B Geeves,death,Wd,0.0,14.0,0.0,0.04340420081967213,0.0321512598664238
B Geeves,death,Nb,0.0,14.0,0.0,0.006570184426229508,0.004866803278688525
B Geeves,middle,0,3.0,16.0,0.1875,0.2808889845966761,0.2542064175690544
B Geeves,middle,1,6.0,16.0,0.375,0.4414331678151601,0.4224522627251144
B Geeves,middle,2,0.0,16.0,0.0,0.06664217673287394,0.047601554809195666
B Geeves,middle,3,0.0,16.0,0.0,0.002286430887717876,0.001633164919798483
B Geeves,middle,4,6.0,16.0,0.375,0.08739739562221321,0.16956956830158085
B Geeves,middle,6,0.0,16.0,0.0,0.048281059991892986,0.034486471422780704
B Geeves,middle,W,1.0,16.0,0.0625,0.04221980137819214,0.04801414384156582
B Geeves,middle,Wd,0.0,16.0,0.0,0.028171868666396434,0.02012276333314031
B Geeves,middle,Nb,0.0,16.0,0.0,0.002679114308877179,0.0019136530777694135
B Geeves,powerplay,0,9.0,35.0,0.2571428571428571,0.4228881521678736,0.3455403478228659
B Geeves,powerplay,1,8.0,35.0,0.22857142857142856,0.25764450947345025,0.24407707171917348
B Geeves,powerplay,2,2.0,35.0,0.05714285714285714,0.04384827662845184,0.05005241420184098
B Geeves,powerplay,3,0.0,35.0,0.0,0.005028429611245902,0.0026818291259978143
B Geeves,powerplay,4,10.0,35.0,0.2857142857142857,0.15223269683107069,0.21452410497657104
B Geeves,powerplay,6,1.0,35.0,0.02857142857142857,0.040523771600022226,0.03494601152001186
B Geeves,powerplay,W,3.0,35.0,0.08571428571428572,0.03919952586446391,0.060906413794380755
B Geeves,powerplay,Wd,1.0,35.0,0.02857142857142857,0.03486563072990943,0.03192833638928503
B Geeves,powerplay,Nb,1.0,35.0,0.02857142857142857,0.003769007093512122,0.015343470449873131
B Kumar,death,0,382.0,1893.0,0.2017960908610671,0.21696977459016392,0.20211008328174163
B Kumar,death,1,727.0,1893.0,0.38404648705758054,0.37083760245901637,0.3837731526634044
B Kumar,death,2,189.0,1893.0,0.09984152139461172,0.08837090163934426,0.09960415730241788
B Kumar,death,3,4.0,1893.0,0.0021130480718436345,0.002651127049180328,0.0021241826600968514
B Kumar,death,4,234.0,1893.0,0.12361331220285261,0.11151383196721311,0.12336293496052175
B Kumar,death,6,116.0,1893.0,0.0612783940834654,0.07952100409836066,0.061655892480048845
B Kumar,death,W,138.0,1893.0,0.07290015847860538,0.08016137295081967,0.07305041640870812
B Kumar,death,Wd,96.0,1893.0,0.05071315372424723,0.04340420081967213,0.05056190793211944
B Kumar,death,Nb,7.0,1893.0,0.0036978341257263604,0.006570184426229508,0.0037572723109411173
B Kumar,middle,0,137.0,544.0,0.25183823529411764,0.2808889845966761,0.25382801264360794
B Kumar,middle,1,243.0,544.0,0.44669117647058826,0.4414331678151601,0.4463310388914493
B Kumar,middle,2,42.0,544.0,0.07720588235294118,0.06664217673287394,0.07648234087211465
B Kumar,middle,3,1.0,544.0,0.001838235294117647,0.002286430887717876,0.00186893362244643
B Kumar,middle,4,69.0,544.0,0.12683823529411764,0.08739739562221321,0.12413680791932968
B Kumar,middle,6,21.0,544.0,0.03860294117647059,0.048281059991892986,0.039265826026841984
B Kumar,middle,W,17.0,544.0,0.03125,0.04221980137819214,0.032001356258780284
B Kumar,middle,Wd,13.0,544.0,0.02389705882352941,0.028171868666396434,0.024189854018246332
B Kumar,middle,Nb,1.0,544.0,0.001838235294117647,0.002679114308877179,0.0018958297471833685
B Kumar,powerplay,0,1568.0,3109.0,0.5043422322290125,0.4228881521678736,0.5033075662390329
B Kumar,powerplay,1,707.0,3109.0,0.22740431006754583,0.25764450947345025,0.22778843454396255
B Kumar,powerplay,2,135.0,3109.0,0.043422322290125444,0.04384827662845184,0.04342773295177455
B Kumar,powerplay,3,17.0,3109.0,0.005467996140238018,0.005028429611245902,0.005462412570482641
B Kumar,powerplay,4,394.0,3109.0,0.12672885172081055,0.15223269683107069,0.127052812916241
B Kumar,powerplay,6,83.0,3109.0,0.02669668703763268,0.040523771600022226,0.026872324821848488
B Kumar,powerplay,W,115.0,3109.0,0.0369893856545513,0.03919952586446391,0.03701745983949779
B Kumar,powerplay,Wd,85.0,3109.0,0.027339980701190092,0.03486563072990943,0.0274355748584301
B Kumar,powerplay,Nb,5.0,3109.0,0.0016082341588935349,0.003769007093512122,0.0016356812587299096
B Laughlin,death,0,21.0,105.0,0.2,0.21696977459016392,0.20468131712832108
B Laughlin,death,1,28.0,105.0,0.26666666666666666,0.37083760245901637,0.2954034765404183
B Laughlin,death,2,15.0,105.0,0.14285714285714285,0.08837090163934426,0.1278264556246467
B Laughlin,death,3,0.0,105.0,0.0,0.002651127049180328,0.0007313453928773318
B Laughlin,death,4,18.0,105.0,0.17142857142857143,0.11151383196721311,0.15490036743923122
B Laughlin,death,6,12.0,105.0,0.11428571428571428,0.07952100409836066,0.10469544940644432
B Laughlin,death,W,4.0,105.0,0.0380952380952381,0.08016137295081967,0.04969968908988129
B Laughlin,death,Wd,7.0,105.0,0.06666666666666667,0.04340420081967213,0.060249434708875074
B Laughlin,death,Nb,0.0,105.0,0.0,0.006570184426229508,0.001812464669304692
B Laughlin,middle,0,19.0,78.0,0.24358974358974358,0.2808889845966761,0.2562335541005682
B Laughlin,middle,1,40.0,78.0,0.5128205128205128,0.4414331678151601,0.48862141281869836
B Laughlin,middle,2,3.0,78.0,0.038461538461538464,0.06664217673287394,0.048014297197584384
B Laughlin,middle,3,0.0,78.0,0.0,0.002286430887717876,0.0007750613178704665
B Laughlin,middle,4,8.0,78.0,0.10256410256410256,0.08739739562221321,0.0974228459736316
B Laughlin,middle,6,3.0,78.0,0.038461538461538464,0.048281059991892986,0.04179018982776033
B Laughlin,middle,W,2.0,78.0,0.02564102564102564,0.04221980137819214,0.03126094961972615
B Laughlin,middle,Wd,3.0,78.0,0.038461538461538464,0.028171868666396434,0.03497351480216828
B Laughlin,middle,Nb,0.0,78.0,0.0,0.002679114308877179,0.000908174341992264
B Laughlin,powerplay,0,18.0,59.0,0.3050847457627119,0.4228881521678736,0.35268208168398935
B Laughlin,powerplay,1,20.0,59.0,0.3389830508474576,0.25764450947345025,0.3061189937266466
B Laughlin,powerplay,2,5.0,59.0,0.0847457627118644,0.04384827662845184,0.0682215259104856
B Laughlin,powerplay,3,0.0,59.0,0.0,0.005028429611245902,0.002031688731816526
B Laughlin,powerplay,4,8.0,59.0,0.13559322033898305,0.15223269683107069,0.14231624114386693
B Laughlin,powerplay,6,2.0,59.0,0.03389830508474576,0.040523771600022226,0.036575261252534234
B Laughlin,powerplay,W,4.0,59.0,0.06779661016949153,0.03919952586446391,0.056242232672510675
B Laughlin,powerplay,Wd,1.0,59.0,0.01694915254237288,0.03486563072990943,0.024188133628246237
B Laughlin,powerplay,Nb,1.0,59.0,0.01694915254237288,0.003769007093512122,0.011623841249903889
B Lee,death,0,91.0,357.0,0.2549019607843137,0.21696977459016392,0.251080078044349
B Lee,death,1,139.0,357.0,0.38935574229691877,0.37083760245901637,0.387489934756576
B Lee,death,2,36.0,357.0,0.10084033613445378,0.08837090163934426,0.09958396993847297
B Lee,death,3,0.0,357.0,0.0,0.002651127049180328,0.000267116075484164
B Lee,death,4,39.0,357.0,0.1092436974789916,0.11151383196721311,0.10947242639468141
B Lee,death,6,17.0,357.0,0.047619047619047616,0.07952100409836066,0.05083335053887765
B Lee,death,W,17.0,357.0,0.047619047619047616,0.08016137295081967,0.050897871330057395
B Lee,death,Wd,13.0,357.0,0.036414565826330535,0.04340420081967213,0.03711881116571004
B Lee,death,Nb,5.0,357.0,0.014005602240896359,0.006570184426229508,0.013256441755791385
B Lee,middle,0,37.0,128.0,0.2890625,0.2808889845966761,0.2871164249039705
B Lee,middle,1,56.0,128.0,0.4375,0.4414331678151601,0.4384364685274191
B Lee,middle,2,9.0,128.0,0.0703125,0.06664217673287394,0.06943861350782712
B Lee,middle,3,0.0,128.0,0.0,0.002286430887717876,0.0005443883065994943
B Lee,middle,4,11.0,128.0,0.0859375,0.08739739562221321,0.08628509419576505
B Lee,middle,6,3.0,128.0,0.0234375,0.048281059991892986,0.029352633331403092
B Lee,middle,W,6.0,128.0,0.046875,0.04221980137819214,0.045766619375760036
B Lee,middle,Wd,3.0,128.0,0.0234375,0.028171868666396434,0.024564730634856292
B Lee,middle,Nb,3.0,128.0,0.0234375,0.002679114308877179,0.01849502721639933
B Lee,powerplay,0,326.0,681.0,0.4787077826725404,0.4228881521678736,0.4756109931854576
B Lee,powerplay,1,148.0,681.0,0.2173274596182085,0.25764450947345025,0.2195641891524799
B Lee,powerplay,2,26.0,681.0,0.0381791483113069,0.04384827662845184,0.03849366305844393
B Lee,powerplay,3,3.0,681.0,0.004405286343612335,0.005028429611245902,0.004439857398682158
B Lee,powerplay,4,108.0,681.0,0.15859030837004406,0.15223269683107069,0.15823759760505246
B Lee,powerplay,6,16.0,681.0,0.023494860499265784,0.040523771600022226,0.024439598979196796
B Lee,powerplay,W,22.0,681.0,0.032305433186490456,0.03919952586446391,0.03268790712146818
B Lee,powerplay,Wd,20.0,681.0,0.02936857562408223,0.03486563072990943,0.029673544007207182
B Lee,powerplay,Nb,12.0,681.0,0.01762114537444934,0.003769007093512122,0.01685264949201177
B Muzarabani,death,0,37.0,191.0,0.193717277486911,0.21696977459016392,0.1977436839117167
B Muzarabani,death,1,61.0,191.0,0.3193717277486911,0.37083760245901637,0.3282835675253708
B Muzarabani,death,2,23.0,191.0,0.12041884816753927,0.08837090163934426,0.11486942019728905
B Muzarabani,death,3,0.0,191.0,0.0,0.002651127049180328,0.00045906961890568445
B Muzarabani,death,4,27.0,191.0,0.14136125654450263,0.11151383196721311,0.13619287133631397
B Muzarabani,death,6,13.0,191.0,0.06806282722513089,0.07952100409836066,0.07004692711659925
B Muzarabani,death,W,16.0,191.0,0.08376963350785341,0.08016137295081967,0.08314482648499041
B Muzarabani,death,Wd,12.0,191.0,0.06282722513089005,0.04340420081967213,0.059463930877865306
B Muzarabani,death,Nb,2.0,191.0,0.010471204188481676,0.006570184426229508,0.009795702930948832
B Muzarabani,middle,0,15.0,49.0,0.30612244897959184,0.2808889845966761,0.2947815661108657
B Muzarabani,middle,1,22.0,49.0,0.4489795918367347,0.4414331678151601,0.4455879405910832
B Muzarabani,middle,2,4.0,49.0,0.08163265306122448,0.06664217673287394,0.07489536032938154
B Muzarabani,middle,3,0.0,49.0,0.0,0.002286430887717876,0.0010276093877383712
B Muzarabani,middle,4,4.0,49.0,0.08163265306122448,0.08739739562221321,0.08422354859425313
B Muzarabani,middle,6,1.0,49.0,0.02040816326530612,0.048281059991892986,0.03293530786152494
B Muzarabani,middle,W,3.0,49.0,0.061224489795918366,0.04221980137819214,0.05268305679918748
B Muzarabani,middle,Wd,0.0,49.0,0.0,0.028171868666396434,0.012661514007369184
B Muzarabani,middle,Nb,0.0,49.0,0.0,0.002679114308877179,0.001204096318596485
B Muzarabani,powerplay,0,122.0,286.0,0.42657342657342656,0.4228881521678736,0.4261212456647698
B Muzarabani,powerplay,1,70.0,286.0,0.24475524475524477,0.25764450947345025,0.2463367496286442
B Muzarabani,powerplay,2,20.0,286.0,0.06993006993006994,0.04384827662845184,0.06672984989306158
B Muzarabani,powerplay,3,3.0,286.0,0.01048951048951049,0.005028429611245902,0.009819439216103792
B Muzarabani,powerplay,4,37.0,286.0,0.12937062937062938,0.15223269683107069,0.13217579102221727
B Muzarabani,powerplay,6,10.0,286.0,0.03496503496503497,0.040523771600022226,0.03564708853988003
B Muzarabani,powerplay,W,18.0,286.0,0.06293706293706294,0.03919952586446391,0.06002448170116121
B Muzarabani,powerplay,Wd,6.0,286.0,0.02097902097902098,0.03486563072990943,0.022682899476062505
B Muzarabani,powerplay,Nb,0.0,286.0,0.0,0.003769007093512122,0.0004624548580996469
B Stanlake,death,0,8.0,29.0,0.27586206896551724,0.21696977459016392,0.24172160845806606
B Stanlake,death,1,9.0,29.0,0.3103448275862069,0.37083760245901637,0.3454131028747921
B Stanlake,death,2,3.0,29.0,0.10344827586206896,0.08837090163934426,0.09470776906628653
B Stanlake,death,3,0.0,29.0,0.0,0.002651127049180328,0.0015368852459016393
B Stanlake,death,4,4.0,29.0,0.13793103448275862,0.11151383196721311,0.12261671418389168
B Stanlake,death,6,2.0,29.0,0.06896551724137931,0.07952100409836066,0.07508464005702067
B Stanlake,death,W,2.0,29.0,0.06896551724137931,0.08016137295081967,0.07545586837728677
B Stanlake,death,Wd,1.0,29.0,0.034482758620689655,0.04340420081967213,0.039654609170824424
B Stanlake,death,Nb,0.0,29.0,0.0,0.006570184426229508,0.00380880256593015
B Stanlake,middle,0,43.0,133.0,0.3233082706766917,0.2808889845966761,0.31350034325934706
B Stanlake,middle,1,40.0,133.0,0.3007518796992481,0.4414331678151601,0.3332793451595746
B Stanlake,middle,2,11.0,133.0,0.08270676691729323,0.06664217673287394,0.07899241080528877
B Stanlake,middle,3,0.0,133.0,0.0,0.002286430887717876,0.0005286545405128037
B Stanlake,middle,4,14.0,133.0,0.10526315789473684,0.08739739562221321,0.10113234580860421
B Stanlake,middle,6,11.0,133.0,0.08270676691729323,0.048281059991892986,0.0747470658940793
B Stanlake,middle,W,10.0,133.0,0.07518796992481203,0.04221980137819214,0.06756527199495771
B Stanlake,middle,Wd,3.0,133.0,0.022556390977443608,0.028171868666396434,0.023854767321710157
B Stanlake,middle,Nb,1.0,133.0,0.007518796992481203,0.002679114308877179,0.006399795215925359
B Stanlake,powerplay,0,78.0,184.0,0.42391304347826086,0.4228881521678736,0.4237300271728346
B Stanlake,powerplay,1,41.0,184.0,0.22282608695652173,0.25764450947345025,0.22904366240597326
B Stanlake,powerplay,2,9.0,184.0,0.04891304347826087,0.04384827662845184,0.04800862082650926
B Stanlake,powerplay,3,4.0,184.0,0.021739130434782608,0.005028429611245902,0.018755076716293912
B Stanlake,powerplay,4,26.0,184.0,0.14130434782608695,0.15223269683107069,0.14325583871983408
B Stanlake,powerplay,6,8.0,184.0,0.043478260869565216,0.040523771600022226,0.04295067350000397
B Stanlake,powerplay,W,8.0,184.0,0.043478260869565216,0.03919952586446391,0.042714201047225696
B Stanlake,powerplay,Wd,10.0,184.0,0.05434782608695652,0.03486563072990943,0.05086886263034097
B Stanlake,powerplay,Nb,0.0,184.0,0.0,0.003769007093512122,0.0006730369809843076
BA Stokes,death,0,65.0,269.0,0.241635687732342,0.21696977459016392,0.23844268926733514
BA Stokes,death,1,81.0,269.0,0.30111524163568776,0.37083760245901637,0.3101407899623322
BA Stokes,death,2,29.0,269.0,0.10780669144981413,0.08837090163934426,0.1052907316037986
BA Stokes,death,3,2.0,269.0,0.007434944237918215,0.002651127049180328,0.006815679876916547
BA Stokes,death,4,30.0,269.0,0.11152416356877323,0.11151383196721311,0.11152282614462306
BA Stokes,death,6,19.0,269.0,0.07063197026022305,0.07952100409836066,0.07178265425221497
BA Stokes,death,W,24.0,269.0,0.08921933085501858,0.08016137295081967,0.08804677967000901
BA Stokes,death,Wd,16.0,269.0,0.05947955390334572,0.04340420081967213,0.057398602047854
BA Stokes,death,Nb,3.0,269.0,0.011152416356877323,0.006570184426229508,0.010559247174916441
BA Stokes,middle,0,195.0,681.0,0.28634361233480177,0.2808889845966761,0.28604099775848413
BA Stokes,middle,1,291.0,681.0,0.42731277533039647,0.4414331678151601,0.4280961535542391
BA Stokes,middle,2,40.0,681.0,0.05873715124816446,0.06664217673287394,0.05917571022096388
BA Stokes,middle,3,2.0,681.0,0.002936857562408223,0.002286430887717876,0.0029007728647832383
BA Stokes,middle,4,73.0,681.0,0.10719530102790015,0.08739739562221321,0.10609694289166233
BA Stokes,middle,6,27.0,681.0,0.039647577092511016,0.048281059991892986,0.04012654979150585
BA Stokes,middle,W,19.0,681.0,0.027900146842878122,0.04221980137819214,0.028694579826806774
BA Stokes,middle,Wd,32.0,681.0,0.04698972099853157,0.028171868666396434,0.045945734738773725
BA Stokes,middle,Nb,2.0,681.0,0.002936857562408223,0.002679114308877179,0.002922558352780981
BA Stokes,powerplay,0,102.0,272.0,0.375,0.4228881521678736,0.3811395066881889
BA Stokes,powerplay,1,71.0,272.0,0.2610294117647059,0.25764450947345025,0.2605954499324936
BA Stokes,powerplay,2,11.0,272.0,0.04044117647058824,0.04384827662845184,0.040877984183134854
BA Stokes,powerplay,3,0.0,272.0,0.0,0.005028429611245902,0.0006446704629802438
BA Stokes,powerplay,4,54.0,272.0,0.19852941176470587,0.15223269683107069,0.1925939354911629
BA Stokes,powerplay,6,14.0,272.0,0.051470588235294115,0.040523771600022226,0.050067150205131056
BA Stokes,powerplay,W,10.0,272.0,0.03676470588235294,0.03919952586446391,0.037076862290315885
BA Stokes,powerplay,Wd,8.0,272.0,0.029411764705882353,0.03486563072990943,0.030110978298706337
BA Stokes,powerplay,Nb,2.0,272.0,0.007352941176470588,0.003769007093512122,0.0068934624478861695
BAW Mendis,death,0,46.0,196.0,0.23469387755102042,0.21696977459016392,0.23168979230341763
BAW Mendis,death,1,78.0,196.0,0.3979591836734694,0.37083760245901637,0.3933623055015282
BAW Mendis,death,2,20.0,196.0,0.10204081632653061,0.08837090163934426,0.09972388163378716
BAW Mendis,death,3,2.0,196.0,0.01020408163265306,0.002651127049180328,0.008923919838844123
BAW Mendis,death,4,14.0,196.0,0.07142857142857142,0.11151383196721311,0.07822268338427342
BAW Mendis,death,6,12.0,196.0,0.061224489795918366,0.07952100409836066,0.06432559391497639
BAW Mendis,death,W,20.0,196.0,0.10204081632653061,0.08016137295081967,0.09833243609335926
BAW Mendis,death,Wd,3.0,196.0,0.015306122448979591,0.04340420081967213,0.02006850861350375
BAW Mendis,death,Nb,1.0,196.0,0.00510204081632653,0.006570184426229508,0.005350878716310086
BAW Mendis,middle,0,150.0,514.0,0.2918287937743191,0.2808889845966761,0.2910389158553557
BAW Mendis,middle,1,239.0,514.0,0.4649805447470817,0.4414331678151601,0.46328037312744835
BAW Mendis,middle,2,51.0,514.0,0.09922178988326848,0.06664217673287394,0.09686947124425083
BAW Mendis,middle,3,2.0,514.0,0.0038910505836575876,0.002286430887717876,0.0037751935659002074
BAW Mendis,middle,4,27.0,514.0,0.05252918287937743,0.08739739562221321,0.05504674336622478
BAW Mendis,middle,6,18.0,514.0,0.03501945525291829,0.048281059991892986,0.03597697184056989
BAW Mendis,middle,W,21.0,514.0,0.04085603112840467,0.04221980137819214,0.04095449829445431
BAW Mendis,middle,Wd,5.0,514.0,0.009727626459143969,0.028171868666396434,0.01105934069793476
BAW Mendis,middle,Nb,1.0,514.0,0.0019455252918287938,0.002679114308877179,0.001998492007861168
BAW Mendis,powerplay,0,59.0,144.0,0.4097222222222222,0.4228881521678736,0.4125843809060595
BAW Mendis,powerplay,1,54.0,144.0,0.375,0.25764450947345025,0.3494879368420544
BAW Mendis,powerplay,2,7.0,144.0,0.04861111111111111,0.04384827662845184,0.047575712310533015
BAW Mendis,powerplay,3,1.0,144.0,0.006944444444444444,0.005028429611245902,0.00652791948070563
BAW Mendis,powerplay,4,11.0,144.0,0.0763888888888889,0.15223269683107069,0.0928766732241458
BAW Mendis,powerplay,6,4.0,144.0,0.027777777777777776,0.040523771600022226,0.03054864600000483
BAW Mendis,powerplay,W,5.0,144.0,0.034722222222222224,0.03919952586446391,0.03569554910097041
BAW Mendis,powerplay,Wd,2.0,144.0,0.013888888888888888,0.03486563072990943,0.018449050158675963
BAW Mendis,powerplay,Nb,1.0,144.0,0.006944444444444444,0.003769007093512122,0.006254131976850461
BB Sran,death,0,13.0,88.0,0.14772727272727273,0.21696977459016392,0.16936555455942623
BB Sran,death,1,40.0,88.0,0.45454545454545453,0.37083760245901637,0.4283867507684426
BB Sran,death,2,5.0,88.0,0.056818181818181816,0.08837090163934426,0.06667840676229508
BB Sran,death,3,0.0,88.0,0.0,0.002651127049180328,0.0008284772028688525
BB Sran,death,4,10.0,88.0,0.11363636363636363,0.11151383196721311,0.1129730724897541
BB Sran,death,6,4.0,88.0,0.045454545454545456,0.07952100409836066,0.05610031378073771
BB Sran,death,W,7.0,88.0,0.07954545454545454,0.08016137295081967,0.07973792904713115
BB Sran,death,Wd,8.0,88.0,0.09090909090909091,0.04340420081967213,0.07606381275614754
BB Sran,death,Nb,1.0,88.0,0.011363636363636364,0.006570184426229508,0.009865682633196721
BB Sran,middle,0,45.0,173.0,0.26011560693641617,0.2808889845966761,0.2640167107223805
BB Sran,middle,1,66.0,173.0,0.3815028901734104,0.4414331678151601,0.39275740240660284
BB Sran,middle,2,12.0,173.0,0.06936416184971098,0.06664217673287394,0.06885299093575098
BB Sran,middle,3,1.0,173.0,0.005780346820809248,0.002286430887717876,0.005124212373280352
BB Sran,middle,4,17.0,173.0,0.09826589595375723,0.08739739562221321,0.09622486302764567
BB Sran,middle,6,15.0,173.0,0.08670520231213873,0.048281059991892986,0.07948940093744468
BB Sran,middle,W,7.0,173.0,0.04046242774566474,0.04221980137819214,0.04079245096304077
BB Sran,middle,Wd,10.0,173.0,0.057803468208092484,0.028171868666396434,0.052238848575849095
BB Sran,middle,Nb,0.0,173.0,0.0,0.002679114308877179,0.000503120058005104
BB Sran,powerplay,0,97.0,244.0,0.3975409836065574,0.4228881521678736,0.40111100734758787
BB Sran,powerplay,1,53.0,244.0,0.21721311475409835,0.25764450947345025,0.2229076773906268
BB Sran,powerplay,2,18.0,244.0,0.07377049180327869,0.04384827662845184,0.06955609529978195
BB Sran,powerplay,3,1.0,244.0,0.004098360655737705,0.005028429611245902,0.00422935628327407
BB Sran,powerplay,4,45.0,244.0,0.18442622950819673,0.15223269683107069,0.17989192913113672
BB Sran,powerplay,6,9.0,244.0,0.036885245901639344,0.040523771600022226,0.03739771430986229
BB Sran,powerplay,W,7.0,244.0,0.028688524590163935,0.03919952586446391,0.03016894730485407
BB Sran,powerplay,Wd,12.0,244.0,0.04918032786885246,0.03486563072990943,0.04716417334224077
BB Sran,powerplay,Nb,2.0,244.0,0.00819672131147541,0.003769007093512122,0.00757309959063551
BCJ Cutting,death,0,12.0,76.0,0.15789473684210525,0.21696977459016392,0.17826543951384963
BCJ Cutting,death,1,36.0,76.0,0.47368421052631576,0.37083760245901637,0.4382198629169022
BCJ Cutting,death,2,3.0,76.0,0.039473684210526314,0.08837090163934426,0.056334793668739405
BCJ Cutting,death,3,1.0,76.0,0.013157894736842105,0.002651127049180328,0.009534871396269079
BCJ Cutting,death,4,13.0,76.0,0.17105263157894737,0.11151383196721311,0.15052201102317694
BCJ Cutting,death,6,7.0,76.0,0.09210526315789473,0.07952100409836066,0.08776586348219334
BCJ Cutting,death,W,2.0,76.0,0.02631578947368421,0.08016137295081967,0.04488323205200678
BCJ Cutting,death,Wd,2.0,76.0,0.02631578947368421,0.04340420081967213,0.03220834511023177
BCJ Cutting,death,Nb,0.0,76.0,0.0,0.006570184426229508,0.002265580836630865
BCJ Cutting,middle,0,50.0,199.0,0.25125628140703515,0.2808889845966761,0.25621572963961103
BCJ Cutting,middle,1,90.0,199.0,0.45226130653266333,0.4414331678151601,0.45044906574312304
BCJ Cutting,middle,2,11.0,199.0,0.05527638190954774,0.06664217673287394,0.05717860698458141
BCJ Cutting,middle,3,0.0,199.0,0.0,0.002286430887717876,0.00038266625735864035
BCJ Cutting,middle,4,26.0,199.0,0.1306532663316583,0.08739739562221321,0.1234137900622951
BCJ Cutting,middle,6,6.0,199.0,0.03015075376884422,0.048281059991892986,0.03318511464299464
BCJ Cutting,middle,W,11.0,199.0,0.05527638190954774,0.04221980137819214,0.05309118014697776
BCJ Cutting,middle,Wd,5.0,199.0,0.02512562814070352,0.028171868666396434,0.025635459191028692
BCJ Cutting,middle,Nb,0.0,199.0,0.0,0.002679114308877179,0.00044838733202965335
BCJ Cutting,powerplay,0,16.0,62.0,0.25806451612903225,0.4228881521678736,0.3227012361442642
BCJ Cutting,powerplay,1,27.0,62.0,0.43548387096774194,0.25764450947345025,0.3657429448915491
BCJ Cutting,powerplay,2,3.0,62.0,0.04838709677419355,0.04384827662845184,0.04660716730527523
BCJ Cutting,powerplay,3,1.0,62.0,0.016129032258064516,0.005028429611245902,0.011775854749508196
BCJ Cutting,powerplay,4,11.0,62.0,0.1774193548387097,0.15223269683107069,0.16754223405140026
BCJ Cutting,powerplay,6,2.0,62.0,0.03225806451612903,0.040523771600022226,0.03549951827451852
BCJ Cutting,powerplay,W,0.0,62.0,0.0,0.03919952586446391,0.015372363084103493
BCJ Cutting,powerplay,Wd,2.0,62.0,0.03225806451612903,0.03486563072990943,0.033280639501925266
BCJ Cutting,powerplay,Nb,0.0,62.0,0.0,0.003769007093512122,0.0014780419974557341
BE Hendricks,death,0,23.0,109.0,0.21100917431192662,0.21696977459016392,0.2126093354604467
BE Hendricks,death,1,35.0,109.0,0.3211009174311927,0.37083760245901637,0.3344530476400044
BE Hendricks,death,2,6.0,109.0,0.05504587155963303,0.08837090163934426,0.0639921883595555
BE Hendricks,death,3,0.0,109.0,0.0,0.002651127049180328,0.0007117119595114975
BE Hendricks,death,4,18.0,109.0,0.1651376146788991,0.11151383196721311,0.1507419683133458
BE Hendricks,death,6,9.0,109.0,0.08256880733944955,0.07952100409836066,0.08175060512707669
BE Hendricks,death,W,11.0,109.0,0.10091743119266056,0.08016137295081967,0.09534533502035428
BE Hendricks,death,Wd,7.0,109.0,0.06422018348623854,0.04340420081967213,0.05863200022004621
BE Hendricks,death,Nb,0.0,109.0,0.0,0.006570184426229508,0.0017638078996589283
BE Hendricks,middle,0,23.0,81.0,0.2839506172839506,0.2808889845966761,0.2829385073046863
BE Hendricks,middle,1,30.0,81.0,0.37037037037037035,0.4414331678151601,0.39386220423641655
BE Hendricks,middle,2,6.0,81.0,0.07407407407407407,0.06664217673287394,0.07161724850673519
BE Hendricks,middle,3,0.0,81.0,0.0,0.002286430887717876,0.0007558449215596284
BE Hendricks,middle,4,12.0,81.0,0.14814814814814814,0.08739739562221321,0.12806525475114486
BE Hendricks,middle,6,2.0,81.0,0.024691358024691357,0.048281059991892986,0.03248960660889024
BE Hendricks,middle,W,5.0,81.0,0.06172839506172839,0.04221980137819214,0.055279273182873435
BE Hendricks,middle,Wd,2.0,81.0,0.024691358024691357,0.028171868666396434,0.025841940055007083
BE Hendricks,middle,Nb,1.0,81.0,0.012345679012345678,0.002679114308877179,0.00915012043268667
BE Hendricks,powerplay,0,50.0,157.0,0.3184713375796178,0.4228881521678736,0.33967272125236014
BE Hendricks,powerplay,1,46.0,157.0,0.2929936305732484,0.25764450947345025,0.2858161440555229
BE Hendricks,powerplay,2,9.0,157.0,0.05732484076433121,0.04384827662845184,0.05458848256415266
BE Hendricks,powerplay,3,4.0,157.0,0.025477707006369428,0.005028429611245902,0.021325569464212366
BE Hendricks,powerplay,4,27.0,157.0,0.17197452229299362,0.15223269683107069,0.16796602981341538
BE Hendricks,powerplay,6,6.0,157.0,0.03821656050955414,0.040523771600022226,0.038685029766501976
BE Hendricks,powerplay,W,4.0,157.0,0.025477707006369428,0.03919952586446391,0.028263863119688103
BE Hendricks,powerplay,Wd,10.0,157.0,0.06369426751592357,0.03486563072990943,0.05784073720404252
BE Hendricks,powerplay,Nb,1.0,157.0,0.006369426751592357,0.003769007093512122,0.005841422760103984
BJ Dwarshuis,death,0,13.0,75.0,0.17333333333333334,0.21696977459016392,0.18851122594440484
BJ Dwarshuis,death,1,24.0,75.0,0.32,0.37083760245901637,0.3376826443335709
BJ Dwarshuis,death,2,6.0,75.0,0.08,0.08837090163934426,0.08291161796151104
BJ Dwarshuis,death,3,1.0,75.0,0.013333333333333334,0.002651127049180328,0.009617783321454028
BJ Dwarshuis,death,4,11.0,75.0,0.14666666666666667,0.11151383196721311,0.13443959372772632
BJ Dwarshuis,death,6,3.0,75.0,0.04,0.07952100409836066,0.05374643620812545
BJ Dwarshuis,death,W,13.0,75.0,0.17333333333333334,0.08016137295081967,0.14092569493941554
BJ Dwarshuis,death,Wd,3.0,75.0,0.04,0.04340420081967213,0.04118406985032074
BJ Dwarshuis,death,Nb,1.0,75.0,0.013333333333333334,0.006570184426229508,0.010980933713471133
BJ Dwarshuis,middle,0,16.0,84.0,0.19047619047619047,0.2808889845966761,0.21964160793441165
BJ Dwarshuis,middle,1,35.0,84.0,0.4166666666666667,0.4414331678151601,0.4246558605855355
BJ Dwarshuis,middle,2,7.0,84.0,0.08333333333333333,0.06664217673287394,0.07794908926866902
BJ Dwarshuis,middle,3,1.0,84.0,0.011904761904761904,0.002286430887717876,0.008802074479908993
BJ Dwarshuis,middle,4,11.0,84.0,0.13095238095238096,0.08739739562221321,0.1169023856845849
BJ Dwarshuis,middle,6,8.0,84.0,0.09523809523809523,0.048281059991892986,0.08009066451351386
BJ Dwarshuis,middle,W,3.0,84.0,0.03571428571428571,0.04221980137819214,0.03781283915425553
BJ Dwarshuis,middle,Wd,3.0,84.0,0.03571428571428571,0.028171868666396434,0.03328124795690207
BJ Dwarshuis,middle,Nb,0.0,84.0,0.0,0.002679114308877179,0.0008642304222184448
BJ Dwarshuis,powerplay,0,41.0,99.0,0.41414141414141414,0.4228881521678736,0.41665846105550325
BJ Dwarshuis,powerplay,1,23.0,99.0,0.23232323232323232,0.25764450947345025,0.2396099307837267
BJ Dwarshuis,powerplay,2,4.0,99.0,0.04040404040404041,0.04384827662845184,0.04139518751897894
BJ Dwarshuis,powerplay,3,0.0,99.0,0.0,0.005028429611245902,0.0014470301039556553
BJ Dwarshuis,powerplay,4,22.0,99.0,0.2222222222222222,0.15223269683107069,0.2020813516060635
BJ Dwarshuis,powerplay,6,2.0,99.0,0.020202020202020204,0.040523771600022226,0.026050006215833733
BJ Dwarshuis,powerplay,W,5.0,99.0,0.050505050505050504,0.03919952586446391,0.04725166211927019
BJ Dwarshuis,powerplay,Wd,2.0,99.0,0.020202020202020204,0.03486563072990943,0.02442176423882286
BJ Dwarshuis,powerplay,Nb,0.0,99.0,0.0,0.003769007093512122,0.001084606357845215
BJ Hodge,death,0,1.0,13.0,0.07692307692307693,0.21696977459016392,0.1826186978038973
BJ Hodge,death,1,7.0,13.0,0.5384615384615384,0.37083760245901637,0.4119529075162388
BJ Hodge,death,2,1.0,13.0,0.07692307692307693,0.08837090163934426,0.08556294463346738
BJ Hodge,death,3,0.0,13.0,0.0,0.002651127049180328,0.0020008506031549645
BJ Hodge,death,4,0.0,13.0,0.0,0.11151383196721311,0.08416138261676462
BJ Hodge,death,6,2.0,13.0,0.15384615384615385,0.07952100409836066,0.09775170120630994
BJ Hodge,death,W,2.0,13.0,0.15384615384615385,0.08016137295081967,0.09823499845344881
BJ Hodge,death,Wd,0.0,13.0,0.0,0.04340420081967213,0.03275788741107331
BJ Hodge,death,Nb,0.0,13.0,0.0,0.006570184426229508,0.004958629755644912
BJ Hodge,middle,0,36.0,161.0,0.2236024844720497,0.2808889845966761,0.23500278300431365
BJ Hodge,middle,1,78.0,161.0,0.484472049689441,0.4414331678151601,0.4759070980726687
BJ Hodge,middle,2,11.0,161.0,0.06832298136645963,0.06664217673287394,0.06798849288216396
BJ Hodge,middle,3,0.0,161.0,0.0,0.002286430887717876,0.0004550111219339057
BJ Hodge,middle,4,12.0,161.0,0.07453416149068323,0.08739739562221321,0.0770940090790474
BJ Hodge,middle,6,8.0,161.0,0.049689440993788817,0.048281059991892986,0.049409166167540895
BJ Hodge,middle,W,12.0,161.0,0.07453416149068323,0.04221980137819214,0.06810344306033674
BJ Hodge,middle,Wd,4.0,161.0,0.024844720496894408,0.028171868666396434,0.02550683953560128
BJ Hodge,middle,Nb,0.0,161.0,0.0,0.002679114308877179,0.0005331570763934684
BJ Hodge,powerplay,0,19.0,48.0,0.3958333333333333,0.4228881521678736,0.4081309782581244
BJ Hodge,powerplay,1,14.0,48.0,0.2916666666666667,0.25764450947345025,0.2762020497606592
BJ Hodge,powerplay,2,3.0,48.0,0.0625,0.04384827662845184,0.05402194392202356
BJ Hodge,powerplay,3,0.0,48.0,0.0,0.005028429611245902,0.002285649823293592
BJ Hodge,powerplay,4,7.0,48.0,0.14583333333333334,0.15223269683107069,0.14874213492321395
BJ Hodge,powerplay,6,3.0,48.0,0.0625,0.040523771600022226,0.052510805272737375
BJ Hodge,powerplay,W,1.0,48.0,0.020833333333333332,0.03919952586446391,0.029181602665665416
BJ Hodge,powerplay,Wd,1.0,48.0,0.020833333333333332,0.03486563072990943,0.027211650331777016
BJ Hodge,powerplay,Nb,0.0,48.0,0.0,0.003769007093512122,0.00171318504250551
BJ Rohrer,middle,0,1.0,7.0,0.14285714285714285,0.2808889845966761,0.26033105072057544
BJ Rohrer,middle,1,3.0,7.0,0.42857142857142855,0.4414331678151601,0.43951758962992354
BJ Rohrer,middle,2,0.0,7.0,0.0,0.06664217673287394,0.05671674615563739
BJ Rohrer,middle,3,0.0,7.0,0.0,0.002286430887717876,0.0019458986278450008
BJ Rohrer,middle,4,2.0,7.0,0.2857142857142857,0.08739739562221321,0.11693395372103252
BJ Rohrer,middle,6,0.0,7.0,0.0,0.048281059991892986,0.04109026382288764
BJ Rohrer,middle,W,0.0,7.0,0.0,0.04221980137819214,0.03593174585378055
BJ Rohrer,middle,Wd,1.0,7.0,0.14285714285714285,0.028171868666396434,0.04525265418416717
BJ Rohrer,middle,Nb,0.0,7.0,0.0,0.002679114308877179,0.0022800972841507906
BMAJ Mendis,death,0,2.0,14.0,0.14285714285714285,0.21696977459016392,0.1977553885853066
BMAJ Mendis,death,1,8.0,14.0,0.5714285714285714,0.37083760245901637,0.4228426684881603
BMAJ Mendis,death,2,2.0,14.0,0.14285714285714285,0.08837090163934426,0.10249696417729205
BMAJ Mendis,death,3,0.0,14.0,0.0,0.002651127049180328,0.0019637978142076503
BMAJ Mendis,death,4,2.0,14.0,0.14285714285714285,0.11151383196721311,0.11963987553126898
BMAJ Mendis,death,6,0.0,14.0,0.0,0.07952100409836066,0.05890444748026716
BMAJ Mendis,death,W,0.0,14.0,0.0,0.08016137295081967,0.05937879477838494
BMAJ Mendis,death,Wd,0.0,14.0,0.0,0.04340420081967213,0.0321512598664238
BMAJ Mendis,death,Nb,0.0,14.0,0.0,0.006570184426229508,0.004866803278688525
BMAJ Mendis,middle,0,40.0,132.0,0.30303030303030304,0.2808889845966761,0.2978811592085293
BMAJ Mendis,middle,1,59.0,132.0,0.44696969696969696,0.4414331678151601,0.44568213205003726
BMAJ Mendis,middle,2,13.0,132.0,0.09848484848484848,0.06664217673287394,0.09107957598438929
BMAJ Mendis,middle,3,0.0,132.0,0.0,0.002286430887717876,0.0005317281134227618
BMAJ Mendis,middle,4,5.0,132.0,0.03787878787878788,0.08739739562221321,0.049394743167956556
BMAJ Mendis,middle,6,7.0,132.0,0.05303030303030303,0.048281059991892986,0.05192582790509139
BMAJ Mendis,middle,W,6.0,132.0,0.045454545454545456,0.04221980137819214,0.044702279390277246
BMAJ Mendis,middle,Wd,2.0,132.0,0.015151515151515152,0.028171868666396434,0.018179504341022425
BMAJ Mendis,middle,Nb,0.0,132.0,0.0,0.002679114308877179,0.0006230498392737626
BW Hilfenhaus,death,0,28.0,108.0,0.25925925925925924,0.21696977459016392,0.24782966880815244
BW Hilfenhaus,death,1,35.0,108.0,0.32407407407407407,0.37083760245901637,0.3367128655294639
BW Hilfenhaus,death,2,6.0,108.0,0.05555555555555555,0.08837090163934426,0.06442456801063359
BW Hilfenhaus,death,3,0.0,108.0,0.0,0.002651127049180328,0.0007165208241027913
BW Hilfenhaus,death,4,15.0,108.0,0.1388888888888889,0.11151383196721311,0.13149022485600356
BW Hilfenhaus,death,6,9.0,108.0,0.08333333333333333,0.07952100409836066,0.08230297408063803
BW Hilfenhaus,death,W,7.0,108.0,0.06481481481481481,0.08016137295081967,0.06896253322995126
BW Hilfenhaus,death,Wd,6.0,108.0,0.05555555555555555,0.04340420081967213,0.05227140562693842
BW Hilfenhaus,death,Nb,2.0,108.0,0.018518518518518517,0.006570184426229508,0.015289239034116083
BW Hilfenhaus,middle,0,21.0,65.0,0.3230769230769231,0.2808889845966761,0.3070053274654004
BW Hilfenhaus,middle,1,27.0,65.0,0.4153846153846154,0.4414331678151601,0.4253078734533943
BW Hilfenhaus,middle,2,4.0,65.0,0.06153846153846154,0.06664217673287394,0.06348273399347579
BW Hilfenhaus,middle,3,0.0,65.0,0.0,0.002286430887717876,0.0008710212905591909
BW Hilfenhaus,middle,4,2.0,65.0,0.03076923076923077,0.08739739562221321,0.052341864998938364
BW Hilfenhaus,middle,6,4.0,65.0,0.06153846153846154,0.048281059991892986,0.05648802285405447
BW Hilfenhaus,middle,W,5.0,65.0,0.07692307692307693,0.04221980137819214,0.06370278147740653
BW Hilfenhaus,middle,Wd,2.0,65.0,0.03076923076923077,0.028171868666396434,0.029779759491960545
BW Hilfenhaus,middle,Nb,0.0,65.0,0.0,0.002679114308877179,0.001020614974810354
BW Hilfenhaus,powerplay,0,149.0,290.0,0.5137931034482759,0.4228881521678736,0.5027743214748938
BW Hilfenhaus,powerplay,1,53.0,290.0,0.18275862068965518,0.25764450947345025,0.19183569811799397
BW Hilfenhaus,powerplay,2,12.0,290.0,0.041379310344827586,0.04384827662845184,0.04167857898526689
BW Hilfenhaus,powerplay,3,4.0,290.0,0.013793103448275862,0.005028429611245902,0.01273071874075708
BW Hilfenhaus,powerplay,4,35.0,290.0,0.1206896551724138,0.15223269683107069,0.12451305416134191
BW Hilfenhaus,powerplay,6,9.0,290.0,0.03103448275862069,0.040523771600022226,0.032184699587881484
BW Hilfenhaus,powerplay,W,15.0,290.0,0.05172413793103448,0.03919952586446391,0.05020600313508653
BW Hilfenhaus,powerplay,Wd,10.0,290.0,0.034482758620689655,0.03486563072990943,0.034529167361201145
BW Hilfenhaus,powerplay,Nb,3.0,290.0,0.010344827586206896,0.003769007093512122,0.009547758435577227
C Bosch,death,0,45.0,129.0,0.3488372093023256,0.21696977459016392,0.3176259821515181
C Bosch,death,1,34.0,129.0,0.26356589147286824,0.37083760245901637,0.2889556455524299
C Bosch,death,2,8.0,129.0,0.06201550387596899,0.08837090163934426,0.06825346784363177
C Bosch,death,3,0.0,129.0,0.0,0.002651127049180328,0.0006274856921136871
C Bosch,death,4,14.0,129.0,0.10852713178294573,0.11151383196721311,0.10923404306916287
C Bosch,death,6,11.0,129.0,0.08527131782945736,0.07952100409836066,0.08391029682801436
C Bosch,death,W,10.0,129.0,0.07751937984496124,0.08016137295081967,0.07814470365699874
C Bosch,death,Wd,5.0,129.0,0.03875968992248062,0.04340420081967213,0.03985898244252595
C Bosch,death,Nb,2.0,129.0,0.015503875968992248,0.006570184426229508,0.013389392763604617
C Bosch,middle,0,59.0,208.0,0.28365384615384615,0.2808889845966761,0.28320790074139934
C Bosch,middle,1,83.0,208.0,0.39903846153846156,0.4414331678151601,0.40587631738954194
C Bosch,middle,2,15.0,208.0,0.07211538461538461,0.06664217673287394,0.07123260915046353
C Bosch,middle,3,0.0,208.0,0.0,0.002286430887717876,0.0003687791754383671
C Bosch,middle,4,20.0,208.0,0.09615384615384616,0.08739739562221321,0.09474151542293761
C Bosch,middle,6,12.0,208.0,0.057692307692307696,0.048281059991892986,0.05617436451482145
C Bosch,middle,W,13.0,208.0,0.0625,0.04221980137819214,0.05922900022228905
C Bosch,middle,Wd,4.0,208.0,0.019230769230769232,0.028171868666396434,0.020672882042967165
C Bosch,middle,Nb,2.0,208.0,0.009615384615384616,0.002679114308877179,0.008496631340141482
C Bosch,powerplay,0,19.0,62.0,0.3064516129032258,0.4228881521678736,0.3521130008501466
C Bosch,powerplay,1,12.0,62.0,0.1935483870967742,0.25764450947345025,0.21868412136213736
C Bosch,powerplay,2,2.0,62.0,0.03225806451612903,0.04384827662845184,0.036803245736647776
C Bosch,powerplay,3,1.0,62.0,0.016129032258064516,0.005028429611245902,0.011775854749508196
C Bosch,powerplay,4,13.0,62.0,0.20967741935483872,0.15223269683107069,0.18715007718865517
C Bosch,powerplay,6,8.0,62.0,0.12903225806451613,0.040523771600022226,0.09432304768628323
C Bosch,powerplay,W,6.0,62.0,0.0967741935483871,0.03919952586446391,0.07419589249586821
C Bosch,powerplay,Wd,1.0,62.0,0.016129032258064516,0.03486563072990943,0.02347671793329782
C Bosch,powerplay,Nb,0.0,62.0,0.0,0.003769007093512122,0.0014780419974557341
C Connolly,middle,0,9.0,25.0,0.36,0.2808889845966761,0.31131629821333917
C Connolly,middle,1,11.0,25.0,0.44,0.4414331678151601,0.4408819494247139
C Connolly,middle,2,0.0,25.0,0.0,0.06664217673287394,0.041010570297153194
C Connolly,middle,3,0.0,25.0,0.0,0.002286430887717876,0.0014070343924417698
C Connolly,middle,4,3.0,25.0,0.12,0.08739739562221321,0.0999368588444389
C Connolly,middle,6,1.0,25.0,0.04,0.048281059991892986,0.04509603691808799
C Connolly,middle,W,0.0,25.0,0.0,0.04221980137819214,0.025981416232733624
C Connolly,middle,Wd,1.0,25.0,0.04,0.028171868666396434,0.032721149948551645
C Connolly,middle,Nb,0.0,25.0,0.0,0.002679114308877179,0.0016486857285398023
C Connolly,powerplay,0,4.0,16.0,0.25,0.4228881521678736,0.37349153726276685
C Connolly,powerplay,1,2.0,16.0,0.125,0.25764450947345025,0.2197460781953216
C Connolly,powerplay,2,4.0,16.0,0.25,0.04384827662845184,0.10274876902032273
C Connolly,powerplay,3,0.0,16.0,0.0,0.005028429611245902,0.003591735436604216
C Connolly,powerplay,4,2.0,16.0,0.125,0.15223269683107069,0.14445192630790762
C Connolly,powerplay,6,2.0,16.0,0.125,0.040523771600022226,0.06465983685715873
C Connolly,powerplay,W,0.0,16.0,0.0,0.03919952586446391,0.027999661331759934
C Connolly,powerplay,Wd,2.0,16.0,0.125,0.03486563072990943,0.06061830766422103
C Connolly,powerplay,Nb,0.0,16.0,0.0,0.003769007093512122,0.0026921479239372303
C Green,death,0,29.0,116.0,0.25,0.21696977459016392,0.2415307114333754
C Green,death,1,42.0,116.0,0.3620689655172414,0.37083760245901637,0.36431733396385035
C Green,death,2,4.0,116.0,0.034482758620689655,0.08837090163934426,0.04830023118957545
C Green,death,3,1.0,116.0,0.008620689655172414,0.002651127049180328,0.007090032576712905
C Green,death,4,13.0,116.0,0.11206896551724138,0.11151383196721311,0.1119266235813367
C Green,death,6,17.0,116.0,0.14655172413793102,0.07952100409836066,0.1293643600252207
C Green,death,W,5.0,116.0,0.04310344827586207,0.08016137295081967,0.052605480243799914
C Green,death,Wd,5.0,116.0,0.04310344827586207,0.04340420081967213,0.043180564312736446
C Green,death,Nb,0.0,116.0,0.0,0.006570184426229508,0.0016846626733921816
C Green,middle,0,101.0,376.0,0.26861702127659576,0.2808889845966761,0.2697970177496804
C Green,middle,1,150.0,376.0,0.39893617021276595,0.4414331678151601,0.4030224199822269
C Green,middle,2,23.0,376.0,0.061170212765957445,0.06664217673287394,0.06169636314739172
C Green,middle,3,0.0,376.0,0.0,0.002286430887717876,0.00021984912381902653
C Green,middle,4,47.0,376.0,0.125,0.08739739562221321,0.12138436496367434
C Green,middle,6,19.0,376.0,0.05053191489361702,0.048281059991892986,0.050315486537682017
C Green,middle,W,17.0,376.0,0.04521276595744681,0.04221980137819214,0.04492498090174924
C Green,middle,Wd,17.0,376.0,0.04521276595744681,0.028171868666396434,0.04357421814099966
C Green,middle,Nb,2.0,376.0,0.005319148936170213,0.002679114308877179,0.005065299452776653
C Green,powerplay,0,60.0,159.0,0.37735849056603776,0.4228881521678736,0.3865101813402761
C Green,powerplay,1,39.0,159.0,0.24528301886792453,0.25764450947345025,0.24776774059767845
C Green,powerplay,2,4.0,159.0,0.025157232704402517,0.04384827662845184,0.02891422645798027
C Green,powerplay,3,2.0,159.0,0.012578616352201259,0.005028429611245902,0.011060990876632341
C Green,powerplay,4,30.0,159.0,0.18867924528301888,0.15223269683107069,0.18135330589569262
C Green,powerplay,6,10.0,159.0,0.06289308176100629,0.040523771600022226,0.05839673801005472
C Green,powerplay,W,3.0,159.0,0.018867924528301886,0.03919952586446391,0.02295467856572139
C Green,powerplay,Wd,10.0,159.0,0.06289308176100629,0.03486563072990943,0.05725942326229335
C Green,powerplay,Nb,1.0,159.0,0.006289308176100629,0.003769007093512122,0.005782714993670778
C Munro,death,0,2.0,8.0,0.25,0.21696977459016392,0.22247481215846995
C Munro,death,1,5.0,8.0,0.625,0.37083760245901637,0.41319800204918034
C Munro,death,2,0.0,8.0,0.0,0.08837090163934426,0.07364241803278689
C Munro,death,3,0.0,8.0,0.0,0.002651127049180328,0.0022092725409836064
C Munro,death,4,0.0,8.0,0.0,0.11151383196721311,0.09292819330601093
C Munro,death,6,1.0,8.0,0.125,0.07952100409836066,0.08710083674863389
C Munro,death,W,0.0,8.0,0.0,0.08016137295081967,0.06680114412568305
C Munro,death,Wd,0.0,8.0,0.0,0.04340420081967213,0.03617016734972678
C Munro,death,Nb,0.0,8.0,0.0,0.006570184426229508,0.005475153688524591
C Munro,middle,0,21.0,87.0,0.2413793103448276,0.2808889845966761,0.2538233022351736
C Munro,middle,1,44.0,87.0,0.5057471264367817,0.4414331678151601,0.4854907615165859
C Munro,middle,2,6.0,87.0,0.06896551724137931,0.06664217673287394,0.06823375645129888
C Munro,middle,3,0.0,87.0,0.0,0.002286430887717876,0.0007201357126670476
C Munro,middle,4,10.0,87.0,0.11494252873563218,0.08739739562221321,0.1062668962589648
C Munro,middle,6,4.0,87.0,0.04597701149425287,0.048281059991892986,0.04670269606043873
C Munro,middle,W,2.0,87.0,0.022988505747126436,0.04221980137819214,0.029045606733288865
C Munro,middle,Wd,0.0,87.0,0.0,0.028171868666396434,0.008873029501227222
C Munro,middle,Nb,0.0,87.0,0.0,0.002679114308877179,0.000843815530355017
C Sakariya,death,0,22.0,142.0,0.15492957746478872,0.21696977459016392,0.16856478562421184
C Sakariya,death,1,56.0,142.0,0.39436619718309857,0.37083760245901637,0.38919507746352006
C Sakariya,death,2,11.0,142.0,0.07746478873239436,0.08837090163934426,0.0798617366240317
C Sakariya,death,3,0.0,142.0,0.0,0.002651127049180328,0.000582665285534138
C Sakariya,death,4,17.0,142.0,0.11971830985915492,0.11151383196721311,0.11791512790488201
C Sakariya,death,6,9.0,142.0,0.06338028169014084,0.07952100409836066,0.06692769320843092
C Sakariya,death,W,8.0,142.0,0.056338028169014086,0.08016137295081967,0.06157392812105927
C Sakariya,death,Wd,16.0,142.0,0.11267605633802817,0.04340420081967213,0.09745147270762025
C Sakariya,death,Nb,3.0,142.0,0.02112676056338028,0.006570184426229508,0.017927513060709784
C Sakariya,middle,0,26.0,124.0,0.20967741935483872,0.2808889845966761,0.22704609380406732
C Sakariya,middle,1,54.0,124.0,0.43548387096774194,0.4414331678151601,0.43693491897930736
C Sakariya,middle,2,8.0,124.0,0.06451612903225806,0.06664217673287394,0.06503467725192047
C Sakariya,middle,3,1.0,124.0,0.008064516129032258,0.002286430887717876,0.006655227045784848
C Sakariya,middle,4,17.0,124.0,0.13709677419354838,0.08739739562221321,0.12497497454200322
C Sakariya,middle,6,4.0,124.0,0.03225806451612903,0.048281059991892986,0.03616611219314463
C Sakariya,middle,W,6.0,124.0,0.04838709677419355,0.04221980137819214,0.046882878384924914
C Sakariya,middle,Wd,6.0,124.0,0.04838709677419355,0.028171868666396434,0.04345655333326742
C Sakariya,middle,Nb,2.0,124.0,0.016129032258064516,0.002679114308877179,0.0128485644655798
C Sakariya,powerplay,0,85.0,202.0,0.4207920792079208,0.4228881521678736,0.42113853754840885
C Sakariya,powerplay,1,70.0,202.0,0.3465346534653465,0.25764450947345025,0.33184206768156205
C Sakariya,powerplay,2,7.0,202.0,0.034653465346534656,0.04384827662845184,0.036173268864206916
C Sakariya,powerplay,3,1.0,202.0,0.0049504950495049506,0.005028429611245902,0.004963376795247256
C Sakariya,powerplay,4,16.0,202.0,0.07920792079207921,0.15223269683107069,0.09127813170761499
C Sakariya,powerplay,6,9.0,202.0,0.04455445544554455,0.040523771600022226,0.04388822671074748
C Sakariya,powerplay,W,6.0,202.0,0.0297029702970297,0.03919952586446391,0.031272648903217175
C Sakariya,powerplay,Wd,8.0,202.0,0.039603960396039604,0.03486563072990943,0.03882076540990238
C Sakariya,powerplay,Nb,0.0,202.0,0.0,0.003769007093512122,0.0006229763790929128
C de Grandhomme,death,0,9.0,57.0,0.15789473684210525,0.21696977459016392,0.18225557715058308
C de Grandhomme,death,1,22.0,57.0,0.38596491228070173,0.37083760245901637,0.3797268463748521
C de Grandhomme,death,2,4.0,57.0,0.07017543859649122,0.08837090163934426,0.0776787223255028
C de Grandhomme,death,3,0.0,57.0,0.0,0.002651127049180328,0.001093248267703228
C de Grandhomme,death,4,8.0,57.0,0.14035087719298245,0.11151383196721311,0.1284593121514281
C de Grandhomme,death,6,8.0,57.0,0.14035087719298245,0.07952100409836066,0.11526639344262296
C de Grandhomme,death,W,4.0,57.0,0.07017543859649122,0.08016137295081967,0.0742933496704411
C de Grandhomme,death,Wd,2.0,57.0,0.03508771929824561,0.04340420081967213,0.038517196214297784
C de Grandhomme,death,Nb,0.0,57.0,0.0,0.006570184426229508,0.0027093544025688695
C de Grandhomme,middle,0,63.0,315.0,0.2,0.2808889845966761,0.20911425178554097
C de Grandhomme,middle,1,155.0,315.0,0.49206349206349204,0.4414331678151601,0.48635866679607437
C de Grandhomme,middle,2,24.0,315.0,0.0761904761904762,0.06664217673287394,0.07511461146285903
C de Grandhomme,middle,3,0.0,315.0,0.0,0.002286430887717876,0.00025762601551750715
C de Grandhomme,middle,4,30.0,315.0,0.09523809523809523,0.08739739562221321,0.09435463612644655
C de Grandhomme,middle,6,14.0,315.0,0.044444444444444446,0.048281059991892986,0.04487673915401611
C de Grandhomme,middle,W,11.0,315.0,0.03492063492063492,0.04221980137819214,0.035743076211627284
C de Grandhomme,middle,Wd,14.0,315.0,0.044444444444444446,0.028171868666396434,0.042610914779312274
C de Grandhomme,middle,Nb,4.0,315.0,0.012698412698412698,0.002679114308877179,0.011569477668605879
C de Grandhomme,powerplay,0,11.0,27.0,0.4074074074074074,0.4228881521678736,0.41664964308529767
C de Grandhomme,powerplay,1,8.0,27.0,0.2962962962962963,0.25764450947345025,0.2732206026707166
C de Grandhomme,powerplay,2,0.0,27.0,0.0,0.04384827662845184,0.026178075599075725
C de Grandhomme,powerplay,3,0.0,27.0,0.0,0.005028429611245902,0.003002047529102031
C de Grandhomme,powerplay,4,6.0,27.0,0.2222222222222222,0.15223269683107069,0.18043743094392278
C de Grandhomme,powerplay,6,0.0,27.0,0.0,0.040523771600022226,0.02419329647762521
C de Grandhomme,powerplay,W,0.0,27.0,0.0,0.03919952586446391,0.02340270200863517
C de Grandhomme,powerplay,Wd,2.0,27.0,0.07407407407407407,0.03486563072990943,0.050666048196960856
C de Grandhomme,powerplay,Nb,0.0,27.0,0.0,0.003769007093512122,0.0022501534886639534
CH Gayle,death,0,36.0,181.0,0.19889502762430938,0.21696977459016392,0.20216647503894372
CH Gayle,death,1,87.0,181.0,0.48066298342541436,0.37083760245901637,0.4607850864179215
CH Gayle,death,2,14.0,181.0,0.07734806629834254,0.08837090163934426,0.07934314961798086
CH Gayle,death,3,2.0,181.0,0.011049723756906077,0.002651127049180328,0.009529615755507752
CH Gayle,death,4,12.0,181.0,0.06629834254143646,0.11151383196721311,0.07448214153252726
CH Gayle,death,6,11.0,181.0,0.06077348066298342,0.07952100409836066,0.06416669757436393
CH Gayle,death,W,10.0,181.0,0.055248618784530384,0.08016137295081967,0.059757714561234326
CH Gayle,death,Wd,8.0,181.0,0.04419889502762431,0.04340420081967213,0.04405505897188636
CH Gayle,death,Nb,1.0,181.0,0.0055248618784530384,0.006570184426229508,0.0057140605296343
CH Gayle,middle,0,132.0,478.0,0.27615062761506276,0.2808889845966761,0.2765165239070792
CH Gayle,middle,1,235.0,478.0,0.4916317991631799,0.4414331678151601,0.48775545697414363
CH Gayle,middle,2,32.0,478.0,0.06694560669456066,0.06664217673287394,0.06692217580948834
CH Gayle,middle,3,2.0,478.0,0.0041841004184100415,0.002286430887717876,0.0040375622307118044
CH Gayle,middle,4,29.0,478.0,0.060669456066945605,0.08739739562221321,0.06273338962333692
CH Gayle,middle,6,19.0,478.0,0.0397489539748954,0.048281059991892986,0.04040780386037783
CH Gayle,middle,W,14.0,478.0,0.029288702928870293,0.04221980137819214,0.030287243349667346
CH Gayle,middle,Wd,14.0,478.0,0.029288702928870293,0.028171868666396434,0.029202460900880033
CH Gayle,middle,Nb,1.0,478.0,0.0020920502092050207,0.002679114308877179,0.00213738334431484
CH Gayle,powerplay,0,44.0,124.0,0.3548387096774194,0.4228881521678736,0.3714361346750911
CH Gayle,powerplay,1,41.0,124.0,0.33064516129032256,0.25764450947345025,0.3128401242618171
CH Gayle,powerplay,2,6.0,124.0,0.04838709677419355,0.04384827662845184,0.047280067470354105
CH Gayle,powerplay,3,1.0,124.0,0.008064516129032258,0.005028429611245902,0.007324007222255098
CH Gayle,powerplay,4,18.0,124.0,0.14516129032258066,0.15223269683107069,0.1468860236173343
CH Gayle,powerplay,6,3.0,124.0,0.024193548387096774,0.040523771600022226,0.028176529658542008
CH Gayle,powerplay,W,4.0,124.0,0.03225806451612903,0.03919952586446391,0.033951103869381445
CH Gayle,powerplay,Wd,7.0,124.0,0.056451612903225805,0.03486563072990943,0.05118673920241693
CH Gayle,powerplay,Nb,0.0,124.0,0.0,0.003769007093512122,0.0009192700228078347
CH Morris,death,0,153.0,763.0,0.20052424639580602,0.21696977459016392,0.20134345078904925
CH Morris,death,1,304.0,763.0,0.3984272608125819,0.37083760245901637,0.3970529316293408
CH Morris,death,2,63.0,763.0,0.08256880733944955,0.08837090163934426,0.08285782822611927
CH Morris,death,3,3.0,763.0,0.003931847968545216,0.002651127049180328,0.003868051160606741
CH Morris,death,4,86.0,763.0,0.1127129750982962,0.11151383196721311,0.1126532419410816
CH Morris,death,6,41.0,763.0,0.053735255570117955,0.07952100409836066,0.05501972623154972
CH Morris,death,W,75.0,763.0,0.0982961992136304,0.08016137295081967,0.09739284547700224
CH Morris,death,Wd,34.0,763.0,0.04456094364351245,0.04340420081967213,0.04450332258130372
CH Morris,death,Nb,4.0,763.0,0.005242463958060288,0.006570184426229508,0.005308601963946675
CH Morris,middle,0,167.0,522.0,0.31992337164750956,0.2808889845966761,0.31714512345883816
CH Morris,middle,1,205.0,522.0,0.39272030651340994,0.4414331678151601,0.3961874140793708
CH Morris,middle,2,25.0,522.0,0.04789272030651341,0.06664217673287394,0.04922720119095188
CH Morris,middle,3,0.0,522.0,0.0,0.002286430887717876,0.00016273529449949294
CH Morris,middle,4,56.0,522.0,0.10727969348659004,0.08739739562221321,0.10586458331830699
CH Morris,middle,6,21.0,522.0,0.040229885057471264,0.048281059991892986,0.04080292241935181
CH Morris,middle,W,21.0,522.0,0.040229885057471264,0.04221980137819214,0.04037151611232684
CH Morris,middle,Wd,27.0,522.0,0.05172413793103448,0.028171868666396434,0.05004781983390722
CH Morris,middle,Nb,0.0,522.0,0.0,0.002679114308877179,0.00019068429244677428
CH Morris,powerplay,0,376.0,837.0,0.44922341696535245,0.4228881521678736,0.4480222646370752
CH Morris,powerplay,1,186.0,837.0,0.2222222222222222,0.25764450947345025,0.22383783395545953
CH Morris,powerplay,2,45.0,837.0,0.053763440860215055,0.04384827662845184,0.0533112098804311
CH Morris,powerplay,3,8.0,837.0,0.009557945041816009,0.005028429611245902,0.009351353688084192
CH Morris,powerplay,4,123.0,837.0,0.14695340501792115,0.15223269683107069,0.1471941936981104
CH Morris,powerplay,6,30.0,837.0,0.035842293906810034,0.040523771600022226,0.036055816264539214
CH Morris,powerplay,W,32.0,837.0,0.038231780167264036,0.03919952586446391,0.03827591908161751
CH Morris,powerplay,Wd,34.0,837.0,0.04062126642771804,0.03486563072990943,0.04035875168665493
CH Morris,powerplay,Nb,3.0,837.0,0.0035842293906810036,0.003769007093512122,0.003592657108027919
CJ Anderson,death,0,34.0,171.0,0.19883040935672514,0.21696977459016392,0.20226915158107375
CJ Anderson,death,1,55.0,171.0,0.3216374269005848,0.37083760245901637,0.3309644743998135
CJ Anderson,death,2,13.0,171.0,0.07602339181286549,0.08837090163934426,0.07836415196954394
CJ Anderson,death,3,0.0,171.0,0.0,0.002651127049180328,0.00050258332685883
CJ Anderson,death,4,26.0,171.0,0.15204678362573099,0.11151383196721311,0.14436281174733898
CJ Anderson,death,6,17.0,171.0,0.09941520467836257,0.07952100409836066,0.09564379224613473
CJ Anderson,death,W,13.0,171.0,0.07602339181286549,0.08016137295081967,0.07680784321342553
CJ Anderson,death,Wd,13.0,171.0,0.07602339181286549,0.04340420081967213,0.06983965892316059
CJ Anderson,death,Nb,0.0,171.0,0.0,0.006570184426229508,0.0012455325926501437
CJ Anderson,middle,0,49.0,211.0,0.23222748815165878,0.2808889845966761,0.23998230830225914
CJ Anderson,middle,1,105.0,211.0,0.4976303317535545,0.4414331678151601,0.4886746084167586
CJ Anderson,middle,2,12.0,211.0,0.05687203791469194,0.06664217673287394,0.05842903214866517
CJ Anderson,middle,3,0.0,211.0,0.0,0.002286430887717876,0.00036437145621002006
CJ Anderson,middle,4,23.0,211.0,0.10900473933649289,0.08739739562221321,0.10556133794776305
CJ Anderson,middle,6,8.0,211.0,0.037914691943127965,0.048281059991892986,0.039566702787552664
CJ Anderson,middle,W,8.0,211.0,0.037914691943127965,0.04221980137819214,0.03860076515987126
CJ Anderson,middle,Wd,6.0,211.0,0.02843601895734597,0.028171868666396434,0.02839392329344963
CJ Anderson,middle,Nb,0.0,211.0,0.0,0.002679114308877179,0.00042695048747046677
CJ Anderson,powerplay,0,59.0,140.0,0.42142857142857143,0.4228881521678736,0.4217529227039719
CJ Anderson,powerplay,1,34.0,140.0,0.24285714285714285,0.25764450947345025,0.24614322432743338
CJ Anderson,powerplay,2,5.0,140.0,0.03571428571428571,0.04384827662845184,0.037521839250767075
CJ Anderson,powerplay,3,0.0,140.0,0.0,0.005028429611245902,0.0011174288024990893
CJ Anderson,powerplay,4,31.0,140.0,0.22142857142857142,0.15223269683107069,0.20605171040690462
CJ Anderson,powerplay,6,5.0,140.0,0.03571428571428571,0.040523771600022226,0.0367830603555605
CJ Anderson,powerplay,W,2.0,140.0,0.014285714285714285,0.03919952586446391,0.019822116858769757
CJ Anderson,powerplay,Wd,4.0,140.0,0.02857142857142857,0.03486563072990943,0.029970140162202095
CJ Anderson,powerplay,Nb,0.0,140.0,0.0,0.003769007093512122,0.0008375571318915827
CJ Dala,death,0,4.0,19.0,0.21052631578947367,0.21696977459016392,0.21489476243400946
CJ Dala,death,1,3.0,19.0,0.15789473684210525,0.37083760245901637,0.3022627813281467
CJ Dala,death,2,3.0,19.0,0.15789473684210525,0.08837090163934426,0.11075993331480967
CJ Dala,death,3,0.0,19.0,0.0,0.002651127049180328,0.0017973742706307307
CJ Dala,death,4,7.0,19.0,0.3684210526315789,0.11151383196721311,0.1942466657404835
CJ Dala,death,6,0.0,19.0,0.0,0.07952100409836066,0.05391254515143096
CJ Dala,death,W,1.0,19.0,0.05263157894736842,0.08016137295081967,0.07129584606835232
CJ Dala,death,Wd,1.0,19.0,0.05263157894736842,0.04340420081967213,0.046375729369269245
CJ Dala,death,Nb,0.0,19.0,0.0,0.006570184426229508,0.004454362322867464
CJ Dala,middle,0,19.0,53.0,0.3584905660377358,0.2808889845966761,0.32511354176201124
CJ Dala,middle,1,17.0,53.0,0.32075471698113206,0.4414331678151601,0.37265942701727317
CJ Dala,middle,2,4.0,53.0,0.07547169811320754,0.06664217673287394,0.07167405450876298
CJ Dala,middle,3,0.0,53.0,0.0,0.002286430887717876,0.0009834111345023123
CJ Dala,middle,4,7.0,53.0,0.1320754716981132,0.08739739562221321,0.11285909489127449
CJ Dala,middle,6,1.0,53.0,0.018867924528301886,0.048281059991892986,0.03151873548038408
CJ Dala,middle,W,3.0,53.0,0.05660377358490566,0.04221980137819214,0.05041711887234071
CJ Dala,middle,Wd,2.0,53.0,0.03773584905660377,0.028171868666396434,0.03362230910382642
CJ Dala,middle,Nb,0.0,53.0,0.0,0.002679114308877179,0.001152307229624593
CJ Dala,powerplay,0,19.0,52.0,0.36538461538461536,0.4228881521678736,0.39038615311646685
CJ Dala,powerplay,1,7.0,52.0,0.1346153846153846,0.25764450947345025,0.1881063084667175
CJ Dala,powerplay,2,6.0,52.0,0.11538461538461539,0.04384827662845184,0.0842818594036747
CJ Dala,powerplay,3,0.0,52.0,0.0,0.005028429611245902,0.0021862737440199575
CJ Dala,powerplay,4,7.0,52.0,0.1346153846153846,0.15223269683107069,0.1422750855787264
CJ Dala,powerplay,6,4.0,52.0,0.07692307692307693,0.040523771600022226,0.06109729200000966
CJ Dala,powerplay,W,5.0,52.0,0.09615384615384616,0.03919952586446391,0.07139109820194083
CJ Dala,powerplay,Wd,4.0,52.0,0.07692307692307693,0.03486563072990943,0.058637230752134534
CJ Dala,powerplay,Nb,0.0,52.0,0.0,0.003769007093512122,0.0016386987363096184
CJ Green,death,0,0.0,5.0,0.0,0.21696977459016392,0.1928620218579235
CJ Green,death,1,4.0,5.0,0.8,0.37083760245901637,0.4185223132969035
CJ Green,death,2,0.0,5.0,0.0,0.08837090163934426,0.078551912568306
CJ Green,death,3,0.0,5.0,0.0,0.002651127049180328,0.0023565573770491805
CJ Green,death,4,1.0,5.0,0.2,0.11151383196721311,0.12134562841530055
CJ Green,death,6,0.0,5.0,0.0,0.07952100409836066,0.07068533697632058
CJ Green,death,W,0.0,5.0,0.0,0.08016137295081967,0.07125455373406192
CJ Green,death,Wd,0.0,5.0,0.0,0.04340420081967213,0.038581511839708565
CJ Green,death,Nb,0.0,5.0,0.0,0.006570184426229508,0.00584016393442623
CJ Green,middle,0,6.0,18.0,0.3333333333333333,0.2808889845966761,0.29716481696322494
CJ Green,middle,1,10.0,18.0,0.5555555555555556,0.4414331678151601,0.4768504605621794
CJ Green,middle,2,0.0,18.0,0.0,0.06664217673287394,0.04596012188474065
CJ Green,middle,3,0.0,18.0,0.0,0.002286430887717876,0.0015768488880812939
CJ Green,middle,4,0.0,18.0,0.0,0.08739739562221321,0.06027406594635394
CJ Green,middle,6,2.0,18.0,0.1111111111111111,0.048281059991892986,0.0677800413737193
CJ Green,middle,W,0.0,18.0,0.0,0.04221980137819214,0.0291171043987532
CJ Green,middle,Wd,0.0,18.0,0.0,0.028171868666396434,0.019428874942342366
CJ Green,middle,Nb,0.0,18.0,0.0,0.002679114308877179,0.001847665040604951
CJ Green,powerplay,0,7.0,18.0,0.3888888888888889,0.4228881521678736,0.412336656667499
CJ Green,powerplay,1,4.0,18.0,0.2222222222222222,0.25764450947345025,0.24665138584375879
CJ Green,powerplay,2,2.0,18.0,0.1111111111111111,0.04384827662845184,0.06472294939893229
CJ Green,powerplay,3,0.0,18.0,0.0,0.005028429611245902,0.0034678824905144154
CJ Green,powerplay,4,4.0,18.0,0.2222222222222222,0.15223269683107069,0.17395358402142805
CJ Green,powerplay,6,1.0,18.0,0.05555555555555555,0.040523771600022226,0.04518880800001533
CJ Green,powerplay,W,0.0,18.0,0.0,0.03919952586446391,0.0270341557685958
CJ Green,powerplay,Wd,0.0,18.0,0.0,0.03486563072990943,0.024045262572351334
CJ Green,powerplay,Nb,0.0,18.0,0.0,0.003769007093512122,0.002599315236904912
CJ Jordan,death,0,184.0,930.0,0.1978494623655914,0.21696977459016392,0.1986379288490789
CJ Jordan,death,1,332.0,930.0,0.35698924731182796,0.37083760245901637,0.3575603135034646
CJ Jordan,death,2,88.0,930.0,0.09462365591397849,0.08837090163934426,0.09436581037688017
CJ Jordan,death,3,2.0,930.0,0.002150537634408602,0.002651127049180328,0.0021711804968734152
CJ Jordan,death,4,117.0,930.0,0.12580645161290321,0.11151383196721311,0.12521706523576137
CJ Jordan,death,6,89.0,930.0,0.0956989247311828,0.07952100409836066,0.09503179398343754
CJ Jordan,death,W,69.0,930.0,0.07419354838709677,0.08016137295081967,0.07443964424539463
CJ Jordan,death,Wd,44.0,930.0,0.047311827956989246,0.04340420081967213,0.047150688693594726
CJ Jordan,death,Nb,5.0,930.0,0.005376344086021506,0.006570184426229508,0.005425574615514618
CJ Jordan,middle,0,178.0,656.0,0.27134146341463417,0.2808889845966761,0.2718901715285446
CJ Jordan,middle,1,284.0,656.0,0.4329268292682927,0.4414331678151601,0.43341569929972185
CJ Jordan,middle,2,47.0,656.0,0.07164634146341463,0.06664217673287394,0.07135874578924563
CJ Jordan,middle,3,1.0,656.0,0.001524390243902439,0.002286430887717876,0.0015681856832021768
CJ Jordan,middle,4,65.0,656.0,0.09908536585365854,0.08739739562221321,0.09841364342656399
CJ Jordan,middle,6,19.0,656.0,0.028963414634146343,0.048281059991892986,0.030073624137465112
CJ Jordan,middle,W,31.0,656.0,0.04725609756097561,0.04221980137819214,0.046966655251620235
CJ Jordan,middle,Wd,29.0,656.0,0.04420731707317073,0.028171868666396434,0.043285739578528534
CJ Jordan,middle,Nb,2.0,656.0,0.003048780487804878,0.002679114308877179,0.0030275353051078843
CJ Jordan,powerplay,0,236.0,641.0,0.36817472698907955,0.4228881521678736,0.3713884377191115
CJ Jordan,powerplay,1,174.0,641.0,0.2714508580343214,0.25764450947345025,0.2706399124507166
CJ Jordan,powerplay,2,35.0,641.0,0.054602184087363496,0.04384827662845184,0.05397053019844064
CJ Jordan,powerplay,3,7.0,641.0,0.0109204368174727,0.005028429611245902,0.01057435709904528
CJ Jordan,powerplay,4,97.0,641.0,0.15132605304212168,0.15223269683107069,0.1513793067154814
CJ Jordan,powerplay,6,33.0,641.0,0.0514820592823713,0.040523771600022226,0.05083840068135226
CJ Jordan,powerplay,W,27.0,641.0,0.0421216848673947,0.03919952586446391,0.04195004557206836
CJ Jordan,powerplay,Wd,29.0,641.0,0.0452418096723869,0.03486563072990943,0.044632342480464576
CJ Jordan,powerplay,Nb,3.0,641.0,0.0046801872074883,0.003769007093512122,0.004626667083319361
CJ McKay,death,0,12.0,26.0,0.46153846153846156,0.21696977459016392,0.31331501490312963
CJ McKay,death,1,6.0,26.0,0.23076923076923078,0.37083760245901637,0.3156591530054645
CJ McKay,death,2,2.0,26.0,0.07692307692307693,0.08837090163934426,0.0838611525086935
CJ McKay,death,3,0.0,26.0,0.0,0.002651127049180328,0.0016067436661698956
CJ McKay,death,4,5.0,26.0,0.19230769230769232,0.11151383196721311,0.14334171634376555
CJ McKay,death,6,1.0,26.0,0.038461538461538464,0.07952100409836066,0.06334606308991556
CJ McKay,death,W,0.0,26.0,0.0,0.08016137295081967,0.04858265027322404
CJ McKay,death,Wd,0.0,26.0,0.0,0.04340420081967213,0.02630557625434675
CJ McKay,death,Nb,0.0,26.0,0.0,0.006570184426229508,0.003981929955290611
CJ McKay,middle,0,15.0,63.0,0.23809523809523808,0.2808889845966761,0.2547141687754082
CJ McKay,middle,1,33.0,63.0,0.5238095238095238,0.4414331678151601,0.491818705947635
CJ McKay,middle,2,5.0,63.0,0.07936507936507936,0.06664217673287394,0.07442414630402872
CJ McKay,middle,3,1.0,63.0,0.015873015873015872,0.002286430887717876,0.010596672189405002
CJ McKay,middle,4,5.0,63.0,0.07936507936507936,0.08739739562221321,0.08248442548435464
CJ McKay,middle,6,2.0,63.0,0.031746031746031744,0.048281059991892986,0.038167401938599216
CJ McKay,middle,W,2.0,63.0,0.031746031746031744,0.04221980137819214,0.035813515098327045
CJ McKay,middle,Wd,0.0,63.0,0.0,0.028171868666396434,0.010940531520930653
CJ McKay,middle,Nb,0.0,63.0,0.0,0.002679114308877179,0.0010404327413115258
CJ McKay,powerplay,0,20.0,58.0,0.3448275862068966,0.4228881521678736,0.37668904170117296
CJ McKay,powerplay,1,17.0,58.0,0.29310344827586204,0.25764450947345025,0.2786304120299797
CJ McKay,powerplay,2,3.0,58.0,0.05172413793103448,0.04384827662845184,0.048509500664674216
CJ McKay,powerplay,3,1.0,58.0,0.017241379310344827,0.005028429611245902,0.012256501882141183
CJ McKay,powerplay,4,12.0,58.0,0.20689655172413793,0.15223269683107069,0.18458477421676353
CJ McKay,powerplay,6,1.0,58.0,0.017241379310344827,0.040523771600022226,0.026744396571437644
CJ McKay,powerplay,W,1.0,58.0,0.017241379310344827,0.03919952586446391,0.026203888107944454
CJ McKay,powerplay,Wd,2.0,58.0,0.034482758620689655,0.03486563072990943,0.034639032950983445
CJ McKay,powerplay,Nb,1.0,58.0,0.017241379310344827,0.003769007093512122,0.011742451874902906
CK Kapugedera,death,0,0.0,6.0,0.0,0.21696977459016392,0.1886693692088382
CK Kapugedera,death,1,3.0,6.0,0.5,0.37083760245901637,0.38768487170349253
CK Kapugedera,death,2,0.0,6.0,0.0,0.08837090163934426,0.07684426229508197
CK Kapugedera,death,3,0.0,6.0,0.0,0.002651127049180328,0.002305327868852459
CK Kapugedera,death,4,3.0,6.0,0.5,0.11151383196721311,0.1621859408410549
CK Kapugedera,death,6,0.0,6.0,0.0,0.07952100409836066,0.0691486992159658
CK Kapugedera,death,W,0.0,6.0,0.0,0.08016137295081967,0.06970554169636492
CK Kapugedera,death,Wd,0.0,6.0,0.0,0.04340420081967213,0.03774278332145403
CK Kapugedera,death,Nb,0.0,6.0,0.0,0.006570184426229508,0.005713203848895225
CK Kapugedera,middle,0,0.0,11.0,0.0,0.2808889845966761,0.22030508595817735
CK Kapugedera,middle,1,4.0,11.0,0.36363636363636365,0.4414331678151601,0.4246534649530668
CK Kapugedera,middle,2,2.0,11.0,0.18181818181818182,0.06664217673287394,0.09148406018264622
CK Kapugedera,middle,3,0.0,11.0,0.0,0.002286430887717876,0.0017932791276218634
CK Kapugedera,middle,4,2.0,11.0,0.18181818181818182,0.08739739562221321,0.10776266323310839
CK Kapugedera,middle,6,3.0,11.0,0.2727272727272727,0.048281059991892986,0.09669102744462195
CK Kapugedera,middle,W,0.0,11.0,0.0,0.04221980137819214,0.03311356970838599
CK Kapugedera,middle,Wd,0.0,11.0,0.0,0.028171868666396434,0.02209558326776191
CK Kapugedera,middle,Nb,0.0,11.0,0.0,0.002679114308877179,0.002101266124609552
CK Langeveldt,death,0,14.0,72.0,0.19444444444444445,0.21696977459016392,0.20248920521077282
CK Langeveldt,death,1,32.0,72.0,0.4444444444444444,0.37083760245901637,0.41815628659250587
CK Langeveldt,death,2,6.0,72.0,0.08333333333333333,0.08837090163934426,0.08513246487119439
CK Langeveldt,death,3,0.0,72.0,0.0,0.002651127049180328,0.0009468310889929742
CK Langeveldt,death,4,6.0,72.0,0.08333333333333333,0.11151383196721311,0.09339779713114756
CK Langeveldt,death,6,5.0,72.0,0.06944444444444445,0.07952100409836066,0.07304321574941453
CK Langeveldt,death,W,9.0,72.0,0.125,0.08016137295081967,0.10898620462529274
CK Langeveldt,death,Wd,0.0,72.0,0.0,0.04340420081967213,0.015501500292740047
CK Langeveldt,death,Nb,0.0,72.0,0.0,0.006570184426229508,0.00234649443793911
CK Langeveldt,middle,0,15.0,46.0,0.32608695652173914,0.2808889845966761,0.305064643998454
CK Langeveldt,middle,1,13.0,46.0,0.2826086956521739,0.4414331678151601,0.3564805431698419
CK Langeveldt,middle,2,2.0,46.0,0.043478260869565216,0.06664217673287394,0.05425217522459253
CK Langeveldt,middle,3,0.0,46.0,0.0,0.002286430887717876,0.0010634562268455237
CK Langeveldt,middle,4,4.0,46.0,0.08695652173913043,0.08739739562221321,0.08716157935916893
CK Langeveldt,middle,6,3.0,46.0,0.06521739130434782,0.048281059991892986,0.05734002790320604
CK Langeveldt,middle,W,5.0,46.0,0.10869565217391304,0.04221980137819214,0.0777766518038103
CK Langeveldt,middle,Wd,4.0,46.0,0.08695652173913043,0.028171868666396434,0.05961482263553322
CK Langeveldt,middle,Nb,0.0,46.0,0.0,0.002679114308877179,0.001246099678547525
CK Langeveldt,powerplay,0,49.0,107.0,0.45794392523364486,0.4228881521678736,0.4484049393654078
CK Langeveldt,powerplay,1,22.0,107.0,0.205607476635514,0.25764450947345025,0.21976721346216332
CK Langeveldt,powerplay,2,4.0,107.0,0.037383177570093455,0.04384827662845184,0.039142388198218185
CK Langeveldt,powerplay,3,0.0,107.0,0.0,0.005028429611245902,0.0013682801663254156
CK Langeveldt,powerplay,4,12.0,107.0,0.11214953271028037,0.15223269683107069,0.12305651614450903
CK Langeveldt,powerplay,6,4.0,107.0,0.037383177570093455,0.040523771600022226,0.038237760979597885
CK Langeveldt,powerplay,W,7.0,107.0,0.06542056074766354,0.03919952586446391,0.05828558526924188
CK Langeveldt,powerplay,Wd,7.0,107.0,0.06542056074766354,0.03486563072990943,0.05710629407616583
CK Langeveldt,powerplay,Nb,2.0,107.0,0.018691588785046728,0.003769007093512122,0.014631022338370646
CL White,middle,0,15.0,79.0,0.189873417721519,0.2808889845966761,0.22046688557871466
CL White,middle,1,35.0,79.0,0.4430379746835443,0.4414331678151601,0.4424985438034152
CL White,middle,2,6.0,79.0,0.0759493670886076,0.06664217673287394,0.0728208997421425
CL White,middle,3,0.0,79.0,0.0,0.002286430887717876,0.0007685481975522273
CL White,middle,4,7.0,79.0,0.08860759493670886,0.08739739562221321,0.0882008052511641
CL White,middle,6,7.0,79.0,0.08860759493670886,0.048281059991892986,0.07505245714013209
CL White,middle,W,2.0,79.0,0.02531645569620253,0.04221980137819214,0.0309982525640982
CL White,middle,Wd,7.0,79.0,0.08860759493670886,0.028171868666396434,0.06829306509794839
CL White,middle,Nb,0.0,79.0,0.0,0.002679114308877179,0.0009005426248326652
CR Brathwaite,death,0,32.0,181.0,0.17679558011049723,0.21696977459016392,0.18406692752763149
CR Brathwaite,death,1,70.0,181.0,0.3867403314917127,0.37083760245901637,0.38386200949484456
CR Brathwaite,death,2,12.0,181.0,0.06629834254143646,0.08837090163934426,0.07029337586232476
CR Brathwaite,death,3,0.0,181.0,0.0,0.002651127049180328,0.00047984199985164305
CR Brathwaite,death,4,28.0,181.0,0.15469613259668508,0.11151383196721311,0.1468803315777761
CR Brathwaite,death,6,13.0,181.0,0.0718232044198895,0.07952100409836066,0.07321647133002003
CR Brathwaite,death,W,15.0,181.0,0.08287292817679558,0.08016137295081967,0.0823821489503746
CR Brathwaite,death,Wd,9.0,181.0,0.049723756906077346,0.04340420081967213,0.048579945849714416
CR Brathwaite,death,Nb,2.0,181.0,0.011049723756906077,0.006570184426229508,0.010238947407462354
CR Brathwaite,middle,0,115.0,470.0,0.24468085106382978,0.2808889845966761,0.2475207046742491
CR Brathwaite,middle,1,204.0,470.0,0.4340425531914894,0.4414331678151601,0.4346222092404047
CR Brathwaite,middle,2,40.0,470.0,0.0851063829787234,0.06664217673287394,0.08365820993983325
CR Brathwaite,middle,3,0.0,470.0,0.0,0.002286430887717876,0.00017932791276218635
CR Brathwaite,middle,4,57.0,470.0,0.12127659574468085,0.08739739562221321,0.1186194035782128
CR Brathwaite,middle,6,18.0,470.0,0.03829787234042553,0.048281059991892986,0.039080867450344545
CR Brathwaite,middle,W,14.0,470.0,0.029787234042553193,0.04221980137819214,0.03076233736299546
CR Brathwaite,middle,Wd,19.0,470.0,0.04042553191489362,0.028171868666396434,0.0394644602875605
CR Brathwaite,middle,Nb,3.0,470.0,0.006382978723404255,0.002679114308877179,0.006092479553637426
CR Brathwaite,powerplay,0,36.0,98.0,0.3673469387755102,0.4228881521678736,0.38344584120807934
CR Brathwaite,powerplay,1,28.0,98.0,0.2857142857142857,0.25764450947345025,0.2775781186879566
CR Brathwaite,powerplay,2,2.0,98.0,0.02040816326530612,0.04384827662845184,0.027202399022739663
CR Brathwaite,powerplay,3,0.0,98.0,0.0,0.005028429611245902,0.0014575158293466382
CR Brathwaite,powerplay,4,16.0,98.0,0.16326530612244897,0.15223269683107069,0.1600674483568321
CR Brathwaite,powerplay,6,5.0,98.0,0.05102040816326531,0.040523771600022226,0.04797790481160065
CR Brathwaite,powerplay,W,5.0,98.0,0.05102040816326531,0.03919952586446391,0.04759406546796056
CR Brathwaite,powerplay,Wd,6.0,98.0,0.061224489795918366,0.03486563072990943,0.0535842407912781
CR Brathwaite,powerplay,Nb,0.0,98.0,0.0,0.003769007093512122,0.0010924658242064123
CR Woakes,death,0,40.0,223.0,0.17937219730941703,0.21696977459016392,0.18509046001371315
CR Woakes,death,1,75.0,223.0,0.336322869955157,0.37083760245901637,0.34157225892912796
CR Woakes,death,2,18.0,223.0,0.08071748878923767,0.08837090163934426,0.08188150595275198
CR Woakes,death,3,1.0,223.0,0.004484304932735426,0.002651127049180328,0.0042054946082403545
CR Woakes,death,4,30.0,223.0,0.13452914798206278,0.11151383196721311,0.13102871969083088
CR Woakes,death,6,27.0,223.0,0.1210762331838565,0.07952100409836066,0.11475604625070124
CR Woakes,death,W,17.0,223.0,0.07623318385650224,0.08016137295081967,0.07683062706476344
CR Woakes,death,Wd,13.0,223.0,0.05829596412556054,0.04340420081967213,0.0560310571588855
CR Woakes,death,Nb,2.0,223.0,0.008968609865470852,0.006570184426229508,0.008603830330985477
CR Woakes,middle,0,58.0,198.0,0.29292929292929293,0.2808889845966761,0.29090571169692037
CR Woakes,middle,1,81.0,198.0,0.4090909090909091,0.4414331678151601,0.41452658282607735
CR Woakes,middle,2,11.0,198.0,0.05555555555555555,0.06664217673287394,0.05741885323241579
CR Woakes,middle,3,0.0,198.0,0.0,0.002286430887717876,0.00038427409877611363
CR Woakes,middle,4,23.0,198.0,0.11616161616161616,0.08739739562221321,0.11132729338188457
CR Woakes,middle,6,3.0,198.0,0.015151515151515152,0.048281059991892986,0.02071950588099042
CR Woakes,middle,W,13.0,198.0,0.06565656565656566,0.04221980137819214,0.06171761367700708
CR Woakes,middle,Wd,9.0,198.0,0.045454545454545456,0.028171868666396434,0.042549893893512006
CR Woakes,middle,Nb,0.0,198.0,0.0,0.002679114308877179,0.0004502713124163326
CR Woakes,powerplay,0,177.0,428.0,0.4135514018691589,0.4228881521678736,0.41434941471520287
CR Woakes,powerplay,1,107.0,428.0,0.25,0.25764450947345025,0.25065337687807265
CR Woakes,powerplay,2,23.0,428.0,0.053738317757009345,0.04384827662845184,0.05289301509644887
CR Woakes,powerplay,3,1.0,428.0,0.002336448598130841,0.005028429611245902,0.0025665324454056324
CR Woakes,powerplay,4,60.0,428.0,0.14018691588785046,0.15223269683107069,0.14121646981462144
CR Woakes,powerplay,6,24.0,428.0,0.056074766355140186,0.040523771600022226,0.05474562150427541
CR Woakes,powerplay,W,23.0,428.0,0.053738317757009345,0.03919952586446391,0.0524956859713217
CR Woakes,powerplay,Wd,13.0,428.0,0.030373831775700934,0.03486563072990943,0.030757746216231573
CR Woakes,powerplay,Nb,0.0,428.0,0.0,0.003769007093512122,0.0003221373584198395
CRD Fernando,death,0,32.0,118.0,0.2711864406779661,0.21696977459016392,0.2574607024278896
CRD Fernando,death,1,40.0,118.0,0.3389830508474576,0.37083760245901637,0.34704749429342185
CRD Fernando,death,2,10.0,118.0,0.0847457627118644,0.08837090163934426,0.08566351940236563
CRD Fernando,death,3,2.0,118.0,0.01694915254237288,0.002651127049180328,0.013329399252957045
CRD Fernando,death,4,15.0,118.0,0.1271186440677966,0.11151383196721311,0.12316805872587674
CRD Fernando,death,6,5.0,118.0,0.0423728813559322,0.07952100409836066,0.051777469391990044
CRD Fernando,death,W,10.0,118.0,0.0847457627118644,0.08016137295081967,0.08358515770906827
CRD Fernando,death,Wd,3.0,118.0,0.025423728813559324,0.04340420081967213,0.02997574704295497
CRD Fernando,death,Nb,1.0,118.0,0.00847457627118644,0.006570184426229508,0.007992451753475825
CRD Fernando,middle,0,55.0,140.0,0.39285714285714285,0.2808889845966761,0.36797532991037246
CRD Fernando,middle,1,44.0,140.0,0.3142857142857143,0.4414331678151601,0.3425407039589245
CRD Fernando,middle,2,12.0,140.0,0.08571428571428572,0.06664217673287394,0.08147603927397198
CRD Fernando,middle,3,0.0,140.0,0.0,0.002286430887717876,0.0005080957528261947
CRD Fernando,middle,4,14.0,140.0,0.1,0.08739739562221321,0.09719942124938072
CRD Fernando,middle,6,4.0,140.0,0.02857142857142857,0.048281059991892986,0.03295134666486511
CRD Fernando,middle,W,4.0,140.0,0.02857142857142857,0.04221980137819214,0.03160440030626492
CRD Fernando,middle,Wd,3.0,140.0,0.02142857142857143,0.028171868666396434,0.022927081925865872
CRD Fernando,middle,Nb,4.0,140.0,0.02857142857142857,0.002679114308877179,0.022817580957528262
CRD Fernando,powerplay,0,94.0,200.0,0.47,0.4228881521678736,0.4621480253613123
CRD Fernando,powerplay,1,50.0,200.0,0.25,0.25764450947345025,0.25127408491224174
CRD Fernando,powerplay,2,8.0,200.0,0.04,0.04384827662845184,0.04064137943807531
CRD Fernando,powerplay,3,0.0,200.0,0.0,0.005028429611245902,0.000838071601874317
CRD Fernando,powerplay,4,25.0,200.0,0.125,0.15223269683107069,0.12953878280517844
CRD Fernando,powerplay,6,3.0,200.0,0.015,0.040523771600022226,0.01925396193333704
CRD Fernando,powerplay,W,12.0,200.0,0.06,0.03919952586446391,0.056533254310743984
CRD Fernando,powerplay,Wd,7.0,200.0,0.035,0.03486563072990943,0.03497760512165157
CRD Fernando,powerplay,Nb,1.0,200.0,0.005,0.003769007093512122,0.0047948345155853535
CV Varun,death,0,108.0,360.0,0.3,0.21696977459016392,0.2916969774590164
CV Varun,death,1,132.0,360.0,0.36666666666666664,0.37083760245901637,0.36708376024590167
CV Varun,death,2,25.0,360.0,0.06944444444444445,0.08837090163934426,0.07133709016393443
CV Varun,death,3,0.0,360.0,0.0,0.002651127049180328,0.00026511270491803276
CV Varun,death,4,20.0,360.0,0.05555555555555555,0.11151383196721311,0.061151383196721316
CV Varun,death,6,40.0,360.0,0.1111111111111111,0.07952100409836066,0.10795210040983606
CV Varun,death,W,26.0,360.0,0.07222222222222222,0.08016137295081967,0.07301613729508197
CV Varun,death,Wd,8.0,360.0,0.022222222222222223,0.04340420081967213,0.024340420081967212
CV Varun,death,Nb,1.0,360.0,0.002777777777777778,0.006570184426229508,0.003157018442622951
CV Varun,middle,0,505.0,1754.0,0.2879133409350057,0.2808889845966761,0.2877567220645859
CV Varun,middle,1,752.0,1754.0,0.42873432155074115,0.4414331678151601,0.429017461935678
CV Varun,middle,2,111.0,1754.0,0.06328392246294184,0.06664217673287394,0.06335879992715437
CV Varun,middle,3,2.0,1754.0,0.0011402508551881414,0.002286430887717876,0.0011658067087562513
CV Varun,middle,4,137.0,1754.0,0.07810718358038768,0.08739739562221321,0.07831432320227899
CV Varun,middle,6,112.0,1754.0,0.06385404789053592,0.048281059991892986,0.0635068240800868
CV Varun,middle,W,95.0,1754.0,0.05416191562143672,0.04221980137819214,0.05389564774533316
CV Varun,middle,Wd,34.0,1754.0,0.019384264538198404,0.028171868666396434,0.019580197740610848
CV Varun,middle,Nb,6.0,1754.0,0.0034207525655644243,0.002679114308877179,0.003404216595515656
CV Varun,powerplay,0,176.0,484.0,0.36363636363636365,0.4228881521678736,0.3681594009288453
CV Varun,powerplay,1,161.0,484.0,0.33264462809917356,0.25764450947345025,0.32691942820408015
CV Varun,powerplay,2,20.0,484.0,0.04132231404958678,0.04384827662845184,0.041515135620492506
CV Varun,powerplay,3,2.0,484.0,0.004132231404958678,0.005028429611245902,0.004200643481774496
CV Varun,powerplay,4,70.0,484.0,0.1446280991735537,0.15223269683107069,0.1452086028115321
CV Varun,powerplay,6,22.0,484.0,0.045454545454545456,0.040523771600022226,0.04507815050381849
CV Varun,powerplay,W,21.0,484.0,0.04338842975206612,0.03919952586446391,0.04306866609652396
CV Varun,powerplay,Wd,11.0,484.0,0.022727272727272728,0.03486563072990943,0.02365386494121446
CV Varun,powerplay,Nb,1.0,484.0,0.002066115702479339,0.003769007093512122,0.0021961074117184828
D Brevis,death,0,0.0,3.0,0.0,0.21696977459016392,0.20183234845596645
D Brevis,death,1,0.0,3.0,0.0,0.37083760245901637,0.34496521158978266
D Brevis,death,2,0.0,3.0,0.0,0.08837090163934426,0.08220548989706443
D Brevis,death,3,0.0,3.0,0.0,0.002651127049180328,0.002466164696911933
D Brevis,death,4,2.0,3.0,0.6666666666666666,0.11151383196721311,0.15024542508577965
D Brevis,death,6,0.0,3.0,0.0,0.07952100409836066,0.07397302706824248
D Brevis,death,W,1.0,3.0,0.3333333333333333,0.08016137295081967,0.09782453297750666
D Brevis,death,Wd,0.0,3.0,0.0,0.04340420081967213,0.04037600076248571
D Brevis,death,Nb,0.0,3.0,0.0,0.006570184426229508,0.006111799466260007
D Ferreira,death,0,1.0,13.0,0.07692307692307693,0.21696977459016392,0.1826186978038973
D Ferreira,death,1,7.0,13.0,0.5384615384615384,0.37083760245901637,0.4119529075162388
D Ferreira,death,2,0.0,13.0,0.0,0.08837090163934426,0.06669502010516548
D Ferreira,death,3,0.0,13.0,0.0,0.002651127049180328,0.0020008506031549645
D Ferreira,death,4,1.0,13.0,0.07692307692307693,0.11151383196721311,0.1030293071450665
D Ferreira,death,6,2.0,13.0,0.15384615384615385,0.07952100409836066,0.09775170120630994
D Ferreira,death,W,1.0,13.0,0.07692307692307693,0.08016137295081967,0.07936707392514691
D Ferreira,death,Wd,1.0,13.0,0.07692307692307693,0.04340420081967213,0.051625811939375196
D Ferreira,death,Nb,0.0,13.0,0.0,0.006570184426229508,0.004958629755644912
D Ferreira,middle,0,6.0,38.0,0.15789473684210525,0.2808889845966761,0.2209687100495775
D Ferreira,middle,1,18.0,38.0,0.47368421052631576,0.4414331678151601,0.4571452142641847
D Ferreira,middle,2,2.0,38.0,0.05263157894736842,0.06664217673287394,0.0598165008886533
D Ferreira,middle,3,0.0,38.0,0.0,0.002286430887717876,0.0011725286603681416
D Ferreira,middle,4,7.0,38.0,0.18421052631578946,0.08739739562221321,0.13456276698575037
D Ferreira,middle,6,2.0,38.0,0.05263157894736842,0.048281059991892986,0.05040054358558615
D Ferreira,middle,W,1.0,38.0,0.02631578947368421,0.04221980137819214,0.03447169301445751
D Ferreira,middle,Wd,2.0,38.0,0.05263157894736842,0.028171868666396434,0.04008813777763919
D Ferreira,middle,Nb,0.0,38.0,0.0,0.002679114308877179,0.0013739047737831686
D Madushanka,death,0,9.0,57.0,0.15789473684210525,0.21696977459016392,0.18225557715058308
D Madushanka,death,1,17.0,57.0,0.2982456140350877,0.37083760245901637,0.3281804546222748
D Madushanka,death,2,5.0,57.0,0.08771929824561403,0.08837090163934426,0.08798800067601825
D Madushanka,death,3,0.0,57.0,0.0,0.002651127049180328,0.001093248267703228
D Madushanka,death,4,7.0,57.0,0.12280701754385964,0.11151383196721311,0.11815003380091263
D Madushanka,death,6,8.0,57.0,0.14035087719298245,0.07952100409836066,0.11526639344262296
D Madushanka,death,W,6.0,57.0,0.10526315789473684,0.08016137295081967,0.09491190637147202
D Madushanka,death,Wd,5.0,57.0,0.08771929824561403,0.04340420081967213,0.06944503126584418
D Madushanka,death,Nb,0.0,57.0,0.0,0.006570184426229508,0.0027093544025688695
D Madushanka,middle,0,7.0,40.0,0.175,0.2808889845966761,0.22794449229833808
D Madushanka,middle,1,12.0,40.0,0.3,0.4414331678151601,0.37071658390758006
D Madushanka,middle,2,4.0,40.0,0.1,0.06664217673287394,0.08332108836643697
D Madushanka,middle,3,0.0,40.0,0.0,0.002286430887717876,0.001143215443858938
D Madushanka,middle,4,5.0,40.0,0.125,0.08739739562221321,0.10619869781110661
D Madushanka,middle,6,5.0,40.0,0.125,0.048281059991892986,0.08664052999594649
D Madushanka,middle,W,2.0,40.0,0.05,0.04221980137819214,0.046109900689096074
D Madushanka,middle,Wd,4.0,40.0,0.1,0.028171868666396434,0.06408593433319822
D Madushanka,middle,Nb,1.0,40.0,0.025,0.002679114308877179,0.01383955715443859
D Madushanka,powerplay,0,53.0,132.0,0.4015151515151515,0.4228881521678736,0.4064856167832264
D Madushanka,powerplay,1,33.0,132.0,0.25,0.25764450947345025,0.2517777929008024
D Madushanka,powerplay,2,5.0,132.0,0.03787878787878788,0.04384827662845184,0.039267041076384145
D Madushanka,powerplay,3,0.0,132.0,0.0,0.005028429611245902,0.0011694022351734655
D Madushanka,powerplay,4,20.0,132.0,0.15151515151515152,0.15223269683107069,0.15168202251885365
D Madushanka,powerplay,6,8.0,132.0,0.06060606060606061,0.040523771600022226,0.05593576083721447
D Madushanka,powerplay,W,5.0,132.0,0.03787878787878788,0.03919952586446391,0.03818593624754975
D Madushanka,powerplay,Wd,8.0,132.0,0.06060606060606061,0.03486563072990943,0.05461991412323475
D Madushanka,powerplay,Nb,0.0,132.0,0.0,0.003769007093512122,0.0008765132775609587
D Pretorius,death,0,31.0,163.0,0.1901840490797546,0.21696977459016392,0.195462024549786
D Pretorius,death,1,49.0,163.0,0.3006134969325153,0.37083760245901637,0.3144507591052249
D Pretorius,death,2,13.0,163.0,0.07975460122699386,0.08837090163934426,0.08145239441169345
D Pretorius,death,3,2.0,163.0,0.012269938650306749,0.002651127049180328,0.010374606315109423
D Pretorius,death,4,20.0,163.0,0.12269938650306748,0.11151383196721311,0.12049533634821934
D Pretorius,death,6,16.0,163.0,0.09815950920245399,0.07952100409836066,0.0944868973592829
D Pretorius,death,W,16.0,163.0,0.09815950920245399,0.08016137295081967,0.09461307841395461
D Pretorius,death,Wd,15.0,163.0,0.09202453987730061,0.04340420081967213,0.08244417750141322
D Pretorius,death,Nb,1.0,163.0,0.006134969325153374,0.006570184426229508,0.006220725995316159
D Pretorius,middle,0,68.0,296.0,0.22972972972972974,0.2808889845966761,0.23582011721389
D Pretorius,middle,1,157.0,296.0,0.5304054054054054,0.4414331678151601,0.5198134723589476
D Pretorius,middle,2,17.0,296.0,0.057432432432432436,0.06664217673287394,0.05852883056343737
D Pretorius,middle,3,1.0,296.0,0.0033783783783783786,0.002286430887717876,0.0032483846294902234
D Pretorius,middle,4,19.0,296.0,0.06418918918918919,0.08739739562221321,0.06695207090740633
D Pretorius,middle,6,12.0,296.0,0.04054054054054054,0.048281059991892986,0.04146203095141583
D Pretorius,middle,W,12.0,296.0,0.04054054054054054,0.04221980137819214,0.04074045254502287
D Pretorius,middle,Wd,10.0,296.0,0.033783783783783786,0.028171868666396434,0.033115698650761485
D Pretorius,middle,Nb,0.0,296.0,0.0,0.002679114308877179,0.0003189421796282356
D Pretorius,powerplay,0,15.0,43.0,0.3488372093023256,0.4228881521678736,0.38452441068331256
D Pretorius,powerplay,1,16.0,43.0,0.37209302325581395,0.25764450947345025,0.31693711299925315
D Pretorius,powerplay,2,5.0,43.0,0.11627906976744186,0.04384827662845184,0.08137266343539848
D Pretorius,powerplay,3,0.0,43.0,0.0,0.005028429611245902,0.002423339571684772
D Pretorius,powerplay,4,3.0,43.0,0.06976744186046512,0.15223269683107069,0.10950973341256419
D Pretorius,powerplay,6,3.0,43.0,0.06976744186046512,0.040523771600022226,0.055674106795191435
D Pretorius,powerplay,W,0.0,43.0,0.0,0.03919952586446391,0.018891337766006704
D Pretorius,powerplay,Wd,1.0,43.0,0.023255813953488372,0.03486563072990943,0.02885090637585997
D Pretorius,powerplay,Nb,0.0,43.0,0.0,0.003769007093512122,0.0018163889607287337
D Wiese,death,0,18.0,104.0,0.17307692307692307,0.21696977459016392,0.1852693818306011
D Wiese,death,1,44.0,104.0,0.4230769230769231,0.37083760245901637,0.4085660006830601
D Wiese,death,2,6.0,104.0,0.057692307692307696,0.08837090163934426,0.06621413934426229
D Wiese,death,3,0.0,104.0,0.0,0.002651127049180328,0.0007364241803278688
D Wiese,death,4,12.0,104.0,0.11538461538461539,0.11151383196721311,0.11430939776867031
D Wiese,death,6,2.0,104.0,0.019230769230769232,0.07952100409836066,0.035978056693989076
D Wiese,death,W,16.0,104.0,0.15384615384615385,0.08016137295081967,0.13337815915300547
D Wiese,death,Wd,6.0,104.0,0.057692307692307696,0.04340420081967213,0.05372338911657559
D Wiese,death,Nb,0.0,104.0,0.0,0.006570184426229508,0.0018250512295081968
D Wiese,middle,0,93.0,390.0,0.23846153846153847,0.2808889845966761,0.2424082776369001
D Wiese,middle,1,181.0,390.0,0.4641025641025641,0.4414331678151601,0.461993783052573
D Wiese,middle,2,21.0,390.0,0.05384615384615385,0.06664217673287394,0.05503648155654641
D Wiese,middle,3,0.0,390.0,0.0,0.002286430887717876,0.00021269124536910474
D Wiese,middle,4,51.0,390.0,0.13076923076923078,0.08739739562221321,0.12673464145322913
D Wiese,middle,6,15.0,390.0,0.038461538461538464,0.048281059991892986,0.03937498232482725
D Wiese,middle,W,15.0,390.0,0.038461538461538464,0.04221980137819214,0.03881114431425043
D Wiese,middle,Wd,13.0,390.0,0.03333333333333333,0.028171868666396434,0.03285319708524618
D Wiese,middle,Nb,1.0,390.0,0.002564102564102564,0.002679114308877179,0.002574801331058342
D Wiese,powerplay,0,44.0,111.0,0.3963963963963964,0.4228881521678736,0.4034140800444699
D Wiese,powerplay,1,26.0,111.0,0.23423423423423423,0.25764450947345025,0.2404356316485961
D Wiese,powerplay,2,9.0,111.0,0.08108108108108109,0.04384827662845184,0.07121808652409321
D Wiese,powerplay,3,1.0,111.0,0.009009009009009009,0.005028429611245902,0.007954550890396265
D Wiese,powerplay,4,16.0,111.0,0.14414414414414414,0.15223269683107069,0.1462868071075684
D Wiese,powerplay,6,4.0,111.0,0.036036036036036036,0.040523771600022226,0.03722484015894629
D Wiese,powerplay,W,7.0,111.0,0.06306306306306306,0.03919952586446391,0.05674159625548713
D Wiese,powerplay,Wd,4.0,111.0,0.036036036036036036,0.03486563072990943,0.03572599489534024
D Wiese,powerplay,Nb,0.0,111.0,0.0,0.003769007093512122,0.0009984124751025488
DA Warner,middle,0,0.0,2.0,0.0,0.2808889845966761,0.2675133186635011
DA Warner,middle,1,1.0,2.0,0.5,0.4414331678151601,0.44422206458586677
DA Warner,middle,2,0.0,2.0,0.0,0.06664217673287394,0.06346873974559422
DA Warner,middle,3,0.0,2.0,0.0,0.002286430887717876,0.0021775532263979772
DA Warner,middle,4,0.0,2.0,0.0,0.08739739562221321,0.0832356148782983
DA Warner,middle,6,0.0,2.0,0.0,0.048281059991892986,0.045981961897040936
DA Warner,middle,W,0.0,2.0,0.0,0.04221980137819214,0.04020933464589728
DA Warner,middle,Wd,1.0,2.0,0.5,0.028171868666396434,0.050639874920377546
DA Warner,middle,Nb,0.0,2.0,0.0,0.002679114308877179,0.0025515374370258847
DAJ Bracewell,death,0,14.0,73.0,0.1917808219178082,0.21696977459016392,0.20069726534165094
DAJ Bracewell,death,1,21.0,73.0,0.2876712328767123,0.37083760245901637,0.3171106557377049
DAJ Bracewell,death,2,4.0,73.0,0.0547945205479452,0.08837090163934426,0.06667996518206877
DAJ Bracewell,death,3,0.0,73.0,0.0,0.002651127049180328,0.0009384520528071957
DAJ Bracewell,death,4,16.0,73.0,0.2191780821917808,0.11151383196721311,0.18106684317423474
DAJ Bracewell,death,6,4.0,73.0,0.0547945205479452,0.07952100409836066,0.06354725808791528
DAJ Bracewell,death,W,10.0,73.0,0.136986301369863,0.08016137295081967,0.11687128246046714
DAJ Bracewell,death,Wd,4.0,73.0,0.0547945205479452,0.04340420081967213,0.0507625489627158
DAJ Bracewell,death,Nb,0.0,73.0,0.0,0.006570184426229508,0.0023257290004352242
DAJ Bracewell,middle,0,15.0,67.0,0.22388059701492538,0.2808889845966761,0.24519214377445836
DAJ Bracewell,middle,1,31.0,67.0,0.4626865671641791,0.4414331678151601,0.4547413711458543
DAJ Bracewell,middle,2,3.0,67.0,0.04477611940298507,0.06664217673287394,0.052950346442195866
DAJ Bracewell,middle,3,1.0,67.0,0.014925373134328358,0.002286430887717876,0.010200534911296404
DAJ Bracewell,middle,4,4.0,67.0,0.05970149253731343,0.08739739562221321,0.07005510116718251
DAJ Bracewell,middle,6,9.0,67.0,0.13432835820895522,0.048281059991892986,0.10216114392220299
DAJ Bracewell,middle,W,3.0,67.0,0.04477611940298507,0.04221980137819214,0.04382048649652043
DAJ Bracewell,middle,Wd,1.0,67.0,0.014925373134328358,0.028171868666396434,0.01987733408089586
DAJ Bracewell,middle,Nb,0.0,67.0,0.0,0.002679114308877179,0.0010015380593933379
DAJ Bracewell,powerplay,0,28.0,67.0,0.417910447761194,0.4228881521678736,0.41977127183845747
DAJ Bracewell,powerplay,1,17.0,67.0,0.2537313432835821,0.25764450947345025,0.25519420914895335
DAJ Bracewell,powerplay,2,5.0,67.0,0.07462686567164178,0.04384827662845184,0.06312085107605676
DAJ Bracewell,powerplay,3,1.0,67.0,0.014925373134328358,0.005028429611245902,0.011225581163082579
DAJ Bracewell,powerplay,4,8.0,67.0,0.11940298507462686,0.15223269683107069,0.1316757745162881
DAJ Bracewell,powerplay,6,3.0,67.0,0.04477611940298507,0.040523771600022226,0.04318645667290551
DAJ Bracewell,powerplay,W,4.0,67.0,0.05970149253731343,0.03919952586446391,0.05203720593064071
DAJ Bracewell,powerplay,Wd,1.0,67.0,0.014925373134328358,0.03486563072990943,0.02237967503921848
DAJ Bracewell,powerplay,Nb,0.0,67.0,0.0,0.003769007093512122,0.001408974614397055
DE Bollinger,death,0,68.0,237.0,0.2869198312236287,0.21696977459016392,0.2768187400130201
DE Bollinger,death,1,83.0,237.0,0.350210970464135,0.37083760245901637,0.3531895454814464
DE Bollinger,death,2,24.0,237.0,0.10126582278481013,0.08837090163934426,0.09940374030893058
DE Bollinger,death,3,1.0,237.0,0.004219409282700422,0.002651127049180328,0.003992942534177665
DE Bollinger,death,4,22.0,237.0,0.09282700421940929,0.11151383196721311,0.09552546309995857
DE Bollinger,death,6,14.0,237.0,0.05907172995780591,0.07952100409836066,0.06202469373261526
DE Bollinger,death,W,19.0,237.0,0.08016877637130802,0.08016137295081967,0.08016770728531691
DE Bollinger,death,Wd,4.0,237.0,0.016877637130801686,0.04340420081967213,0.020708187843995977
DE Bollinger,death,Nb,2.0,237.0,0.008438818565400843,0.006570184426229508,0.008168979700538558
DE Bollinger,middle,0,21.0,62.0,0.3387096774193548,0.2808889845966761,0.3160348959202651
DE Bollinger,middle,1,24.0,62.0,0.3870967741935484,0.4414331678151601,0.40840516384908243
DE Bollinger,middle,2,5.0,62.0,0.08064516129032258,0.06664217673287394,0.07515379479720546
DE Bollinger,middle,3,0.0,62.0,0.0,0.002286430887717876,0.0008966395638109317
DE Bollinger,middle,4,5.0,62.0,0.08064516129032258,0.08739739562221321,0.08329309632243655
DE Bollinger,middle,6,0.0,62.0,0.0,0.048281059991892986,0.018933749016428622
DE Bollinger,middle,W,6.0,62.0,0.0967741935483871,0.04221980137819214,0.0753803142659577
DE Bollinger,middle,Wd,1.0,62.0,0.016129032258064516,0.028171868666396434,0.020851713202508403
DE Bollinger,middle,Nb,0.0,62.0,0.0,0.002679114308877179,0.001050633062304776
DE Bollinger,powerplay,0,193.0,403.0,0.47890818858560796,0.4228881521678736,0.47384994601967256
DE Bollinger,powerplay,1,94.0,403.0,0.23325062034739455,0.25764450947345025,0.2354532288463612
DE Bollinger,powerplay,2,10.0,403.0,0.02481389578163772,0.04384827662845184,0.026532575767806037
DE Bollinger,powerplay,3,1.0,403.0,0.0024813895781637717,0.005028429611245902,0.002711370619525589
DE Bollinger,powerplay,4,68.0,403.0,0.1687344913151365,0.15223269683107069,0.16724448729851654
DE Bollinger,powerplay,6,6.0,403.0,0.01488833746898263,0.040523771600022226,0.017203049354403813
DE Bollinger,powerplay,W,12.0,403.0,0.02977667493796526,0.03919952586446391,0.030627496692050917
DE Bollinger,powerplay,Wd,19.0,403.0,0.04714640198511166,0.03486563072990943,0.046037528734077605
DE Bollinger,powerplay,Nb,0.0,403.0,0.0,0.003769007093512122,0.00034031666758574467
DJ Bravo,death,0,336.0,1715.0,0.19591836734693877,0.21696977459016392,0.19639817150063052
DJ Bravo,death,1,659.0,1715.0,0.38425655976676387,0.37083760245901637,0.3839507145859605
DJ Bravo,death,2,171.0,1715.0,0.09970845481049563,0.08837090163934426,0.09945004904021297
DJ Bravo,death,3,6.0,1715.0,0.003498542274052478,0.002651127049180328,0.003479227966932885
DJ Bravo,death,4,180.0,1715.0,0.10495626822157435,0.11151383196721311,0.1051057283639251
DJ Bravo,death,6,111.0,1715.0,0.06472303206997085,0.07952100409836066,0.06506030778571761
DJ Bravo,death,W,161.0,1715.0,0.09387755102040816,0.08016137295081967,0.09356493157722666
DJ Bravo,death,Wd,83.0,1715.0,0.04839650145772595,0.04340420081967213,0.04828271682779879
DJ Bravo,death,Nb,8.0,1715.0,0.004664723032069971,0.006570184426229508,0.004708152351594975
DJ Bravo,middle,0,538.0,2007.0,0.268061783756851,0.2808889845966761,0.2683124374127343
DJ Bravo,middle,1,885.0,2007.0,0.44095665171898357,0.4414331678151601,0.44096596322061865
DJ Bravo,middle,2,155.0,2007.0,0.07722969606377678,0.06664217673287394,0.07702280755706642
DJ Bravo,middle,3,2.0,2007.0,0.000996512207274539,0.002286430887717876,0.001021718239134692
DJ Bravo,middle,4,200.0,2007.0,0.09965122072745392,0.08739739562221321,0.09941177128719518
DJ Bravo,middle,6,55.0,2007.0,0.027404085700049825,0.048281059991892986,0.02781203829979273
DJ Bravo,middle,W,72.0,2007.0,0.03587443946188341,0.04221980137819214,0.035998432855460526
DJ Bravo,middle,Wd,97.0,2007.0,0.04833084205281515,0.028171868666396434,0.04793691975899163
DJ Bravo,middle,Nb,3.0,2007.0,0.0014947683109118087,0.002679114308877179,0.0015179113690059049
DJ Bravo,powerplay,0,136.0,333.0,0.4084084084084084,0.4228881521678736,0.4099611959429355
DJ Bravo,powerplay,1,90.0,333.0,0.2702702702702703,0.25764450947345025,0.2689163012840161
DJ Bravo,powerplay,2,14.0,333.0,0.042042042042042045,0.04384827662845184,0.0422357401210136
DJ Bravo,powerplay,3,2.0,333.0,0.006006006006006006,0.005028429611245902,0.005901172076273019
DJ Bravo,powerplay,4,49.0,333.0,0.14714714714714713,0.15223269683107069,0.14769251440547676
DJ Bravo,powerplay,6,10.0,333.0,0.03003003003003003,0.040523771600022226,0.031155364246651177
DJ Bravo,powerplay,W,13.0,333.0,0.03903903903903904,0.03919952586446391,0.039056249422462615
DJ Bravo,powerplay,Wd,19.0,333.0,0.057057057057057055,0.03486563072990943,0.05467727943484284
DJ Bravo,powerplay,Nb,0.0,333.0,0.0,0.003769007093512122,0.0004041830663283777
DJ Hooda,death,0,13.0,53.0,0.24528301886792453,0.21696977459016392,0.23310527939361889
DJ Hooda,death,1,22.0,53.0,0.41509433962264153,0.37083760245901637,0.3960591838533404
DJ Hooda,death,2,3.0,53.0,0.05660377358490566,0.08837090163934426,0.07026705446853516
DJ Hooda,death,3,0.0,53.0,0.0,0.002651127049180328,0.001140269698572184
DJ Hooda,death,4,5.0,53.0,0.09433962264150944,0.11151383196721311,0.10172637934073683
DJ Hooda,death,6,5.0,53.0,0.09433962264150944,0.07952100409836066,0.08796602326811212
DJ Hooda,death,W,4.0,53.0,0.07547169811320754,0.08016137295081967,0.07748876255949233
DJ Hooda,death,Wd,1.0,53.0,0.018867924528301886,0.04340420081967213,0.029421161642869734
DJ Hooda,death,Nb,0.0,53.0,0.0,0.006570184426229508,0.0028258857747223694
DJ Hooda,middle,0,69.0,294.0,0.23469387755102042,0.2808889845966761,0.24022622570020072
DJ Hooda,middle,1,155.0,294.0,0.5272108843537415,0.4414331678151601,0.5169381039299592
DJ Hooda,middle,2,19.0,294.0,0.06462585034013606,0.06664217673287394,0.0648673265548352
DJ Hooda,middle,3,0.0,294.0,0.0,0.002286430887717876,0.00027382405840932646
DJ Hooda,middle,4,22.0,294.0,0.07482993197278912,0.08739739562221321,0.07633501743978602
DJ Hooda,middle,6,13.0,294.0,0.04421768707482993,0.048281059991892986,0.04470431856190335
DJ Hooda,middle,W,8.0,294.0,0.027210884353741496,0.04221980137819214,0.029008359446490075
DJ Hooda,middle,Wd,8.0,294.0,0.027210884353741496,0.028171868666396434,0.02732597229537682
DJ Hooda,middle,Nb,0.0,294.0,0.0,0.002679114308877179,0.0003208520130391831
DJ Hooda,powerplay,0,33.0,84.0,0.39285714285714285,0.4228881521678736,0.40254456521544313
DJ Hooda,powerplay,1,30.0,84.0,0.35714285714285715,0.25764450947345025,0.3250466159591775
DJ Hooda,powerplay,2,2.0,84.0,0.023809523809523808,0.04384827662845184,0.030273637622081236
DJ Hooda,powerplay,3,0.0,84.0,0.0,0.005028429611245902,0.0016220740681438394
DJ Hooda,powerplay,4,13.0,84.0,0.15476190476190477,0.15223269683107069,0.15394603123582926
DJ Hooda,powerplay,6,2.0,84.0,0.023809523809523808,0.040523771600022226,0.029201216645168462
DJ Hooda,powerplay,W,2.0,84.0,0.023809523809523808,0.03919952586446391,0.02877404060143997
DJ Hooda,powerplay,Wd,2.0,84.0,0.023809523809523808,0.03486563072990943,0.027376009912874012
DJ Hooda,powerplay,Nb,0.0,84.0,0.0,0.003769007093512122,0.0012158087398426202
DJ Hussey,death,0,18.0,70.0,0.2571428571428571,0.21696977459016392,0.24253446348733235
DJ Hussey,death,1,24.0,70.0,0.34285714285714286,0.37083760245901637,0.35303185543964233
DJ Hussey,death,2,5.0,70.0,0.07142857142857142,0.08837090163934426,0.07758941877794337
DJ Hussey,death,3,0.0,70.0,0.0,0.002651127049180328,0.0009640461997019374
DJ Hussey,death,4,5.0,70.0,0.07142857142857142,0.11151383196721311,0.08600502980625932
DJ Hussey,death,6,12.0,70.0,0.17142857142857143,0.07952100409836066,0.13800763785394934
DJ Hussey,death,W,3.0,70.0,0.04285714285714286,0.08016137295081967,0.0564223174366617
DJ Hussey,death,Wd,3.0,70.0,0.04285714285714286,0.04340420081967213,0.043056073025335324
DJ Hussey,death,Nb,0.0,70.0,0.0,0.006570184426229508,0.002389157973174367
DJ Hussey,middle,0,112.0,440.0,0.2545454545454545,0.2808889845966761,0.2567407487163897
DJ Hussey,middle,1,218.0,440.0,0.4954545454545455,0.4414331678151601,0.49095276398459664
DJ Hussey,middle,2,38.0,440.0,0.08636363636363636,0.06664217673287394,0.08472018139440615
DJ Hussey,middle,3,2.0,440.0,0.004545454545454545,0.002286430887717876,0.00435720257397649
DJ Hussey,middle,4,28.0,440.0,0.06363636363636363,0.08739739562221321,0.06561644963518444
DJ Hussey,middle,6,19.0,440.0,0.04318181818181818,0.048281059991892986,0.04360675499932441
DJ Hussey,middle,W,16.0,440.0,0.03636363636363636,0.04221980137819214,0.036851650114849345
DJ Hussey,middle,Wd,7.0,440.0,0.015909090909090907,0.028171868666396434,0.016930989055533037
DJ Hussey,middle,Nb,0.0,440.0,0.0,0.002679114308877179,0.0002232595257397649
DJ Hussey,powerplay,0,14.0,45.0,0.3111111111111111,0.4228881521678736,0.3637120716084111
DJ Hussey,powerplay,1,19.0,45.0,0.4222222222222222,0.25764450947345025,0.34477388681103543
DJ Hussey,powerplay,2,1.0,45.0,0.022222222222222223,0.04384827662845184,0.03239918900162439
DJ Hussey,powerplay,3,0.0,45.0,0.0,0.005028429611245902,0.002366319817056895
DJ Hussey,powerplay,4,8.0,45.0,0.17777777777777778,0.15223269683107069,0.16575656321462148
DJ Hussey,powerplay,6,1.0,45.0,0.022222222222222223,0.040523771600022226,0.030834716047069284
DJ Hussey,powerplay,W,1.0,45.0,0.022222222222222223,0.03919952586446391,0.030211541583277136
DJ Hussey,powerplay,Wd,1.0,45.0,0.022222222222222223,0.03486563072990943,0.02817206151995738
DJ Hussey,powerplay,Nb,0.0,45.0,0.0,0.003769007093512122,0.001773650396946881
DJ Malan,death,0,0.0,5.0,0.0,0.21696977459016392,0.1928620218579235
DJ Malan,death,1,2.0,5.0,0.4,0.37083760245901637,0.37407786885245903
DJ Malan,death,2,0.0,5.0,0.0,0.08837090163934426,0.078551912568306
DJ Malan,death,3,0.0,5.0,0.0,0.002651127049180328,0.0023565573770491805
DJ Malan,death,4,0.0,5.0,0.0,0.11151383196721311,0.09912340619307833
DJ Malan,death,6,2.0,5.0,0.4,0.07952100409836066,0.11512978142076503
DJ Malan,death,W,1.0,5.0,0.2,0.08016137295081967,0.09347677595628415
DJ Malan,death,Wd,0.0,5.0,0.0,0.04340420081967213,0.038581511839708565
DJ Malan,death,Nb,0.0,5.0,0.0,0.006570184426229508,0.00584016393442623
DJ Malan,middle,0,1.0,3.0,0.3333333333333333,0.2808889845966761,0.28454789264807084
DJ Malan,middle,1,1.0,3.0,0.3333333333333333,0.4414331678151601,0.4338913188978234
DJ Malan,middle,2,0.0,3.0,0.0,0.06664217673287394,0.06199272254220831
DJ Malan,middle,3,0.0,3.0,0.0,0.002286430887717876,0.0021269124536910473
DJ Malan,middle,4,0.0,3.0,0.0,0.08739739562221321,0.08129990290438438
DJ Malan,middle,6,1.0,3.0,0.3333333333333333,0.048281059991892986,0.06816842789943534
DJ Malan,middle,W,0.0,3.0,0.0,0.04221980137819214,0.03927423384017874
DJ Malan,middle,Wd,0.0,3.0,0.0,0.028171868666396434,0.02620638945711296
DJ Malan,middle,Nb,0.0,3.0,0.0,0.002679114308877179,0.00249219935709505
DJ Mitchell,death,0,10.0,50.0,0.2,0.21696977459016392,0.20754212204007286
DJ Mitchell,death,1,10.0,50.0,0.2,0.37083760245901637,0.2759278233151184
DJ Mitchell,death,2,3.0,50.0,0.06,0.08837090163934426,0.07260928961748635
DJ Mitchell,death,3,0.0,50.0,0.0,0.002651127049180328,0.0011782786885245903
DJ Mitchell,death,4,6.0,50.0,0.12,0.11151383196721311,0.11622836976320584
DJ Mitchell,death,6,9.0,50.0,0.18,0.07952100409836066,0.1353426684881603
DJ Mitchell,death,W,6.0,50.0,0.12,0.08016137295081967,0.10229394353369763
DJ Mitchell,death,Wd,5.0,50.0,0.1,0.04340420081967213,0.07484631147540984
DJ Mitchell,death,Nb,1.0,50.0,0.02,0.006570184426229508,0.014031193078324226
DJ Mitchell,middle,0,10.0,87.0,0.11494252873563218,0.2808889845966761,0.16720912900682713
DJ Mitchell,middle,1,47.0,87.0,0.5402298850574713,0.4414331678151601,0.5091128087606803
DJ Mitchell,middle,2,5.0,87.0,0.05747126436781609,0.06664217673287394,0.060359740703267384
DJ Mitchell,middle,3,0.0,87.0,0.0,0.002286430887717876,0.0007201357126670476
DJ Mitchell,middle,4,13.0,87.0,0.14942528735632185,0.08739739562221321,0.12988894350305927
DJ Mitchell,middle,6,6.0,87.0,0.06896551724137931,0.048281059991892986,0.062450727556501724
DJ Mitchell,middle,W,3.0,87.0,0.034482758620689655,0.04221980137819214,0.03691962248132036
DJ Mitchell,middle,Wd,3.0,87.0,0.034482758620689655,0.028171868666396434,0.03249507674532171
DJ Mitchell,middle,Nb,0.0,87.0,0.0,0.002679114308877179,0.000843815530355017
DJ Willey,death,0,29.0,186.0,0.15591397849462366,0.21696977459016392,0.1667203140867547
DJ Willey,death,1,82.0,186.0,0.44086021505376344,0.37083760245901637,0.4284668322936312
DJ Willey,death,2,17.0,186.0,0.0913978494623656,0.08837090163934426,0.0908621064848397
DJ Willey,death,3,0.0,186.0,0.0,0.002651127049180328,0.00046922602640359784
DJ Willey,death,4,22.0,186.0,0.11827956989247312,0.11151383196721311,0.11708209415348905
DJ Willey,death,6,12.0,186.0,0.06451612903225806,0.07952100409836066,0.06717185913245322
DJ Willey,death,W,14.0,186.0,0.07526881720430108,0.08016137295081967,0.07613475627448135
DJ Willey,death,Wd,10.0,186.0,0.053763440860215055,0.04340420081967213,0.05192994704772958
DJ Willey,death,Nb,0.0,186.0,0.0,0.006570184426229508,0.0011628645002176121
DJ Willey,middle,0,14.0,83.0,0.1686746987951807,0.2808889845966761,0.2051671494623337
DJ Willey,middle,1,42.0,83.0,0.5060240963855421,0.4414331678151601,0.4850189163626537
DJ Willey,middle,2,7.0,83.0,0.08433734939759036,0.06664217673287394,0.07858282170174762
DJ Willey,middle,3,0.0,83.0,0.0,0.002286430887717876,0.0007435547602334556
DJ Willey,middle,4,11.0,83.0,0.13253012048192772,0.08739739562221321,0.11785281158445958
DJ Willey,middle,6,5.0,83.0,0.060240963855421686,0.048281059991892986,0.05635156422500585
DJ Willey,middle,W,4.0,83.0,0.04819277108433735,0.04221980137819214,0.0462503419116072
DJ Willey,middle,Wd,0.0,83.0,0.0,0.028171868666396434,0.009161583306145181
DJ Willey,middle,Nb,0.0,83.0,0.0,0.002679114308877179,0.0008712566858137167
DJ Willey,powerplay,0,203.0,465.0,0.43655913978494626,0.4228881521678736,0.43547628928062365
DJ Willey,powerplay,1,119.0,465.0,0.25591397849462366,0.25764450947345025,0.25605105025532277
DJ Willey,powerplay,2,24.0,465.0,0.05161290322580645,0.04384827662845184,0.050997883297303113
DJ Willey,powerplay,3,2.0,465.0,0.004301075268817204,0.005028429611245902,0.004358687493960072
DJ Willey,powerplay,4,52.0,465.0,0.11182795698924732,0.15223269683107069,0.11502833242226303
DJ Willey,powerplay,6,23.0,465.0,0.04946236559139785,0.040523771600022226,0.04875435814653641
DJ Willey,powerplay,W,24.0,465.0,0.05161290322580645,0.03919952586446391,0.05062966541500704
DJ Willey,powerplay,Wd,18.0,465.0,0.03870967741935484,0.03486563072990943,0.03840519847365619
DJ Willey,powerplay,Nb,0.0,465.0,0.0,0.003769007093512122,0.00029853521532769285
DJG Sammy,death,0,10.0,75.0,0.13333333333333333,0.21696977459016392,0.16242426942266572
DJG Sammy,death,1,26.0,75.0,0.3466666666666667,0.37083760245901637,0.355073948681397
DJG Sammy,death,2,9.0,75.0,0.12,0.08837090163934426,0.10899857448325018
DJG Sammy,death,3,0.0,75.0,0.0,0.002651127049180328,0.0009221311475409836
DJG Sammy,death,4,11.0,75.0,0.14666666666666667,0.11151383196721311,0.13443959372772632
DJG Sammy,death,6,11.0,75.0,0.14666666666666667,0.07952100409836066,0.1233116535994298
DJG Sammy,death,W,4.0,75.0,0.05333333333333334,0.08016137295081967,0.06266482537419814
DJG Sammy,death,Wd,3.0,75.0,0.04,0.04340420081967213,0.04118406985032074
DJG Sammy,death,Nb,1.0,75.0,0.013333333333333334,0.006570184426229508,0.010980933713471133
DJG Sammy,middle,0,155.0,534.0,0.2902621722846442,0.2808889845966761,0.289608988473636
DJG Sammy,middle,1,223.0,534.0,0.41760299625468167,0.4414331678151601,0.419263635387816
DJG Sammy,middle,2,50.0,534.0,0.09363295880149813,0.06664217673287394,0.09175206806500863
DJG Sammy,middle,3,2.0,534.0,0.003745318352059925,0.002286430887717876,0.003643653720398458
DJG Sammy,middle,4,56.0,534.0,0.10486891385767791,0.08739739562221321,0.10365138645450964
DJG Sammy,middle,6,16.0,534.0,0.0299625468164794,0.048281059991892986,0.03123909825727477
DJG Sammy,middle,W,26.0,534.0,0.04868913857677903,0.04221980137819214,0.04823831368489144
DJG Sammy,middle,Wd,5.0,534.0,0.009363295880149813,0.028171868666396434,0.010673997816473619
DJG Sammy,middle,Nb,1.0,534.0,0.0018726591760299626,0.002679114308877179,0.001928858139991441
DJG Sammy,powerplay,0,51.0,168.0,0.30357142857142855,0.4228881521678736,0.3265169523399757
DJG Sammy,powerplay,1,70.0,168.0,0.4166666666666667,0.25764450947345025,0.38608548259104813
DJG Sammy,powerplay,2,7.0,168.0,0.041666666666666664,0.04384827662845184,0.04208620704393305
DJG Sammy,powerplay,3,0.0,168.0,0.0,0.005028429611245902,0.0009670056944703658
DJG Sammy,powerplay,4,22.0,168.0,0.13095238095238096,0.15223269683107069,0.13504474939059052
DJG Sammy,powerplay,6,6.0,168.0,0.03571428571428571,0.040523771600022226,0.03663918684615812
DJG Sammy,powerplay,W,7.0,168.0,0.041666666666666664,0.03919952586446391,0.041192216512396906
DJG Sammy,powerplay,Wd,4.0,168.0,0.023809523809523808,0.03486563072990943,0.025935698217290273
DJG Sammy,powerplay,Nb,1.0,168.0,0.005952380952380952,0.003769007093512122,0.005532501364136947
DJM Short,death,0,0.0,7.0,0.0,0.21696977459016392,0.18465512731077782
DJM Short,death,1,4.0,7.0,0.5714285714285714,0.37083760245901637,0.4007128531566097
DJM Short,death,2,0.0,7.0,0.0,0.08837090163934426,0.07520927799093129
DJM Short,death,3,0.0,7.0,0.0,0.002651127049180328,0.0022562783397279385
DJM Short,death,4,1.0,7.0,0.14285714285714285,0.11151383196721311,0.11618198465294734
DJM Short,death,6,2.0,7.0,0.2857142857142857,0.07952100409836066,0.11023064178583887
DJM Short,death,W,0.0,7.0,0.0,0.08016137295081967,0.06822244506452738
DJM Short,death,Wd,0.0,7.0,0.0,0.04340420081967213,0.03693974537844437
DJM Short,death,Nb,0.0,7.0,0.0,0.006570184426229508,0.0055916463201953264
DJM Short,middle,0,17.0,64.0,0.265625,0.2808889845966761,0.2714957633064139
DJM Short,middle,1,34.0,64.0,0.53125,0.4414331678151601,0.49670506454429236
DJM Short,middle,2,2.0,64.0,0.03125,0.06664217673287394,0.04486237566648998
DJM Short,middle,3,0.0,64.0,0.0,0.002286430887717876,0.0008793964952761061
DJM Short,middle,4,2.0,64.0,0.03125,0.08739739562221321,0.05284515216238969
DJM Short,middle,6,5.0,64.0,0.078125,0.048281059991892986,0.06664656153534346
DJM Short,middle,W,4.0,64.0,0.0625,0.04221980137819214,0.05469992360699698
DJM Short,middle,Wd,0.0,64.0,0.0,0.028171868666396434,0.010835334102460166
DJM Short,middle,Nb,0.0,64.0,0.0,0.002679114308877179,0.0010304285803373766
DJM Short,powerplay,0,1.0,6.0,0.16666666666666666,0.4228881521678736,0.3894679584068466
DJM Short,powerplay,1,1.0,6.0,0.16666666666666666,0.25764450947345025,0.24577783432473935
DJM Short,powerplay,2,2.0,6.0,0.3333333333333333,0.04384827662845184,0.08160719706821898
DJM Short,powerplay,3,1.0,6.0,0.16666666666666666,0.005028429611245902,0.02611167792282252
DJM Short,powerplay,4,1.0,6.0,0.16666666666666666,0.15223269683107069,0.15411538854875712
DJM Short,powerplay,6,0.0,6.0,0.0,0.040523771600022226,0.035238062260888894
DJM Short,powerplay,W,0.0,6.0,0.0,0.03919952586446391,0.03408654422996862
DJM Short,powerplay,Wd,0.0,6.0,0.0,0.03486563072990943,0.03031793976513864
DJM Short,powerplay,Nb,0.0,6.0,0.0,0.003769007093512122,0.0032773974726192368
DL Chahar,death,0,57.0,284.0,0.2007042253521127,0.21696977459016392,0.20271231785063754
DL Chahar,death,1,111.0,284.0,0.3908450704225352,0.37083760245901637,0.3883750126492613
DL Chahar,death,2,30.0,284.0,0.1056338028169014,0.08837090163934426,0.10350258044930176
DL Chahar,death,3,3.0,284.0,0.01056338028169014,0.002651127049180328,0.009586558894960533
DL Chahar,death,4,27.0,284.0,0.09507042253521127,0.11151383196721311,0.09710047308237199
DL Chahar,death,6,22.0,284.0,0.07746478873239436,0.07952100409836066,0.07771864248127909
DL Chahar,death,W,23.0,284.0,0.08098591549295775,0.08016137295081967,0.08088412011738515
DL Chahar,death,Wd,7.0,284.0,0.02464788732394366,0.04340420081967213,0.026963481582675572
DL Chahar,death,Nb,4.0,284.0,0.014084507042253521,0.006570184426229508,0.013156812892127098
DL Chahar,middle,0,78.0,322.0,0.2422360248447205,0.2808889845966761,0.24650707012117967
DL Chahar,middle,1,147.0,322.0,0.45652173913043476,0.4414331678151601,0.45485449368123315
DL Chahar,middle,2,21.0,322.0,0.06521739130434782,0.06664217673287394,0.06537482615832861
DL Chahar,middle,3,1.0,322.0,0.003105590062111801,0.002286430887717876,0.00301507523621192
DL Chahar,middle,4,24.0,322.0,0.07453416149068323,0.08739739562221321,0.07595551332842135
DL Chahar,middle,6,21.0,322.0,0.06521739130434782,0.048281059991892986,0.06334597347976717
DL Chahar,middle,W,11.0,322.0,0.034161490683229816,0.04221980137819214,0.035051911754496366
DL Chahar,middle,Wd,17.0,322.0,0.052795031055900624,0.028171868666396434,0.05007423963164602
DL Chahar,middle,Nb,2.0,322.0,0.006211180124223602,0.002679114308877179,0.0058208966087157105
DL Chahar,powerplay,0,737.0,1789.0,0.41196198993851313,0.4228881521678736,0.41220094373248495
DL Chahar,powerplay,1,451.0,1789.0,0.2520961430967021,0.25764450947345025,0.25221748517164466
DL Chahar,powerplay,2,72.0,1789.0,0.04024594745667971,0.04384827662845184,0.04032472994266707
DL Chahar,powerplay,3,7.0,1789.0,0.003912800447177194,0.005028429611245902,0.003937199116703027
DL Chahar,powerplay,4,300.0,1789.0,0.16769144773616546,0.15223269683107069,0.16735336679783644
DL Chahar,powerplay,6,71.0,1789.0,0.039686975964225824,0.040523771600022226,0.039705276579552154
DL Chahar,powerplay,W,78.0,1789.0,0.043599776411403016,0.03919952586446391,0.04350354348528078
DL Chahar,powerplay,Wd,71.0,1789.0,0.039686975964225824,0.03486563072990943,0.039581533750244056
DL Chahar,powerplay,Nb,2.0,1789.0,0.0011179429849077697,0.003769007093512122,0.0011759214235869246
DL Vettori,death,0,59.0,220.0,0.2681818181818182,0.21696977459016392,0.2603030422446406
DL Vettori,death,1,95.0,220.0,0.4318181818181818,0.37083760245901637,0.422436554224464
DL Vettori,death,2,30.0,220.0,0.13636363636363635,0.08837090163934426,0.12898013871374528
DL Vettori,death,3,0.0,220.0,0.0,0.002651127049180328,0.0004078656998738966
DL Vettori,death,4,13.0,220.0,0.05909090909090909,0.11151383196721311,0.06715597414880202
DL Vettori,death,6,9.0,220.0,0.04090909090909091,0.07952100409836066,0.04684938524590164
DL Vettori,death,W,13.0,220.0,0.05909090909090909,0.08016137295081967,0.06233251891551072
DL Vettori,death,Wd,1.0,220.0,0.004545454545454545,0.04340420081967213,0.010523723203026481
DL Vettori,death,Nb,0.0,220.0,0.0,0.006570184426229508,0.0010107976040353089
DL Vettori,middle,0,308.0,953.0,0.323189926547744,0.2808889845966761,0.32148596111164857
DL Vettori,middle,1,454.0,953.0,0.47639034627492133,0.4414331678151601,0.47498220212749886
DL Vettori,middle,2,58.0,953.0,0.060860440713536204,0.06664217673287394,0.06109334045248233
DL Vettori,middle,3,1.0,953.0,0.001049317943336831,0.002286430887717876,0.00109915129457071
DL Vettori,middle,4,48.0,953.0,0.05036726128016789,0.08739739562221321,0.051858908182163675
DL Vettori,middle,6,28.0,953.0,0.02938090241343127,0.048281059991892986,0.03014223806613869
DL Vettori,middle,W,38.0,953.0,0.03987408184679958,0.04221980137819214,0.039968572059544495
DL Vettori,middle,Wd,16.0,953.0,0.016789087093389297,0.028171868666396434,0.01724760800267458
DL Vettori,middle,Nb,2.0,953.0,0.002098635886673662,0.002679114308877179,0.0021220187032780337
DL Vettori,powerplay,0,53.0,126.0,0.42063492063492064,0.4228881521678736,0.4211778679922587
DL Vettori,powerplay,1,38.0,126.0,0.30158730158730157,0.25764450947345025,0.2909986769815543
DL Vettori,powerplay,2,9.0,126.0,0.07142857142857142,0.04384827662845184,0.06478271725986792
DL Vettori,powerplay,3,0.0,126.0,0.0,0.005028429611245902,0.001211669785842386
DL Vettori,powerplay,4,16.0,126.0,0.12698412698412698,0.15223269683107069,0.1330681197183303
DL Vettori,powerplay,6,5.0,126.0,0.03968253968253968,0.040523771600022226,0.039885246168680055
DL Vettori,powerplay,W,4.0,126.0,0.031746031746031744,0.03919952586446391,0.033542054425172024
DL Vettori,powerplay,Wd,1.0,126.0,0.007936507936507936,0.03486563072990943,0.014425453187929985
DL Vettori,powerplay,Nb,0.0,126.0,0.0,0.003769007093512122,0.0009081944803643669
DP Nannes,death,0,55.0,212.0,0.25943396226415094,0.21696977459016392,0.25269361501431176
DP Nannes,death,1,67.0,212.0,0.3160377358490566,0.37083760245901637,0.324736127374447
DP Nannes,death,2,17.0,212.0,0.08018867924528301,0.08837090163934426,0.08148744470465782
DP Nannes,death,3,0.0,212.0,0.0,0.002651127049180328,0.00042081381733021075
DP Nannes,death,4,31.0,212.0,0.14622641509433962,0.11151383196721311,0.14071648126463698
DP Nannes,death,6,12.0,212.0,0.05660377358490566,0.07952100409836066,0.06024142922196201
DP Nannes,death,W,21.0,212.0,0.09905660377358491,0.08016137295081967,0.0960573607858444
DP Nannes,death,Wd,7.0,212.0,0.0330188679245283,0.04340420081967213,0.034667333463440024
DP Nannes,death,Nb,2.0,212.0,0.009433962264150943,0.006570184426229508,0.008979394353369764
DP Nannes,middle,0,34.0,117.0,0.2905982905982906,0.2808889845966761,0.2881245820628474
DP Nannes,middle,1,50.0,117.0,0.42735042735042733,0.4414331678151601,0.4309383867044994
DP Nannes,middle,2,6.0,117.0,0.05128205128205128,0.06664217673287394,0.05519545904022266
DP Nannes,middle,3,1.0,117.0,0.008547008547008548,0.002286430887717876,0.006951956914068249
DP Nannes,middle,4,13.0,117.0,0.1111111111111111,0.08739739562221321,0.10506940015852566
DP Nannes,middle,6,3.0,117.0,0.02564102564102564,0.048281059991892986,0.03140918725908101
DP Nannes,middle,W,2.0,117.0,0.017094017094017096,0.04221980137819214,0.02349549079699163
DP Nannes,middle,Wd,7.0,117.0,0.05982905982905983,0.028171868666396434,0.05176353341819018
DP Nannes,middle,Nb,1.0,117.0,0.008547008547008548,0.002679114308877179,0.007052003645573803
DP Nannes,powerplay,0,220.0,484.0,0.45454545454545453,0.4228881521678736,0.4521288665777003
DP Nannes,powerplay,1,105.0,484.0,0.21694214876033058,0.25764450947345025,0.22004919919644658
DP Nannes,powerplay,2,22.0,484.0,0.045454545454545456,0.04384827662845184,0.04533192951362228
DP Nannes,powerplay,3,8.0,484.0,0.01652892561983471,0.005028429611245902,0.01565102516116381
DP Nannes,powerplay,4,70.0,484.0,0.1446280991735537,0.15223269683107069,0.1452086028115321
DP Nannes,powerplay,6,9.0,484.0,0.01859504132231405,0.040523771600022226,0.02026899019847498
DP Nannes,powerplay,W,24.0,484.0,0.049586776859504134,0.03919952586446391,0.04879385693621861
DP Nannes,powerplay,Wd,26.0,484.0,0.05371900826446281,0.03486563072990943,0.052279819139687746
DP Nannes,powerplay,Nb,0.0,484.0,0.0,0.003769007093512122,0.0002877104651535971
DR Sams,death,0,23.0,127.0,0.18110236220472442,0.21696977459016392,0.1896933591832728
DR Sams,death,1,39.0,127.0,0.30708661417322836,0.37083760245901637,0.3223563119662315
DR Sams,death,2,13.0,127.0,0.10236220472440945,0.08837090163934426,0.09901099440463336
DR Sams,death,3,0.0,127.0,0.0,0.002651127049180328,0.0006350004908216354
DR Sams,death,4,14.0,127.0,0.11023622047244094,0.11151383196721311,0.11054223520172769
DR Sams,death,6,23.0,127.0,0.18110236220472442,0.07952100409836066,0.1567714979876313
DR Sams,death,W,6.0,127.0,0.047244094488188976,0.08016137295081967,0.05512847256307058
DR Sams,death,Wd,8.0,127.0,0.06299212598425197,0.04340420081967213,0.058300407381957395
DR Sams,death,Nb,1.0,127.0,0.007874015748031496,0.006570184426229508,0.007561720820653774
DR Sams,middle,0,42.0,163.0,0.25766871165644173,0.2808889845966761,0.26224413489589676
DR Sams,middle,1,62.0,163.0,0.3803680981595092,0.4414331678151601,0.3924006242000316
DR Sams,middle,2,12.0,163.0,0.0736196319018405,0.06664217673287394,0.07224476388825102
DR Sams,middle,3,0.0,163.0,0.0,0.002286430887717876,0.0004505282537375125
DR Sams,middle,4,18.0,163.0,0.11042944785276074,0.08739739562221321,0.10589111243787452
DR Sams,middle,6,10.0,163.0,0.06134969325153374,0.048281059991892986,0.05877459310185083
DR Sams,middle,W,6.0,163.0,0.03680981595092025,0.04221980137819214,0.03787582293166348
DR Sams,middle,Wd,13.0,163.0,0.07975460122699386,0.028171868666396434,0.06959051599337861
DR Sams,middle,Nb,0.0,163.0,0.0,0.002679114308877179,0.0005279042973157003
DR Sams,powerplay,0,106.0,248.0,0.4274193548387097,0.4228881521678736,0.4267900211344269
DR Sams,powerplay,1,68.0,248.0,0.27419354838709675,0.25764450947345025,0.2718950707602014
DR Sams,powerplay,2,15.0,248.0,0.06048387096774194,0.04384827662845184,0.05817337175395164
DR Sams,powerplay,3,0.0,248.0,0.0,0.005028429611245902,0.0006983930015619309
DR Sams,powerplay,4,28.0,248.0,0.11290322580645161,0.15223269683107069,0.11836565233764872
DR Sams,powerplay,6,6.0,248.0,0.024193548387096774,0.040523771600022226,0.026461634944447532
DR Sams,powerplay,W,11.0,248.0,0.04435483870967742,0.03919952586446391,0.0436388230367311
DR Sams,powerplay,Wd,13.0,248.0,0.05241935483870968,0.03486563072990943,0.04998133760137631
DR Sams,powerplay,Nb,1.0,248.0,0.004032258064516129,0.003769007093512122,0.003995695429654462
DR Smith,death,0,21.0,100.0,0.21,0.21696977459016392,0.21199136416861827
DR Smith,death,1,32.0,100.0,0.32,0.37083760245901637,0.3345250292740047
DR Smith,death,2,5.0,100.0,0.05,0.08837090163934426,0.06096311475409836
DR Smith,death,3,0.0,100.0,0.0,0.002651127049180328,0.0007574648711943793
DR Smith,death,4,17.0,100.0,0.17,0.11151383196721311,0.1532896662763466
DR Smith,death,6,11.0,100.0,0.11,0.07952100409836066,0.10129171545667448
DR Smith,death,W,9.0,100.0,0.09,0.08016137295081967,0.08718896370023418
DR Smith,death,Wd,4.0,100.0,0.04,0.04340420081967213,0.04097262880562061
DR Smith,death,Nb,1.0,100.0,0.01,0.006570184426229508,0.00902005269320843
DR Smith,middle,0,124.0,457.0,0.2713347921225383,0.2808889845966761,0.27210374121502423
DR Smith,middle,1,200.0,457.0,0.437636761487965,0.4414331678151601,0.4379423072688257
DR Smith,middle,2,30.0,457.0,0.06564551422319474,0.06664217673287394,0.06572572850968804
DR Smith,middle,3,0.0,457.0,0.0,0.002286430887717876,0.00018401858251250512
DR Smith,middle,4,45.0,457.0,0.09846827133479212,0.08739739562221321,0.09757725518086223
DR Smith,middle,6,23.0,457.0,0.05032822757111598,0.048281059991892986,0.050163465592908886
DR Smith,middle,W,15.0,457.0,0.03282275711159737,0.04221980137819214,0.0335790584610215
DR Smith,middle,Wd,16.0,457.0,0.0350109409190372,0.028171868666396434,0.03446051256872406
DR Smith,middle,Nb,4.0,457.0,0.0087527352297593,0.002679114308877179,0.008263912620432771
DR Smith,powerplay,0,19.0,63.0,0.30158730158730157,0.4228881521678736,0.3486944280263587
DR Smith,powerplay,1,16.0,63.0,0.25396825396825395,0.25764450947345025,0.2553959260091069
DR Smith,powerplay,2,2.0,63.0,0.031746031746031744,0.04384827662845184,0.03644593267124343
DR Smith,powerplay,3,0.0,63.0,0.0,0.005028429611245902,0.001952788198542098
DR Smith,powerplay,4,16.0,63.0,0.25396825396825395,0.15223269683107069,0.21445929974022163
DR Smith,powerplay,6,3.0,63.0,0.047619047619047616,0.040523771600022226,0.044863600621367856
DR Smith,powerplay,W,5.0,63.0,0.07936507936507936,0.03919952586446391,0.06376680616095685
DR Smith,powerplay,Wd,2.0,63.0,0.031746031746031744,0.03486563072990943,0.032957526497052206
DR Smith,powerplay,Nb,0.0,63.0,0.0,0.003769007093512122,0.0014636920751503388
DS Kulkarni,death,0,76.0,337.0,0.22551928783382788,0.21696977459016392,0.22461217767534897
DS Kulkarni,death,1,111.0,337.0,0.3293768545994065,0.37083760245901637,0.33377587293994865
DS Kulkarni,death,2,33.0,337.0,0.09792284866468842,0.08837090163934426,0.09690937948428056
DS Kulkarni,death,3,0.0,337.0,0.0,0.002651127049180328,0.00028128668956820457
DS Kulkarni,death,4,33.0,337.0,0.09792284866468842,0.11151383196721311,0.09936486280819237
DS Kulkarni,death,6,31.0,337.0,0.09198813056379822,0.07952100409836066,0.09066535852502501
DS Kulkarni,death,W,20.0,337.0,0.05934718100890208,0.08016137295081967,0.061555583336956994
DS Kulkarni,death,Wd,30.0,337.0,0.08902077151335312,0.04340420081967213,0.08418081706309519
DS Kulkarni,death,Nb,3.0,337.0,0.008902077151335312,0.006570184426229508,0.008654661477584032
DS Kulkarni,middle,0,116.0,428.0,0.27102803738317754,0.2808889845966761,0.2718708533843313
DS Kulkarni,middle,1,159.0,428.0,0.37149532710280375,0.4414331678151601,0.37747292032608204
DS Kulkarni,middle,2,36.0,428.0,0.08411214953271028,0.06664217673287394,0.0826189894643482
DS Kulkarni,middle,3,0.0,428.0,0.0,0.002286430887717876,0.00019542144339469025
DS Kulkarni,middle,4,53.0,428.0,0.12383177570093458,0.08739739562221321,0.12071772612155668
DS Kulkarni,middle,6,18.0,428.0,0.04205607476635514,0.048281059991892986,0.04258812478563188
DS Kulkarni,middle,W,20.0,428.0,0.04672897196261682,0.04221980137819214,0.04634357276736685
DS Kulkarni,middle,Wd,22.0,428.0,0.0514018691588785,0.028171868666396434,0.049416399031315936
DS Kulkarni,middle,Nb,4.0,428.0,0.009345794392523364,0.002679114308877179,0.008775992675972408
DS Kulkarni,powerplay,0,431.0,977.0,0.44114636642784033,0.4228881521678736,0.4404282459063077
DS Kulkarni,powerplay,1,246.0,977.0,0.2517911975435005,0.25764450947345025,0.2520214163018073
DS Kulkarni,powerplay,2,30.0,977.0,0.030706243602865915,0.04384827662845184,0.031223137723832912
DS Kulkarni,powerplay,3,3.0,977.0,0.0030706243602865915,0.005028429611245902,0.003147627516666505
DS Kulkarni,powerplay,4,171.0,977.0,0.1750255885363357,0.15223269683107069,0.17412911295304112
DS Kulkarni,powerplay,6,26.0,977.0,0.02661207778915046,0.040523771600022226,0.02715924372074817
DS Kulkarni,powerplay,W,45.0,977.0,0.04605936540429888,0.03919952586446391,0.04578955853940861
DS Kulkarni,powerplay,Wd,25.0,977.0,0.0255885363357216,0.03486563072990943,0.02595341713785288
DS Kulkarni,powerplay,Nb,0.0,977.0,0.0,0.003769007093512122,0.0001482402003347934
DT Christian,death,0,55.0,260.0,0.21153846153846154,0.21696977459016392,0.21226263661202188
DT Christian,death,1,98.0,260.0,0.3769230769230769,0.37083760245901637,0.37611168032786885
DT Christian,death,2,26.0,260.0,0.1,0.08837090163934426,0.09844945355191256
DT Christian,death,3,1.0,260.0,0.0038461538461538464,0.002651127049180328,0.0036868169398907107
DT Christian,death,4,28.0,260.0,0.1076923076923077,0.11151383196721311,0.10820184426229508
DT Christian,death,6,27.0,260.0,0.10384615384615385,0.07952100409836066,0.10060280054644809
DT Christian,death,W,14.0,260.0,0.05384615384615385,0.08016137295081967,0.05735484972677596
DT Christian,death,Wd,8.0,260.0,0.03076923076923077,0.04340420081967213,0.03245389344262295
DT Christian,death,Nb,3.0,260.0,0.011538461538461539,0.006570184426229508,0.010876024590163935
DT Christian,middle,0,170.0,570.0,0.2982456140350877,0.2808889845966761,0.297107474399782
DT Christian,middle,1,248.0,570.0,0.43508771929824563,0.4414331678151601,0.4355038142829613
DT Christian,middle,2,45.0,570.0,0.07894736842105263,0.06664217673287394,0.07814047060543436
DT Christian,middle,3,3.0,570.0,0.005263157894736842,0.002286430887717876,0.005067962681161828
DT Christian,middle,4,51.0,570.0,0.08947368421052632,0.08739739562221321,0.08933753413916153
DT Christian,middle,6,15.0,570.0,0.02631578947368421,0.048281059991892986,0.027756135081435603
DT Christian,middle,W,23.0,570.0,0.04035087719298246,0.04221980137819214,0.04047342959856998
DT Christian,middle,Wd,15.0,570.0,0.02631578947368421,0.028171868666396434,0.026437499584681733
DT Christian,middle,Nb,0.0,570.0,0.0,0.002679114308877179,0.00017567962681161827
DT Christian,powerplay,0,75.0,215.0,0.3488372093023256,0.4228881521678736,0.3604530434773135
DT Christian,powerplay,1,56.0,215.0,0.26046511627906976,0.25764450947345025,0.2600226681526981
DT Christian,powerplay,2,14.0,215.0,0.06511627906976744,0.04384827662845184,0.06178012182407088
DT Christian,powerplay,3,0.0,215.0,0.0,0.005028429611245902,0.0007887732723522984
DT Christian,powerplay,4,37.0,215.0,0.17209302325581396,0.15223269683107069,0.16897767793428561
DT Christian,powerplay,6,10.0,215.0,0.046511627906976744,0.040523771600022226,0.04557235632941525
DT Christian,powerplay,W,7.0,215.0,0.03255813953488372,0.03919952586446391,0.03359992562579826
DT Christian,powerplay,Wd,15.0,215.0,0.06976744186046512,0.03486563072990943,0.06429264795763286
DT Christian,powerplay,Nb,1.0,215.0,0.004651162790697674,0.003769007093512122,0.004512785426433274
DW Steyn,death,0,213.0,810.0,0.26296296296296295,0.21696977459016392,0.2607985776277724
DW Steyn,death,1,278.0,810.0,0.3432098765432099,0.37083760245901637,0.34451000482160077
DW Steyn,death,2,80.0,810.0,0.09876543209876543,0.08837090163934426,0.09827627772420444
DW Steyn,death,3,1.0,810.0,0.0012345679012345679,0.002651127049180328,0.0013012295081967214
DW Steyn,death,4,95.0,810.0,0.11728395061728394,0.11151383196721311,0.1170124156219865
DW Steyn,death,6,34.0,810.0,0.04197530864197531,0.07952100409836066,0.04374216489874638
DW Steyn,death,W,65.0,810.0,0.08024691358024691,0.08016137295081967,0.0802428881388621
DW Steyn,death,Wd,39.0,810.0,0.04814814814814815,0.04340420081967213,0.047924903567984574
DW Steyn,death,Nb,5.0,810.0,0.006172839506172839,0.006570184426229508,0.006191538090646094
DW Steyn,middle,0,199.0,522.0,0.38122605363984674,0.2808889845966761,0.3740846252381976
DW Steyn,middle,1,178.0,522.0,0.34099616858237547,0.4414331678151601,0.34814470945303627
DW Steyn,middle,2,34.0,522.0,0.06513409961685823,0.06664217673287394,0.06524143606639672
DW Steyn,middle,3,2.0,522.0,0.0038314176245210726,0.002286430887717876,0.003721454155709457
DW Steyn,middle,4,60.0,522.0,0.11494252873563218,0.08739739562221321,0.11298202104072692
DW Steyn,middle,6,10.0,522.0,0.019157088122605363,0.048281059991892986,0.02122996868269701
DW Steyn,middle,W,17.0,522.0,0.032567049808429116,0.04221980137819214,0.03325407838990691
DW Steyn,middle,Wd,22.0,522.0,0.0421455938697318,0.028171868666396434,0.04115102268088231
DW Steyn,middle,Nb,0.0,522.0,0.0,0.002679114308877179,0.00019068429244677428
DW Steyn,powerplay,0,681.0,1388.0,0.49063400576368876,0.4228881521678736,0.48873636280582283
DW Steyn,powerplay,1,316.0,1388.0,0.2276657060518732,0.25764450947345025,0.22850544844463447
DW Steyn,powerplay,2,61.0,1388.0,0.04394812680115274,0.04384827662845184,0.04394532987754767
DW Steyn,powerplay,3,10.0,1388.0,0.007204610951008645,0.005028429611245902,0.00714365349051109
DW Steyn,powerplay,4,187.0,1388.0,0.13472622478386168,0.15223269683107069,0.13521660215213083
DW Steyn,powerplay,6,29.0,1388.0,0.02089337175792507,0.040523771600022226,0.021443242901961406
DW Steyn,powerplay,W,48.0,1388.0,0.0345821325648415,0.03919952586446391,0.034711471312730086
DW Steyn,powerplay,Wd,54.0,1388.0,0.03890489913544669,0.03486563072990943,0.03879175436218234
DW Steyn,powerplay,Nb,2.0,1388.0,0.001440922190201729,0.003769007093512122,0.001506134652479331
E Malinga,death,0,32.0,154.0,0.2077922077922078,0.21696977459016392,0.20968448960621938
E Malinga,death,1,54.0,154.0,0.35064935064935066,0.37083760245901637,0.35481187679567344
E Malinga,death,2,8.0,154.0,0.05194805194805195,0.08837090163934426,0.05945791786378232
E Malinga,death,3,1.0,154.0,0.006493506493506494,0.002651127049180328,0.0057012633091093464
E Malinga,death,4,28.0,154.0,0.18181818181818182,0.11151383196721311,0.16732243958086868
E Malinga,death,6,12.0,154.0,0.07792207792207792,0.07952100409836066,0.0782517534223424
E Malinga,death,W,13.0,154.0,0.08441558441558442,0.08016137295081967,0.08353842741254014
E Malinga,death,Wd,6.0,154.0,0.03896103896103896,0.04340420081967213,0.03987715480817982
E Malinga,death,Nb,0.0,154.0,0.0,0.006570184426229508,0.0013546772012844347
E Malinga,middle,0,64.0,217.0,0.29493087557603687,0.2808889845966761,0.29274536725240097
E Malinga,middle,1,81.0,217.0,0.37327188940092165,0.4414331678151601,0.38388064868718447
E Malinga,middle,2,17.0,217.0,0.07834101382488479,0.06664217673287394,0.07652018314908543
E Malinga,middle,3,0.0,217.0,0.0,0.002286430887717876,0.0003558647296058951
E Malinga,middle,4,17.0,217.0,0.07834101382488479,0.08739739562221321,0.07975056741201762
E Malinga,middle,6,10.0,217.0,0.04608294930875576,0.048281059991892986,0.046425067703018366
E Malinga,middle,W,11.0,217.0,0.05069124423963134,0.04221980137819214,0.04937273173201434
E Malinga,middle,Wd,15.0,217.0,0.06912442396313365,0.028171868666396434,0.06275048539554809
E Malinga,middle,Nb,2.0,217.0,0.009216589861751152,0.002679114308877179,0.008199083939124854
E Malinga,powerplay,0,45.0,152.0,0.29605263157894735,0.4228881521678736,0.322476698368307
E Malinga,powerplay,1,52.0,152.0,0.34210526315789475,0.25764450947345025,0.3245092728069688
E Malinga,powerplay,2,7.0,152.0,0.046052631578947366,0.04384827662845184,0.0455933909642608
E Malinga,powerplay,3,0.0,152.0,0.0,0.005028429611245902,0.0010475895023428963
E Malinga,powerplay,4,28.0,152.0,0.18421052631578946,0.15223269683107069,0.17754847850647307
E Malinga,powerplay,6,9.0,152.0,0.05921052631578947,0.040523771600022226,0.0553174524166713
E Malinga,powerplay,W,7.0,152.0,0.046052631578947366,0.03919952586446391,0.04462490122176332
E Malinga,powerplay,Wd,4.0,152.0,0.02631578947368421,0.03486563072990943,0.028097006402064462
E Malinga,powerplay,Nb,0.0,152.0,0.0,0.003769007093512122,0.0007852098111483588
F Behardien,death,0,2.0,5.0,0.4,0.21696977459016392,0.23730646630236793
F Behardien,death,1,2.0,5.0,0.4,0.37083760245901637,0.37407786885245903
F Behardien,death,2,0.0,5.0,0.0,0.08837090163934426,0.078551912568306
F Behardien,death,3,0.0,5.0,0.0,0.002651127049180328,0.0023565573770491805
F Behardien,death,4,0.0,5.0,0.0,0.11151383196721311,0.09912340619307833
F Behardien,death,6,1.0,5.0,0.2,0.07952100409836066,0.09290755919854282
F Behardien,death,W,0.0,5.0,0.0,0.08016137295081967,0.07125455373406192
F Behardien,death,Wd,0.0,5.0,0.0,0.04340420081967213,0.038581511839708565
F Behardien,death,Nb,0.0,5.0,0.0,0.006570184426229508,0.00584016393442623
F Behardien,middle,0,4.0,18.0,0.2222222222222222,0.2808889845966761,0.2626820583425353
F Behardien,middle,1,11.0,18.0,0.6111111111111112,0.4414331678151601,0.49409183987252425
F Behardien,middle,2,0.0,18.0,0.0,0.06664217673287394,0.04596012188474065
F Behardien,middle,3,0.0,18.0,0.0,0.002286430887717876,0.0015768488880812939
F Behardien,middle,4,1.0,18.0,0.05555555555555555,0.08739739562221321,0.07751544525669876
F Behardien,middle,6,0.0,18.0,0.0,0.048281059991892986,0.03329728275302964
F Behardien,middle,W,2.0,18.0,0.1111111111111111,0.04221980137819214,0.06359986301944286
F Behardien,middle,Wd,0.0,18.0,0.0,0.028171868666396434,0.019428874942342366
F Behardien,middle,Nb,0.0,18.0,0.0,0.002679114308877179,0.001847665040604951
F du Plessis,death,0,0.0,2.0,0.0,0.21696977459016392,0.2066378805620609
F du Plessis,death,1,2.0,2.0,1.0,0.37083760245901637,0.4007977166276347
F du Plessis,death,2,0.0,2.0,0.0,0.08837090163934426,0.08416276346604215
F du Plessis,death,3,0.0,2.0,0.0,0.002651127049180328,0.002524882903981265
F du Plessis,death,4,0.0,2.0,0.0,0.11151383196721311,0.10620364949258392
F du Plessis,death,6,0.0,2.0,0.0,0.07952100409836066,0.07573428961748634
F du Plessis,death,W,0.0,2.0,0.0,0.08016137295081967,0.07634416471506635
F du Plessis,death,Wd,0.0,2.0,0.0,0.04340420081967213,0.04133733411397346
F du Plessis,death,Nb,0.0,2.0,0.0,0.006570184426229508,0.00625731850117096
F du Plessis,middle,0,5.0,8.0,0.625,0.2808889845966761,0.3382408204972301
F du Plessis,middle,1,3.0,8.0,0.375,0.4414331678151601,0.4303609731793001
F du Plessis,middle,2,0.0,8.0,0.0,0.06664217673287394,0.05553514727739495
F du Plessis,middle,3,0.0,8.0,0.0,0.002286430887717876,0.00190535907309823
F du Plessis,middle,4,0.0,8.0,0.0,0.08739739562221321,0.07283116301851102
F du Plessis,middle,6,0.0,8.0,0.0,0.048281059991892986,0.04023421665991082
F du Plessis,middle,W,0.0,8.0,0.0,0.04221980137819214,0.035183167815160114
F du Plessis,middle,Wd,0.0,8.0,0.0,0.028171868666396434,0.023476557221997027
F du Plessis,middle,Nb,0.0,8.0,0.0,0.002679114308877179,0.002232595257397649
FA Allen,death,0,16.0,52.0,0.3076923076923077,0.21696977459016392,0.26824772808268
FA Allen,death,1,20.0,52.0,0.38461538461538464,0.37083760245901637,0.3786250445473984
FA Allen,death,2,4.0,52.0,0.07692307692307693,0.08837090163934426,0.08190039201710621
FA Allen,death,3,0.0,52.0,0.0,0.002651127049180328,0.0011526639344262295
FA Allen,death,4,6.0,52.0,0.11538461538461539,0.11151383196721311,0.11370166607270137
FA Allen,death,6,3.0,52.0,0.057692307692307696,0.07952100409836066,0.06718304526015681
FA Allen,death,W,3.0,52.0,0.057692307692307696,0.08016137295081967,0.06746146650035638
FA Allen,death,Wd,0.0,52.0,0.0,0.04340420081967213,0.018871391660727016
FA Allen,death,Nb,0.0,52.0,0.0,0.006570184426229508,0.0028566019244476125
FA Allen,middle,0,87.0,363.0,0.2396694214876033,0.2808889845966761,0.243760693260216
FA Allen,middle,1,187.0,363.0,0.5151515151515151,0.4414331678151601,0.5078345575995196
FA Allen,middle,2,28.0,363.0,0.07713498622589532,0.06664217673287394,0.07609351630102967
FA Allen,middle,3,1.0,363.0,0.0027548209366391185,0.002286430887717876,0.002708330609202767
FA Allen,middle,4,32.0,363.0,0.0881542699724518,0.08739739562221321,0.08807914596746533
FA Allen,middle,6,17.0,363.0,0.046831955922865015,0.048281059991892986,0.04697578759224744
FA Allen,middle,W,8.0,363.0,0.02203856749311295,0.04221980137819214,0.024041667630589788
FA Allen,middle,Wd,2.0,363.0,0.005509641873278237,0.028171868666396434,0.007758994408575328
FA Allen,middle,Nb,1.0,363.0,0.0027548209366391185,0.002679114308877179,0.0027473066311540623
FA Allen,powerplay,0,57.0,137.0,0.41605839416058393,0.4228881521678736,0.41760184229782454
FA Allen,powerplay,1,32.0,137.0,0.23357664233576642,0.25764450947345025,0.23901570835558197
FA Allen,powerplay,2,4.0,137.0,0.029197080291970802,0.04384827662845184,0.032508085113774426
FA Allen,powerplay,3,1.0,137.0,0.0072992700729927005,0.005028429611245902,0.006786085787852181
FA Allen,powerplay,4,27.0,137.0,0.19708029197080293,0.15223269683107069,0.1869452422217109
FA Allen,powerplay,6,7.0,137.0,0.051094890510948905,0.040523771600022226,0.04870593708475079
FA Allen,powerplay,W,7.0,137.0,0.051094890510948905,0.03919952586446391,0.04840667251174326
FA Allen,powerplay,Wd,1.0,137.0,0.0072992700729927005,0.03486563072990943,0.013528956097154675
FA Allen,powerplay,Nb,1.0,137.0,0.0072992700729927005,0.003769007093512122,0.00650147052960726
FH Edwards,death,0,30.0,130.0,0.23076923076923078,0.21696977459016392,0.227522299903568
FH Edwards,death,1,46.0,130.0,0.35384615384615387,0.37083760245901637,0.3578441417550627
FH Edwards,death,2,12.0,130.0,0.09230769230769231,0.08837090163934426,0.09138138862102219
FH Edwards,death,3,1.0,130.0,0.007692307692307693,0.002651127049180328,0.006506147540983607
FH Edwards,death,4,12.0,130.0,0.09230769230769231,0.11151383196721311,0.09682678399228545
FH Edwards,death,6,7.0,130.0,0.05384615384615385,0.07952100409836066,0.05988729508196722
FH Edwards,death,W,9.0,130.0,0.06923076923076923,0.08016137295081967,0.07180267598842816
FH Edwards,death,Wd,10.0,130.0,0.07692307692307693,0.04340420081967213,0.06903628254580521
FH Edwards,death,Nb,3.0,130.0,0.023076923076923078,0.006570184426229508,0.019192984570877532
FH Edwards,middle,0,29.0,94.0,0.30851063829787234,0.2808889845966761,0.3002653685363212
FH Edwards,middle,1,31.0,94.0,0.32978723404255317,0.4414331678151601,0.3631143784522866
FH Edwards,middle,2,6.0,94.0,0.06382978723404255,0.06664217673287394,0.06466930648742505
FH Edwards,middle,3,0.0,94.0,0.0,0.002286430887717876,0.0006825166829008585
FH Edwards,middle,4,13.0,94.0,0.13829787234042554,0.08739739562221321,0.12310370018573528
FH Edwards,middle,6,6.0,94.0,0.06382978723404255,0.048281059991892986,0.05918837611698298
FH Edwards,middle,W,3.0,94.0,0.031914893617021274,0.04221980137819214,0.034990985486027505
FH Edwards,middle,Wd,6.0,94.0,0.06382978723404255,0.028171868666396434,0.05318563243773028
FH Edwards,middle,Nb,0.0,94.0,0.0,0.002679114308877179,0.0007997356145902026
FH Edwards,powerplay,0,126.0,277.0,0.4548736462093863,0.4228881521678736,0.45083762172465286
FH Edwards,powerplay,1,66.0,277.0,0.23826714801444043,0.25764450947345025,0.24071224094302213
FH Edwards,powerplay,2,17.0,277.0,0.061371841155234655,0.04384827662845184,0.05916066582062483
FH Edwards,powerplay,3,4.0,277.0,0.01444043321299639,0.005028429611245902,0.013252798689116201
FH Edwards,powerplay,4,38.0,277.0,0.1371841155234657,0.15223269683107069,0.1390829901364127
FH Edwards,powerplay,6,4.0,277.0,0.01444043321299639,0.040523771600022226,0.0177317061955864
FH Edwards,powerplay,W,10.0,277.0,0.036101083032490974,0.03919952586446391,0.03649205373684087
FH Edwards,powerplay,Wd,10.0,277.0,0.036101083032490974,0.03486563072990943,0.03594518999746491
FH Edwards,powerplay,Nb,2.0,277.0,0.007220216606498195,0.003769007093512122,0.006784732756279132
G Coetzee,death,0,41.0,171.0,0.23976608187134502,0.21696977459016392,0.2354445070313107
G Coetzee,death,1,58.0,171.0,0.3391812865497076,0.37083760245901637,0.3451824838784865
G Coetzee,death,2,12.0,171.0,0.07017543859649122,0.08837090163934426,0.07362481547665294
G Coetzee,death,3,1.0,171.0,0.005847953216374269,0.002651127049180328,0.005241919819749826
G Coetzee,death,4,18.0,171.0,0.10526315789473684,0.11151383196721311,0.10644811980421102
G Coetzee,death,6,15.0,171.0,0.08771929824561403,0.07952100409836066,0.08616511926035274
G Coetzee,death,W,11.0,171.0,0.06432748538011696,0.08016137295081967,0.06732917022764354
G Coetzee,death,Wd,15.0,171.0,0.08771929824561403,0.04340420081967213,0.07931833190894258
G Coetzee,death,Nb,0.0,171.0,0.0,0.006570184426229508,0.0012455325926501437
G Coetzee,middle,0,40.0,164.0,0.24390243902439024,0.2808889845966761,0.25115470286209335
G Coetzee,middle,1,53.0,164.0,0.3231707317073171,0.4414331678151601,0.34635944466963925
G Coetzee,middle,2,8.0,164.0,0.04878048780487805,0.06664217673287394,0.05228277975154391
G Coetzee,middle,3,2.0,164.0,0.012195121951219513,0.002286430887717876,0.010252241350532916
G Coetzee,middle,4,26.0,164.0,0.15853658536585366,0.08739739562221321,0.1445877246318065
G Coetzee,middle,6,12.0,164.0,0.07317073170731707,0.048281059991892986,0.06829040391997902
G Coetzee,middle,W,6.0,164.0,0.036585365853658534,0.04221980137819214,0.03769015713297885
G Coetzee,middle,Wd,16.0,164.0,0.0975609756097561,0.028171868666396434,0.08395526836596008
G Coetzee,middle,Nb,1.0,164.0,0.006097560975609756,0.002679114308877179,0.005427277315466114
G Coetzee,powerplay,0,81.0,188.0,0.4308510638297872,0.4228881521678736,0.4294540617838375
G Coetzee,powerplay,1,32.0,188.0,0.1702127659574468,0.25764450947345025,0.18555166832867548
G Coetzee,powerplay,2,6.0,188.0,0.031914893617021274,0.04384827662845184,0.03400846958393892
G Coetzee,powerplay,3,1.0,188.0,0.005319148936170213,0.005028429611245902,0.005268145545832614
G Coetzee,powerplay,4,28.0,188.0,0.14893617021276595,0.15223269683107069,0.14951450821597734
G Coetzee,powerplay,6,15.0,188.0,0.0797872340425532,0.040523771600022226,0.07289890729824951
G Coetzee,powerplay,W,9.0,188.0,0.047872340425531915,0.03919952586446391,0.04635079401130946
G Coetzee,powerplay,Wd,15.0,188.0,0.0797872340425532,0.03486563072990943,0.07190625100524728
G Coetzee,powerplay,Nb,1.0,188.0,0.005319148936170213,0.003769007093512122,0.005047194226931951
GB Hogg,death,0,33.0,115.0,0.28695652173913044,0.21696977459016392,0.2688954257006875
GB Hogg,death,1,41.0,115.0,0.3565217391304348,0.37083760245901637,0.36021615547329455
GB Hogg,death,2,9.0,115.0,0.0782608695652174,0.08837090163934426,0.08086991010047594
GB Hogg,death,3,0.0,115.0,0.0,0.002651127049180328,0.0006841618191433104
GB Hogg,death,4,13.0,115.0,0.11304347826086956,0.11151383196721311,0.11264873083024855
GB Hogg,death,6,9.0,115.0,0.0782608695652174,0.07952100409836066,0.0785860655737705
GB Hogg,death,W,8.0,115.0,0.06956521739130435,0.08016137295081967,0.07229970914859862
GB Hogg,death,Wd,1.0,115.0,0.008695652173913044,0.04340420081967213,0.01765269698572184
GB Hogg,death,Nb,1.0,115.0,0.008695652173913044,0.006570184426229508,0.008147144368059227
GB Hogg,middle,0,141.0,472.0,0.298728813559322,0.2808889845966761,0.2973350769216153
GB Hogg,middle,1,210.0,472.0,0.4449152542372881,0.4414331678151601,0.44464321623555936
GB Hogg,middle,2,30.0,472.0,0.0635593220338983,0.06664217673287394,0.06380017005725577
GB Hogg,middle,3,3.0,472.0,0.006355932203389831,0.002286430887717876,0.006038002413102959
GB Hogg,middle,4,44.0,472.0,0.09322033898305085,0.08739739562221321,0.0927654215329854
GB Hogg,middle,6,19.0,472.0,0.04025423728813559,0.048281059991892986,0.040881332811866636
GB Hogg,middle,W,17.0,472.0,0.036016949152542374,0.04221980137819214,0.03650154698267126
GB Hogg,middle,Wd,8.0,472.0,0.01694915254237288,0.028171868666396434,0.017825927239562223
GB Hogg,middle,Nb,0.0,472.0,0.0,0.002679114308877179,0.0002093058053810296
GB Hogg,powerplay,0,24.0,55.0,0.43636363636363634,0.4228881521678736,0.43068974828121
GB Hogg,powerplay,1,16.0,55.0,0.2909090909090909,0.25764450947345025,0.2769029513572422
GB Hogg,powerplay,2,1.0,55.0,0.01818181818181818,0.04384827662845184,0.02898874805408498
GB Hogg,powerplay,3,0.0,55.0,0.0,0.005028429611245902,0.0021172335205245905
GB Hogg,powerplay,4,5.0,55.0,0.09090909090909091,0.15223269683107069,0.11672955656045081
GB Hogg,powerplay,6,3.0,55.0,0.05454545454545454,0.040523771600022226,0.048641588042114624
GB Hogg,powerplay,W,5.0,55.0,0.09090909090909091,0.03919952586446391,0.06913664246924796
GB Hogg,powerplay,Wd,1.0,55.0,0.01818181818181818,0.03486563072990943,0.025206581359961868
GB Hogg,powerplay,Nb,0.0,55.0,0.0,0.003769007093512122,0.0015869503551629988
GC Smith,death,0,1.0,8.0,0.125,0.21696977459016392,0.2016414788251366
GC Smith,death,1,3.0,8.0,0.375,0.37083760245901637,0.37153133538251365
GC Smith,death,2,1.0,8.0,0.125,0.08837090163934426,0.09447575136612023
GC Smith,death,3,0.0,8.0,0.0,0.002651127049180328,0.0022092725409836064
GC Smith,death,4,1.0,8.0,0.125,0.11151383196721311,0.11376152663934426
GC Smith,death,6,0.0,8.0,0.0,0.07952100409836066,0.06626750341530055
GC Smith,death,W,0.0,8.0,0.0,0.08016137295081967,0.06680114412568305
GC Smith,death,Wd,0.0,8.0,0.0,0.04340420081967213,0.03617016734972678
GC Smith,death,Nb,2.0,8.0,0.25,0.006570184426229508,0.04714182035519126
GC Smith,middle,0,4.0,17.0,0.23529411764705882,0.2808889845966761,0.2672905155064394
GC Smith,middle,1,5.0,17.0,0.29411764705882354,0.4414331678151601,0.3974969598702878
GC Smith,middle,2,4.0,17.0,0.23529411764705882,0.06664217673287394,0.11694187840903435
GC Smith,middle,3,0.0,17.0,0.0,0.002286430887717876,0.0016045129036616674
GC Smith,middle,4,1.0,17.0,0.058823529411764705,0.08739739562221321,0.07887536534892155
GC Smith,middle,6,3.0,17.0,0.17647058823529413,0.048281059991892986,0.08651302455571437
GC Smith,middle,W,0.0,17.0,0.0,0.04221980137819214,0.02962793079171378
GC Smith,middle,Wd,0.0,17.0,0.0,0.028171868666396434,0.01976973239747118
GC Smith,middle,Nb,0.0,17.0,0.0,0.002679114308877179,0.001880080216755915
GD McGrath,death,0,13.0,68.0,0.19117647058823528,0.21696977459016392,0.20072954614450517
GD McGrath,death,1,31.0,68.0,0.45588235294117646,0.37083760245901637,0.4243842972070431
GD McGrath,death,2,4.0,68.0,0.058823529411764705,0.08837090163934426,0.06976700060716455
GD McGrath,death,3,0.0,68.0,0.0,0.002651127049180328,0.0009818989071038251
GD McGrath,death,4,11.0,68.0,0.16176470588235295,0.11151383196721311,0.14315327109896783
GD McGrath,death,6,4.0,68.0,0.058823529411764705,0.07952100409836066,0.06648926077717061
GD McGrath,death,W,4.0,68.0,0.058823529411764705,0.08016137295081967,0.06672643442622951
GD McGrath,death,Wd,0.0,68.0,0.0,0.04340420081967213,0.0160756299332119
GD McGrath,death,Nb,1.0,68.0,0.014705882352941176,0.006570184426229508,0.011692660898603522
GD McGrath,middle,0,6.0,19.0,0.3157894736842105,0.2808889845966761,0.2921281251502889
GD McGrath,middle,1,7.0,19.0,0.3684210526315789,0.4414331678151601,0.41792079173909163
GD McGrath,middle,2,1.0,19.0,0.05263157894736842,0.06664217673287394,0.062130289310423005
GD McGrath,middle,3,0.0,19.0,0.0,0.002286430887717876,0.001550122635740933
GD McGrath,middle,4,4.0,19.0,0.21052631578947367,0.08739739562221321,0.12704908177777166
GD McGrath,middle,6,0.0,19.0,0.0,0.048281059991892986,0.03273292202840202
GD McGrath,middle,W,1.0,19.0,0.05263157894736842,0.04221980137819214,0.04557274669707942
GD McGrath,middle,Wd,0.0,19.0,0.0,0.028171868666396434,0.01909957197721792
GD McGrath,middle,Nb,0.0,19.0,0.0,0.002679114308877179,0.001816348683984528
GD McGrath,powerplay,0,91.0,173.0,0.5260115606936416,0.4228881521678736,0.5066456623789434
GD McGrath,powerplay,1,38.0,173.0,0.21965317919075145,0.25764450947345025,0.22678770130956813
GD McGrath,powerplay,2,5.0,173.0,0.028901734104046242,0.04384827662845184,0.031708596549944006
GD McGrath,powerplay,3,1.0,173.0,0.005780346820809248,0.005028429611245902,0.005639141711032094
GD McGrath,powerplay,4,24.0,173.0,0.13872832369942195,0.15223269683107069,0.14126435621240763
GD McGrath,powerplay,6,6.0,173.0,0.03468208092485549,0.040523771600022226,0.03577911203756286
GD McGrath,powerplay,W,5.0,173.0,0.028901734104046242,0.03919952586446391,0.030835591711636415
GD McGrath,powerplay,Wd,3.0,173.0,0.017341040462427744,0.03486563072990943,0.020632043329560455
GD McGrath,powerplay,Nb,0.0,173.0,0.0,0.003769007093512122,0.0007077947593449995
GD Phillips,death,0,7.0,23.0,0.30434782608695654,0.21696977459016392,0.24886969815248502
GD Phillips,death,1,9.0,23.0,0.391304347826087,0.37083760245901637,0.37830958886286753
GD Phillips,death,2,1.0,23.0,0.043478260869565216,0.08837090163934426,0.07198152485037732
GD Phillips,death,3,0.0,23.0,0.0,0.002651127049180328,0.001683255269320843
GD Phillips,death,4,2.0,23.0,0.08695652173913043,0.11151383196721311,0.1025484647410877
GD Phillips,death,6,1.0,23.0,0.043478260869565216,0.07952100409836066,0.06636254228467345
GD Phillips,death,W,3.0,23.0,0.13043478260869565,0.08016137295081967,0.09851515742909185
GD Phillips,death,Wd,0.0,23.0,0.0,0.04340420081967213,0.027558222742648974
GD Phillips,death,Nb,0.0,23.0,0.0,0.006570184426229508,0.004171545667447307
GD Phillips,middle,0,41.0,140.0,0.29285714285714287,0.2808889845966761,0.2901975521325947
GD Phillips,middle,1,56.0,140.0,0.4,0.4414331678151601,0.40920737062559115
GD Phillips,middle,2,5.0,140.0,0.03571428571428571,0.06664217673287394,0.042587150385083095
GD Phillips,middle,3,0.0,140.0,0.0,0.002286430887717876,0.0005080957528261947
GD Phillips,middle,4,20.0,140.0,0.14285714285714285,0.08739739562221321,0.13053275458271404
GD Phillips,middle,6,7.0,140.0,0.05,0.048281059991892986,0.04961801333153178
GD Phillips,middle,W,5.0,140.0,0.03571428571428571,0.04221980137819214,0.03715995586182048
GD Phillips,middle,Wd,6.0,140.0,0.04285714285714286,0.028171868666396434,0.03959374859253254
GD Phillips,middle,Nb,0.0,140.0,0.0,0.002679114308877179,0.0005953587353060397
GD Phillips,powerplay,0,3.0,8.0,0.375,0.4228881521678736,0.414906793473228
GD Phillips,powerplay,1,3.0,8.0,0.375,0.25764450947345025,0.2772037578945419
GD Phillips,powerplay,2,1.0,8.0,0.125,0.04384827662845184,0.057373563857043196
GD Phillips,powerplay,3,0.0,8.0,0.0,0.005028429611245902,0.004190358009371585
GD Phillips,powerplay,4,0.0,8.0,0.0,0.15223269683107069,0.1268605806925589
GD Phillips,powerplay,6,0.0,8.0,0.0,0.040523771600022226,0.03376980966668519
GD Phillips,powerplay,W,1.0,8.0,0.125,0.03919952586446391,0.05349960488705326
GD Phillips,powerplay,Wd,0.0,8.0,0.0,0.03486563072990943,0.02905469227492453
GD Phillips,powerplay,Nb,0.0,8.0,0.0,0.003769007093512122,0.0031408392445934352
GF Linde,death,0,1.0,11.0,0.09090909090909091,0.21696977459016392,0.18978021536483447
GF Linde,death,1,5.0,11.0,0.45454545454545453,0.37083760245901637,0.38889223722275795
GF Linde,death,2,1.0,11.0,0.09090909090909091,0.08837090163934426,0.08891835422693668
GF Linde,death,3,0.0,11.0,0.0,0.002651127049180328,0.0020793153326904533
GF Linde,death,4,1.0,11.0,0.09090909090909091,0.11151383196721311,0.10706967213114754
GF Linde,death,6,0.0,11.0,0.0,0.07952100409836066,0.0623694149791064
GF Linde,death,W,2.0,11.0,0.18181818181818182,0.08016137295081967,0.10208735133397621
GF Linde,death,Wd,1.0,11.0,0.09090909090909091,0.04340420081967213,0.05365035358405658
GF Linde,death,Nb,0.0,11.0,0.0,0.006570184426229508,0.005153085824493732
GF Linde,middle,0,65.0,240.0,0.2708333333333333,0.2808889845966761,0.2722698549423823
GF Linde,middle,1,112.0,240.0,0.4666666666666667,0.4414331678151601,0.4630618811164514
GF Linde,middle,2,8.0,240.0,0.03333333333333333,0.06664217673287394,0.03809173953326771
GF Linde,middle,3,1.0,240.0,0.004166666666666667,0.002286430887717876,0.0038980615553882683
GF Linde,middle,4,25.0,240.0,0.10416666666666667,0.08739739562221321,0.10177105651745903
GF Linde,middle,6,16.0,240.0,0.06666666666666667,0.048281059991892986,0.06404015142741327
GF Linde,middle,W,8.0,240.0,0.03333333333333333,0.04221980137819214,0.03460282876831316
GF Linde,middle,Wd,5.0,240.0,0.020833333333333332,0.028171868666396434,0.02188169552377092
GF Linde,middle,Nb,0.0,240.0,0.0,0.002679114308877179,0.0003827306155538827
GF Linde,powerplay,0,40.0,87.0,0.45977011494252873,0.4228881521678736,0.4481537487142909
GF Linde,powerplay,1,23.0,87.0,0.26436781609195403,0.25764450947345025,0.2622502392042363
GF Linde,powerplay,2,2.0,87.0,0.022988505747126436,0.04384827662845184,0.029558512323921836
GF Linde,powerplay,3,1.0,87.0,0.011494252873563218,0.005028429611245902,0.00945777310590422
GF Linde,powerplay,4,9.0,87.0,0.10344827586206896,0.15223269683107069,0.11881344782080966
GF Linde,powerplay,6,5.0,87.0,0.05747126436781609,0.040523771600022226,0.05213347137008574
GF Linde,powerplay,W,4.0,87.0,0.04597701149425287,0.03919952586446391,0.04384237035101226
GF Linde,powerplay,Wd,3.0,87.0,0.034482758620689655,0.03486563072990943,0.0346033482613888
GF Linde,powerplay,Nb,0.0,87.0,0.0,0.003769007093512122,0.0011870888483502748
GHS Garton,death,0,6.0,24.0,0.25,0.21696977459016392,0.22935610911885246
GHS Garton,death,1,10.0,24.0,0.4166666666666667,0.37083760245901637,0.38802350153688525
GHS Garton,death,2,3.0,24.0,0.125,0.08837090163934426,0.10210681352459017
GHS Garton,death,3,0.0,24.0,0.0,0.002651127049180328,0.001656954405737705
GHS Garton,death,4,2.0,24.0,0.08333333333333333,0.11151383196721311,0.1009461449795082
GHS Garton,death,6,2.0,24.0,0.08333333333333333,0.07952100409836066,0.08095062756147542
GHS Garton,death,W,1.0,24.0,0.041666666666666664,0.08016137295081967,0.06572585809426229
GHS Garton,death,Wd,0.0,24.0,0.0,0.04340420081967213,0.027127625512295084
GHS Garton,death,Nb,0.0,24.0,0.0,0.006570184426229508,0.004106365266393443
GHS Garton,middle,0,7.0,17.0,0.4117647058823529,0.2808889845966761,0.3199220944538078
GHS Garton,middle,1,7.0,17.0,0.4117647058823529,0.4414331678151601,0.43258467916853344
GHS Garton,middle,2,0.0,17.0,0.0,0.06664217673287394,0.046766439812543116
GHS Garton,middle,3,0.0,17.0,0.0,0.002286430887717876,0.0016045129036616674
GHS Garton,middle,4,0.0,17.0,0.0,0.08739739562221321,0.06133150569979875
GHS Garton,middle,6,2.0,17.0,0.11764705882352941,0.048281059991892986,0.06896916490659157
GHS Garton,middle,W,1.0,17.0,0.058823529411764705,0.04221980137819214,0.047171790440836595
GHS Garton,middle,Wd,0.0,17.0,0.0,0.028171868666396434,0.01976973239747118
GHS Garton,middle,Nb,0.0,17.0,0.0,0.002679114308877179,0.001880080216755915
GHS Garton,powerplay,0,20.0,74.0,0.2702702702702703,0.4228881521678736,0.3238204042694294
GHS Garton,powerplay,1,23.0,74.0,0.3108108108108108,0.25764450947345025,0.29215596823629836
GHS Garton,powerplay,2,5.0,74.0,0.06756756756756757,0.04384827662845184,0.05924500934331643
GHS Garton,powerplay,3,0.0,74.0,0.0,0.005028429611245902,0.0017643612671038253
GHS Garton,powerplay,4,11.0,74.0,0.14864864864864866,0.15223269683107069,0.14990620941441077
GHS Garton,powerplay,6,7.0,74.0,0.0945945945945946,0.040523771600022226,0.0756223760000078
GHS Garton,powerplay,W,1.0,74.0,0.013513513513513514,0.03919952586446391,0.022526149426127687
GHS Garton,powerplay,Wd,4.0,74.0,0.05405405405405406,0.03486563072990943,0.0473212739403191
GHS Garton,powerplay,Nb,3.0,74.0,0.04054054054054054,0.003769007093512122,0.02763824810298671
GJ Maxwell,death,0,16.0,111.0,0.14414414414414414,0.21696977459016392,0.16343570187818912
GJ Maxwell,death,1,56.0,111.0,0.5045045045045045,0.37083760245901637,0.46909605363152745
GJ Maxwell,death,2,11.0,111.0,0.0990990990990991,0.08837090163934426,0.09625719248724351
GJ Maxwell,death,3,0.0,111.0,0.0,0.002651127049180328,0.0007022853110411465
GJ Maxwell,death,4,6.0,111.0,0.05405405405405406,0.11151383196721311,0.06927518727608295
GJ Maxwell,death,6,11.0,111.0,0.0990990990990991,0.07952100409836066,0.09391284876777765
GJ Maxwell,death,W,7.0,111.0,0.06306306306306306,0.08016137295081967,0.06759241667571382
GJ Maxwell,death,Wd,3.0,111.0,0.02702702702702703,0.04340420081967213,0.03136535121050917
GJ Maxwell,death,Nb,1.0,111.0,0.009009009009009009,0.006570184426229508,0.008362962761915102
GJ Maxwell,middle,0,324.0,1269.0,0.2553191489361702,0.2808889845966761,0.25610050373099086
GJ Maxwell,middle,1,619.0,1269.0,0.48778565799842394,0.4414331678151601,0.4863692335466817
GJ Maxwell,middle,2,81.0,1269.0,0.06382978723404255,0.06664217673287394,0.06391572732567988
GJ Maxwell,middle,3,2.0,1269.0,0.0015760441292356187,0.002286430887717876,0.0015977518987843504
GJ Maxwell,middle,4,84.0,1269.0,0.06619385342789598,0.08739739562221321,0.06684178443459782
GJ Maxwell,middle,6,85.0,1269.0,0.06698187549251379,0.048281059991892986,0.06641042200128015
GJ Maxwell,middle,W,52.0,1269.0,0.04097714736012608,0.04221980137819214,0.04101511998099899
GJ Maxwell,middle,Wd,21.0,1269.0,0.016548463356973995,0.028171868666396434,0.016903647629225256
GJ Maxwell,middle,Nb,1.0,1269.0,0.0007880220646178094,0.002679114308877179,0.0008458094517609527
GJ Maxwell,powerplay,0,144.0,433.0,0.3325635103926097,0.4228881521678736,0.3402019579000316
GJ Maxwell,powerplay,1,149.0,433.0,0.3441108545034642,0.25764450947345025,0.33679869001889645
GJ Maxwell,powerplay,2,21.0,433.0,0.04849884526558892,0.04384827662845184,0.04810556250557732
GJ Maxwell,powerplay,3,4.0,433.0,0.009237875288683603,0.005028429611245902,0.008881896795877031
GJ Maxwell,powerplay,4,56.0,433.0,0.12933025404157045,0.15223269683107069,0.13126703567281783
GJ Maxwell,powerplay,6,28.0,433.0,0.06466512702078522,0.040523771600022226,0.06262357476532958
GJ Maxwell,powerplay,W,18.0,433.0,0.04157043879907621,0.03919952586446391,0.041369938762322526
GJ Maxwell,powerplay,Wd,12.0,433.0,0.02771362586605081,0.03486563072990943,0.02831844657335386
GJ Maxwell,powerplay,Nb,1.0,433.0,0.0023094688221709007,0.003769007093512122,0.002432897005793837
H Klaasen,middle,0,2.0,6.0,0.3333333333333333,0.2808889845966761,0.28772955182319665
H Klaasen,middle,1,2.0,6.0,0.3333333333333333,0.4414331678151601,0.42733318940448706
H Klaasen,middle,2,0.0,6.0,0.0,0.06664217673287394,0.05794971889815125
H Klaasen,middle,3,0.0,6.0,0.0,0.002286430887717876,0.0019882007719285878
H Klaasen,middle,4,0.0,6.0,0.0,0.08739739562221321,0.07599773532366366
H Klaasen,middle,6,2.0,6.0,0.3333333333333333,0.048281059991892986,0.08546179129729825
H Klaasen,middle,W,0.0,6.0,0.0,0.04221980137819214,0.036712870763645336
H Klaasen,middle,Wd,0.0,6.0,0.0,0.028171868666396434,0.02449727710121429
H Klaasen,middle,Nb,0.0,6.0,0.0,0.002679114308877179,0.002329664616414938
HF Gurney,death,0,13.0,80.0,0.1625,0.21696977459016392,0.18065659153005464
HF Gurney,death,1,29.0,80.0,0.3625,0.37083760245901637,0.36527920081967213
HF Gurney,death,2,7.0,80.0,0.0875,0.08837090163934426,0.08779030054644808
HF Gurney,death,3,0.0,80.0,0.0,0.002651127049180328,0.0008837090163934426
HF Gurney,death,4,18.0,80.0,0.225,0.11151383196721311,0.18717127732240438
HF Gurney,death,6,4.0,80.0,0.05,0.07952100409836066,0.05984033469945356
HF Gurney,death,W,6.0,80.0,0.075,0.08016137295081967,0.07672045765027322
HF Gurney,death,Wd,2.0,80.0,0.025,0.04340420081967213,0.03113473360655738
HF Gurney,death,Nb,1.0,80.0,0.0125,0.006570184426229508,0.01052339480874317
HF Gurney,middle,0,8.0,43.0,0.18604651162790697,0.2808889845966761,0.23175372751647041
HF Gurney,middle,1,23.0,43.0,0.5348837209302325,0.4414331678151601,0.4898473097904386
HF Gurney,middle,2,3.0,43.0,0.06976744186046512,0.06664217673287394,0.06826128999174648
HF Gurney,middle,3,0.0,43.0,0.0,0.002286430887717876,0.0011018944037194582
HF Gurney,middle,4,5.0,43.0,0.11627906976744186,0.08739739562221321,0.10236019066130757
HF Gurney,middle,6,2.0,43.0,0.046511627906976744,0.048281059991892986,0.04736436626115324
HF Gurney,middle,W,1.0,43.0,0.023255813953488372,0.04221980137819214,0.032395085001538385
HF Gurney,middle,Wd,1.0,43.0,0.023255813953488372,0.028171868666396434,0.02562499694766093
HF Gurney,middle,Nb,0.0,43.0,0.0,0.002679114308877179,0.0012911394259649055
HF Gurney,powerplay,0,31.0,81.0,0.38271604938271603,0.4228881521678736,0.39599608336128056
HF Gurney,powerplay,1,28.0,81.0,0.345679012345679,0.25764450947345025,0.3165766973465951
HF Gurney,powerplay,2,8.0,81.0,0.09876543209876543,0.04384827662845184,0.08061100053833119
HF Gurney,powerplay,3,0.0,81.0,0.0,0.005028429611245902,0.0016622907805771577
HF Gurney,powerplay,4,6.0,81.0,0.07407407407407407,0.15223269683107069,0.09991163531605643
HF Gurney,powerplay,6,2.0,81.0,0.024691358024691357,0.040523771600022226,0.029925213752073465
HF Gurney,powerplay,W,3.0,81.0,0.037037037037037035,0.03919952586446391,0.03775190937668228
HF Gurney,powerplay,Wd,3.0,81.0,0.037037037037037035,0.03486563072990943,0.036319216770217995
HF Gurney,powerplay,Nb,0.0,81.0,0.0,0.003769007093512122,0.0012459527581858256
HH Pandya,death,0,119.0,567.0,0.20987654320987653,0.21696977459016392,0.2103439719664029
HH Pandya,death,1,183.0,567.0,0.32275132275132273,0.37083760245901637,0.3259201055986172
HH Pandya,death,2,53.0,567.0,0.09347442680776014,0.08837090163934426,0.09313811542928134
HH Pandya,death,3,2.0,567.0,0.003527336860670194,0.002651127049180328,0.003469596510654387
HH Pandya,death,4,54.0,567.0,0.09523809523809523,0.11151383196721311,0.09631063143111783
HH Pandya,death,6,60.0,567.0,0.10582010582010581,0.07952100409836066,0.1040870513409134
HH Pandya,death,W,59.0,567.0,0.10405643738977072,0.08016137295081967,0.10248180381883491
HH Pandya,death,Wd,36.0,567.0,0.06349206349206349,0.04340420081967213,0.06216831636373457
HH Pandya,death,Nb,1.0,567.0,0.001763668430335097,0.006570184426229508,0.00208040754044346
HH Pandya,middle,0,532.0,1907.0,0.27897220765600417,0.2808889845966761,0.27901158674055837
HH Pandya,middle,1,780.0,1907.0,0.4090194022024122,0.4414331678151601,0.4096853244543433
HH Pandya,middle,2,131.0,1907.0,0.06869428421604615,0.06664217673287394,0.0686521248429969
HH Pandya,middle,3,4.0,1907.0,0.002097535395909806,0.002286430887717876,0.0021014161456131045
HH Pandya,middle,4,193.0,1907.0,0.10120608285264814,0.08739739562221321,0.1009223912814014
HH Pandya,middle,6,93.0,1907.0,0.04876769795490299,0.048281059991892986,0.04875770025663879
HH Pandya,middle,W,68.0,1907.0,0.0356581017304667,0.04221980137819214,0.0357929080920019
HH Pandya,middle,Wd,97.0,1907.0,0.0508652333508128,0.028171868666396434,0.05039901116931477
HH Pandya,middle,Nb,9.0,1907.0,0.0047194546407970635,0.002679114308877179,0.004677537017131529
HH Pandya,powerplay,0,313.0,789.0,0.39670468948035487,0.4228881521678736,0.3979680652433232
HH Pandya,powerplay,1,185.0,789.0,0.23447401774397972,0.25764450947345025,0.23559201493237394
HH Pandya,powerplay,2,38.0,789.0,0.048162230671736375,0.04384827662845184,0.047954078486294426
HH Pandya,powerplay,3,3.0,789.0,0.0038022813688212928,0.005028429611245902,0.0038614441308200674
HH Pandya,powerplay,4,150.0,789.0,0.19011406844106463,0.15223269683107069,0.18828625798943646
HH Pandya,powerplay,6,45.0,789.0,0.057034220532319393,0.040523771600022226,0.056237576434259216
HH Pandya,powerplay,W,24.0,789.0,0.030418250950570342,0.03919952586446391,0.03084195540962431
HH Pandya,powerplay,Wd,29.0,789.0,0.036755386565272496,0.03486563072990943,0.03666420413654569
HH Pandya,powerplay,Nb,2.0,789.0,0.0025348542458808617,0.003769007093512122,0.0025944032373226597
HV Patel,death,0,219.0,1038.0,0.21098265895953758,0.21696977459016392,0.21120481538367955
HV Patel,death,1,354.0,1038.0,0.34104046242774566,0.37083760245901637,0.3421461076979227
HV Patel,death,2,84.0,1038.0,0.08092485549132948,0.08837090163934426,0.08120114662854709
HV Patel,death,3,2.0,1038.0,0.0019267822736030828,0.002651127049180328,0.001953659630767359
HV Patel,death,4,109.0,1038.0,0.10500963391136801,0.11151383196721311,0.10525097706742906
HV Patel,death,6,96.0,1038.0,0.09248554913294797,0.07952100409836066,0.09200448994799111
HV Patel,death,W,99.0,1038.0,0.0953757225433526,0.08016137295081967,0.09481118266978923
HV Patel,death,Wd,64.0,1038.0,0.06165703275529865,0.04340420081967213,0.060979747711305085
HV Patel,death,Nb,11.0,1038.0,0.010597302504816955,0.006570184426229508,0.010447873262568812
HV Patel,middle,0,405.0,1442.0,0.28085991678224687,0.2808889845966761,0.2808607013386417
HV Patel,middle,1,612.0,1442.0,0.42441054091539526,0.4414331678151601,0.42486999103414735
HV Patel,middle,2,84.0,1442.0,0.05825242718446602,0.06664217673287394,0.058478871166879186
HV Patel,middle,3,1.0,1442.0,0.0006934812760055479,0.002286430887717876,0.0007364758674147876
HV Patel,middle,4,155.0,1442.0,0.10748959778085991,0.08739739562221321,0.10694729812745514
HV Patel,middle,6,59.0,1442.0,0.040915395284327326,0.048281059991892986,0.04111419865025352
HV Patel,middle,W,66.0,1442.0,0.04576976421636616,0.04221980137819214,0.04567394875514689
HV Patel,middle,Wd,53.0,1442.0,0.036754507628294034,0.028171868666396434,0.036522857453883846
HV Patel,middle,Nb,7.0,1442.0,0.0048543689320388345,0.002679114308877179,0.004795657606177521
HV Patel,powerplay,0,145.0,434.0,0.33410138248847926,0.4228881521678736,0.3415939368918037
HV Patel,powerplay,1,136.0,434.0,0.31336405529953915,0.25764450947345025,0.30866198392181016
HV Patel,powerplay,2,17.0,434.0,0.03917050691244239,0.04384827662845184,0.039565255411683695
HV Patel,powerplay,3,0.0,434.0,0.0,0.005028429611245902,0.0004243400515819327
HV Patel,powerplay,4,83.0,434.0,0.1912442396313364,0.15223269683107069,0.1879521263148583
HV Patel,powerplay,6,14.0,434.0,0.03225806451612903,0.040523771600022226,0.032955592540086266
HV Patel,powerplay,W,16.0,434.0,0.03686635944700461,0.03919952586446391,0.03706325112780286
HV Patel,powerplay,Wd,19.0,434.0,0.04377880184331797,0.03486563072990943,0.04302663550463371
HV Patel,powerplay,Nb,4.0,434.0,0.009216589861751152,0.003769007093512122,0.00875687823573942
Harbhajan Singh,death,0,77.0,339.0,0.22713864306784662,0.21696977459016392,0.2260654115662442
Harbhajan Singh,death,1,139.0,339.0,0.41002949852507375,0.37083760245901637,0.4058931506553052
Harbhajan Singh,death,2,32.0,339.0,0.0943952802359882,0.08837090163934426,0.09375946191444266
Harbhajan Singh,death,3,0.0,339.0,0.0,0.002651127049180328,0.0002798023270902721
Harbhajan Singh,death,4,26.0,339.0,0.07669616519174041,0.11151383196721311,0.08037085297806999
Harbhajan Singh,death,6,22.0,339.0,0.06489675516224189,0.07952100409836066,0.06644021151433886
Harbhajan Singh,death,W,31.0,339.0,0.09144542772861357,0.08016137295081967,0.09025449846446647
Harbhajan Singh,death,Wd,10.0,339.0,0.029498525073746312,0.04340420081967213,0.030966142566720013
Harbhajan Singh,death,Nb,2.0,339.0,0.0058997050147492625,0.006570184426229508,0.005970468013322376
Harbhajan Singh,middle,0,768.0,2562.0,0.2997658079625293,0.2808889845966761,0.29947561851801197
Harbhajan Singh,middle,1,1207.0,2562.0,0.4711163153786105,0.4414331678151601,0.47066000257978724
Harbhajan Singh,middle,2,154.0,2562.0,0.060109289617486336,0.06664217673287394,0.060209718320259405
Harbhajan Singh,middle,3,8.0,2562.0,0.00312256049960968,0.002286430887717876,0.0031097068545383223
Harbhajan Singh,middle,4,181.0,2562.0,0.070647931303669,0.08739739562221321,0.07090541730395408
Harbhajan Singh,middle,6,95.0,2562.0,0.03708040593286495,0.048281059991892986,0.03725259123738498
Harbhajan Singh,middle,W,93.0,2562.0,0.03629976580796253,0.04221980137819214,0.03639077327253178
Harbhajan Singh,middle,Wd,56.0,2562.0,0.02185792349726776,0.028171868666396434,0.02195498645144345
Harbhajan Singh,middle,Nb,0.0,2562.0,0.0,0.002679114308877179,4.118546208881136e-05
Harbhajan Singh,powerplay,0,382.0,818.0,0.4669926650366748,0.4228881521678736,0.46493651059057683
Harbhajan Singh,powerplay,1,224.0,818.0,0.27383863080684595,0.25764450947345025,0.2730836601153124
Harbhajan Singh,powerplay,2,30.0,818.0,0.03667481662591687,0.04384827662845184,0.03700924366566209
Harbhajan Singh,powerplay,3,5.0,818.0,0.006112469437652812,0.005028429611245902,0.006061931450407734
Harbhajan Singh,powerplay,4,98.0,818.0,0.1198044009779951,0.15223269683107069,0.12131620964247417
Harbhajan Singh,powerplay,6,33.0,818.0,0.040342298288508556,0.040523771600022226,0.04035075858275162
Harbhajan Singh,powerplay,W,29.0,818.0,0.035452322738386305,0.03919952586446391,0.03562701752281883
Harbhajan Singh,powerplay,Wd,15.0,818.0,0.018337408312958436,0.03486563072990943,0.01910795481258319
Harbhajan Singh,powerplay,Nb,2.0,818.0,0.0024449877750611247,0.003769007093512122,0.0025067136174131525
Harpreet Brar,death,0,7.0,52.0,0.1346153846153846,0.21696977459016392,0.17042164112615824
Harpreet Brar,death,1,23.0,52.0,0.4423076923076923,0.37083760245901637,0.4112337401995724
Harpreet Brar,death,2,5.0,52.0,0.09615384615384616,0.08837090163934426,0.0927699572344975
Harpreet Brar,death,3,0.0,52.0,0.0,0.002651127049180328,0.0011526639344262295
Harpreet Brar,death,4,9.0,52.0,0.17307692307692307,0.11151383196721311,0.14631036172487527
Harpreet Brar,death,6,3.0,52.0,0.057692307692307696,0.07952100409836066,0.06718304526015681
Harpreet Brar,death,W,3.0,52.0,0.057692307692307696,0.08016137295081967,0.06746146650035638
Harpreet Brar,death,Wd,2.0,52.0,0.038461538461538464,0.04340420081967213,0.040610522095509624
Harpreet Brar,death,Nb,0.0,52.0,0.0,0.006570184426229508,0.0028566019244476125
Harpreet Brar,middle,0,180.0,619.0,0.29079159935379645,0.2808889845966761,0.2901905301727876
Harpreet Brar,middle,1,271.0,619.0,0.4378029079159935,0.4414331678151601,0.43802325753051047
Harpreet Brar,middle,2,54.0,619.0,0.08723747980613894,0.06664217673287394,0.08598738553765548
Harpreet Brar,middle,3,2.0,619.0,0.0032310177705977385,0.002286430887717876,0.003173683210180144
Harpreet Brar,middle,4,39.0,619.0,0.0630048465266559,0.08739739562221321,0.06448542613791886
Harpreet Brar,middle,6,33.0,619.0,0.05331179321486268,0.048281059991892986,0.05300643763228485
Harpreet Brar,middle,W,29.0,619.0,0.046849757673667204,0.04221980137819214,0.046568728459981314
Harpreet Brar,middle,Wd,10.0,619.0,0.01615508885298869,0.028171868666396434,0.01688448368233059
Harpreet Brar,middle,Nb,1.0,619.0,0.0016155088852988692,0.002679114308877179,0.0016800676363506633
Harpreet Brar,powerplay,0,56.0,156.0,0.358974358974359,0.4228881521678736,0.3720179902383416
Harpreet Brar,powerplay,1,53.0,156.0,0.33974358974358976,0.25764450947345025,0.32298867540274495
Harpreet Brar,powerplay,2,0.0,156.0,0.0,0.04384827662845184,0.008948627883357518
Harpreet Brar,powerplay,3,1.0,156.0,0.00641025641025641,0.005028429611245902,0.006128250941070591
Harpreet Brar,powerplay,4,30.0,156.0,0.19230769230769232,0.15223269683107069,0.18412912180225935
Harpreet Brar,powerplay,6,11.0,156.0,0.07051282051282051,0.040523771600022226,0.06439260644898413
Harpreet Brar,powerplay,W,2.0,156.0,0.01282051282051282,0.03919952586446391,0.018203984870298756
Harpreet Brar,powerplay,Wd,3.0,156.0,0.019230769230769232,0.03486563072990943,0.02242155729181825
Harpreet Brar,powerplay,Nb,0.0,156.0,0.0,0.003769007093512122,0.000769185121124923
Harshit Rana,death,0,43.0,181.0,0.23756906077348067,0.21696977459016392,0.2338406831837401
Harshit Rana,death,1,65.0,181.0,0.35911602209944754,0.37083760245901637,0.3612375751057043
Harshit Rana,death,2,9.0,181.0,0.049723756906077346,0.08837090163934426,0.05671871522884059
Harshit Rana,death,3,0.0,181.0,0.0,0.002651127049180328,0.00047984199985164305
Harshit Rana,death,4,22.0,181.0,0.12154696132596685,0.11151383196721311,0.11973101031080781
Harshit Rana,death,6,19.0,181.0,0.10497237569060773,0.07952100409836066,0.10036579259698836
Harshit Rana,death,W,13.0,181.0,0.0718232044198895,0.08016137295081967,0.0733323751947185
Harshit Rana,death,Wd,9.0,181.0,0.049723756906077346,0.04340420081967213,0.048579945849714416
Harshit Rana,death,Nb,1.0,181.0,0.0055248618784530384,0.006570184426229508,0.0057140605296343
Harshit Rana,middle,0,55.0,214.0,0.2570093457943925,0.2808889845966761,0.2607699188341222
Harshit Rana,middle,1,84.0,214.0,0.3925233644859813,0.4414331678151601,0.40022569571892286
Harshit Rana,middle,2,12.0,214.0,0.056074766355140186,0.06664217673287394,0.05773892546974393
Harshit Rana,middle,3,0.0,214.0,0.0,0.002286430887717876,0.0003600678563335238
Harshit Rana,middle,4,33.0,214.0,0.1542056074766355,0.08739739562221321,0.1436846292318446
Harshit Rana,middle,6,15.0,214.0,0.07009345794392523,0.048281059991892986,0.06665843464439258
Harshit Rana,middle,W,10.0,214.0,0.04672897196261682,0.04221980137819214,0.046018866358770415
Harshit Rana,middle,Wd,5.0,214.0,0.02336448598130841,0.028171868666396434,0.024121554120692352
Harshit Rana,middle,Nb,0.0,214.0,0.0,0.002679114308877179,0.0004219077651775085
Harshit Rana,powerplay,0,146.0,362.0,0.40331491712707185,0.4228881521678736,0.405262502703271
Harshit Rana,powerplay,1,73.0,362.0,0.20165745856353592,0.25764450947345025,0.2072283094003433
Harshit Rana,powerplay,2,20.0,362.0,0.055248618784530384,0.04384827662845184,0.05411425638094048
Harshit Rana,powerplay,3,0.0,362.0,0.0,0.005028429611245902,0.0005003412548503385
Harshit Rana,powerplay,4,56.0,362.0,0.15469613259668508,0.15223269683107069,0.15445101461005678
Harshit Rana,powerplay,6,33.0,362.0,0.09116022099447514,0.040523771600022226,0.08612176831841017
Harshit Rana,powerplay,W,18.0,362.0,0.049723756906077346,0.03919952586446391,0.0486765697377576
Harshit Rana,powerplay,Wd,13.0,362.0,0.03591160220994475,0.03486563072990943,0.03580752544576213
Harshit Rana,powerplay,Nb,3.0,362.0,0.008287292817679558,0.003769007093512122,0.007837712148608171
I Sharma,death,0,111.0,516.0,0.21511627906976744,0.21696977459016392,0.21524962407123482
I Sharma,death,1,167.0,516.0,0.3236434108527132,0.37083760245901637,0.32703867643590045
I Sharma,death,2,57.0,516.0,0.11046511627906977,0.08837090163934426,0.1088756044344852
I Sharma,death,3,3.0,516.0,0.005813953488372093,0.002651127049180328,0.005586412017926642
I Sharma,death,4,92.0,516.0,0.17829457364341086,0.11151383196721311,0.17349020373864843
I Sharma,death,6,33.0,516.0,0.06395348837209303,0.07952100409836066,0.06507345353225616
I Sharma,death,W,23.0,516.0,0.044573643410852716,0.08016137295081967,0.047133911723080554
I Sharma,death,Wd,20.0,516.0,0.03875968992248062,0.04340420081967213,0.03909382739709871
I Sharma,death,Nb,10.0,516.0,0.01937984496124031,0.006570184426229508,0.018458286649369028
I Sharma,middle,0,122.0,476.0,0.25630252100840334,0.2808889845966761,0.258208448418347
I Sharma,middle,1,193.0,476.0,0.4054621848739496,0.4414331678151601,0.40825063316396587
I Sharma,middle,2,43.0,476.0,0.09033613445378151,0.06664217673287394,0.08849939354518402
I Sharma,middle,3,2.0,476.0,0.004201680672268907,0.002286430887717876,0.004053211696722315
I Sharma,middle,4,49.0,476.0,0.10294117647058823,0.08739739562221321,0.10173623221877622
I Sharma,middle,6,25.0,476.0,0.052521008403361345,0.048281059991892986,0.052192330231929686
I Sharma,middle,W,18.0,476.0,0.037815126050420166,0.04221980137819214,0.038156573750247454
I Sharma,middle,Wd,19.0,476.0,0.03991596638655462,0.028171868666396434,0.039005571214449336
I Sharma,middle,Nb,5.0,476.0,0.01050420168067227,0.002679114308877179,0.009897605760378075
I Sharma,powerplay,0,714.0,1551.0,0.46034816247582205,0.4228881521678736,0.45940636460510054
I Sharma,powerplay,1,341.0,1551.0,0.2198581560283688,0.25764450947345025,0.2208081586291251
I Sharma,powerplay,2,63.0,1551.0,0.04061895551257253,0.04384827662845184,0.040700145232644924
I Sharma,powerplay,3,6.0,1551.0,0.0038684719535783366,0.005028429611245902,0.003897634936800651
I Sharma,powerplay,4,259.0,1551.0,0.16698903932946485,0.15223269683107069,0.16661804391781448
I Sharma,powerplay,6,42.0,1551.0,0.027079303675048357,0.040523771600022226,0.027417316696417907
I Sharma,powerplay,W,57.0,1551.0,0.0367504835589942,0.03919952586446391,0.03681205596139444
I Sharma,powerplay,Wd,59.0,1551.0,0.038039974210186976,0.03486563072990943,0.037960166705968815
I Sharma,powerplay,Nb,10.0,1551.0,0.006447453255963894,0.003769007093512122,0.006380113314733178
I Udana,death,0,36.0,208.0,0.17307692307692307,0.21696977459016392,0.18015641525647808
I Udana,death,1,86.0,208.0,0.41346153846153844,0.37083760245901637,0.40658671007403485
I Udana,death,2,29.0,208.0,0.13942307692307693,0.08837090163934426,0.13118885510312003
I Udana,death,3,0.0,208.0,0.0,0.002651127049180328,0.00042760113696456903
I Udana,death,4,16.0,208.0,0.07692307692307693,0.11151383196721311,0.08250223096245374
I Udana,death,6,16.0,208.0,0.07692307692307693,0.07952100409836066,0.07734209743521946
I Udana,death,W,14.0,208.0,0.0673076923076923,0.08016137295081967,0.06938086660497092
I Udana,death,Wd,10.0,208.0,0.04807692307692308,0.04340420081967213,0.04732325819672131
I Udana,death,Nb,1.0,208.0,0.004807692307692308,0.006570184426229508,0.005091965230037018
I Udana,middle,0,55.0,224.0,0.24553571428571427,0.2808889845966761,0.25089227039343576
I Udana,middle,1,92.0,224.0,0.4107142857142857,0.4414331678151601,0.4153686617901758
I Udana,middle,2,32.0,224.0,0.14285714285714285,0.06664217673287394,0.1313094207171021
I Udana,middle,3,0.0,224.0,0.0,0.002286430887717876,0.00034642892238149635
I Udana,middle,4,26.0,224.0,0.11607142857142858,0.08739739562221321,0.11172687812457775
I Udana,middle,6,6.0,224.0,0.026785714285714284,0.048281059991892986,0.030042584847256512
I Udana,middle,W,7.0,224.0,0.03125,0.04221980137819214,0.032912091117907896
I Udana,middle,Wd,6.0,224.0,0.026785714285714284,0.028171868666396434,0.026995737676726732
I Udana,middle,Nb,0.0,224.0,0.0,0.002679114308877179,0.0004059264104359362
I Udana,powerplay,0,72.0,206.0,0.34951456310679613,0.4228881521678736,0.3614452279947762
I Udana,powerplay,1,62.0,206.0,0.30097087378640774,0.25764450947345025,0.293925936499748
I Udana,powerplay,2,8.0,206.0,0.038834951456310676,0.04384827662845184,0.03965012628104908
I Udana,powerplay,3,0.0,206.0,0.0,0.005028429611245902,0.0008176308310968946
I Udana,powerplay,4,36.0,206.0,0.17475728155339806,0.15223269683107069,0.17109474745220662
I Udana,powerplay,6,10.0,206.0,0.04854368932038835,0.040523771600022226,0.0472396376585402
I Udana,powerplay,W,5.0,206.0,0.024271844660194174,0.03919952586446391,0.0266991098966608
I Udana,powerplay,Wd,13.0,206.0,0.06310679611650485,0.03486563072990943,0.058514736704050316
I Udana,powerplay,Nb,0.0,206.0,0.0,0.003769007093512122,0.0006128466818718898
IK Pathan,death,0,93.0,499.0,0.18637274549098196,0.21696977459016392,0.18864339700112534
IK Pathan,death,1,198.0,499.0,0.3967935871743487,0.37083760245901637,0.3948673545424131
IK Pathan,death,2,51.0,499.0,0.10220440881763528,0.08837090163934426,0.10117780346117583
IK Pathan,death,3,1.0,499.0,0.002004008016032064,0.002651127049180328,0.0020520316919614345
IK Pathan,death,4,60.0,499.0,0.12024048096192384,0.11151383196721311,0.1195928632257672
IK Pathan,death,6,33.0,499.0,0.06613226452905811,0.07952100409836066,0.06712586301286536
IK Pathan,death,W,43.0,499.0,0.08617234468937876,0.08016137295081967,0.08572626144347456
IK Pathan,death,Wd,19.0,499.0,0.03807615230460922,0.04340420081967213,0.038471554791812405
IK Pathan,death,Nb,1.0,499.0,0.002004008016032064,0.006570184426229508,0.0023428708294047874
IK Pathan,middle,0,235.0,751.0,0.3129161118508655,0.2808889845966761,0.3112965352514122
IK Pathan,middle,1,314.0,751.0,0.4181091877496671,0.4414331678151601,0.41928865576814967
IK Pathan,middle,2,42.0,751.0,0.0559254327563249,0.06664217673287394,0.056467366712155444
IK Pathan,middle,3,0.0,751.0,0.0,0.002286430887717876,0.00011562229520697224
IK Pathan,middle,4,88.0,751.0,0.11717709720372836,0.08739739562221321,0.11567117044865807
IK Pathan,middle,6,27.0,751.0,0.03595206391478029,0.048281059991892986,0.036575527686062856
IK Pathan,middle,W,30.0,751.0,0.03994673768308921,0.04221980137819214,0.04006168401406787
IK Pathan,middle,Wd,15.0,751.0,0.019973368841544607,0.028171868666396434,0.020387957960374032
IK Pathan,middle,Nb,0.0,751.0,0.0,0.002679114308877179,0.00013547986391287882
IK Pathan,powerplay,0,476.0,958.0,0.4968684759916493,0.4228881521678736,0.49390333275221937
IK Pathan,powerplay,1,171.0,958.0,0.17849686847599164,0.25764450947345025,0.18166911861617036
IK Pathan,powerplay,2,34.0,958.0,0.03549060542797495,0.04384827662845184,0.03582558222959727
IK Pathan,powerplay,3,4.0,958.0,0.0041753653444676405,0.005028429611245902,0.004209556297043924
IK Pathan,powerplay,4,168.0,958.0,0.17536534446764093,0.15223269683107069,0.17443818424172627
IK Pathan,powerplay,6,27.0,958.0,0.028183716075156576,0.040523771600022226,0.028678307478958807
IK Pathan,powerplay,W,35.0,958.0,0.03653444676409186,0.03919952586446391,0.03664126356170196
IK Pathan,powerplay,Wd,43.0,958.0,0.04488517745302714,0.03486563072990943,0.04448359241402443
IK Pathan,powerplay,Nb,0.0,958.0,0.0,0.003769007093512122,0.0001510624085576001
IS Sodhi,death,0,56.0,237.0,0.23628691983122363,0.21696977459016392,0.23349744037403092
IS Sodhi,death,1,91.0,237.0,0.38396624472573837,0.37083760245901637,0.3820704119074392
IS Sodhi,death,2,16.0,237.0,0.06751054852320675,0.08837090163934426,0.0705228738829378
IS Sodhi,death,3,1.0,237.0,0.004219409282700422,0.002651127049180328,0.003992942534177665
IS Sodhi,death,4,19.0,237.0,0.08016877637130802,0.11151383196721311,0.08469513819021128
IS Sodhi,death,6,26.0,237.0,0.10970464135021098,0.07952100409836066,0.10534599337160443
IS Sodhi,death,W,19.0,237.0,0.08016877637130802,0.08016137295081967,0.08016770728531691
IS Sodhi,death,Wd,8.0,237.0,0.03375527426160337,0.04340420081967213,0.03514862105699237
IS Sodhi,death,Nb,1.0,237.0,0.004219409282700422,0.006570184426229508,0.00455887139728946
IS Sodhi,middle,0,358.0,1421.0,0.25193525686136525,0.2808889845966761,0.25272796672407055
IS Sodhi,middle,1,647.0,1421.0,0.45531315974665726,0.4414331678151601,0.4549331462783069
IS Sodhi,middle,2,100.0,1421.0,0.07037297677691766,0.06664217673287394,0.07027083303854549
IS Sodhi,middle,3,1.0,1421.0,0.0007037297677691766,0.002286430887717876,0.0007470617628396408
IS Sodhi,middle,4,108.0,1421.0,0.07600281491907107,0.08739739562221321,0.07631478153654246
IS Sodhi,middle,6,94.0,1421.0,0.06615059817030261,0.048281059991892986,0.06566135687862815
IS Sodhi,middle,W,68.0,1421.0,0.04785362420830401,0.04221980137819214,0.04769937854560417
IS Sodhi,middle,Wd,43.0,1421.0,0.030260380014074596,0.028171868666396434,0.030203199689702847
IS Sodhi,middle,Nb,2.0,1421.0,0.0014074595355383533,0.002679114308877179,0.0014422755457598135
IS Sodhi,powerplay,0,21.0,73.0,0.2876712328767123,0.4228881521678736,0.335535629085973
IS Sodhi,powerplay,1,25.0,73.0,0.3424657534246575,0.25764450947345025,0.31244053432688507
IS Sodhi,powerplay,2,2.0,73.0,0.0273972602739726,0.04384827662845184,0.0332206288950272
IS Sodhi,powerplay,3,0.0,73.0,0.0,0.005028429611245902,0.001779975083626868
IS Sodhi,powerplay,4,10.0,73.0,0.136986301369863,0.15223269683107069,0.14238325551542325
IS Sodhi,powerplay,6,7.0,73.0,0.0958904109589041,0.040523771600022226,0.07629160056637956
IS Sodhi,powerplay,W,5.0,73.0,0.0684931506849315,0.03919952586446391,0.05812372596972174
IS Sodhi,powerplay,Wd,3.0,73.0,0.0410958904109589,0.03486563072990943,0.038890488753950236
IS Sodhi,powerplay,Nb,0.0,73.0,0.0,0.003769007093512122,0.0013341618030131407
Imran Tahir,death,0,82.0,383.0,0.21409921671018275,0.21696977459016392,0.2143706642638453
Imran Tahir,death,1,180.0,383.0,0.4699738903394256,0.37083760245901637,0.4605993004689377
Imran Tahir,death,2,30.0,383.0,0.0783289817232376,0.08837090163934426,0.07927857225903964
Imran Tahir,death,3,0.0,383.0,0.0,0.002651127049180328,0.00025069759330310427
Imran Tahir,death,4,18.0,383.0,0.04699738903394256,0.11151383196721311,0.053098234701391314
Imran Tahir,death,6,34.0,383.0,0.08877284595300261,0.07952100409836066,0.08789796729062513
Imran Tahir,death,W,32.0,383.0,0.0835509138381201,0.08016137295081967,0.08323038987714608
Imran Tahir,death,Wd,7.0,383.0,0.018276762402088774,0.04340420081967213,0.020652879510134482
Imran Tahir,death,Nb,0.0,383.0,0.0,0.006570184426229508,0.0006212940355772585
Imran Tahir,middle,0,405.0,1424.0,0.28441011235955055,0.2808889845966761,0.2843139066829693
Imran Tahir,middle,1,644.0,1424.0,0.45224719101123595,0.4414331678151601,0.45195172589658905
Imran Tahir,middle,2,94.0,1424.0,0.06601123595505617,0.06664217673287394,0.06602847477412224
Imran Tahir,middle,3,4.0,1424.0,0.0028089887640449437,0.002286430887717876,0.002794711226440379
Imran Tahir,middle,4,91.0,1424.0,0.06390449438202248,0.08739739562221321,0.06454637692956867
Imran Tahir,middle,6,70.0,1424.0,0.04915730337078652,0.048281059991892986,0.04913336229486047
Imran Tahir,middle,W,85.0,1424.0,0.059691011235955056,0.04221980137819214,0.059213655775360446
Imran Tahir,middle,Wd,30.0,1424.0,0.021067415730337078,0.028171868666396434,0.021261526466294985
Imran Tahir,middle,Nb,1.0,1424.0,0.0007022471910112359,0.002679114308877179,0.0007562599537944585
Imran Tahir,powerplay,0,28.0,89.0,0.3146067415730337,0.4228881521678736,0.3481823727652322
Imran Tahir,powerplay,1,36.0,89.0,0.4044943820224719,0.25764450947345025,0.35895953782122486
Imran Tahir,powerplay,2,0.0,89.0,0.0,0.04384827662845184,0.013596364846031578
Imran Tahir,powerplay,3,0.0,89.0,0.0,0.005028429611245902,0.0015592029802312874
Imran Tahir,powerplay,4,14.0,89.0,0.15730337078651685,0.15223269683107069,0.15573106878482812
Imran Tahir,powerplay,6,3.0,89.0,0.033707865168539325,0.040523771600022226,0.035821324527138675
Imran Tahir,powerplay,W,3.0,89.0,0.033707865168539325,0.03919952586446391,0.035410705694407414
Imran Tahir,powerplay,Wd,5.0,89.0,0.056179775280898875,0.03486563072990943,0.049570738210824625
Imran Tahir,powerplay,Nb,0.0,89.0,0.0,0.003769007093512122,0.0011686843700812783
Ishan Kishan,death,0,0.0,1.0,0.0,0.21696977459016392,0.21167782886845263
Ishan Kishan,death,1,0.0,1.0,0.0,0.37083760245901637,0.36179278288684524
Ishan Kishan,death,2,0.0,1.0,0.0,0.08837090163934426,0.0862155137944822
Ishan Kishan,death,3,0.0,1.0,0.0,0.002651127049180328,0.0025864654138344663
Ishan Kishan,death,4,1.0,1.0,1.0,0.11151383196721311,0.1331842263094762
Ishan Kishan,death,6,0.0,1.0,0.0,0.07952100409836066,0.07758146741303479
Ishan Kishan,death,W,0.0,1.0,0.0,0.08016137295081967,0.0782062175129948
Ishan Kishan,death,Wd,0.0,1.0,0.0,0.04340420081967213,0.042345561775289885
Ishan Kishan,death,Nb,0.0,1.0,0.0,0.006570184426229508,0.0064099360255897644
J Botha,death,0,49.0,168.0,0.2916666666666667,0.21696977459016392,0.2773018797288777
J Botha,death,1,75.0,168.0,0.44642857142857145,0.37083760245901637,0.4318918466267339
J Botha,death,2,10.0,168.0,0.05952380952380952,0.08837090163934426,0.06507132723833543
J Botha,death,3,2.0,168.0,0.011904761904761904,0.002651127049180328,0.010125216740226985
J Botha,death,4,11.0,168.0,0.06547619047619048,0.11151383196721311,0.0743295830706179
J Botha,death,6,8.0,168.0,0.047619047619047616,0.07952100409836066,0.05375403924968474
J Botha,death,W,11.0,168.0,0.06547619047619048,0.08016137295081967,0.06830026402900378
J Botha,death,Wd,2.0,168.0,0.011904761904761904,0.04340420081967213,0.017962346311475412
J Botha,death,Nb,0.0,168.0,0.0,0.006570184426229508,0.0012634970050441363
J Botha,middle,0,280.0,840.0,0.3333333333333333,0.2808889845966761,0.3309494992998489
J Botha,middle,1,367.0,840.0,0.4369047619047619,0.4414331678151601,0.4371105985370527
J Botha,middle,2,52.0,840.0,0.06190476190476191,0.06664217673287394,0.062120098942403355
J Botha,middle,3,3.0,840.0,0.0035714285714285713,0.002286430887717876,0.003513019585805358
J Botha,middle,4,67.0,840.0,0.07976190476190476,0.08739739562221321,0.08010897252828243
J Botha,middle,6,21.0,840.0,0.025,0.048281059991892986,0.026058229999631498
J Botha,middle,W,34.0,840.0,0.04047619047619048,0.04221980137819214,0.04055544551719055
J Botha,middle,Wd,16.0,840.0,0.01904761904761905,0.028171868666396434,0.019462357666654384
J Botha,middle,Nb,0.0,840.0,0.0,0.002679114308877179,0.00012177792313078085
J Botha,powerplay,0,78.0,204.0,0.38235294117647056,0.4228881521678736,0.3889980577324383
J Botha,powerplay,1,71.0,204.0,0.3480392156862745,0.25764450947345025,0.3332204113890902
J Botha,powerplay,2,12.0,204.0,0.058823529411764705,0.04384827662845184,0.056368569939090465
J Botha,powerplay,3,1.0,204.0,0.004901960784313725,0.005028429611245902,0.00492269337889277
J Botha,powerplay,4,24.0,204.0,0.11764705882352941,0.15223269683107069,0.12331683554607716
J Botha,powerplay,6,8.0,204.0,0.0392156862745098,0.040523771600022226,0.039430126491806924
J Botha,powerplay,W,7.0,204.0,0.03431372549019608,0.03919952586446391,0.03511467637122359
J Botha,powerplay,Wd,3.0,204.0,0.014705882352941176,0.03486563072990943,0.018010759136050724
J Botha,powerplay,Nb,0.0,204.0,0.0,0.003769007093512122,0.0006178700153298561
J Little,death,0,27.0,148.0,0.18243243243243243,0.21696977459016392,0.1897808031042902
J Little,death,1,57.0,148.0,0.38513513513513514,0.37083760245901637,0.38209310690617365
J Little,death,2,7.0,148.0,0.0472972972972973,0.08837090163934426,0.05603636205092431
J Little,death,3,0.0,148.0,0.0,0.002651127049180328,0.0005640695849319846
J Little,death,4,17.0,148.0,0.11486486486486487,0.11151383196721311,0.11415187914196025
J Little,death,6,12.0,148.0,0.08108108108108109,0.07952100409836066,0.08074914980816185
J Little,death,W,19.0,148.0,0.12837837837837837,0.08016137295081967,0.11811944105336589
J Little,death,Wd,9.0,148.0,0.060810810810810814,0.04340420081967213,0.05710727677014301
J Little,death,Nb,0.0,148.0,0.0,0.006570184426229508,0.0013979115800488316
J Little,middle,0,61.0,232.0,0.2629310344827586,0.2808889845966761,0.2655719094995112
J Little,middle,1,96.0,232.0,0.41379310344827586,0.4414331678151601,0.4178578187963471
J Little,middle,2,7.0,232.0,0.03017241379310345,0.06664217673287394,0.03553561422542264
J Little,middle,3,0.0,232.0,0.0,0.002286430887717876,0.00033623983642909943
J Little,middle,4,29.0,232.0,0.125,0.08739739562221321,0.11947020523856076
J Little,middle,6,17.0,232.0,0.07327586206896551,0.048281059991892986,0.06960015588116072
J Little,middle,W,12.0,232.0,0.05172413793103448,0.04221980137819214,0.0503264413791459
J Little,middle,Wd,10.0,232.0,0.04310344827586207,0.028171868666396434,0.0409076277450583
J Little,middle,Nb,0.0,232.0,0.0,0.002679114308877179,0.000393987398364291
J Little,powerplay,0,102.0,242.0,0.4214876033057851,0.4228881521678736,0.42168626271884735
J Little,powerplay,1,59.0,242.0,0.24380165289256198,0.25764450947345025,0.24576517864871636
J Little,powerplay,2,15.0,242.0,0.06198347107438017,0.04384827662845184,0.059411103067865505
J Little,powerplay,3,0.0,242.0,0.0,0.005028429611245902,0.0007132524271270783
J Little,powerplay,4,41.0,242.0,0.16942148760330578,0.15223269683107069,0.16698336125263416
J Little,powerplay,6,10.0,242.0,0.04132231404958678,0.040523771600022226,0.04120904561702443
J Little,powerplay,W,7.0,242.0,0.028925619834710745,0.03919952586446391,0.030382911470136727
J Little,powerplay,Wd,8.0,242.0,0.03305785123966942,0.03486563072990943,0.0333142738623985
J Little,powerplay,Nb,0.0,242.0,0.0,0.003769007093512122,0.0005346109352499464
J Overton,death,0,25.0,116.0,0.21551724137931033,0.21696977459016392,0.21588968579234974
J Overton,death,1,31.0,116.0,0.2672413793103448,0.37083760245901637,0.29380451345102987
J Overton,death,2,11.0,116.0,0.09482758620689655,0.08837090163934426,0.09317202606137033
J Overton,death,3,0.0,116.0,0.0,0.002651127049180328,0.0006797761664564943
J Overton,death,4,16.0,116.0,0.13793103448275862,0.11151383196721311,0.13115739281210592
J Overton,death,6,11.0,116.0,0.09482758620689655,0.07952100409836066,0.09090282156368222
J Overton,death,W,14.0,116.0,0.1206896551724138,0.08016137295081967,0.1102977879361076
J Overton,death,Wd,7.0,116.0,0.0603448275862069,0.04340420081967213,0.05600107713324926
J Overton,death,Nb,1.0,116.0,0.008620689655172414,0.006570184426229508,0.008094919083648592
J Overton,middle,0,65.0,205.0,0.3170731707317073,0.2808889845966761,0.31116554850557976
J Overton,middle,1,78.0,205.0,0.3804878048780488,0.4414331678151601,0.39043806821472005
J Overton,middle,2,14.0,205.0,0.06829268292682927,0.06664217673287394,0.06802321252781615
J Overton,middle,3,0.0,205.0,0.0,0.002286430887717876,0.00037329483881108177
J Overton,middle,4,19.0,205.0,0.09268292682926829,0.08739739562221321,0.09181998295872869
J Overton,middle,6,12.0,205.0,0.05853658536585366,0.048281059991892986,0.056862213876227426
J Overton,middle,W,10.0,205.0,0.04878048780487805,0.04221980137819214,0.047709355327051776
J Overton,middle,Wd,7.0,205.0,0.03414634146341464,0.028171868666396434,0.03317091733328922
J Overton,middle,Nb,0.0,205.0,0.0,0.002679114308877179,0.0004374064177758659
J Overton,powerplay,0,23.0,76.0,0.3026315789473684,0.4228881521678736,0.34409936281650816
J Overton,powerplay,1,20.0,76.0,0.2631578947368421,0.25764450947345025,0.261256727404638
J Overton,powerplay,2,5.0,76.0,0.06578947368421052,0.04384827662845184,0.05822354366498339
J Overton,powerplay,3,0.0,76.0,0.0,0.005028429611245902,0.0017339412452572077
J Overton,powerplay,4,8.0,76.0,0.10526315789473684,0.15223269683107069,0.12145955063140368
J Overton,powerplay,6,12.0,76.0,0.15789473684210525,0.040523771600022226,0.11742199020690422
J Overton,powerplay,W,1.0,76.0,0.013157894736842105,0.03919952586446391,0.022137767539470315
J Overton,powerplay,Wd,7.0,76.0,0.09210526315789473,0.03486563072990943,0.07236745887238256
J Overton,powerplay,Nb,0.0,76.0,0.0,0.003769007093512122,0.001299657618452456
J Theron,death,0,30.0,144.0,0.20833333333333334,0.21696977459016392,0.21021082056307913
J Theron,death,1,67.0,144.0,0.4652777777777778,0.37083760245901637,0.44474730488239483
J Theron,death,2,13.0,144.0,0.09027777777777778,0.08837090163934426,0.08986323948681398
J Theron,death,3,1.0,144.0,0.006944444444444444,0.002651127049180328,0.006011114575908767
J Theron,death,4,12.0,144.0,0.08333333333333333,0.11151383196721311,0.0894595286885246
J Theron,death,6,7.0,144.0,0.04861111111111111,0.07952100409836066,0.05533065306486101
J Theron,death,W,9.0,144.0,0.0625,0.08016137295081967,0.0663394289023521
J Theron,death,Wd,4.0,144.0,0.027777777777777776,0.04340420081967213,0.031174826265146116
J Theron,death,Nb,1.0,144.0,0.006944444444444444,0.006570184426229508,0.006863083570919458
J Theron,middle,0,24.0,106.0,0.22641509433962265,0.2808889845966761,0.24133944783470576
J Theron,middle,1,46.0,106.0,0.4339622641509434,0.4414331678151601,0.43600908707264663
J Theron,middle,2,10.0,106.0,0.09433962264150944,0.06664217673287394,0.08675128129667779
J Theron,middle,3,0.0,106.0,0.0,0.002286430887717876,0.0006264194212925688
J Theron,middle,4,9.0,106.0,0.08490566037735849,0.08739739562221321,0.08558832756772965
J Theron,middle,6,2.0,106.0,0.018867924528301886,0.048281059991892986,0.02692631780599808
J Theron,middle,W,6.0,106.0,0.05660377358490566,0.04221980137819214,0.05266295928169648
J Theron,middle,Wd,8.0,106.0,0.07547169811320754,0.028171868666396434,0.06251284073051958
J Theron,middle,Nb,1.0,106.0,0.009433962264150943,0.002679114308877179,0.007583318988733474
J Theron,powerplay,0,23.0,80.0,0.2875,0.4228881521678736,0.3326293840559579
J Theron,powerplay,1,27.0,80.0,0.3375,0.25764450947345025,0.31088150315781676
J Theron,powerplay,2,2.0,80.0,0.025,0.04384827662845184,0.03128275887615061
J Theron,powerplay,3,1.0,80.0,0.0125,0.005028429611245902,0.010009476537081967
J Theron,powerplay,4,19.0,80.0,0.2375,0.15223269683107069,0.2090775656103569
J Theron,powerplay,6,2.0,80.0,0.025,0.040523771600022226,0.030174590533340744
J Theron,powerplay,W,3.0,80.0,0.0375,0.03919952586446391,0.03806650862148797
J Theron,powerplay,Wd,2.0,80.0,0.025,0.03486563072990943,0.028288543576636477
J Theron,powerplay,Nb,1.0,80.0,0.0125,0.003769007093512122,0.009589669031170707
JA Duffy,death,0,32.0,153.0,0.20915032679738563,0.21696977459016392,0.2107709377388941
JA Duffy,death,1,53.0,153.0,0.3464052287581699,0.37083760245901637,0.35146893315212774
JA Duffy,death,2,14.0,153.0,0.0915032679738562,0.08837090163934426,0.09085407287862057
JA Duffy,death,3,0.0,153.0,0.0,0.002651127049180328,0.0005494563832498089
JA Duffy,death,4,16.0,153.0,0.10457516339869281,0.11151383196721311,0.10601322942325661
JA Duffy,death,6,12.0,153.0,0.0784313725490196,0.07952100409836066,0.07865720292194003
JA Duffy,death,W,11.0,153.0,0.0718954248366013,0.08016137295081967,0.07360857470483309
JA Duffy,death,Wd,15.0,153.0,0.09803921568627451,0.04340420081967213,0.08671589654293722
JA Duffy,death,Nb,0.0,153.0,0.0,0.006570184426229508,0.0013616962541408307
JA Duffy,middle,0,41.0,121.0,0.33884297520661155,0.2808889845966761,0.32444446822277667
JA Duffy,middle,1,40.0,121.0,0.3305785123966942,0.4414331678151601,0.3581200416932075
JA Duffy,middle,2,7.0,121.0,0.05785123966942149,0.06664217673287394,0.060035323411894145
JA Duffy,middle,3,0.0,121.0,0.0,0.002286430887717876,0.000568057363408168
JA Duffy,middle,4,9.0,121.0,0.0743801652892562,0.08739739562221321,0.07761425978191633
JA Duffy,middle,6,9.0,121.0,0.0743801652892562,0.048281059991892986,0.06789591552593614
JA Duffy,middle,W,7.0,121.0,0.05785123966942149,0.04221980137819214,0.053967652516321026
JA Duffy,middle,Wd,8.0,121.0,0.06611570247933884,0.028171868666396434,0.05668866302270719
JA Duffy,middle,Nb,0.0,121.0,0.0,0.002679114308877179,0.0006656184618328394
JA Duffy,powerplay,0,129.0,332.0,0.3885542168674699,0.4228881521678736,0.3922460378675133
JA Duffy,powerplay,1,68.0,332.0,0.20481927710843373,0.25764450947345025,0.2104994096208011
JA Duffy,powerplay,2,10.0,332.0,0.030120481927710843,0.04384827662845184,0.03159658888477977
JA Duffy,powerplay,3,2.0,332.0,0.006024096385542169,0.005028429611245902,0.0059170354420694515
JA Duffy,powerplay,4,63.0,332.0,0.1897590361445783,0.15223269683107069,0.18572394589581406
JA Duffy,powerplay,6,25.0,332.0,0.07530120481927711,0.040523771600022226,0.07156169587097014
JA Duffy,powerplay,W,18.0,332.0,0.05421686746987952,0.03919952586446391,0.05260209955531869
JA Duffy,powerplay,Wd,16.0,332.0,0.04819277108433735,0.03486563072990943,0.04675974523977521
JA Duffy,powerplay,Nb,1.0,332.0,0.0030120481927710845,0.003769007093512122,0.0030934416229582927
JA Morkel,death,0,63.0,359.0,0.17548746518105848,0.21696977459016392,0.17964609269074325
JA Morkel,death,1,132.0,359.0,0.36768802228412256,0.37083760245901637,0.36800376967007686
JA Morkel,death,2,50.0,359.0,0.1392757660167131,0.08837090163934426,0.13417252146760345
JA Morkel,death,3,0.0,359.0,0.0,0.002651127049180328,0.00026577714778750156
JA Morkel,death,4,36.0,359.0,0.10027855153203342,0.11151383196721311,0.10140489543530957
JA Morkel,death,6,25.0,359.0,0.06963788300835655,0.07952100409836066,0.07062867209006123
JA Morkel,death,W,39.0,359.0,0.10863509749303621,0.08016137295081967,0.10578058876699947
JA Morkel,death,Wd,10.0,359.0,0.027855153203342618,0.04340420081967213,0.029413954969390692
JA Morkel,death,Nb,4.0,359.0,0.011142061281337047,0.006570184426229508,0.01068372776202802
JA Morkel,middle,0,207.0,708.0,0.2923728813559322,0.2808889845966761,0.2917587692297688
JA Morkel,middle,1,303.0,708.0,0.4279661016949153,0.4414331678151601,0.4286862656585647
JA Morkel,middle,2,50.0,708.0,0.07062146892655367,0.06664217673287394,0.0704086725525601
JA Morkel,middle,3,2.0,708.0,0.002824858757062147,0.002286430887717876,0.0027960658228726133
JA Morkel,middle,4,71.0,708.0,0.10028248587570622,0.08739739562221321,0.09959344361616114
JA Morkel,middle,6,19.0,708.0,0.026836158192090395,0.048281059991892986,0.027982944384593204
JA Morkel,middle,W,27.0,708.0,0.038135593220338986,0.04221980137819214,0.038354000073700115
JA Morkel,middle,Wd,27.0,708.0,0.038135593220338986,0.028171868666396434,0.03760277372547575
JA Morkel,middle,Nb,2.0,708.0,0.002824858757062147,0.002679114308877179,0.0028170649363035926
JA Morkel,powerplay,0,376.0,947.0,0.39704329461457233,0.4228881521678736,0.3980907052550303
JA Morkel,powerplay,1,241.0,947.0,0.25448785638859556,0.25764450947345025,0.2546157855916292
JA Morkel,powerplay,2,46.0,947.0,0.048574445617740235,0.04384827662845184,0.04838290888058569
JA Morkel,powerplay,3,9.0,947.0,0.009503695881731784,0.005028429611245902,0.009322327441185245
JA Morkel,powerplay,4,173.0,947.0,0.18268215417106654,0.15223269683107069,0.18144813361017512
JA Morkel,powerplay,6,29.0,947.0,0.030623020063357972,0.040523771600022226,0.031024266326242035
JA Morkel,powerplay,W,32.0,947.0,0.0337909186906019,0.03919952586446391,0.03401011249704008
JA Morkel,powerplay,Wd,33.0,947.0,0.03484688489968321,0.03486563072990943,0.034847644609114874
JA Morkel,powerplay,Nb,8.0,947.0,0.008447729672650475,0.003769007093512122,0.008258115788997452
JA Richardson,death,0,25.0,108.0,0.23148148148148148,0.21696977459016392,0.22755939853788218
JA Richardson,death,1,40.0,108.0,0.37037037037037035,0.37083760245901637,0.37049664931324766
JA Richardson,death,2,9.0,108.0,0.08333333333333333,0.08837090163934426,0.08469483828090385
JA Richardson,death,3,0.0,108.0,0.0,0.002651127049180328,0.0007165208241027913
JA Richardson,death,4,14.0,108.0,0.12962962962962962,0.11151383196721311,0.12473346809924679
JA Richardson,death,6,5.0,108.0,0.046296296296296294,0.07952100409836066,0.05527594705361099
JA Richardson,death,W,6.0,108.0,0.05555555555555555,0.08016137295081967,0.0622057764731945
JA Richardson,death,Wd,9.0,108.0,0.08333333333333333,0.04340420081967213,0.07254167589720868
JA Richardson,death,Nb,0.0,108.0,0.0,0.006570184426229508,0.0017757255206025699
JA Richardson,middle,0,21.0,89.0,0.23595505617977527,0.2808889845966761,0.2498880572392794
JA Richardson,middle,1,37.0,89.0,0.4157303370786517,0.4414331678151601,0.42370020707446826
JA Richardson,middle,2,6.0,89.0,0.06741573033707865,0.06664217673287394,0.06717586875437952
JA Richardson,middle,3,0.0,89.0,0.0,0.002286430887717876,0.0007089708178970158
JA Richardson,middle,4,12.0,89.0,0.1348314606741573,0.08739739562221321,0.12012322344874828
JA Richardson,middle,6,6.0,89.0,0.06741573033707865,0.048281059991892986,0.061482499222292396
JA Richardson,middle,W,5.0,89.0,0.056179775280898875,0.04221980137819214,0.051851101202540203
JA Richardson,middle,Wd,2.0,89.0,0.02247191011235955,0.028171868666396434,0.024239339121363234
JA Richardson,middle,Nb,0.0,89.0,0.0,0.002679114308877179,0.0008307331190316833
JA Richardson,powerplay,0,61.0,135.0,0.45185185185185184,0.4228881521678736,0.4452315776383711
JA Richardson,powerplay,1,34.0,135.0,0.2518518518518518,0.25764450947345025,0.2531758878796458
JA Richardson,powerplay,2,7.0,135.0,0.05185185185185185,0.04384827662845184,0.05002246322936042
JA Richardson,powerplay,3,1.0,135.0,0.007407407407407408,0.005028429611245902,0.006863641053999062
JA Richardson,powerplay,4,15.0,135.0,0.1111111111111111,0.15223269683107069,0.12051033070424473
JA Richardson,powerplay,6,12.0,135.0,0.08888888888888889,0.040523771600022226,0.07783400493714794
JA Richardson,powerplay,W,3.0,135.0,0.022222222222222223,0.03919952586446391,0.02610274876902032
JA Richardson,powerplay,Wd,2.0,135.0,0.014814814814814815,0.03486563072990943,0.019397858452550727
JA Richardson,powerplay,Nb,0.0,135.0,0.0,0.003769007093512122,0.0008614873356599137
JC Archer,death,0,174.0,721.0,0.24133148404993066,0.21696977459016392,0.24005097369724906
JC Archer,death,1,261.0,721.0,0.361997226074896,0.37083760245901637,0.362461897632537
JC Archer,death,2,49.0,721.0,0.06796116504854369,0.08837090163934426,0.06903395015187092
JC Archer,death,3,2.0,721.0,0.0027739251040221915,0.002651127049180328,0.0027674705413498197
JC Archer,death,4,94.0,721.0,0.130374479889043,0.11151383196721311,0.12938311863165378
JC Archer,death,6,60.0,721.0,0.08321775312066575,0.07952100409836066,0.08302344305379031
JC Archer,death,W,50.0,721.0,0.06934812760055478,0.08016137295081967,0.06991649792119946
JC Archer,death,Wd,26.0,721.0,0.036061026352288486,0.04340420081967213,0.0364470013571444
JC Archer,death,Nb,5.0,721.0,0.006934812760055479,0.006570184426229508,0.00691564701320523
JC Archer,middle,0,122.0,373.0,0.32707774798927614,0.2808889845966761,0.3226042600093633
JC Archer,middle,1,145.0,373.0,0.38873994638069703,0.4414331678151601,0.3938434060837927
JC Archer,middle,2,13.0,373.0,0.03485254691689008,0.06664217673287394,0.03793144568841394
JC Archer,middle,3,4.0,373.0,0.010723860589812333,0.002286430887717876,0.009906676115033208
JC Archer,middle,4,31.0,373.0,0.08310991957104558,0.08739739562221321,0.0835251714888342
JC Archer,middle,6,19.0,373.0,0.05093833780160858,0.048281059991892986,0.05068097433335525
JC Archer,middle,W,19.0,373.0,0.05093833780160858,0.04221980137819214,0.050093927494255897
JC Archer,middle,Wd,16.0,373.0,0.04289544235924933,0.028171868666396434,0.04146943037931201
JC Archer,middle,Nb,4.0,373.0,0.010723860589812333,0.002679114308877179,0.009944708407639436
JC Archer,powerplay,0,528.0,1118.0,0.47227191413237923,0.4228881521678736,0.47056608470355354
JC Archer,powerplay,1,224.0,1118.0,0.2003577817531306,0.25764450947345025,0.2023365979092729
JC Archer,powerplay,2,40.0,1118.0,0.03577817531305903,0.04384827662845184,0.03605693528941112
JC Archer,powerplay,3,5.0,1118.0,0.004472271914132379,0.005028429611245902,0.004491482888125938
JC Archer,powerplay,4,164.0,1118.0,0.14669051878354203,0.15223269683107069,0.14688195843976065
JC Archer,powerplay,6,58.0,1118.0,0.0518783542039356,0.040523771600022226,0.05148614064248781
JC Archer,powerplay,W,52.0,1118.0,0.046511627906976744,0.03919952586446391,0.04625905097977423
JC Archer,powerplay,Wd,44.0,1118.0,0.03935599284436494,0.03486563072990943,0.03920088534472917
JC Archer,powerplay,Nb,3.0,1118.0,0.0026833631484794273,0.003769007093512122,0.002720863802884702
JD Ryder,death,0,10.0,40.0,0.25,0.21696977459016392,0.23348488729508196
JD Ryder,death,1,15.0,40.0,0.375,0.37083760245901637,0.3729188012295082
JD Ryder,death,2,3.0,40.0,0.075,0.08837090163934426,0.08168545081967213
JD Ryder,death,3,0.0,40.0,0.0,0.002651127049180328,0.001325563524590164
JD Ryder,death,4,5.0,40.0,0.125,0.11151383196721311,0.11825691598360658
JD Ryder,death,6,6.0,40.0,0.15,0.07952100409836066,0.11476050204918034
JD Ryder,death,W,1.0,40.0,0.025,0.08016137295081967,0.05258068647540983
JD Ryder,death,Wd,0.0,40.0,0.0,0.04340420081967213,0.021702100409836066
JD Ryder,death,Nb,0.0,40.0,0.0,0.006570184426229508,0.003285092213114754
JD Ryder,middle,0,75.0,229.0,0.32751091703056767,0.2808889845966761,0.3205782876723682
JD Ryder,middle,1,101.0,229.0,0.4410480349344978,0.4414331678151601,0.4411053037643361
JD Ryder,middle,2,14.0,229.0,0.0611353711790393,0.06664217673287394,0.06195422702347567
JD Ryder,middle,3,0.0,229.0,0.0,0.002286430887717876,0.00033998972308072503
JD Ryder,middle,4,18.0,229.0,0.07860262008733625,0.08739739562221321,0.0799103934010726
JD Ryder,middle,6,7.0,229.0,0.03056768558951965,0.048281059991892986,0.033201644608459924
JD Ryder,middle,W,9.0,229.0,0.039301310043668124,0.04221980137819214,0.039735286450288794
JD Ryder,middle,Wd,5.0,229.0,0.021834061135371178,0.028171868666396434,0.022776486047047795
JD Ryder,middle,Nb,0.0,229.0,0.0,0.002679114308877179,0.00039838130987021245
JD Ryder,powerplay,0,2.0,4.0,0.5,0.4228881521678736,0.42989832015261237
JD Ryder,powerplay,1,1.0,4.0,0.25,0.25764450947345025,0.25694955406677294
JD Ryder,powerplay,2,0.0,4.0,0.0,0.04384827662845184,0.039862069662228945
JD Ryder,powerplay,3,0.0,4.0,0.0,0.005028429611245902,0.004571299646587184
JD Ryder,powerplay,4,1.0,4.0,0.25,0.15223269683107069,0.16112063348279151
JD Ryder,powerplay,6,0.0,4.0,0.0,0.040523771600022226,0.03683979236365657
JD Ryder,powerplay,W,0.0,4.0,0.0,0.03919952586446391,0.0356359326040581
JD Ryder,powerplay,Wd,0.0,4.0,0.0,0.03486563072990943,0.031696027936281304
JD Ryder,powerplay,Nb,0.0,4.0,0.0,0.003769007093512122,0.00342637008501102
JD Unadkat,death,0,124.0,652.0,0.1901840490797546,0.21696977459016392,0.19173235691272622
JD Unadkat,death,1,229.0,652.0,0.3512269938650307,0.37083760245901637,0.3523605550554345
JD Unadkat,death,2,58.0,652.0,0.08895705521472393,0.08837090163934426,0.0889231735051644
JD Unadkat,death,3,4.0,652.0,0.006134969325153374,0.002651127049180328,0.005933591158912158
JD Unadkat,death,4,83.0,652.0,0.1273006134969325,0.11151383196721311,0.12638808277267127
JD Unadkat,death,6,72.0,652.0,0.11042944785276074,0.07952100409836066,0.10864283260684164
JD Unadkat,death,W,53.0,652.0,0.08128834355828221,0.08016137295081967,0.0812232007486023
JD Unadkat,death,Wd,28.0,652.0,0.04294478527607362,0.04340420081967213,0.04297134108784232
JD Unadkat,death,Nb,1.0,652.0,0.0015337423312883436,0.006570184426229508,0.001824866151805174
JD Unadkat,middle,0,192.0,818.0,0.23471882640586797,0.2808889845966761,0.23687128133317836
JD Unadkat,middle,1,391.0,818.0,0.4779951100244499,0.4414331678151601,0.4762905905741333
JD Unadkat,middle,2,58.0,818.0,0.07090464547677261,0.06664217673287394,0.07070592898521556
JD Unadkat,middle,3,2.0,818.0,0.0024449877750611247,0.002286430887717876,0.002437595845581253
JD Unadkat,middle,4,91.0,818.0,0.11124694376528117,0.08739739562221321,0.1101350767189843
JD Unadkat,middle,6,38.0,818.0,0.04645476772616137,0.048281059991892986,0.0465399095567316
JD Unadkat,middle,W,28.0,818.0,0.034229828850855744,0.04221980137819214,0.03460232174257306
JD Unadkat,middle,Wd,18.0,818.0,0.022004889975550123,0.028171868666396434,0.022292394809622213
JD Unadkat,middle,Nb,0.0,818.0,0.0,0.002679114308877179,0.00012490043398028807
JD Unadkat,powerplay,0,317.0,839.0,0.3778307508939213,0.4228881521678736,0.3798811445810181
JD Unadkat,powerplay,1,286.0,839.0,0.34088200238379024,0.25764450947345025,0.3370941756301912
JD Unadkat,powerplay,2,37.0,839.0,0.04410011918951132,0.04384827662845184,0.04408865877717642
JD Unadkat,powerplay,3,3.0,839.0,0.003575685339690107,0.005028429611245902,0.003641794294027117
JD Unadkat,powerplay,4,103.0,839.0,0.12276519666269368,0.15223269683107069,0.12410615230175522
JD Unadkat,powerplay,6,47.0,839.0,0.05601907032181168,0.040523771600022226,0.05531393727417621
JD Unadkat,powerplay,W,30.0,839.0,0.03575685339690107,0.03919952586446391,0.03591351653535672
JD Unadkat,powerplay,Wd,16.0,839.0,0.01907032181168057,0.03486563072990943,0.019789107200450944
JD Unadkat,powerplay,Nb,0.0,839.0,0.0,0.003769007093512122,0.00017151340584810567
JDP Oram,death,0,32.0,148.0,0.21621621621621623,0.21696977459016392,0.2163765477851413
JDP Oram,death,1,57.0,148.0,0.38513513513513514,0.37083760245901637,0.38209310690617365
JDP Oram,death,2,16.0,148.0,0.10810810810810811,0.08837090163934426,0.10390870247645623
JDP Oram,death,3,1.0,148.0,0.006756756756756757,0.002651127049180328,0.005883218521102198
JDP Oram,death,4,17.0,148.0,0.11486486486486487,0.11151383196721311,0.11415187914196025
JDP Oram,death,6,9.0,148.0,0.060810810810810814,0.07952100409836066,0.0647917029996512
JDP Oram,death,W,11.0,148.0,0.07432432432432433,0.08016137295081967,0.07556624956400418
JDP Oram,death,Wd,2.0,148.0,0.013513513513513514,0.04340420081967213,0.01987323421695152
JDP Oram,death,Nb,3.0,148.0,0.02027027027027027,0.006570184426229508,0.01735535838855947
JDP Oram,middle,0,55.0,216.0,0.25462962962962965,0.2808889845966761,0.25873265384323063
JDP Oram,middle,1,94.0,216.0,0.4351851851851852,0.4414331678151601,0.43616143247111877
JDP Oram,middle,2,17.0,216.0,0.0787037037037037,0.06664217673287394,0.07681909011451155
JDP Oram,middle,3,0.0,216.0,0.0,0.002286430887717876,0.0003572548262059181
JDP Oram,middle,4,28.0,216.0,0.12962962962962962,0.08739739562221321,0.12303084306597081
JDP Oram,middle,6,10.0,216.0,0.046296296296296294,0.048281059991892986,0.04660641562373328
JDP Oram,middle,W,5.0,216.0,0.023148148148148147,0.04221980137819214,0.026128093965342523
JDP Oram,middle,Wd,4.0,216.0,0.018518518518518517,0.028171868666396434,0.02002685447912444
JDP Oram,middle,Nb,3.0,216.0,0.013888888888888888,0.002679114308877179,0.01213736161076206
JDP Oram,powerplay,0,70.0,190.0,0.3684210526315789,0.4228881521678736,0.3778935916813693
JDP Oram,powerplay,1,54.0,190.0,0.28421052631578947,0.25764450947345025,0.27959034947364353
JDP Oram,powerplay,2,12.0,190.0,0.06315789473684211,0.04384827662845184,0.059799700283209016
JDP Oram,powerplay,3,0.0,190.0,0.0,0.005028429611245902,0.000874509497607983
JDP Oram,powerplay,4,30.0,190.0,0.15789473684210525,0.15223269683107069,0.15691003423149058
JDP Oram,powerplay,6,9.0,190.0,0.04736842105263158,0.040523771600022226,0.046178047234786475
JDP Oram,powerplay,W,7.0,190.0,0.03684210526315789,0.03919952586446391,0.03725209145468938
JDP Oram,powerplay,Wd,7.0,190.0,0.03684210526315789,0.03486563072990943,0.03649837056172338
JDP Oram,powerplay,Nb,1.0,190.0,0.005263157894736842,0.003769007093512122,0.0050033055814803695
JDS Neesham,death,0,23.0,151.0,0.152317880794702,0.21696977459016392,0.16585754441678827
JDS Neesham,death,1,46.0,151.0,0.304635761589404,0.37083760245901637,0.31850002145738565
JDS Neesham,death,2,13.0,151.0,0.08609271523178808,0.08837090163934426,0.08656982233284696
JDS Neesham,death,3,0.0,151.0,0.0,0.002651127049180328,0.0005552098532314823
JDS Neesham,death,4,23.0,151.0,0.152317880794702,0.11151383196721311,0.14377253025491374
JDS Neesham,death,6,21.0,151.0,0.1390728476821192,0.07952100409836066,0.12660125740279804
JDS Neesham,death,W,12.0,151.0,0.07947019867549669,0.08016137295081967,0.07961494721483134
JDS Neesham,death,Wd,13.0,151.0,0.08609271523178808,0.04340420081967213,0.0771527122135439
JDS Neesham,death,Nb,0.0,151.0,0.0,0.006570184426229508,0.00137595485366063
JDS Neesham,middle,0,117.0,444.0,0.2635135135135135,0.2808889845966761,0.2649495028592294
JDS Neesham,middle,1,181.0,444.0,0.40765765765765766,0.4414331678151601,0.4104490221334843
JDS Neesham,middle,2,34.0,444.0,0.07657657657657657,0.06664217673287394,0.07575555179610528
JDS Neesham,middle,3,1.0,444.0,0.0022522522522522522,0.002286430887717876,0.002255076932869246
JDS Neesham,middle,4,53.0,444.0,0.11936936936936937,0.08739739562221321,0.11672705748943911
JDS Neesham,middle,6,24.0,444.0,0.05405405405405406,0.048281059991892986,0.05357694710676801
JDS Neesham,middle,W,20.0,444.0,0.04504504504504504,0.04221980137819214,0.04481155383290844
JDS Neesham,middle,Wd,12.0,444.0,0.02702702702702703,0.028171868666396434,0.02712164203854516
JDS Neesham,middle,Nb,2.0,444.0,0.0045045045045045045,0.002679114308877179,0.004353645810651007
JDS Neesham,powerplay,0,32.0,80.0,0.4,0.4228881521678736,0.4076293840559579
JDS Neesham,powerplay,1,19.0,80.0,0.2375,0.25764450947345025,0.24421483649115008
JDS Neesham,powerplay,2,3.0,80.0,0.0375,0.04384827662845184,0.03961609220948394
JDS Neesham,powerplay,3,0.0,80.0,0.0,0.005028429611245902,0.001676143203748634
JDS Neesham,powerplay,4,17.0,80.0,0.2125,0.15223269683107069,0.19241089894369023
JDS Neesham,powerplay,6,6.0,80.0,0.075,0.040523771600022226,0.06350792386667407
JDS Neesham,powerplay,W,1.0,80.0,0.0125,0.03919952586446391,0.021399841954821305
JDS Neesham,powerplay,Wd,2.0,80.0,0.025,0.03486563072990943,0.028288543576636477
JDS Neesham,powerplay,Nb,0.0,80.0,0.0,0.003769007093512122,0.0012563356978373742
JE Root,middle,0,12.0,67.0,0.1791044776119403,0.2808889845966761,0.21715476059688826
JE Root,middle,1,28.0,67.0,0.417910447761194,0.4414331678151601,0.4267039879682842
JE Root,middle,2,7.0,67.0,0.1044776119402985,0.06664217673287394,0.09033352401228932
JE Root,middle,3,1.0,67.0,0.014925373134328358,0.002286430887717876,0.010200534911296404
JE Root,middle,4,7.0,67.0,0.1044776119402985,0.08739739562221321,0.0980924843447526
JE Root,middle,6,6.0,67.0,0.08955223880597014,0.048281059991892986,0.0741237607446329
JE Root,middle,W,3.0,67.0,0.04477611940298507,0.04221980137819214,0.04382048649652043
JE Root,middle,Wd,3.0,67.0,0.04477611940298507,0.028171868666396434,0.03856892286594259
JE Root,middle,Nb,0.0,67.0,0.0,0.002679114308877179,0.0010015380593933379
JE Root,powerplay,0,9.0,17.0,0.5294117647058824,0.4228881521678736,0.45465835239850777
JE Root,powerplay,1,2.0,17.0,0.11764705882352941,0.25764450947345025,0.21589088384101773
JE Root,powerplay,2,0.0,17.0,0.0,0.04384827662845184,0.030770720441018834
JE Root,powerplay,3,0.0,17.0,0.0,0.005028429611245902,0.0035287225342076505
JE Root,powerplay,4,5.0,17.0,0.29411764705882354,0.15223269683107069,0.1945492609340847
JE Root,powerplay,6,0.0,17.0,0.0,0.040523771600022226,0.02843773445615595
JE Root,powerplay,W,1.0,17.0,0.058823529411764705,0.03919952586446391,0.045052298852255375
JE Root,powerplay,Wd,0.0,17.0,0.0,0.03486563072990943,0.024467109284146974
JE Root,powerplay,Nb,0.0,17.0,0.0,0.003769007093512122,0.002644917258604998
JE Taylor,death,0,41.0,186.0,0.22043010752688172,0.21696977459016392,0.21981765921949806
JE Taylor,death,1,58.0,186.0,0.3118279569892473,0.37083760245901637,0.32227214202814447
JE Taylor,death,2,24.0,186.0,0.12903225806451613,0.08837090163934426,0.12183555781227332
JE Taylor,death,3,0.0,186.0,0.0,0.002651127049180328,0.00046922602640359784
JE Taylor,death,4,22.0,186.0,0.11827956989247312,0.11151383196721311,0.11708209415348905
JE Taylor,death,6,13.0,186.0,0.06989247311827956,0.07952100409836066,0.07159663789351517
JE Taylor,death,W,18.0,186.0,0.0967741935483871,0.08016137295081967,0.09383387131872914
JE Taylor,death,Wd,10.0,186.0,0.053763440860215055,0.04340420081967213,0.05192994704772958
JE Taylor,death,Nb,0.0,186.0,0.0,0.006570184426229508,0.0011628645002176121
JE Taylor,middle,0,20.0,63.0,0.31746031746031744,0.2808889845966761,0.30325785809579653
JE Taylor,middle,1,26.0,63.0,0.4126984126984127,0.4414331678151601,0.42385754089909133
JE Taylor,middle,2,6.0,63.0,0.09523809523809523,0.06664217673287394,0.08413288416810638
JE Taylor,middle,3,0.0,63.0,0.0,0.002286430887717876,0.0008879343253273305
JE Taylor,middle,4,4.0,63.0,0.06349206349206349,0.08739739562221321,0.07277568762027697
JE Taylor,middle,6,4.0,63.0,0.06349206349206349,0.048281059991892986,0.057584877666754554
JE Taylor,middle,W,0.0,63.0,0.0,0.04221980137819214,0.016396039370171703
JE Taylor,middle,Wd,3.0,63.0,0.047619047619047616,0.028171868666396434,0.04006674511316366
JE Taylor,middle,Nb,0.0,63.0,0.0,0.002679114308877179,0.0010404327413115258
JE Taylor,powerplay,0,138.0,339.0,0.40707964601769914,0.4228881521678736,0.4087480899385619
JE Taylor,powerplay,1,79.0,339.0,0.23303834808259588,0.25764450947345025,0.2356353044299156
JE Taylor,powerplay,2,18.0,339.0,0.05309734513274336,0.04384827662845184,0.05212119014548304
JE Taylor,powerplay,3,3.0,339.0,0.008849557522123894,0.005028429611245902,0.008446272254485056
JE Taylor,powerplay,4,56.0,339.0,0.16519174041297935,0.15223269683107069,0.1638240313278175
JE Taylor,powerplay,6,10.0,339.0,0.029498525073746312,0.040523771600022226,0.03066213948285195
JE Taylor,powerplay,W,14.0,339.0,0.04129793510324484,0.03919952586446391,0.04107646710970595
JE Taylor,powerplay,Wd,18.0,339.0,0.05309734513274336,0.03486563072990943,0.051173153639040576
JE Taylor,powerplay,Nb,3.0,339.0,0.008849557522123894,0.003769007093512122,0.008313351672138482
JEC Franklin,death,0,11.0,64.0,0.171875,0.21696977459016392,0.18921914407313997
JEC Franklin,death,1,28.0,64.0,0.4375,0.37083760245901637,0.41186061633039095
JEC Franklin,death,2,4.0,64.0,0.0625,0.08837090163934426,0.07245034678436318
JEC Franklin,death,3,0.0,64.0,0.0,0.002651127049180328,0.0010196642496847414
JEC Franklin,death,4,8.0,64.0,0.125,0.11151383196721311,0.11981301229508198
JEC Franklin,death,6,5.0,64.0,0.078125,0.07952100409836066,0.07866192465321564
JEC Franklin,death,W,7.0,64.0,0.109375,0.08016137295081967,0.0981389895964691
JEC Franklin,death,Wd,1.0,64.0,0.015625,0.04340420081967213,0.026309308007566205
JEC Franklin,death,Nb,0.0,64.0,0.0,0.006570184426229508,0.0025269940100882725
JEC Franklin,middle,0,51.0,211.0,0.24170616113744076,0.2808889845966761,0.24795043579229897
JEC Franklin,middle,1,94.0,211.0,0.44549763033175355,0.4414331678151601,0.44484990722153944
JEC Franklin,middle,2,17.0,211.0,0.08056872037914692,0.06664217673287394,0.07834935087376477
JEC Franklin,middle,3,1.0,211.0,0.004739336492890996,0.002286430887717876,0.004348435201229941
JEC Franklin,middle,4,26.0,211.0,0.12322274881516587,0.08739739562221321,0.11751352918282282
JEC Franklin,middle,6,4.0,211.0,0.018957345971563982,0.048281059991892986,0.023630447807472987
JEC Franklin,middle,W,12.0,211.0,0.05687203791469194,0.04221980137819214,0.05453702013995094
JEC Franklin,middle,Wd,3.0,211.0,0.014218009478672985,0.028171868666396434,0.01644173205838987
JEC Franklin,middle,Nb,3.0,211.0,0.014218009478672985,0.002679114308877179,0.012379141722530228
JEC Franklin,powerplay,0,31.0,76.0,0.40789473684210525,0.4228881521678736,0.4130648800578875
JEC Franklin,powerplay,1,17.0,76.0,0.2236842105263158,0.25764450947345025,0.23539465843912077
JEC Franklin,powerplay,2,7.0,76.0,0.09210526315789473,0.04384827662845184,0.07546492297532822
JEC Franklin,powerplay,3,1.0,76.0,0.013157894736842105,0.005028429611245902,0.01035463090042962
JEC Franklin,powerplay,4,9.0,76.0,0.11842105263157894,0.15223269683107069,0.1300802402865761
JEC Franklin,powerplay,6,5.0,76.0,0.06578947368421052,0.040523771600022226,0.05707716262069732
JEC Franklin,powerplay,W,3.0,76.0,0.039473684210526314,0.03919952586446391,0.039379146849815146
JEC Franklin,powerplay,Wd,2.0,76.0,0.02631578947368421,0.03486563072990943,0.029264010596520496
JEC Franklin,powerplay,Nb,1.0,76.0,0.013157894736842105,0.003769007093512122,0.00992034727362487
JG Bethell,death,0,4.0,13.0,0.3076923076923077,0.21696977459016392,0.23922247138880298
JG Bethell,death,1,5.0,13.0,0.38461538461538464,0.37083760245901637,0.37421705845963504
JG Bethell,death,2,0.0,13.0,0.0,0.08837090163934426,0.06669502010516548
JG Bethell,death,3,0.0,13.0,0.0,0.002651127049180328,0.0020008506031549645
JG Bethell,death,4,0.0,13.0,0.0,0.11151383196721311,0.08416138261676462
JG Bethell,death,6,0.0,13.0,0.0,0.07952100409836066,0.06001585214970616
JG Bethell,death,W,4.0,13.0,0.3076923076923077,0.08016137295081967,0.1359708475100526
JG Bethell,death,Wd,0.0,13.0,0.0,0.04340420081967213,0.03275788741107331
JG Bethell,death,Nb,0.0,13.0,0.0,0.006570184426229508,0.004958629755644912
JG Bethell,middle,0,14.0,60.0,0.23333333333333334,0.2808889845966761,0.25235559383867046
JG Bethell,middle,1,21.0,60.0,0.35,0.4414331678151601,0.38657326712606405
JG Bethell,middle,2,7.0,60.0,0.11666666666666667,0.06664217673287394,0.09665687069314957
JG Bethell,middle,3,0.0,60.0,0.0,0.002286430887717876,0.0009145723550871504
JG Bethell,middle,4,9.0,60.0,0.15,0.08739739562221321,0.12495895824888528
JG Bethell,middle,6,5.0,60.0,0.08333333333333333,0.048281059991892986,0.06931242399675719
JG Bethell,middle,W,3.0,60.0,0.05,0.04221980137819214,0.04688792055127686
JG Bethell,middle,Wd,1.0,60.0,0.016666666666666666,0.028171868666396434,0.02126874746655857
JG Bethell,middle,Nb,0.0,60.0,0.0,0.002679114308877179,0.0010716457235508715
JH Kallis,death,0,66.0,344.0,0.19186046511627908,0.21696977459016392,0.19447601818647542
JH Kallis,death,1,134.0,344.0,0.38953488372093026,0.37083760245901637,0.38758725025614754
JH Kallis,death,2,28.0,344.0,0.08139534883720931,0.08837090163934426,0.08212196892076502
JH Kallis,death,3,1.0,344.0,0.0029069767441860465,0.002651127049180328,0.002880325734289618
JH Kallis,death,4,57.0,344.0,0.16569767441860464,0.11151383196721311,0.16005352416325136
JH Kallis,death,6,22.0,344.0,0.06395348837209303,0.07952100409836066,0.06557510459357924
JH Kallis,death,W,24.0,344.0,0.06976744186046512,0.08016137295081967,0.07085014301571038
JH Kallis,death,Wd,8.0,344.0,0.023255813953488372,0.04340420081967213,0.02535460425204918
JH Kallis,death,Nb,4.0,344.0,0.011627906976744186,0.006570184426229508,0.011101060877732239
JH Kallis,middle,0,292.0,928.0,0.3146551724137931,0.2808889845966761,0.31325987539655686
JH Kallis,middle,1,406.0,928.0,0.4375,0.4414331678151601,0.43766252759566776
JH Kallis,middle,2,53.0,928.0,0.057112068965517244,0.06664217673287394,0.05750587507160636
JH Kallis,middle,3,1.0,928.0,0.0010775862068965517,0.002286430887717876,0.001127538466434623
JH Kallis,middle,4,99.0,928.0,0.10668103448275862,0.08739739562221321,0.10588418990174435
JH Kallis,middle,6,27.0,928.0,0.029094827586206896,0.048281059991892986,0.029887647107103014
JH Kallis,middle,W,25.0,928.0,0.02693965517241379,0.04221980137819214,0.027571066172652568
JH Kallis,middle,Wd,22.0,928.0,0.023706896551724137,0.028171868666396434,0.023891399531669275
JH Kallis,middle,Nb,3.0,928.0,0.003232758620689655,0.002679114308877179,0.003209880756565173
JH Kallis,powerplay,0,209.0,531.0,0.3935969868173258,0.4228881521678736,0.39564890733225033
JH Kallis,powerplay,1,160.0,531.0,0.3013182674199623,0.25764450947345025,0.29825880977046937
JH Kallis,powerplay,2,28.0,531.0,0.05273069679849341,0.04384827662845184,0.05210846070952377
JH Kallis,powerplay,3,2.0,531.0,0.003766478342749529,0.005028429611245902,0.0038548812337124974
JH Kallis,powerplay,4,81.0,531.0,0.15254237288135594,0.15223269683107069,0.15252067928764068
JH Kallis,powerplay,6,9.0,531.0,0.01694915254237288,0.040523771600022226,0.018600614472856197
JH Kallis,powerplay,W,21.0,531.0,0.03954802259887006,0.03919952586446391,0.03952360951765071
JH Kallis,powerplay,Wd,19.0,531.0,0.035781544256120526,0.03486563072990943,0.035717382187734466
JH Kallis,powerplay,Nb,2.0,531.0,0.003766478342749529,0.003769007093512122,0.00376665548816197
JJ Bumrah,death,0,471.0,1839.0,0.2561174551386623,0.21696977459016392,0.255284082481962
JJ Bumrah,death,1,715.0,1839.0,0.3887982599238717,0.37083760245901637,0.3884159149006709
JJ Bumrah,death,2,167.0,1839.0,0.09081022294725394,0.08837090163934426,0.09075829487257783
JJ Bumrah,death,3,6.0,1839.0,0.0032626427406199023,0.002651127049180328,0.0032496248440485437
JJ Bumrah,death,4,187.0,1839.0,0.10168569874932028,0.11151383196721311,0.10189491925422488
JJ Bumrah,death,6,83.0,1839.0,0.04513322457857531,0.07952100409836066,0.04586526884722428
JJ Bumrah,death,W,146.0,1839.0,0.07939097335508428,0.08016137295081967,0.07940737355935752
JJ Bumrah,death,Wd,44.0,1839.0,0.02392604676454595,0.04340420081967213,0.024340696132403878
JJ Bumrah,death,Nb,20.0,1839.0,0.010875475802066341,0.006570184426229508,0.010783825107530166
JJ Bumrah,middle,0,378.0,1081.0,0.34967622571692875,0.2808889845966761,0.3472217300480527
JJ Bumrah,middle,1,419.0,1081.0,0.3876040703052729,0.4414331678151601,0.38952482311561676
JJ Bumrah,middle,2,65.0,1081.0,0.060129509713228495,0.06664217673287394,0.06036189747485723
JJ Bumrah,middle,3,2.0,1081.0,0.0018501387604070306,0.002286430887717876,0.0018657067221308785
JJ Bumrah,middle,4,100.0,1081.0,0.09250693802035152,0.08739739562221321,0.09232461714976675
JJ Bumrah,middle,6,27.0,1081.0,0.02497687326549491,0.048281059991892986,0.025808423193287883
JJ Bumrah,middle,W,61.0,1081.0,0.056429232192414434,0.04221980137819214,0.055922205223129066
JJ Bumrah,middle,Wd,21.0,1081.0,0.01942645698427382,0.028171868666396434,0.01973851449300255
JJ Bumrah,middle,Nb,8.0,1081.0,0.0074005550416281225,0.002679114308877179,0.007232082580156188
JJ Bumrah,powerplay,0,817.0,1788.0,0.4569351230425056,0.4228881521678736,0.45619011273890314
JJ Bumrah,powerplay,1,479.0,1788.0,0.26789709172259507,0.25764450947345025,0.26767274637797484
JJ Bumrah,powerplay,2,78.0,1788.0,0.0436241610738255,0.04384827662845184,0.043629065134101794
JJ Bumrah,powerplay,3,9.0,1788.0,0.0050335570469798654,0.005028429611245902,0.005033444849261398
JJ Bumrah,powerplay,4,230.0,1788.0,0.12863534675615212,0.15223269683107069,0.12915170014947638
JJ Bumrah,powerplay,6,51.0,1788.0,0.028523489932885907,0.040523771600022226,0.028786078153173352
JJ Bumrah,powerplay,W,64.0,1788.0,0.035794183445190156,0.03919952586446391,0.03586869859659658
JJ Bumrah,powerplay,Wd,47.0,1788.0,0.026286353467561523,0.03486563072990943,0.026474083823411584
JJ Bumrah,powerplay,Nb,13.0,1788.0,0.00727069351230425,0.003769007093512122,0.007194070177100922
JJ van der Wath,death,0,22.0,77.0,0.2857142857142857,0.21696977459016392,0.262211888748774
JJ van der Wath,death,1,25.0,77.0,0.3246753246753247,0.37083760245901637,0.3404572999859885
JJ van der Wath,death,2,4.0,77.0,0.05194805194805195,0.08837090163934426,0.06440030825276727
JJ van der Wath,death,3,2.0,77.0,0.025974025974025976,0.002651127049180328,0.018000385315959086
JJ van der Wath,death,4,13.0,77.0,0.16883116883116883,0.11151383196721311,0.14923549810844894
JJ van der Wath,death,6,4.0,77.0,0.05194805194805195,0.07952100409836066,0.0613747022558498
JJ van der Wath,death,W,7.0,77.0,0.09090909090909091,0.08016137295081967,0.08723465741908365
JJ van der Wath,death,Wd,0.0,77.0,0.0,0.04340420081967213,0.014839043015272524
JJ van der Wath,death,Nb,0.0,77.0,0.0,0.006570184426229508,0.002246216897856242
JJ van der Wath,middle,0,13.0,51.0,0.2549019607843137,0.2808889845966761,0.26632482839414334
JJ van der Wath,middle,1,19.0,51.0,0.37254901960784315,0.4414331678151601,0.40282776607259785
JJ van der Wath,middle,2,1.0,51.0,0.0196078431372549,0.06664217673287394,0.040282275486977555
JJ van der Wath,middle,3,0.0,51.0,0.0,0.002286430887717876,0.0010050245660298356
JJ van der Wath,middle,4,8.0,51.0,0.1568627450980392,0.08739739562221321,0.12632852554822557
JJ van der Wath,middle,6,5.0,51.0,0.09803921568627451,0.048281059991892986,0.07616749889753538
JJ van der Wath,middle,W,2.0,51.0,0.0392156862745098,0.04221980137819214,0.04053617642997457
JJ van der Wath,middle,Wd,3.0,51.0,0.058823529411764705,0.028171868666396434,0.045350271941273154
JJ van der Wath,middle,Nb,0.0,51.0,0.0,0.002679114308877179,0.001177632663242716
JJ van der Wath,powerplay,0,26.0,47.0,0.5531914893617021,0.4228881521678736,0.49328190904270053
JJ van der Wath,powerplay,1,6.0,47.0,0.1276595744680851,0.25764450947345025,0.18742276297629898
JJ van der Wath,powerplay,2,2.0,47.0,0.0425531914893617,0.04384827662845184,0.043148632932621535
JJ van der Wath,powerplay,3,0.0,47.0,0.0,0.005028429611245902,0.0023119216603429433
JJ van der Wath,powerplay,4,8.0,47.0,0.1702127659574468,0.15223269683107069,0.16194606750853824
JJ van der Wath,powerplay,6,1.0,47.0,0.02127659574468085,0.040523771600022226,0.03012587200001022
JJ van der Wath,powerplay,W,1.0,47.0,0.02127659574468085,0.03919952586446391,0.02951702338596042
JJ van der Wath,powerplay,Wd,2.0,47.0,0.0425531914893617,0.03486563072990943,0.03901868079536066
JJ van der Wath,powerplay,Nb,1.0,47.0,0.02127659574468085,0.003769007093512122,0.013227129698166492
JL Denly,death,0,2.0,11.0,0.18181818181818182,0.21696977459016392,0.20938805850208936
JL Denly,death,1,3.0,11.0,0.2727272727272727,0.37083760245901637,0.3496765509482482
JL Denly,death,2,0.0,11.0,0.0,0.08837090163934426,0.06931051108968177
JL Denly,death,3,0.0,11.0,0.0,0.002651127049180328,0.0020793153326904533
JL Denly,death,4,0.0,11.0,0.0,0.11151383196721311,0.08746182899389264
JL Denly,death,6,3.0,11.0,0.2727272727272727,0.07952100409836066,0.12119294439087111
JL Denly,death,W,3.0,11.0,0.2727272727272727,0.08016137295081967,0.12169519447123112
JL Denly,death,Wd,0.0,11.0,0.0,0.04340420081967213,0.03404251044680168
JL Denly,death,Nb,0.0,11.0,0.0,0.006570184426229508,0.005153085824493732
JL Denly,middle,0,10.0,36.0,0.2777777777777778,0.2808889845966761,0.27941525505088216
JL Denly,middle,1,18.0,36.0,0.5,0.4414331678151601,0.4691753514816632
JL Denly,middle,2,0.0,36.0,0.0,0.06664217673287394,0.03507482985940733
JL Denly,middle,3,0.0,36.0,0.0,0.002286430887717876,0.0012033846777462504
JL Denly,middle,4,3.0,36.0,0.08333333333333333,0.08739739562221321,0.08547231348537537
JL Denly,middle,6,2.0,36.0,0.05555555555555555,0.048281059991892986,0.05172687367994368
JL Denly,middle,W,2.0,36.0,0.05555555555555555,0.04221980137819214,0.04853673756746955
JL Denly,middle,Wd,1.0,36.0,0.027777777777777776,0.028171868666396434,0.02798519403494549
JL Denly,middle,Nb,0.0,36.0,0.0,0.002679114308877179,0.0014100601625669361
JL Denly,powerplay,0,1.0,3.0,0.3333333333333333,0.4228881521678736,0.41664014155151036
JL Denly,powerplay,1,1.0,3.0,0.3333333333333333,0.25764450947345025,0.2629251250915816
JL Denly,powerplay,2,0.0,3.0,0.0,0.04384827662845184,0.04078909453809473
JL Denly,powerplay,3,0.0,3.0,0.0,0.005028429611245902,0.004677608940693862
JL Denly,powerplay,4,0.0,3.0,0.0,0.15223269683107069,0.14161181100564715
JL Denly,powerplay,6,0.0,3.0,0.0,0.040523771600022226,0.03769653172095091
JL Denly,powerplay,W,1.0,3.0,0.3333333333333333,0.03919952586446391,0.0597204891762455
JL Denly,powerplay,Wd,0.0,3.0,0.0,0.03486563072990943,0.032433144865032036
JL Denly,powerplay,Nb,0.0,3.0,0.0,0.003769007093512122,0.0035060531102438348
JL Pattinson,death,0,11.0,45.0,0.24444444444444444,0.21696977459016392,0.2315151880424301
JL Pattinson,death,1,16.0,45.0,0.35555555555555557,0.37083760245901637,0.3627471070395371
JL Pattinson,death,2,2.0,45.0,0.044444444444444446,0.08837090163934426,0.06511571841851495
JL Pattinson,death,3,0.0,45.0,0.0,0.002651127049180328,0.0012475891996142718
JL Pattinson,death,4,5.0,45.0,0.1111111111111111,0.11151383196721311,0.1113006268081003
JL Pattinson,death,6,6.0,45.0,0.13333333333333333,0.07952100409836066,0.1080098842815815
JL Pattinson,death,W,3.0,45.0,0.06666666666666667,0.08016137295081967,0.07301711668273866
JL Pattinson,death,Wd,2.0,45.0,0.044444444444444446,0.04340420081967213,0.04395491803278689
JL Pattinson,death,Nb,0.0,45.0,0.0,0.006570184426229508,0.0030918514946962393
JL Pattinson,middle,0,32.0,112.0,0.2857142857142857,0.2808889845966761,0.28444446963070424
JL Pattinson,middle,1,40.0,112.0,0.35714285714285715,0.4414331678151601,0.3793245178460948
JL Pattinson,middle,2,11.0,112.0,0.09821428571428571,0.06664217673287394,0.08990583598233524
JL Pattinson,middle,3,0.0,112.0,0.0,0.002286430887717876,0.0006016923388731252
JL Pattinson,middle,4,11.0,112.0,0.09821428571428571,0.08739739562221321,0.0953677356900561
JL Pattinson,middle,6,8.0,112.0,0.07142857142857142,0.048281059991892986,0.06533712105049816
JL Pattinson,middle,W,5.0,112.0,0.044642857142857144,0.04221980137819214,0.044005210888997934
JL Pattinson,middle,Wd,5.0,112.0,0.044642857142857144,0.028171868666396434,0.04030838649115696
JL Pattinson,middle,Nb,0.0,112.0,0.0,0.002679114308877179,0.0007050300812834681
JL Pattinson,powerplay,0,51.0,126.0,0.40476190476190477,0.4228881521678736,0.4091296752211744
JL Pattinson,powerplay,1,27.0,126.0,0.21428571428571427,0.25764450947345025,0.22473361674059042
JL Pattinson,powerplay,2,12.0,126.0,0.09523809523809523,0.04384827662845184,0.08285500641649442
JL Pattinson,powerplay,3,1.0,126.0,0.007936507936507936,0.005028429611245902,0.007235766171384554
JL Pattinson,powerplay,4,23.0,126.0,0.18253968253968253,0.15223269683107069,0.17523679441712547
JL Pattinson,powerplay,6,1.0,126.0,0.007936507936507936,0.040523771600022226,0.01578886062651138
JL Pattinson,powerplay,W,4.0,126.0,0.031746031746031744,0.03919952586446391,0.033542054425172024
JL Pattinson,powerplay,Wd,7.0,126.0,0.05555555555555555,0.03486563072990943,0.05057003150118299
JL Pattinson,powerplay,Nb,0.0,126.0,0.0,0.003769007093512122,0.0009081944803643669
JM Kemp,death,0,0.0,1.0,0.0,0.21696977459016392,0.21167782886845263
JM Kemp,death,1,1.0,1.0,1.0,0.37083760245901637,0.38618302678928423
JM Kemp,death,2,0.0,1.0,0.0,0.08837090163934426,0.0862155137944822
JM Kemp,death,3,0.0,1.0,0.0,0.002651127049180328,0.0025864654138344663
JM Kemp,death,4,0.0,1.0,0.0,0.11151383196721311,0.10879398240703719
JM Kemp,death,6,0.0,1.0,0.0,0.07952100409836066,0.07758146741303479
JM Kemp,death,W,0.0,1.0,0.0,0.08016137295081967,0.0782062175129948
JM Kemp,death,Wd,0.0,1.0,0.0,0.04340420081967213,0.042345561775289885
JM Kemp,death,Nb,0.0,1.0,0.0,0.006570184426229508,0.0064099360255897644
JM Kemp,middle,0,10.0,33.0,0.30303030303030304,0.2808889845966761,0.29089807375160337
JM Kemp,middle,1,11.0,33.0,0.3333333333333333,0.4414331678151601,0.3925661193507727
JM Kemp,middle,2,2.0,33.0,0.06060606060606061,0.06664217673287394,0.06391352149746517
JM Kemp,middle,3,0.0,33.0,0.0,0.002286430887717876,0.0012528388425851376
JM Kemp,middle,4,5.0,33.0,0.15151515151515152,0.08739739562221321,0.11638213458751408
JM Kemp,middle,6,1.0,33.0,0.030303030303030304,0.048281059991892986,0.04015400547500985
JM Kemp,middle,W,2.0,33.0,0.06060606060606061,0.04221980137819214,0.05053139801544775
JM Kemp,middle,Wd,2.0,33.0,0.06060606060606061,0.028171868666396434,0.042833900639121326
JM Kemp,middle,Nb,0.0,33.0,0.0,0.002679114308877179,0.001468007840480646
JO Holder,death,0,137.0,756.0,0.18121693121693122,0.21696977459016392,0.18301355651206852
JO Holder,death,1,288.0,756.0,0.38095238095238093,0.37083760245901637,0.38044410062608125
JO Holder,death,2,75.0,756.0,0.0992063492063492,0.08837090163934426,0.0986618543537359
JO Holder,death,3,1.0,756.0,0.0013227513227513227,0.002651127049180328,0.0013895038718181071
JO Holder,death,4,84.0,756.0,0.1111111111111111,0.11151383196721311,0.11113134834006096
JO Holder,death,6,58.0,756.0,0.07671957671957672,0.07952100409836066,0.07686035196474174
JO Holder,death,W,64.0,756.0,0.08465608465608465,0.08016137295081967,0.08443021974627235
JO Holder,death,Wd,45.0,756.0,0.05952380952380952,0.04340420081967213,0.05871377893566192
JO Holder,death,Nb,4.0,756.0,0.005291005291005291,0.006570184426229508,0.005355285649559271
JO Holder,middle,0,253.0,981.0,0.2579001019367992,0.2808889845966761,0.2588007437648061
JO Holder,middle,1,440.0,981.0,0.44852191641182465,0.4414331678151601,0.4482441985431992
JO Holder,middle,2,63.0,981.0,0.06422018348623854,0.06664217673287394,0.06431507058698821
JO Holder,middle,3,2.0,981.0,0.0020387359836901123,0.002286430887717876,0.002048439995601092
JO Holder,middle,4,101.0,981.0,0.10295616717635066,0.08739739562221321,0.10234661687060581
JO Holder,middle,6,37.0,981.0,0.03771661569826707,0.048281059991892986,0.03813050186060305
JO Holder,middle,W,43.0,981.0,0.04383282364933741,0.04221980137819214,0.04376962982872447
JO Holder,middle,Wd,40.0,981.0,0.040774719673802244,0.028171868666396434,0.04028097428663649
JO Holder,middle,Nb,2.0,981.0,0.0020387359836901123,0.002679114308877179,0.002063824262835541
JO Holder,powerplay,0,336.0,894.0,0.37583892617449666,0.4228881521678736,0.37785388231982325
JO Holder,powerplay,1,227.0,894.0,0.2539149888143177,0.25764450947345025,0.25407471132648607
JO Holder,powerplay,2,50.0,894.0,0.05592841163310962,0.04384827662845184,0.05541106109757824
JO Holder,powerplay,3,3.0,894.0,0.003355704697986577,0.005028429611245902,0.003427341739239653
JO Holder,powerplay,4,158.0,894.0,0.1767337807606264,0.15223269683107069,0.17568448380432852
JO Holder,powerplay,6,43.0,894.0,0.04809843400447427,0.040523771600022226,0.04777403732762408
JO Holder,powerplay,W,31.0,894.0,0.03467561521252797,0.03919952586446391,0.03486935870939888
JO Holder,powerplay,Wd,44.0,894.0,0.049217002237136466,0.03486563072990943,0.048602382472372994
JO Holder,powerplay,Nb,2.0,894.0,0.0022371364653243847,0.003769007093512122,0.002302741203148271
JP Behrendorff,death,0,16.0,113.0,0.1415929203539823,0.21696977459016392,0.16129928747455266
JP Behrendorff,death,1,40.0,113.0,0.35398230088495575,0.37083760245901637,0.35838891567555986
JP Behrendorff,death,2,9.0,113.0,0.07964601769911504,0.08837090163934426,0.0819270331083253
JP Behrendorff,death,3,0.0,113.0,0.0,0.002651127049180328,0.0006931051108968177
JP Behrendorff,death,4,13.0,113.0,0.11504424778761062,0.11151383196721311,0.11412126325940213
JP Behrendorff,death,6,15.0,113.0,0.13274336283185842,0.07952100409836066,0.11882902067930998
JP Behrendorff,death,W,14.0,113.0,0.12389380530973451,0.08016137295081967,0.11246048966034501
JP Behrendorff,death,Wd,6.0,113.0,0.05309734513274336,0.04340420081967213,0.05056318975677703
JP Behrendorff,death,Nb,0.0,113.0,0.0,0.006570184426229508,0.0017176952748312441
JP Behrendorff,middle,0,32.0,122.0,0.26229508196721313,0.2808889845966761,0.2668861690362163
JP Behrendorff,middle,1,54.0,122.0,0.4426229508196721,0.4414331678151601,0.44232917723831117
JP Behrendorff,middle,2,10.0,122.0,0.08196721311475409,0.06664217673287394,0.07818325351428985
JP Behrendorff,middle,3,0.0,122.0,0.0,0.002286430887717876,0.0005645508364735496
JP Behrendorff,middle,4,12.0,122.0,0.09836065573770492,0.08739739562221321,0.09565367793141066
JP Behrendorff,middle,6,5.0,122.0,0.040983606557377046,0.048281059991892986,0.04278544691157851
JP Behrendorff,middle,W,5.0,122.0,0.040983606557377046,0.04221980137819214,0.041288839846467196
JP Behrendorff,middle,Wd,4.0,122.0,0.03278688524590164,0.028171868666396434,0.03164737497935714
JP Behrendorff,middle,Nb,0.0,122.0,0.0,0.002679114308877179,0.0006615097058955997
JP Behrendorff,powerplay,0,174.0,400.0,0.435,0.4228881521678736,0.43389892292435217
JP Behrendorff,powerplay,1,96.0,400.0,0.24,0.25764450947345025,0.2416040463157682
JP Behrendorff,powerplay,2,14.0,400.0,0.035,0.04384827662845184,0.035804388784404714
JP Behrendorff,powerplay,3,4.0,400.0,0.01,0.005028429611245902,0.009548039055567809
JP Behrendorff,powerplay,4,60.0,400.0,0.15,0.15223269683107069,0.15020297243918826
JP Behrendorff,powerplay,6,23.0,400.0,0.0575,0.040523771600022226,0.05595670650909293
JP Behrendorff,powerplay,W,19.0,400.0,0.0475,0.03919952586446391,0.04674541144222399
JP Behrendorff,powerplay,Wd,8.0,400.0,0.02,0.03486563072990943,0.02135142097544631
JP Behrendorff,powerplay,Nb,2.0,400.0,0.005,0.003769007093512122,0.004888091553955648
JP Duminy,death,0,16.0,75.0,0.21333333333333335,0.21696977459016392,0.21459818246614398
JP Duminy,death,1,33.0,75.0,0.44,0.37083760245901637,0.4159435138987883
JP Duminy,death,2,6.0,75.0,0.08,0.08837090163934426,0.08291161796151104
JP Duminy,death,3,0.0,75.0,0.0,0.002651127049180328,0.0009221311475409836
JP Duminy,death,4,6.0,75.0,0.08,0.11151383196721311,0.09096133285816109
JP Duminy,death,6,7.0,75.0,0.09333333333333334,0.07952100409836066,0.08852904490377762
JP Duminy,death,W,3.0,75.0,0.04,0.08016137295081967,0.0539691732002851
JP Duminy,death,Wd,3.0,75.0,0.04,0.04340420081967213,0.04118406985032074
JP Duminy,death,Nb,1.0,75.0,0.013333333333333334,0.006570184426229508,0.010980933713471133
JP Duminy,middle,0,200.0,745.0,0.2684563758389262,0.2808889845966761,0.2690898845654357
JP Duminy,middle,1,364.0,745.0,0.4885906040268456,0.4414331678151601,0.48618767734089985
JP Duminy,middle,2,59.0,745.0,0.07919463087248323,0.06664217673287394,0.07855501537492351
JP Duminy,middle,3,0.0,745.0,0.0,0.002286430887717876,0.0001165060324951784
JP Duminy,middle,4,48.0,745.0,0.06442953020134229,0.08739739562221321,0.06559986729285162
JP Duminy,middle,6,24.0,745.0,0.032214765100671144,0.048281059991892986,0.0330334298085041
JP Duminy,middle,W,26.0,745.0,0.0348993288590604,0.04221980137819214,0.03527234656704164
JP Duminy,middle,Wd,23.0,745.0,0.03087248322147651,0.028171868666396434,0.03073487228873358
JP Duminy,middle,Nb,1.0,745.0,0.0013422818791946308,0.002679114308877179,0.0014104007291147608
JP Duminy,powerplay,0,82.0,214.0,0.38317757009345793,0.4228881521678736,0.38943120506580686
JP Duminy,powerplay,1,70.0,214.0,0.32710280373831774,0.25764450947345025,0.3161644896808583
JP Duminy,powerplay,2,7.0,214.0,0.03271028037383177,0.04384827662845184,0.03446429553203966
JP Duminy,powerplay,3,0.0,214.0,0.0,0.005028429611245902,0.0007918786789363625
JP Duminy,powerplay,4,33.0,214.0,0.1542056074766355,0.15223269683107069,0.1538949128867828
JP Duminy,powerplay,6,11.0,214.0,0.0514018691588785,0.040523771600022226,0.04968878292913736
JP Duminy,powerplay,W,6.0,214.0,0.028037383177570093,0.03919952586446391,0.029795200923537626
JP Duminy,powerplay,Wd,5.0,214.0,0.02336448598130841,0.03486563072990943,0.025175689878725895
JP Duminy,powerplay,Nb,0.0,214.0,0.0,0.003769007093512122,0.0005935444241751374
JP Faulkner,death,0,119.0,642.0,0.1853582554517134,0.21696977459016392,0.1872123034950243
JP Faulkner,death,1,233.0,642.0,0.3629283489096573,0.37083760245901637,0.36339223474832943
JP Faulkner,death,2,88.0,642.0,0.13707165109034267,0.08837090163934426,0.13421530214893515
JP Faulkner,death,3,2.0,642.0,0.003115264797507788,0.002651127049180328,0.003088042642180664
JP Faulkner,death,4,68.0,642.0,0.1059190031152648,0.11151383196721311,0.10624714556992453
JP Faulkner,death,6,51.0,642.0,0.0794392523364486,0.07952100409836066,0.07944404716119417
JP Faulkner,death,W,53.0,642.0,0.08255451713395638,0.08016137295081967,0.08241415677130907
JP Faulkner,death,Wd,24.0,642.0,0.037383177570093455,0.04340420081967213,0.037736316763617134
JP Faulkner,death,Nb,4.0,642.0,0.006230529595015576,0.006570184426229508,0.006250450699485601
JP Faulkner,middle,0,150.0,514.0,0.2918287937743191,0.2808889845966761,0.2910389158553557
JP Faulkner,middle,1,224.0,514.0,0.4357976653696498,0.4414331678151601,0.4362045608530801
JP Faulkner,middle,2,36.0,514.0,0.07003891050583658,0.06664217673287394,0.06979365896988259
JP Faulkner,middle,3,0.0,514.0,0.0,0.002286430887717876,0.00016508526265111018
JP Faulkner,middle,4,49.0,514.0,0.09533073929961089,0.08739739562221321,0.09475793470196485
JP Faulkner,middle,6,23.0,514.0,0.04474708171206226,0.048281059991892986,0.04500224259869263
JP Faulkner,middle,W,17.0,514.0,0.033073929961089495,0.04221980137819214,0.03373428168795611
JP Faulkner,middle,Wd,14.0,514.0,0.027237354085603113,0.028171868666396434,0.0273048280625557
JP Faulkner,middle,Nb,1.0,514.0,0.0019455252918287938,0.002679114308877179,0.001998492007861168
JP Faulkner,powerplay,0,155.0,411.0,0.3771289537712895,0.4228881521678736,0.38118741926100874
JP Faulkner,powerplay,1,116.0,411.0,0.2822384428223844,0.25764450947345025,0.28005716270274505
JP Faulkner,powerplay,2,23.0,411.0,0.05596107055961071,0.04384827662845184,0.05488676511117089
JP Faulkner,powerplay,3,1.0,411.0,0.0024330900243309003,0.005028429611245902,0.0026632753535473083
JP Faulkner,powerplay,4,73.0,411.0,0.17761557177615572,0.15223269683107069,0.1753643190094076
JP Faulkner,powerplay,6,12.0,411.0,0.029197080291970802,0.040523771600022226,0.030201664886919933
JP Faulkner,powerplay,W,22.0,411.0,0.0535279805352798,0.03919952586446391,0.05225716415649347
JP Faulkner,powerplay,Wd,9.0,411.0,0.021897810218978103,0.03486563072990943,0.02304794951041325
JP Faulkner,powerplay,Nb,0.0,411.0,0.0,0.003769007093512122,0.00033428000829375805
JR Hazlewood,death,0,126.0,527.0,0.23908918406072105,0.21696977459016392,0.23752873189348597
JR Hazlewood,death,1,169.0,527.0,0.3206831119544592,0.37083760245901637,0.3242213476161564
JR Hazlewood,death,2,45.0,527.0,0.08538899430740038,0.08837090163934426,0.08559935814034175
JR Hazlewood,death,3,1.0,527.0,0.0018975332068311196,0.002651127049180328,0.0019506967935929685
JR Hazlewood,death,4,77.0,527.0,0.1461100569259962,0.11151383196721311,0.1436694061352531
JR Hazlewood,death,6,42.0,527.0,0.07969639468690702,0.07952100409836066,0.07968402145314714
JR Hazlewood,death,W,39.0,527.0,0.07400379506641366,0.08016137295081967,0.07443819209529592
JR Hazlewood,death,Wd,24.0,527.0,0.04554079696394687,0.04340420081967213,0.045390067077225545
JR Hazlewood,death,Nb,4.0,527.0,0.007590132827324478,0.006570184426229508,0.007518178795501199
JR Hazlewood,middle,0,117.0,379.0,0.3087071240105541,0.2808889845966761,0.306051454376771
JR Hazlewood,middle,1,133.0,379.0,0.35092348284960423,0.4414331678151601,0.35956402556707967
JR Hazlewood,middle,2,27.0,379.0,0.0712401055408971,0.06664217673287394,0.07080116245659894
JR Hazlewood,middle,3,2.0,379.0,0.005277044854881266,0.002286430887717876,0.004991544714817935
JR Hazlewood,middle,4,46.0,379.0,0.12137203166226913,0.08739739562221321,0.11812862965367191
JR Hazlewood,middle,6,20.0,379.0,0.052770448548812667,0.048281059991892986,0.05234186730232868
JR Hazlewood,middle,W,23.0,379.0,0.06068601583113457,0.04221980137819214,0.05892313139648612
JR Hazlewood,middle,Wd,9.0,379.0,0.023746701846965697,0.028171868666396434,0.024169152139990116
JR Hazlewood,middle,Nb,2.0,379.0,0.005277044854881266,0.002679114308877179,0.005029032392255579
JR Hazlewood,powerplay,0,521.0,1119.0,0.46559428060768543,0.4228881521678736,0.46412038488931406
JR Hazlewood,powerplay,1,260.0,1119.0,0.2323503127792672,0.25764450947345025,0.23322327901547718
JR Hazlewood,powerplay,2,42.0,1119.0,0.03753351206434316,0.04384827662845184,0.03775145044446771
JR Hazlewood,powerplay,3,7.0,1119.0,0.006255585344057194,0.005028429611245902,0.006213233118593474
JR Hazlewood,powerplay,4,161.0,1119.0,0.14387846291331546,0.15223269683107069,0.14416678850150375
JR Hazlewood,powerplay,6,56.0,1119.0,0.050044682752457555,0.040523771600022226,0.04971609220362458
JR Hazlewood,powerplay,W,54.0,1119.0,0.04825737265415549,0.03919952586446391,0.047944763619135945
JR Hazlewood,powerplay,Wd,17.0,1119.0,0.01519213583556747,0.03486563072990943,0.015871117540290233
JR Hazlewood,powerplay,Nb,1.0,1119.0,0.0008936550491510277,0.003769007093512122,0.0009928906675931708
JR Hopes,death,0,13.0,112.0,0.11607142857142858,0.21696977459016392,0.14262362489214842
JR Hopes,death,1,39.0,112.0,0.3482142857142857,0.37083760245901637,0.3541677901207938
JR Hopes,death,2,18.0,112.0,0.16071428571428573,0.08837090163934426,0.14167655306298532
JR Hopes,death,3,0.0,112.0,0.0,0.002651127049180328,0.0006976650129421916
JR Hopes,death,4,18.0,112.0,0.16071428571428573,0.11151383196721311,0.14776679788610872
JR Hopes,death,6,15.0,112.0,0.13392857142857142,0.07952100409836066,0.11961079055220018
JR Hopes,death,W,4.0,112.0,0.03571428571428571,0.08016137295081967,0.04741088761863675
JR Hopes,death,Wd,5.0,112.0,0.044642857142857144,0.04340420081967213,0.044316894952545295
JR Hopes,death,Nb,0.0,112.0,0.0,0.006570184426229508,0.0017289959016393442
JR Hopes,middle,0,110.0,358.0,0.30726256983240224,0.2808889845966761,0.3046119582509222
JR Hopes,middle,1,154.0,358.0,0.4301675977653631,0.4414331678151601,0.43129981586082006
JR Hopes,middle,2,18.0,358.0,0.05027932960893855,0.06664217673287394,0.05192383685757527
JR Hopes,middle,3,0.0,358.0,0.0,0.002286430887717876,0.00022979204901687195
JR Hopes,middle,4,37.0,358.0,0.10335195530726257,0.08739739562221321,0.10174848197208172
JR Hopes,middle,6,17.0,358.0,0.04748603351955307,0.048281059991892986,0.04756593567757718
JR Hopes,middle,W,12.0,358.0,0.0335195530726257,0.04221980137819214,0.03439394988725549
JR Hopes,middle,Wd,10.0,358.0,0.027932960893854747,0.028171868666396434,0.027956971725265976
JR Hopes,middle,Nb,0.0,358.0,0.0,0.002679114308877179,0.0002692577194851436
JR Hopes,powerplay,0,9.0,18.0,0.5,0.4228881521678736,0.4468194152881887
JR Hopes,powerplay,1,4.0,18.0,0.2222222222222222,0.25764450947345025,0.24665138584375879
JR Hopes,powerplay,2,0.0,18.0,0.0,0.04384827662845184,0.030240190778242648
JR Hopes,powerplay,3,0.0,18.0,0.0,0.005028429611245902,0.0034678824905144154
JR Hopes,powerplay,4,2.0,18.0,0.1111111111111111,0.15223269683107069,0.1394708254007384
JR Hopes,powerplay,6,1.0,18.0,0.05555555555555555,0.040523771600022226,0.04518880800001533
JR Hopes,powerplay,W,2.0,18.0,0.1111111111111111,0.03919952586446391,0.06151691438928546
JR Hopes,powerplay,Wd,0.0,18.0,0.0,0.03486563072990943,0.024045262572351334
JR Hopes,powerplay,Nb,0.0,18.0,0.0,0.003769007093512122,0.002599315236904912
JW Hastings,death,0,10.0,56.0,0.17857142857142858,0.21696977459016392,0.1945707394125683
JW Hastings,death,1,24.0,56.0,0.42857142857142855,0.37083760245901637,0.40451566769125685
JW Hastings,death,2,3.0,56.0,0.05357142857142857,0.08837090163934426,0.06807120901639345
JW Hastings,death,3,0.0,56.0,0.0,0.002651127049180328,0.0011046362704918032
JW Hastings,death,4,8.0,56.0,0.14285714285714285,0.11151383196721311,0.1297974299863388
JW Hastings,death,6,5.0,56.0,0.08928571428571429,0.07952100409836066,0.08521708504098362
JW Hastings,death,W,3.0,56.0,0.05357142857142857,0.08016137295081967,0.06465057206284153
JW Hastings,death,Wd,2.0,56.0,0.03571428571428571,0.04340420081967213,0.038918417008196725
JW Hastings,death,Nb,1.0,56.0,0.017857142857142856,0.006570184426229508,0.013154243510928962
JW Hastings,middle,0,26.0,65.0,0.4,0.2808889845966761,0.354624375084448
JW Hastings,middle,1,21.0,65.0,0.3230769230769231,0.4414331678151601,0.3681650163105372
JW Hastings,middle,2,4.0,65.0,0.06153846153846154,0.06664217673287394,0.06348273399347579
JW Hastings,middle,3,0.0,65.0,0.0,0.002286430887717876,0.0008710212905591909
JW Hastings,middle,4,8.0,65.0,0.12307692307692308,0.08739739562221321,0.10948472214179551
JW Hastings,middle,6,0.0,65.0,0.0,0.048281059991892986,0.018392784758816373
JW Hastings,middle,W,4.0,65.0,0.06153846153846154,0.04221980137819214,0.054178971953597006
JW Hastings,middle,Wd,2.0,65.0,0.03076923076923077,0.028171868666396434,0.029779759491960545
JW Hastings,middle,Nb,0.0,65.0,0.0,0.002679114308877179,0.001020614974810354
JW Hastings,powerplay,0,50.0,97.0,0.5154639175257731,0.4228881521678736,0.4884344969833208
JW Hastings,powerplay,1,17.0,97.0,0.17525773195876287,0.25764450947345025,0.1993122655396935
JW Hastings,powerplay,2,4.0,97.0,0.041237113402061855,0.04384827662845184,0.04199949682582535
JW Hastings,powerplay,3,0.0,97.0,0.0,0.005028429611245902,0.0014681546310207013
JW Hastings,powerplay,4,17.0,97.0,0.17525773195876287,0.15223269683107069,0.1685350939652761
JW Hastings,powerplay,6,3.0,97.0,0.030927835051546393,0.040523771600022226,0.033729568350371456
JW Hastings,powerplay,W,3.0,97.0,0.030927835051546393,0.03919952586446391,0.033342927259697494
JW Hastings,powerplay,Wd,2.0,97.0,0.020618556701030927,0.03486563072990943,0.024778286344499106
JW Hastings,powerplay,Nb,1.0,97.0,0.010309278350515464,0.003769007093512122,0.008399710100295511
Joginder Sharma,death,0,11.0,67.0,0.16417910447761194,0.21696977459016392,0.1839139344262295
Joginder Sharma,death,1,23.0,67.0,0.34328358208955223,0.37083760245901637,0.3535841504519687
Joginder Sharma,death,2,6.0,67.0,0.08955223880597014,0.08837090163934426,0.08911061743526888
Joginder Sharma,death,3,1.0,67.0,0.014925373134328358,0.002651127049180328,0.010336869924927225
Joginder Sharma,death,4,9.0,67.0,0.13432835820895522,0.11151383196721311,0.12579956335222922
Joginder Sharma,death,6,8.0,67.0,0.11940298507462686,0.07952100409836066,0.10449383330779838
Joginder Sharma,death,W,5.0,67.0,0.07462686567164178,0.08016137295081967,0.0766958403554466
Joginder Sharma,death,Wd,2.0,67.0,0.029850746268656716,0.04340420081967213,0.03491745825034472
Joginder Sharma,death,Nb,2.0,67.0,0.029850746268656716,0.006570184426229508,0.021147732495786734
Joginder Sharma,middle,0,55.0,229.0,0.24017467248908297,0.2808889845966761,0.24622884529318603
Joginder Sharma,middle,1,104.0,229.0,0.45414847161572053,0.4414331678151601,0.4522577201212134
Joginder Sharma,middle,2,12.0,229.0,0.05240174672489083,0.06664217673287394,0.05451928278555746
Joginder Sharma,middle,3,0.0,229.0,0.0,0.002286430887717876,0.00033998972308072503
Joginder Sharma,middle,4,26.0,229.0,0.11353711790393013,0.08739739562221321,0.10965017035274546
Joginder Sharma,middle,6,11.0,229.0,0.048034934497816595,0.048281059991892986,0.048071533084296354
Joginder Sharma,middle,W,10.0,229.0,0.043668122270742356,0.04221980137819214,0.0434527585692479
Joginder Sharma,middle,Wd,8.0,229.0,0.034934497816593885,0.028171868666396434,0.03392890240392512
Joginder Sharma,middle,Nb,3.0,229.0,0.013100436681222707,0.002679114308877179,0.011550797666747537
Joginder Sharma,powerplay,0,11.0,28.0,0.39285714285714285,0.4228881521678736,0.41052244245169034
Joginder Sharma,powerplay,1,6.0,28.0,0.21428571428571427,0.25764450947345025,0.23979088792555897
Joginder Sharma,powerplay,2,0.0,28.0,0.0,0.04384827662845184,0.025793103899089315
Joginder Sharma,powerplay,3,0.0,28.0,0.0,0.005028429611245902,0.002957899771321119
Joginder Sharma,powerplay,4,6.0,28.0,0.21428571428571427,0.15223269683107069,0.17778393931239453
Joginder Sharma,powerplay,6,1.0,28.0,0.03571428571428571,0.040523771600022226,0.0385433950588366
Joginder Sharma,powerplay,W,0.0,28.0,0.0,0.03919952586446391,0.02305854462615524
Joginder Sharma,powerplay,Wd,2.0,28.0,0.07142857142857142,0.03486563072990943,0.049920959252887906
Joginder Sharma,powerplay,Nb,2.0,28.0,0.07142857142857142,0.003769007093512122,0.03162882770206595
K Rabada,death,0,252.0,1027.0,0.2453748782862707,0.21696977459016392,0.24431001966598553
K Rabada,death,1,336.0,1027.0,0.32716650438169426,0.37083760245901637,0.3288036589487916
K Rabada,death,2,82.0,1027.0,0.0798442064264849,0.08837090163934426,0.08016385760597354
K Rabada,death,3,1.0,1027.0,0.0009737098344693282,0.002651127049180328,0.001036593328928972
K Rabada,death,4,111.0,1027.0,0.10808179162609542,0.11151383196721311,0.10821045293222917
K Rabada,death,6,94.0,1027.0,0.09152872444011685,0.07952100409836066,0.09107857559881388
K Rabada,death,W,87.0,1027.0,0.08471275559883155,0.08016137295081967,0.08454213206938406
K Rabada,death,Wd,51.0,1027.0,0.04965920155793573,0.04340420081967213,0.04942471230814141
K Rabada,death,Nb,13.0,1027.0,0.012658227848101266,0.006570184426229508,0.012429997541751808
K Rabada,middle,0,247.0,788.0,0.3134517766497462,0.2808889845966761,0.311878694908052
K Rabada,middle,1,298.0,788.0,0.37817258883248733,0.4414331678151601,0.3812286554500077
K Rabada,middle,2,38.0,788.0,0.048223350253807105,0.06664217673287394,0.04911314863443835
K Rabada,middle,3,3.0,788.0,0.0038071065989847717,0.002286430887717876,0.0037336440042375785
K Rabada,middle,4,77.0,788.0,0.09771573604060914,0.08739739562221321,0.09721726548899581
K Rabada,middle,6,42.0,788.0,0.0532994923857868,0.048281059991892986,0.053057056038255695
K Rabada,middle,W,40.0,788.0,0.050761421319796954,0.04221980137819214,0.05034878267527498
K Rabada,middle,Wd,36.0,788.0,0.04568527918781726,0.028171868666396434,0.04483922070852157
K Rabada,middle,Nb,7.0,788.0,0.008883248730964468,0.002679114308877179,0.008583532092216288
K Rabada,powerplay,0,703.0,1726.0,0.40730011587485515,0.4228881521678736,0.40765318577956683
K Rabada,powerplay,1,433.0,1726.0,0.2508690614136732,0.25764450947345025,0.2510225256958879
K Rabada,powerplay,2,82.0,1726.0,0.047508690614136734,0.04384827662845184,0.047425782030089514
K Rabada,powerplay,3,8.0,1726.0,0.004634994206257242,0.005028429611245902,0.0046439055404585705
K Rabada,powerplay,4,274.0,1726.0,0.15874855156431056,0.15223269683107069,0.15860096708564148
K Rabada,powerplay,6,90.0,1726.0,0.05214368482039398,0.040523771600022226,0.051880493127973326
K Rabada,powerplay,W,77.0,1726.0,0.044611819235225954,0.03919952586446391,0.044489230483906315
K Rabada,powerplay,Wd,57.0,1726.0,0.03302433371958285,0.03486563072990943,0.03306603920113045
K Rabada,powerplay,Nb,2.0,1726.0,0.0011587485515643105,0.003769007093512122,0.001217871055345688
K Santokie,death,0,16.0,75.0,0.21333333333333335,0.21696977459016392,0.21459818246614398
K Santokie,death,1,26.0,75.0,0.3466666666666667,0.37083760245901637,0.355073948681397
K Santokie,death,2,8.0,75.0,0.10666666666666667,0.08837090163934426,0.10030292230933714
K Santokie,death,3,0.0,75.0,0.0,0.002651127049180328,0.0009221311475409836
K Santokie,death,4,8.0,75.0,0.10666666666666667,0.11151383196721311,0.10835263720598717
K Santokie,death,6,6.0,75.0,0.08,0.07952100409836066,0.07983339272986457
K Santokie,death,W,9.0,75.0,0.12,0.08016137295081967,0.10614308624376337
K Santokie,death,Wd,2.0,75.0,0.02666666666666667,0.04340420081967213,0.0324884176764077
K Santokie,death,Nb,0.0,75.0,0.0,0.006570184426229508,0.0022852815395580897
K Santokie,middle,0,2.0,12.0,0.16666666666666666,0.2808889845966761,0.25452998815128935
K Santokie,middle,1,6.0,12.0,0.5,0.4414331678151601,0.45494859062704623
K Santokie,middle,2,2.0,12.0,0.16666666666666666,0.06664217673287394,0.08972475133297995
K Santokie,middle,3,0.0,12.0,0.0,0.002286430887717876,0.0017587929905522122
K Santokie,middle,4,1.0,12.0,0.08333333333333333,0.08739739562221321,0.08645953509401015
K Santokie,middle,6,0.0,12.0,0.0,0.048281059991892986,0.037139276916840755
K Santokie,middle,W,1.0,12.0,0.08333333333333333,0.04221980137819214,0.05170753952168627
K Santokie,middle,Wd,0.0,12.0,0.0,0.028171868666396434,0.02167066820492033
K Santokie,middle,Nb,0.0,12.0,0.0,0.002679114308877179,0.002060857160674753
K Santokie,powerplay,0,56.0,138.0,0.4057971014492754,0.4228881521678736,0.40963778700401654
K Santokie,powerplay,1,33.0,138.0,0.2391304347826087,0.25764450947345025,0.24329090100526973
K Santokie,powerplay,2,12.0,138.0,0.08695652173913043,0.04384827662845184,0.07726927564684312
K Santokie,powerplay,3,0.0,138.0,0.0,0.005028429611245902,0.00112998418230245
K Santokie,powerplay,4,16.0,138.0,0.11594202898550725,0.15223269683107069,0.12409723524293723
K Santokie,powerplay,6,9.0,138.0,0.06521739130434782,0.040523771600022226,0.05966826328090387
K Santokie,powerplay,W,8.0,138.0,0.057971014492753624,0.03919952586446391,0.05375270244145256
K Santokie,powerplay,Wd,4.0,138.0,0.028985507246376812,0.03486563072990943,0.030306883310092004
K Santokie,powerplay,Nb,0.0,138.0,0.0,0.003769007093512122,0.0008469678861824994
KA Jamieson,death,0,26.0,161.0,0.16149068322981366,0.21696977459016392,0.17253129842590328
KA Jamieson,death,1,61.0,161.0,0.37888198757763975,0.37083760245901637,0.37728111491721716
KA Jamieson,death,2,8.0,161.0,0.049689440993788817,0.08837090163934426,0.057387244107332196
KA Jamieson,death,3,0.0,161.0,0.0,0.002651127049180328,0.000527587472473697
KA Jamieson,death,4,15.0,161.0,0.09316770186335403,0.11151383196721311,0.09681867302830112
KA Jamieson,death,6,23.0,161.0,0.14285714285714285,0.07952100409836066,0.13025293613897726
KA Jamieson,death,W,11.0,161.0,0.06832298136645963,0.08016137295081967,0.07067888018921785
KA Jamieson,death,Wd,14.0,161.0,0.08695652173913043,0.04340420081967213,0.0782893931979447
KA Jamieson,death,Nb,3.0,161.0,0.018633540372670808,0.006570184426229508,0.016232872522632738
KA Jamieson,middle,0,55.0,193.0,0.2849740932642487,0.2808889845966761,0.28427278705522335
KA Jamieson,middle,1,69.0,193.0,0.35751295336787564,0.4414331678151601,0.3719198571356498
KA Jamieson,middle,2,9.0,193.0,0.046632124352331605,0.06664217673287394,0.0500673264777466
KA Jamieson,middle,3,0.0,193.0,0.0,0.002286430887717876,0.00039252032407173835
KA Jamieson,middle,4,25.0,193.0,0.12953367875647667,0.08739739562221321,0.12229998208106664
KA Jamieson,middle,6,13.0,193.0,0.06735751295336788,0.048281059991892986,0.06408258540633356
KA Jamieson,middle,W,10.0,193.0,0.05181347150259067,0.04221980137819214,0.050166489506985774
KA Jamieson,middle,Wd,12.0,193.0,0.06217616580310881,0.028171868666396434,0.05633851822599081
KA Jamieson,middle,Nb,0.0,193.0,0.0,0.002679114308877179,0.0004599337869317045
KA Jamieson,powerplay,0,116.0,318.0,0.36477987421383645,0.4228881521678736,0.37127241923663395
KA Jamieson,powerplay,1,79.0,318.0,0.24842767295597484,0.25764450947345025,0.2494574870920056
KA Jamieson,powerplay,2,16.0,318.0,0.050314465408805034,0.04384827662845184,0.04959198621546947
KA Jamieson,powerplay,3,2.0,318.0,0.006289308176100629,0.005028429611245902,0.006148427889524681
KA Jamieson,powerplay,4,55.0,318.0,0.17295597484276728,0.15223269683107069,0.1706405247855945
KA Jamieson,powerplay,6,24.0,318.0,0.07547169811320754,0.040523771600022226,0.07156690185475109
KA Jamieson,powerplay,W,11.0,318.0,0.03459119496855346,0.03919952586446391,0.035106092275359095
KA Jamieson,powerplay,Wd,12.0,318.0,0.03773584905660377,0.03486563072990943,0.03741515427149826
KA Jamieson,powerplay,Nb,3.0,318.0,0.009433962264150943,0.003769007093512122,0.008801006379163366
KA Maharaj,death,0,9.0,23.0,0.391304347826087,0.21696977459016392,0.2806157298985168
KA Maharaj,death,1,5.0,23.0,0.21739130434782608,0.37083760245901637,0.31481752537080404
KA Maharaj,death,2,1.0,23.0,0.043478260869565216,0.08837090163934426,0.07198152485037732
KA Maharaj,death,3,0.0,23.0,0.0,0.002651127049180328,0.001683255269320843
KA Maharaj,death,4,6.0,23.0,0.2608695652173913,0.11151383196721311,0.1660405282331512
KA Maharaj,death,6,0.0,23.0,0.0,0.07952100409836066,0.05048952641165756
KA Maharaj,death,W,2.0,23.0,0.08695652173913043,0.08016137295081967,0.08264214155607598
KA Maharaj,death,Wd,0.0,23.0,0.0,0.04340420081967213,0.027558222742648974
KA Maharaj,death,Nb,0.0,23.0,0.0,0.006570184426229508,0.004171545667447307
KA Maharaj,middle,0,162.0,622.0,0.2604501607717042,0.2808889845966761,0.2616851350209472
KA Maharaj,middle,1,303.0,622.0,0.4871382636655949,0.4414331678151601,0.4843766264540882
KA Maharaj,middle,2,29.0,622.0,0.04662379421221865,0.06664217673287394,0.04783336415304374
KA Maharaj,middle,3,2.0,622.0,0.003215434083601286,0.002286430887717876,0.003159300959982953
KA Maharaj,middle,4,42.0,622.0,0.06752411575562701,0.08739739562221321,0.06872491816448419
KA Maharaj,middle,6,43.0,622.0,0.06913183279742766,0.048281059991892986,0.06787196737111136
KA Maharaj,middle,W,33.0,622.0,0.05305466237942122,0.04221980137819214,0.052399987998682306
KA Maharaj,middle,Wd,7.0,622.0,0.011254019292604502,0.028171868666396434,0.012276245840869875
KA Maharaj,middle,Nb,1.0,622.0,0.001607717041800643,0.002679114308877179,0.001672454036790162
KA Maharaj,powerplay,0,48.0,133.0,0.3609022556390977,0.4228881521678736,0.3752342548365026
KA Maharaj,powerplay,1,39.0,133.0,0.2932330827067669,0.25764450947345025,0.28500451086091333
KA Maharaj,powerplay,2,6.0,133.0,0.045112781954887216,0.04384827662845184,0.04482041078114493
KA Maharaj,powerplay,3,0.0,133.0,0.0,0.005028429611245902,0.0011626426846811334
KA Maharaj,powerplay,4,19.0,133.0,0.14285714285714285,0.15223269683107069,0.14502490100140364
KA Maharaj,powerplay,6,10.0,133.0,0.07518796992481203,0.040523771600022226,0.06717312638150803
KA Maharaj,powerplay,W,8.0,133.0,0.06015037593984962,0.03919952586446391,0.055306248754789344
KA Maharaj,powerplay,Wd,2.0,133.0,0.015037593984962405,0.03486563072990943,0.01962211115142415
KA Maharaj,powerplay,Nb,1.0,133.0,0.007518796992481203,0.003769007093512122,0.0066517935476328605
KA Pollard,death,0,82.0,441.0,0.18594104308390022,0.21696977459016392,0.188521394976313
KA Pollard,death,1,160.0,441.0,0.36281179138321995,0.37083760245901637,0.3634792184997103
KA Pollard,death,2,48.0,441.0,0.10884353741496598,0.08837090163934426,0.10714103132135919
KA Pollard,death,3,2.0,441.0,0.0045351473922902496,0.002651127049180328,0.00437847210388194
KA Pollard,death,4,47.0,441.0,0.10657596371882086,0.11151383196721311,0.10698659725299069
KA Pollard,death,6,41.0,441.0,0.09297052154195011,0.07952100409836066,0.09185205855287823
KA Pollard,death,W,30.0,441.0,0.06802721088435375,0.08016137295081967,0.06903628881087898
KA Pollard,death,Wd,26.0,441.0,0.05895691609977324,0.04340420081967213,0.05766355100371494
KA Pollard,death,Nb,5.0,441.0,0.011337868480725623,0.006570184426229508,0.010941387478272724
KA Pollard,middle,0,368.0,1611.0,0.22842954686530106,0.2808889845966761,0.22970052052323867
KA Pollard,middle,1,754.0,1611.0,0.468032278088144,0.4414331678151601,0.4673878417399191
KA Pollard,middle,2,105.0,1611.0,0.06517690875232775,0.06664217673287394,0.065212408885109
KA Pollard,middle,3,6.0,1611.0,0.0037243947858473,0.002286430887717876,0.003689556169296617
KA Pollard,middle,4,158.0,1611.0,0.09807572936064556,0.08739739562221321,0.09781701745904817
KA Pollard,middle,6,64.0,1611.0,0.03972687771570453,0.048281059991892986,0.03993412622633297
KA Pollard,middle,W,65.0,1611.0,0.040347610180012414,0.04221980137819214,0.04039296914302101
KA Pollard,middle,Wd,89.0,1611.0,0.05524518932340161,0.028171868666396434,0.054589263928925415
KA Pollard,middle,Nb,2.0,1611.0,0.0012414649286157666,0.002679114308877179,0.0012762959251090777
KA Pollard,powerplay,0,12.0,46.0,0.2608695652173913,0.4228881521678736,0.3362270475199412
KA Pollard,powerplay,1,13.0,46.0,0.2826086956521739,0.25764450947345025,0.27099744626672106
KA Pollard,powerplay,2,1.0,46.0,0.021739130434782608,0.04384827662845184,0.03202245424579155
KA Pollard,powerplay,3,0.0,46.0,0.0,0.005028429611245902,0.002338804470346931
KA Pollard,powerplay,4,13.0,46.0,0.2826086956521739,0.15223269683107069,0.221968696200498
KA Pollard,powerplay,6,2.0,46.0,0.043478260869565216,0.040523771600022226,0.04210407981396383
KA Pollard,powerplay,W,2.0,46.0,0.043478260869565216,0.03919952586446391,0.04148815156486694
KA Pollard,powerplay,Wd,3.0,46.0,0.06521739130434782,0.03486563072990943,0.05110029336274857
KA Pollard,powerplay,Nb,0.0,46.0,0.0,0.003769007093512122,0.0017530265551219174
KAJ Roach,death,0,9.0,73.0,0.1232876712328767,0.21696977459016392,0.1564494777310315
KAJ Roach,death,1,23.0,73.0,0.3150684931506849,0.37083760245901637,0.33480977078195273
KAJ Roach,death,2,10.0,73.0,0.136986301369863,0.08837090163934426,0.11977731031481213
KAJ Roach,death,3,1.0,73.0,0.0136986301369863,0.002651127049180328,0.009788009574931091
KAJ Roach,death,4,9.0,73.0,0.1232876712328767,0.11151383196721311,0.11911994051936749
KAJ Roach,death,6,5.0,73.0,0.0684931506849315,0.07952100409836066,0.07239681561003918
KAJ Roach,death,W,5.0,73.0,0.0684931506849315,0.08016137295081967,0.07262349484984768
KAJ Roach,death,Wd,8.0,73.0,0.1095890410958904,0.04340420081967213,0.08616077905121138
KAJ Roach,death,Nb,3.0,73.0,0.0410958904109589,0.006570184426229508,0.028874401566806904
KAJ Roach,middle,0,17.0,39.0,0.4358974358974359,0.2808889845966761,0.35741214409958283
KAJ Roach,middle,1,10.0,39.0,0.2564102564102564,0.4414331678151601,0.35009274319754946
KAJ Roach,middle,2,2.0,39.0,0.05128205128205128,0.06664217673287394,0.059059329991328575
KAJ Roach,middle,3,0.0,39.0,0.0,0.002286430887717876,0.0011576865254267726
KAJ Roach,middle,4,3.0,39.0,0.07692307692307693,0.08739739562221321,0.08222652942896871
KAJ Roach,middle,6,3.0,39.0,0.07692307692307693,0.048281059991892986,0.062420789869312904
KAJ Roach,middle,W,1.0,39.0,0.02564102564102564,0.04221980137819214,0.034035342469970704
KAJ Roach,middle,Wd,3.0,39.0,0.07692307692307693,0.028171868666396434,0.052238920843745026
KAJ Roach,middle,Nb,0.0,39.0,0.0,0.002679114308877179,0.0013565135741150272
KAJ Roach,powerplay,0,40.0,80.0,0.5,0.4228881521678736,0.47429605072262454
KAJ Roach,powerplay,1,11.0,80.0,0.1375,0.25764450947345025,0.17754816982448343
KAJ Roach,powerplay,2,6.0,80.0,0.075,0.04384827662845184,0.06461609220948394
KAJ Roach,powerplay,3,0.0,80.0,0.0,0.005028429611245902,0.001676143203748634
KAJ Roach,powerplay,4,10.0,80.0,0.125,0.15223269683107069,0.13407756561035689
KAJ Roach,powerplay,6,4.0,80.0,0.05,0.040523771600022226,0.04684125720000741
KAJ Roach,powerplay,W,3.0,80.0,0.0375,0.03919952586446391,0.03806650862148797
KAJ Roach,powerplay,Wd,5.0,80.0,0.0625,0.03486563072990943,0.053288543576636475
KAJ Roach,powerplay,Nb,1.0,80.0,0.0125,0.003769007093512122,0.009589669031170707
KH Pandya,death,0,59.0,250.0,0.236,0.21696977459016392,0.23337514132278125
KH Pandya,death,1,99.0,250.0,0.396,0.37083760245901637,0.3925293244771057
KH Pandya,death,2,24.0,250.0,0.096,0.08837090163934426,0.09494771057094403
KH Pandya,death,3,0.0,250.0,0.0,0.002651127049180328,0.0003656726964386659
KH Pandya,death,4,17.0,250.0,0.068,0.11151383196721311,0.07400190785754664
KH Pandya,death,6,21.0,250.0,0.084,0.07952100409836066,0.08338220746184286
KH Pandya,death,W,20.0,250.0,0.08,0.08016137295081967,0.08002225833804409
KH Pandya,death,Wd,10.0,250.0,0.04,0.04340420081967213,0.040469544940644434
KH Pandya,death,Nb,0.0,250.0,0.0,0.006570184426229508,0.000906232334652346
KH Pandya,middle,0,549.0,2114.0,0.2596972563859981,0.2808889845966761,0.2600907889432995
KH Pandya,middle,1,1059.0,2114.0,0.5009460737937559,0.4414331678151601,0.4998409130513493
KH Pandya,middle,2,132.0,2114.0,0.06244087038789026,0.06664217673287394,0.06251888907581939
KH Pandya,middle,3,1.0,2114.0,0.0004730368968779565,0.002286430887717876,0.0005067118084998677
KH Pandya,middle,4,136.0,2114.0,0.06433301797540208,0.08739739562221321,0.06476132582399653
KH Pandya,middle,6,94.0,2114.0,0.04446546830652791,0.048281059991892986,0.04453632423383274
KH Pandya,middle,W,71.0,2114.0,0.03358561967833491,0.04221980137819214,0.03374595731435826
KH Pandya,middle,Wd,70.0,2114.0,0.033112582781456956,0.028171868666396434,0.033020833215717665
KH Pandya,middle,Nb,2.0,2114.0,0.000946073793755913,0.002679114308877179,0.0009782565331267815
KH Pandya,powerplay,0,202.0,566.0,0.3568904593639576,0.4228881521678736,0.3612467427173514
KH Pandya,powerplay,1,208.0,566.0,0.3674911660777385,0.25764450947345025,0.3602405616814159
KH Pandya,powerplay,2,20.0,566.0,0.0353356890459364,0.04384827662845184,0.03589757601507933
KH Pandya,powerplay,3,1.0,566.0,0.0017667844522968198,0.005028429611245902,0.0019820745617984093
KH Pandya,powerplay,4,80.0,566.0,0.1413427561837456,0.15223269683107069,0.1420615641472654
KH Pandya,powerplay,6,28.0,566.0,0.04946996466431095,0.040523771600022226,0.0488794568712886
KH Pandya,powerplay,W,18.0,566.0,0.03180212014134275,0.03919952586446391,0.0322903977468293
KH Pandya,powerplay,Wd,8.0,566.0,0.014134275618374558,0.03486563072990943,0.015502681896363658
KH Pandya,powerplay,Nb,1.0,566.0,0.0017667844522968198,0.003769007093512122,0.0018989443626080608
KJ Abbott,death,0,36.0,182.0,0.1978021978021978,0.21696977459016392,0.201255815241471
KJ Abbott,death,1,62.0,182.0,0.34065934065934067,0.37083760245901637,0.3460968653079309
KJ Abbott,death,2,22.0,182.0,0.12087912087912088,0.08837090163934426,0.11502178407916112
KJ Abbott,death,3,1.0,182.0,0.005494505494505495,0.002651127049180328,0.004982185053906366
KJ Abbott,death,4,24.0,182.0,0.13186813186813187,0.11151383196721311,0.1282006904445429
KJ Abbott,death,6,7.0,182.0,0.038461538461538464,0.07952100409836066,0.045859640378083
KJ Abbott,death,W,18.0,182.0,0.0989010989010989,0.08016137295081967,0.09552457170285039
KJ Abbott,death,Wd,11.0,182.0,0.06043956043956044,0.04340420081967213,0.0573701262738148
KJ Abbott,death,Nb,1.0,182.0,0.005494505494505495,0.006570184426229508,0.005688321518239551
KJ Abbott,middle,0,15.0,56.0,0.26785714285714285,0.2808889845966761,0.2732870769152817
KJ Abbott,middle,1,18.0,56.0,0.32142857142857145,0.4414331678151601,0.37143048658965006
KJ Abbott,middle,2,3.0,56.0,0.05357142857142857,0.06664217673287394,0.059017573638697474
KJ Abbott,middle,3,0.0,56.0,0.0,0.002286430887717876,0.000952679536549115
KJ Abbott,middle,4,12.0,56.0,0.21428571428571427,0.08739739562221321,0.1614155815092555
KJ Abbott,middle,6,2.0,56.0,0.03571428571428571,0.048281059991892986,0.04095044166328874
KJ Abbott,middle,W,2.0,56.0,0.03571428571428571,0.04221980137819214,0.038424917240913396
KJ Abbott,middle,Wd,3.0,56.0,0.05357142857142857,0.028171868666396434,0.042988278610998513
KJ Abbott,middle,Nb,1.0,56.0,0.017857142857142856,0.002679114308877179,0.01153296429536549
KJ Abbott,powerplay,0,100.0,224.0,0.44642857142857145,0.4228881521678736,0.4428618412375566
KJ Abbott,powerplay,1,56.0,224.0,0.25,0.25764450947345025,0.2511582590111288
KJ Abbott,powerplay,2,12.0,224.0,0.05357142857142857,0.04384827662845184,0.05209822373158361
KJ Abbott,powerplay,3,3.0,224.0,0.013392857142857142,0.005028429611245902,0.01212551963806756
KJ Abbott,powerplay,4,36.0,224.0,0.16071428571428573,0.15223269683107069,0.15942919648955617
KJ Abbott,powerplay,6,8.0,224.0,0.03571428571428571,0.040523771600022226,0.03644299569697307
KJ Abbott,powerplay,W,3.0,224.0,0.013392857142857142,0.03919952586446391,0.017302958464312714
KJ Abbott,powerplay,Wd,6.0,224.0,0.026785714285714284,0.03486563072990943,0.028009944049986277
KJ Abbott,powerplay,Nb,0.0,224.0,0.0,0.003769007093512122,0.00057106168083517
KK Ahmed,death,0,99.0,468.0,0.21153846153846154,0.21696977459016392,0.21196612398347747
KK Ahmed,death,1,154.0,468.0,0.32905982905982906,0.37083760245901637,0.332349417516458
KK Ahmed,death,2,38.0,468.0,0.0811965811965812,0.08837090163934426,0.0817614883180586
KK Ahmed,death,3,2.0,468.0,0.004273504273504274,0.002651127049180328,0.0041457580353685295
KK Ahmed,death,4,54.0,468.0,0.11538461538461539,0.11151383196721311,0.11507982928875693
KK Ahmed,death,6,48.0,468.0,0.10256410256410256,0.07952100409836066,0.10074968536207564
KK Ahmed,death,W,36.0,468.0,0.07692307692307693,0.08016137295081967,0.07717806086226928
KK Ahmed,death,Wd,31.0,468.0,0.06623931623931624,0.04340420081967213,0.06444127565509229
KK Ahmed,death,Nb,6.0,468.0,0.01282051282051282,0.006570184426229508,0.012328360978443267
KK Ahmed,middle,0,94.0,334.0,0.281437125748503,0.2808889845966761,0.28137850102638245
KK Ahmed,middle,1,122.0,334.0,0.3652694610778443,0.4414331678151601,0.3734153120657925
KK Ahmed,middle,2,26.0,334.0,0.07784431137724551,0.06664217673287394,0.0766462221104678
KK Ahmed,middle,3,1.0,334.0,0.0029940119760479044,0.002286430887717876,0.0029183348543013773
KK Ahmed,middle,4,41.0,334.0,0.12275449101796407,0.08739739562221321,0.11897298348900676
KK Ahmed,middle,6,18.0,334.0,0.05389221556886228,0.048281059991892986,0.05329209197774256
KK Ahmed,middle,W,17.0,334.0,0.05089820359281437,0.04221980137819214,0.049970032232961724
KK Ahmed,middle,Wd,15.0,334.0,0.04491017964071856,0.028171868666396434,0.04311998595362529
KK Ahmed,middle,Nb,0.0,334.0,0.0,0.002679114308877179,0.00028653628971948435
KK Ahmed,powerplay,0,497.0,1111.0,0.44734473447344736,0.4228881521678736,0.4464948098060078
KK Ahmed,powerplay,1,232.0,1111.0,0.20882088208820881,0.25764450947345025,0.210517619790563
KK Ahmed,powerplay,2,49.0,1111.0,0.04410441044104411,0.04384827662845184,0.044095509179094765
KK Ahmed,powerplay,3,5.0,1111.0,0.004500450045004501,0.005028429611245902,0.004518798596394297
KK Ahmed,powerplay,4,189.0,1111.0,0.1701170117011701,0.15223269683107069,0.1694954890297505
KK Ahmed,powerplay,6,51.0,1111.0,0.04590459045904591,0.040523771600022226,0.04571759414769843
KK Ahmed,powerplay,W,45.0,1111.0,0.0405040504050405,0.03919952586446391,0.040458715060450526
KK Ahmed,powerplay,Wd,41.0,1111.0,0.0369036903690369,0.03486563072990943,0.036832862927190596
KK Ahmed,powerplay,Nb,2.0,1111.0,0.0018001800180018,0.003769007093512122,0.0018686014628501173
KMA Paul,death,0,28.0,126.0,0.2222222222222222,0.21696977459016392,0.22095657219040096
KMA Paul,death,1,43.0,126.0,0.3412698412698413,0.37083760245901637,0.3483946030021726
KMA Paul,death,2,14.0,126.0,0.1111111111111111,0.08837090163934426,0.10563154256369742
KMA Paul,death,3,1.0,126.0,0.007936507936507936,0.002651127049180328,0.006662922180525381
KMA Paul,death,4,16.0,126.0,0.12698412698412698,0.11151383196721311,0.12325634505234051
KMA Paul,death,6,9.0,126.0,0.07142857142857142,0.07952100409836066,0.07337855520442425
KMA Paul,death,W,7.0,126.0,0.05555555555555555,0.08016137295081967,0.0614846681809204
KMA Paul,death,Wd,7.0,126.0,0.05555555555555555,0.04340420081967213,0.05262751826980051
KMA Paul,death,Nb,1.0,126.0,0.007936507936507936,0.006570184426229508,0.007607273355717954
KMA Paul,middle,0,49.0,238.0,0.20588235294117646,0.2808889845966761,0.2166746740426872
KMA Paul,middle,1,105.0,238.0,0.4411764705882353,0.4414331678151601,0.4412134054410302
KMA Paul,middle,2,16.0,238.0,0.06722689075630252,0.06664217673287394,0.06714275924214012
KMA Paul,middle,3,0.0,238.0,0.0,0.002286430887717876,0.00032898286154214043
KMA Paul,middle,4,28.0,238.0,0.11764705882352941,0.08739739562221321,0.11329458929816018
KMA Paul,middle,6,9.0,238.0,0.037815126050420166,0.048281059991892986,0.03932101582617165
KMA Paul,middle,W,9.0,238.0,0.037815126050420166,0.04221980137819214,0.03844889228463196
KMA Paul,middle,Wd,14.0,238.0,0.058823529411764705,0.028171868666396434,0.05441321851315057
KMA Paul,middle,Nb,8.0,238.0,0.03361344537815126,0.002679114308877179,0.029162462490485923
KMA Paul,powerplay,0,20.0,68.0,0.29411764705882354,0.4228881521678736,0.3418104267288421
KMA Paul,powerplay,1,21.0,68.0,0.3088235294117647,0.25764450947345025,0.2898683368420186
KMA Paul,powerplay,2,4.0,68.0,0.058823529411764705,0.04384827662845184,0.0532771394920192
KMA Paul,powerplay,3,0.0,68.0,0.0,0.005028429611245902,0.0018623813374984823
KMA Paul,powerplay,4,9.0,68.0,0.1323529411764706,0.15223269683107069,0.13971581364113728
KMA Paul,powerplay,6,3.0,68.0,0.04411764705882353,0.040523771600022226,0.042786582074082306
KMA Paul,powerplay,W,3.0,68.0,0.04411764705882353,0.03919952586446391,0.04229612069054219
KMA Paul,powerplay,Wd,3.0,68.0,0.04411764705882353,0.03486563072990943,0.0406909743444109
KMA Paul,powerplay,Nb,5.0,68.0,0.07352941176470588,0.003769007093512122,0.04769222484944894
KMDN Kulasekara,death,0,50.0,287.0,0.17421602787456447,0.21696977459016392,0.1794458439865644
KMDN Kulasekara,death,1,114.0,287.0,0.397212543554007,0.37083760245901637,0.39398625106532315
KMDN Kulasekara,death,2,38.0,287.0,0.13240418118466898,0.08837090163934426,0.12701784729533264
KMDN Kulasekara,death,3,0.0,287.0,0.0,0.002651127049180328,0.0003242968867498872
KMDN Kulasekara,death,4,35.0,287.0,0.12195121951219512,0.11151383196721311,0.12067447485837468
KMDN Kulasekara,death,6,17.0,287.0,0.059233449477351915,0.07952100409836066,0.061715107534967666
KMDN Kulasekara,death,W,21.0,287.0,0.07317073170731707,0.08016137295081967,0.07402585601844888
KMDN Kulasekara,death,Wd,10.0,287.0,0.03484320557491289,0.04340420081967213,0.035890422118614325
KMDN Kulasekara,death,Nb,2.0,287.0,0.006968641114982578,0.006570184426229508,0.006919900235624405
KMDN Kulasekara,middle,0,7.0,58.0,0.1206896551724138,0.2808889845966761,0.18607713657007188
KMDN Kulasekara,middle,1,31.0,58.0,0.5344827586206896,0.4414331678151601,0.49650333380210615
KMDN Kulasekara,middle,2,5.0,58.0,0.08620689655172414,0.06664217673287394,0.07822129662566284
KMDN Kulasekara,middle,3,0.0,58.0,0.0,0.002286430887717876,0.0009332370970277045
KMDN Kulasekara,middle,4,8.0,58.0,0.13793103448275862,0.08739739562221321,0.11730505943763804
KMDN Kulasekara,middle,6,1.0,58.0,0.017241379310344827,0.048281059991892986,0.02991063673138489
KMDN Kulasekara,middle,W,4.0,58.0,0.06896551724137931,0.04221980137819214,0.05804889852171108
KMDN Kulasekara,middle,Wd,1.0,58.0,0.017241379310344827,0.028171868666396434,0.021702803537304666
KMDN Kulasekara,middle,Nb,1.0,58.0,0.017241379310344827,0.002679114308877179,0.011297597677092725
KMDN Kulasekara,powerplay,0,239.0,514.0,0.4649805447470817,0.4228881521678736,0.46194138282800534
KMDN Kulasekara,powerplay,1,118.0,514.0,0.22957198443579765,0.25764450947345025,0.23159888155042962
KMDN Kulasekara,powerplay,2,30.0,514.0,0.058365758754863814,0.04384827662845184,0.05731756509952721
KMDN Kulasekara,powerplay,3,1.0,514.0,0.0019455252918287938,0.005028429611245902,0.002168117661461798
KMDN Kulasekara,powerplay,4,72.0,514.0,0.14007782101167315,0.15223269683107069,0.14095542937408453
KMDN Kulasekara,powerplay,6,8.0,514.0,0.01556420233463035,0.040523771600022226,0.017366337299640593
KMDN Kulasekara,powerplay,W,24.0,514.0,0.04669260700389105,0.03919952586446391,0.046151590315123746
KMDN Kulasekara,powerplay,Wd,22.0,514.0,0.042801556420233464,0.03486563072990943,0.04222856539566133
KMDN Kulasekara,powerplay,Nb,0.0,514.0,0.0,0.003769007093512122,0.0002721304760658572
KP Pietersen,death,0,8.0,30.0,0.26666666666666666,0.21696977459016392,0.23826844262295083
KP Pietersen,death,1,11.0,30.0,0.36666666666666664,0.37083760245901637,0.3690500585480094
KP Pietersen,death,2,3.0,30.0,0.1,0.08837090163934426,0.09335480093676815
KP Pietersen,death,3,0.0,30.0,0.0,0.002651127049180328,0.0015149297423887587
KP Pietersen,death,4,2.0,30.0,0.06666666666666667,0.11151383196721311,0.09229361826697892
KP Pietersen,death,6,4.0,30.0,0.13333333333333333,0.07952100409836066,0.10258343091334896
KP Pietersen,death,W,2.0,30.0,0.06666666666666667,0.08016137295081967,0.07437792740046838
KP Pietersen,death,Wd,0.0,30.0,0.0,0.04340420081967213,0.024802400468384077
KP Pietersen,death,Nb,0.0,30.0,0.0,0.006570184426229508,0.003754391100702576
KP Pietersen,middle,0,36.0,151.0,0.23841059602649006,0.2808889845966761,0.24730659363281174
KP Pietersen,middle,1,80.0,151.0,0.5298013245033113,0.4414331678151601,0.5112949042544838
KP Pietersen,middle,2,9.0,151.0,0.059602649006622516,0.06664217673287394,0.061076895650863654
KP Pietersen,middle,3,0.0,151.0,0.0,0.002286430887717876,0.00047883369376290597
KP Pietersen,middle,4,8.0,151.0,0.052980132450331126,0.08739739562221321,0.06018793625596088
KP Pietersen,middle,6,7.0,151.0,0.046357615894039736,0.048281059991892986,0.04676043141191476
KP Pietersen,middle,W,7.0,151.0,0.046357615894039736,0.04221980137819214,0.04549105788024966
KP Pietersen,middle,Wd,4.0,151.0,0.026490066225165563,0.028171868666396434,0.02684227616050187
KP Pietersen,middle,Nb,0.0,151.0,0.0,0.002679114308877179,0.0005610710594507181
KP Pietersen,powerplay,0,11.0,20.0,0.55,0.4228881521678736,0.46525876811191574
KP Pietersen,powerplay,1,3.0,20.0,0.15,0.25764450947345025,0.2217630063156335
KP Pietersen,powerplay,2,0.0,20.0,0.0,0.04384827662845184,0.029232184418967893
KP Pietersen,powerplay,3,1.0,20.0,0.05,0.005028429611245902,0.020018953074163934
KP Pietersen,powerplay,4,2.0,20.0,0.1,0.15223269683107069,0.13482179788738044
KP Pietersen,powerplay,6,0.0,20.0,0.0,0.040523771600022226,0.027015847733348152
KP Pietersen,powerplay,W,1.0,20.0,0.05,0.03919952586446391,0.04279968390964261
KP Pietersen,powerplay,Wd,2.0,20.0,0.1,0.03486563072990943,0.056577087153272955
KP Pietersen,powerplay,Nb,0.0,20.0,0.0,0.003769007093512122,0.0025126713956747483
KR Mayers,middle,0,2.0,14.0,0.14285714285714285,0.2808889845966761,0.24510295155309342
KR Mayers,middle,1,5.0,14.0,0.35714285714285715,0.4414331678151601,0.419580124307526
KR Mayers,middle,2,0.0,14.0,0.0,0.06664217673287394,0.0493645753576844
KR Mayers,middle,3,0.0,14.0,0.0,0.002286430887717876,0.0016936525094206488
KR Mayers,middle,4,5.0,14.0,0.35714285714285715,0.08739739562221321,0.15733140416460237
KR Mayers,middle,6,0.0,14.0,0.0,0.048281059991892986,0.03576374814214295
KR Mayers,middle,W,0.0,14.0,0.0,0.04221980137819214,0.03127392694680899
KR Mayers,middle,Wd,1.0,14.0,0.07142857142857142,0.028171868666396434,0.03938656938251587
KR Mayers,middle,Nb,1.0,14.0,0.07142857142857142,0.002679114308877179,0.020503047636205318
KR Mayers,powerplay,0,34.0,95.0,0.35789473684210527,0.4228881521678736,0.3771520450867774
KR Mayers,powerplay,1,32.0,95.0,0.3368421052631579,0.25764450947345025,0.31337615095509636
KR Mayers,powerplay,2,7.0,95.0,0.07368421052631578,0.04384827662845184,0.06484393381583758
KR Mayers,powerplay,3,0.0,95.0,0.0,0.005028429611245902,0.0014899050699987858
KR Mayers,powerplay,4,14.0,95.0,0.14736842105263157,0.15223269683107069,0.14880968794994687
KR Mayers,powerplay,6,2.0,95.0,0.021052631578947368,0.040523771600022226,0.026821858251858437
KR Mayers,powerplay,W,0.0,95.0,0.0,0.03919952586446391,0.011614674330211528
KR Mayers,powerplay,Wd,5.0,95.0,0.05263157894736842,0.03486563072990943,0.04736759429034353
KR Mayers,powerplay,Nb,1.0,95.0,0.010526315789473684,0.003769007093512122,0.008524150249929517
KS Williamson,death,0,4.0,10.0,0.4,0.21696977459016392,0.25357581967213116
KS Williamson,death,1,3.0,10.0,0.3,0.37083760245901637,0.3566700819672131
KS Williamson,death,2,1.0,10.0,0.1,0.08837090163934426,0.09069672131147541
KS Williamson,death,3,0.0,10.0,0.0,0.002651127049180328,0.002120901639344262
KS Williamson,death,4,2.0,10.0,0.2,0.11151383196721311,0.1292110655737705
KS Williamson,death,6,0.0,10.0,0.0,0.07952100409836066,0.06361680327868853
KS Williamson,death,W,0.0,10.0,0.0,0.08016137295081967,0.06412909836065574
KS Williamson,death,Wd,0.0,10.0,0.0,0.04340420081967213,0.03472336065573771
KS Williamson,death,Nb,0.0,10.0,0.0,0.006570184426229508,0.005256147540983607
KS Williamson,middle,0,9.0,56.0,0.16071428571428573,0.2808889845966761,0.21078707691528173
KS Williamson,middle,1,33.0,56.0,0.5892857142857143,0.4414331678151601,0.52768048658965
KS Williamson,middle,2,4.0,56.0,0.07142857142857142,0.06664217673287394,0.06943424030536414
KS Williamson,middle,3,0.0,56.0,0.0,0.002286430887717876,0.000952679536549115
KS Williamson,middle,4,1.0,56.0,0.017857142857142856,0.08739739562221321,0.046832248175922166
KS Williamson,middle,6,6.0,56.0,0.10714285714285714,0.048281059991892986,0.0826171083299554
KS Williamson,middle,W,1.0,56.0,0.017857142857142856,0.04221980137819214,0.02800825057424673
KS Williamson,middle,Wd,2.0,56.0,0.03571428571428571,0.028171868666396434,0.03257161194433184
KS Williamson,middle,Nb,0.0,56.0,0.0,0.002679114308877179,0.0011162976286988246
KS Williamson,powerplay,0,2.0,6.0,0.3333333333333333,0.4228881521678736,0.4112070888416292
KS Williamson,powerplay,1,3.0,6.0,0.5,0.25764450947345025,0.28925609519430456
KS Williamson,powerplay,2,0.0,6.0,0.0,0.04384827662845184,0.03812893619865377
KS Williamson,powerplay,3,0.0,6.0,0.0,0.005028429611245902,0.004372547488039915
KS Williamson,powerplay,4,1.0,6.0,0.16666666666666666,0.15223269683107069,0.15411538854875712
KS Williamson,powerplay,6,0.0,6.0,0.0,0.040523771600022226,0.035238062260888894
KS Williamson,powerplay,W,0.0,6.0,0.0,0.03919952586446391,0.03408654422996862
KS Williamson,powerplay,Wd,0.0,6.0,0.0,0.03486563072990943,0.03031793976513864
KS Williamson,powerplay,Nb,0.0,6.0,0.0,0.003769007093512122,0.0032773974726192368
KT Maphaka,death,0,16.0,63.0,0.25396825396825395,0.21696977459016392,0.23959991246219958
KT Maphaka,death,1,22.0,63.0,0.3492063492063492,0.37083760245901637,0.3576068359064141
KT Maphaka,death,2,5.0,63.0,0.07936507936507936,0.08837090163934426,0.08286248607353175
KT Maphaka,death,3,0.0,63.0,0.0,0.002651127049180328,0.001029563902594302
KT Maphaka,death,4,3.0,63.0,0.047619047619047616,0.11151383196721311,0.07243255610377208
KT Maphaka,death,6,4.0,63.0,0.06349206349206349,0.07952100409836066,0.06971689479547988
KT Maphaka,death,W,5.0,63.0,0.07936507936507936,0.08016137295081967,0.07967431959255132
KT Maphaka,death,Wd,7.0,63.0,0.1111111111111111,0.04340420081967213,0.08481716536686297
KT Maphaka,death,Nb,1.0,63.0,0.015873015873015872,0.006570184426229508,0.012260265796593985
KT Maphaka,middle,0,38.0,142.0,0.2676056338028169,0.2808889845966761,0.270525051559709
KT Maphaka,middle,1,52.0,142.0,0.36619718309859156,0.4414331678151601,0.38273256435498026
KT Maphaka,middle,2,6.0,142.0,0.04225352112676056,0.06664217673287394,0.04761366521601625
KT Maphaka,middle,3,0.0,142.0,0.0,0.002286430887717876,0.0005025122830149178
KT Maphaka,middle,4,15.0,142.0,0.1056338028169014,0.08739739562221321,0.10162580123565125
KT Maphaka,middle,6,12.0,142.0,0.08450704225352113,0.048281059991892986,0.07654528791030615
KT Maphaka,middle,W,8.0,142.0,0.056338028169014086,0.04221980137819214,0.05323512118202025
KT Maphaka,middle,Wd,8.0,142.0,0.056338028169014086,0.028171868666396434,0.050147663443164056
KT Maphaka,middle,Nb,3.0,142.0,0.02112676056338028,0.002679114308877179,0.01707233281513784
KT Maphaka,powerplay,0,31.0,109.0,0.28440366972477066,0.4228881521678736,0.3215807119913755
KT Maphaka,powerplay,1,27.0,109.0,0.24770642201834864,0.25764450947345025,0.25037436495931553
KT Maphaka,powerplay,2,6.0,109.0,0.05504587155963303,0.04384827662845184,0.052039805806295795
KT Maphaka,powerplay,3,0.0,109.0,0.0,0.005028429611245902,0.0013499139895962154
KT Maphaka,powerplay,4,27.0,109.0,0.24770642201834864,0.15223269683107069,0.2220758917667304
KT Maphaka,powerplay,6,8.0,109.0,0.07339449541284404,0.040523771600022226,0.0645701400268516
KT Maphaka,powerplay,W,4.0,109.0,0.03669724770642202,0.03919952586446391,0.03736900023207085
KT Maphaka,powerplay,Wd,5.0,109.0,0.045871559633027525,0.03486563072990943,0.04291694784695555
KT Maphaka,powerplay,Nb,1.0,109.0,0.009174311926605505,0.003769007093512122,0.007723223380808624
KV Sharma,death,0,22.0,115.0,0.19130434782608696,0.21696977459016392,0.1979276837652036
KV Sharma,death,1,44.0,115.0,0.3826086956521739,0.37083760245901637,0.37957099418297197
KV Sharma,death,2,3.0,115.0,0.02608695652173913,0.08837090163934426,0.0421602326811211
KV Sharma,death,3,1.0,115.0,0.008695652173913044,0.002651127049180328,0.007135774722369117
KV Sharma,death,4,15.0,115.0,0.13043478260869565,0.11151383196721311,0.12555195663670016
KV Sharma,death,6,17.0,115.0,0.14782608695652175,0.07952100409836066,0.13019896879957696
KV Sharma,death,W,10.0,115.0,0.08695652173913043,0.08016137295081967,0.08520293495505024
KV Sharma,death,Wd,3.0,115.0,0.02608695652173913,0.04340420081967213,0.030555922792173455
KV Sharma,death,Nb,0.0,115.0,0.0,0.006570184426229508,0.0016955314648334214
KV Sharma,middle,0,341.0,1234.0,0.27633711507293357,0.2808889845966761,0.2764800309135534
KV Sharma,middle,1,544.0,1234.0,0.44084278768233387,0.4414331678151601,0.44086132395024047
KV Sharma,middle,2,80.0,1234.0,0.06482982171799027,0.06664217673287394,0.06488672454420326
KV Sharma,middle,3,3.0,1234.0,0.0024311183144246355,0.002286430887717876,0.0024265755380759144
KV Sharma,middle,4,89.0,1234.0,0.07212317666126418,0.08739739562221321,0.0726027439755797
KV Sharma,middle,6,103.0,1234.0,0.08346839546191248,0.048281059991892986,0.08236361255861517
KV Sharma,middle,W,61.0,1234.0,0.04943273905996758,0.04221980137819214,0.04920627319868735
KV Sharma,middle,Wd,13.0,1234.0,0.01053484602917342,0.028171868666396434,0.011088598702241647
KV Sharma,middle,Nb,0.0,1234.0,0.0,0.002679114308877179,8.411661880305114e-05
KV Sharma,powerplay,0,56.0,157.0,0.35668789808917195,0.4228881521678736,0.3701295740442383
KV Sharma,powerplay,1,57.0,157.0,0.3630573248407643,0.25764450947345025,0.34165370750729956
KV Sharma,powerplay,2,11.0,157.0,0.07006369426751592,0.04384827662845184,0.06474076682811206
KV Sharma,powerplay,3,0.0,157.0,0.0,0.005028429611245902,0.001021000936293584
KV Sharma,powerplay,4,16.0,157.0,0.10191082802547771,0.15223269683107069,0.11212846636163872
KV Sharma,powerplay,6,6.0,157.0,0.03821656050955414,0.040523771600022226,0.038685029766501976
KV Sharma,powerplay,W,7.0,157.0,0.044585987261146494,0.03919952586446391,0.04349228951562719
KV Sharma,powerplay,Wd,4.0,157.0,0.025477707006369428,0.03486563072990943,0.02738388441216435
KV Sharma,powerplay,Nb,0.0,157.0,0.0,0.003769007093512122,0.0007652806281242888
KW Richardson,death,0,72.0,308.0,0.23376623376623376,0.21696977459016392,0.2318356062747315
KW Richardson,death,1,107.0,308.0,0.3474025974025974,0.37083760245901637,0.3500962761447145
KW Richardson,death,2,35.0,308.0,0.11363636363636363,0.08837090163934426,0.11073228754475221
KW Richardson,death,3,0.0,308.0,0.0,0.002651127049180328,0.0003047272470322216
KW Richardson,death,4,35.0,308.0,0.11363636363636363,0.11151383196721311,0.11339239447899001
KW Richardson,death,6,22.0,308.0,0.07142857142857142,0.07952100409836066,0.07235873610325985
KW Richardson,death,W,28.0,308.0,0.09090909090909091,0.08016137295081967,0.08967372102882985
KW Richardson,death,Wd,9.0,308.0,0.02922077922077922,0.04340420081967213,0.030851057565479557
KW Richardson,death,Nb,0.0,308.0,0.0,0.006570184426229508,0.0007551936122102884
KW Richardson,middle,0,50.0,200.0,0.25,0.2808889845966761,0.255148164099446
KW Richardson,middle,1,82.0,200.0,0.41,0.4414331678151601,0.4152388613025267
KW Richardson,middle,2,21.0,200.0,0.105,0.06664217673287394,0.09860702945547899
KW Richardson,middle,3,2.0,200.0,0.01,0.002286430887717876,0.00871440514795298
KW Richardson,middle,4,25.0,200.0,0.125,0.08739739562221321,0.11873289927036887
KW Richardson,middle,6,12.0,200.0,0.06,0.048281059991892986,0.058046843331982165
KW Richardson,middle,W,4.0,200.0,0.02,0.04221980137819214,0.02370330022969869
KW Richardson,middle,Wd,3.0,200.0,0.015,0.028171868666396434,0.017195311444399404
KW Richardson,middle,Nb,1.0,200.0,0.005,0.002679114308877179,0.004613185718146197
KW Richardson,powerplay,0,159.0,379.0,0.41952506596306066,0.4228881521678736,0.4198461243119688
KW Richardson,powerplay,1,102.0,379.0,0.2691292875989446,0.25764450947345025,0.26803288873254894
KW Richardson,powerplay,2,11.0,379.0,0.029023746701846966,0.04384827662845184,0.030438976289112348
KW Richardson,powerplay,3,5.0,379.0,0.013192612137203167,0.005028429611245902,0.012413215237350443
KW Richardson,powerplay,4,55.0,379.0,0.14511873350923482,0.15223269683107069,0.1457978708191953
KW Richardson,powerplay,6,13.0,379.0,0.03430079155672823,0.040523771600022226,0.03489487079713816
KW Richardson,powerplay,W,16.0,379.0,0.04221635883905013,0.03919952586446391,0.04192835569111827
KW Richardson,powerplay,Wd,18.0,379.0,0.047493403693931395,0.03486563072990943,0.04628788837517035
KW Richardson,powerplay,Nb,0.0,379.0,0.0,0.003769007093512122,0.0003598097463973386
Kuldeep Yadav,death,0,95.0,415.0,0.2289156626506024,0.21696977459016392,0.2278654746892452
Kuldeep Yadav,death,1,179.0,415.0,0.43132530120481927,0.37083760245901637,0.42600770131507837
Kuldeep Yadav,death,2,29.0,415.0,0.06987951807228916,0.08837090163934426,0.07150513421005224
Kuldeep Yadav,death,3,1.0,415.0,0.0024096385542168677,0.002651127049180328,0.0024308683120158533
Kuldeep Yadav,death,4,23.0,415.0,0.05542168674698795,0.11151383196721311,0.06035286434876599
Kuldeep Yadav,death,6,40.0,415.0,0.0963855421686747,0.07952100409836066,0.0949029454152405
Kuldeep Yadav,death,W,31.0,415.0,0.0746987951807229,0.08016137295081967,0.07517902179787427
Kuldeep Yadav,death,Wd,17.0,415.0,0.04096385542168675,0.04340420081967213,0.041178391280850296
Kuldeep Yadav,death,Nb,0.0,415.0,0.0,0.006570184426229508,0.0005775986308773194
Kuldeep Yadav,middle,0,655.0,2402.0,0.2726894254787677,0.2808889845966761,0.272823734391428
Kuldeep Yadav,middle,1,1081.0,2402.0,0.45004163197335556,0.4414331678151601,0.4499006251894375
Kuldeep Yadav,middle,2,161.0,2402.0,0.06702747710241465,0.06664217673287394,0.06702116587605035
Kuldeep Yadav,middle,3,5.0,2402.0,0.0020815986677768525,0.002286430887717876,0.002084953822894642
Kuldeep Yadav,middle,4,170.0,2402.0,0.07077435470441298,0.08739739562221321,0.07104664038693223
Kuldeep Yadav,middle,6,164.0,2402.0,0.06827643630308076,0.048281059991892986,0.06794891171157892
Kuldeep Yadav,middle,W,125.0,2402.0,0.05203996669442131,0.04221980137819214,0.051879112225687016
Kuldeep Yadav,middle,Wd,38.0,2402.0,0.01582014987510408,0.028171868666396434,0.016022471231226805
Kuldeep Yadav,middle,Nb,3.0,2402.0,0.0012489592006661116,0.002679114308877179,0.001272385164764573
Kuldeep Yadav,powerplay,0,23.0,83.0,0.27710843373493976,0.4228881521678736,0.324516472249715
Kuldeep Yadav,powerplay,1,35.0,83.0,0.42168674698795183,0.25764450947345025,0.3683396778775448
Kuldeep Yadav,powerplay,2,6.0,83.0,0.07228915662650602,0.04384827662845184,0.06304008996047214
Kuldeep Yadav,powerplay,3,0.0,83.0,0.0,0.005028429611245902,0.0016352616621937892
Kuldeep Yadav,powerplay,4,6.0,83.0,0.07228915662650602,0.15223269683107069,0.09828705588002298
Kuldeep Yadav,powerplay,6,7.0,83.0,0.08433734939759036,0.040523771600022226,0.07008903141464137
Kuldeep Yadav,powerplay,W,2.0,83.0,0.024096385542168676,0.03919952586446391,0.029007975890882574
Kuldeep Yadav,powerplay,Wd,4.0,83.0,0.04819277108433735,0.03486563072990943,0.043858741700783556
Kuldeep Yadav,powerplay,Nb,0.0,83.0,0.0,0.003769007093512122,0.0012256933637437796
L Balaji,death,0,77.0,453.0,0.16997792494481237,0.21696977459016392,0.17379065108236624
L Balaji,death,1,181.0,453.0,0.3995584988962472,0.37083760245901637,0.39722820303927114
L Balaji,death,2,45.0,453.0,0.09933774834437085,0.08837090163934426,0.09844794333787783
L Balaji,death,3,1.0,453.0,0.002207505518763797,0.002651127049180328,0.002243499152063313
L Balaji,death,4,56.0,453.0,0.12362030905077263,0.11151383196721311,0.12263803910484487
L Balaji,death,6,38.0,453.0,0.08388520971302428,0.07952100409836066,0.08353111595118545
L Balaji,death,W,39.0,453.0,0.08609271523178808,0.08016137295081967,0.0856114704219732
L Balaji,death,Wd,15.0,453.0,0.033112582781456956,0.04340420081967213,0.033947602500581917
L Balaji,death,Nb,1.0,453.0,0.002207505518763797,0.006570184426229508,0.0025614754098360654
L Balaji,middle,0,166.0,543.0,0.30570902394106814,0.2808889845966761,0.3040061052896519
L Balaji,middle,1,230.0,543.0,0.42357274401473294,0.4414331678151601,0.4247981590267691
L Balaji,middle,2,32.0,543.0,0.058931860036832415,0.06664217673287394,0.059460869758687744
L Balaji,middle,3,1.0,543.0,0.001841620626151013,0.002286430887717876,0.001872139340495223
L Balaji,middle,4,53.0,543.0,0.09760589318600368,0.08739739562221321,0.09690548168934568
L Balaji,middle,6,15.0,543.0,0.027624309392265192,0.048281059991892986,0.029041582160678762
L Balaji,middle,W,29.0,543.0,0.053406998158379376,0.04221980137819214,0.05263943748735452
L Balaji,middle,Wd,17.0,543.0,0.03130755064456722,0.028171868666396434,0.031092409513989464
L Balaji,middle,Nb,0.0,543.0,0.0,0.002679114308877179,0.00018381573302759374
L Balaji,powerplay,0,201.0,426.0,0.47183098591549294,0.4228881521678736,0.46762988430625524
L Balaji,powerplay,1,101.0,426.0,0.23708920187793428,0.25764450947345025,0.23885360596338628
L Balaji,powerplay,2,13.0,426.0,0.03051643192488263,0.04384827662845184,0.03166079627712033
L Balaji,powerplay,3,0.0,426.0,0.0,0.005028429611245902,0.0004316248593344122
L Balaji,powerplay,4,63.0,426.0,0.14788732394366197,0.15223269683107069,0.14826031732455544
L Balaji,powerplay,6,13.0,426.0,0.03051643192488263,0.040523771600022226,0.03137543103862852
L Balaji,powerplay,W,16.0,426.0,0.03755868544600939,0.03919952586446391,0.03769953011712136
L Balaji,powerplay,Wd,18.0,426.0,0.04225352112676056,0.03486563072990943,0.04161936744462742
L Balaji,powerplay,Nb,1.0,426.0,0.002347417840375587,0.003769007093512122,0.0024694426689709976
L Ngidi,death,0,125.0,496.0,0.25201612903225806,0.21696977459016392,0.24940072944702715
L Ngidi,death,1,159.0,496.0,0.32056451612903225,0.37083760245901637,0.32431623898947887
L Ngidi,death,2,37.0,496.0,0.07459677419354839,0.08837090163934426,0.07562469415218986
L Ngidi,death,3,0.0,496.0,0.0,0.002651127049180328,0.00019784530217763642
L Ngidi,death,4,54.0,496.0,0.10887096774193548,0.11151383196721311,0.10906819641546366
L Ngidi,death,6,43.0,496.0,0.08669354838709678,0.07952100409836066,0.08615828388793736
L Ngidi,death,W,48.0,496.0,0.0967741935483871,0.08016137295081967,0.09553443081722536
L Ngidi,death,Wd,24.0,496.0,0.04838709677419355,0.04340420081967213,0.04801523886713971
L Ngidi,death,Nb,6.0,496.0,0.012096774193548387,0.006570184426229508,0.01168434212136041
L Ngidi,middle,0,85.0,334.0,0.25449101796407186,0.2808889845966761,0.2573143299033878
L Ngidi,middle,1,145.0,334.0,0.4341317365269461,0.4414331678151601,0.43491263826900106
L Ngidi,middle,2,17.0,334.0,0.05089820359281437,0.06664217673287394,0.05258205098747314
L Ngidi,middle,3,0.0,334.0,0.0,0.002286430887717876,0.00024453806285752684
L Ngidi,middle,4,32.0,334.0,0.09580838323353294,0.08739739562221321,0.0949088123660121
L Ngidi,middle,6,20.0,334.0,0.059880239520958084,0.048281059991892986,0.05863968556063026
L Ngidi,middle,W,20.0,334.0,0.059880239520958084,0.04221980137819214,0.05799142260729327
L Ngidi,middle,Wd,14.0,334.0,0.041916167664670656,0.028171868666396434,0.040446189162181435
L Ngidi,middle,Nb,1.0,334.0,0.0029940119760479044,0.002679114308877179,0.0029603330811633346
L Ngidi,powerplay,0,244.0,612.0,0.39869281045751637,0.4228881521678736,0.40017718724956275
L Ngidi,powerplay,1,150.0,612.0,0.24509803921568626,0.25764450947345025,0.24586776131738958
L Ngidi,powerplay,2,28.0,612.0,0.0457516339869281,0.04384827662845184,0.045634863596837535
L Ngidi,powerplay,3,4.0,612.0,0.006535947712418301,0.005028429611245902,0.006443461939340239
L Ngidi,powerplay,4,95.0,612.0,0.15522875816993464,0.15223269683107069,0.15504495072583258
L Ngidi,powerplay,6,37.0,612.0,0.06045751633986928,0.040523771600022226,0.05923458721472529
L Ngidi,powerplay,W,33.0,612.0,0.05392156862745098,0.03919952586446391,0.05301837581990576
L Ngidi,powerplay,Wd,20.0,612.0,0.032679738562091505,0.03486563072990943,0.03281384237606807
L Ngidi,powerplay,Nb,1.0,612.0,0.0016339869281045752,0.003769007093512122,0.001764969760338167
L Wood,death,0,6.0,46.0,0.13043478260869565,0.21696977459016392,0.17068361608844834
L Wood,death,1,12.0,46.0,0.2608695652173913,0.37083760245901637,0.3120174895158216
L Wood,death,2,4.0,46.0,0.08695652173913043,0.08837090163934426,0.08761437285550897
L Wood,death,3,0.0,46.0,0.0,0.002651127049180328,0.0012330823484559665
L Wood,death,4,13.0,46.0,0.2826086956521739,0.11151383196721311,0.20302968928707588
L Wood,death,6,3.0,46.0,0.06521739130434782,0.07952100409836066,0.0718702344643538
L Wood,death,W,6.0,46.0,0.13043478260869565,0.08016137295081967,0.10705180137247426
L Wood,death,Wd,1.0,46.0,0.021739130434782608,0.04340420081967213,0.03181590735798704
L Wood,death,Nb,1.0,46.0,0.021739130434782608,0.006570184426229508,0.01468380670987419
L Wood,middle,0,1.0,7.0,0.14285714285714285,0.2808889845966761,0.26033105072057544
L Wood,middle,1,2.0,7.0,0.2857142857142857,0.4414331678151601,0.41824099388524266
L Wood,middle,2,1.0,7.0,0.14285714285714285,0.06664217673287394,0.07799334190031824
L Wood,middle,3,0.0,7.0,0.0,0.002286430887717876,0.0019458986278450008
L Wood,middle,4,0.0,7.0,0.0,0.08739739562221321,0.07438076223167082
L Wood,middle,6,2.0,7.0,0.2857142857142857,0.048281059991892986,0.08364345531224934
L Wood,middle,W,1.0,7.0,0.14285714285714285,0.04221980137819214,0.0572083415984614
L Wood,middle,Wd,0.0,7.0,0.0,0.028171868666396434,0.023976058439486324
L Wood,middle,Nb,0.0,7.0,0.0,0.002679114308877179,0.0022800972841507906
L Wood,powerplay,0,47.0,140.0,0.3357142857142857,0.4228881521678736,0.35508625603730526
L Wood,powerplay,1,37.0,140.0,0.2642857142857143,0.25764450947345025,0.26280989099410007
L Wood,powerplay,2,9.0,140.0,0.06428571428571428,0.04384827662845184,0.0597440614729893
L Wood,powerplay,3,1.0,140.0,0.007142857142857143,0.005028429611245902,0.006672984358054644
L Wood,powerplay,4,23.0,140.0,0.16428571428571428,0.15223269683107069,0.16160726596246014
L Wood,powerplay,6,13.0,140.0,0.09285714285714286,0.040523771600022226,0.08122750480000494
L Wood,powerplay,W,6.0,140.0,0.04285714285714286,0.03919952586446391,0.042044339080991984
L Wood,powerplay,Wd,3.0,140.0,0.02142857142857143,0.03486563072990943,0.024414584606646538
L Wood,powerplay,Nb,1.0,140.0,0.007142857142857143,0.003769007093512122,0.0063931126874471386
LB Williams,death,0,4.0,39.0,0.10256410256410256,0.21696977459016392,0.16049102510894375
LB Williams,death,1,13.0,39.0,0.3333333333333333,0.37083760245901637,0.3523228366881096
LB Williams,death,2,5.0,39.0,0.1282051282051282,0.08837090163934426,0.10803589956422495
LB Williams,death,3,0.0,39.0,0.0,0.002651127049180328,0.0013423428097115585
LB Williams,death,4,9.0,39.0,0.23076923076923078,0.11151383196721311,0.1703867503631459
LB Williams,death,6,2.0,39.0,0.05128205128205128,0.07952100409836066,0.06558025523967628
LB Williams,death,W,4.0,39.0,0.10256410256410256,0.08016137295081967,0.09122094832952894
LB Williams,death,Wd,2.0,39.0,0.05128205128205128,0.04340420081967213,0.047293266237808676
LB Williams,death,Nb,0.0,39.0,0.0,0.006570184426229508,0.003326675658850384
LB Williams,middle,0,14.0,58.0,0.2413793103448276,0.2808889845966761,0.2575057079986433
LB Williams,middle,1,21.0,58.0,0.3620689655172414,0.4414331678151601,0.3944625174755756
LB Williams,middle,2,1.0,58.0,0.017241379310344827,0.06664217673287394,0.03740497009505059
LB Williams,middle,3,0.0,58.0,0.0,0.002286430887717876,0.0009332370970277045
LB Williams,middle,4,9.0,58.0,0.15517241379310345,0.08739739562221321,0.1275091410702911
LB Williams,middle,6,6.0,58.0,0.10344827586206896,0.048281059991892986,0.0809310448946502
LB Williams,middle,W,3.0,58.0,0.05172413793103448,0.04221980137819214,0.04784481688905802
LB Williams,middle,Wd,4.0,58.0,0.06896551724137931,0.028171868666396434,0.05231504843526385
LB Williams,middle,Nb,0.0,58.0,0.0,0.002679114308877179,0.0010935160444396647
LB Williams,powerplay,0,33.0,97.0,0.3402061855670103,0.4228881521678736,0.3643469057424449
LB Williams,powerplay,1,23.0,97.0,0.23711340206185566,0.25764450947345025,0.2431078859776497
LB Williams,powerplay,2,4.0,97.0,0.041237113402061855,0.04384827662845184,0.04199949682582535
LB Williams,powerplay,3,0.0,97.0,0.0,0.005028429611245902,0.0014681546310207013
LB Williams,powerplay,4,16.0,97.0,0.16494845360824742,0.15223269683107069,0.16123582389228341
LB Williams,powerplay,6,10.0,97.0,0.10309278350515463,0.040523771600022226,0.08482445886132035
LB Williams,powerplay,W,3.0,97.0,0.030927835051546393,0.03919952586446391,0.033342927259697494
LB Williams,powerplay,Wd,5.0,97.0,0.05154639175257732,0.03486563072990943,0.0466760965634772
LB Williams,powerplay,Nb,3.0,97.0,0.030927835051546393,0.003769007093512122,0.02299825024628091
LE Plunkett,death,0,27.0,106.0,0.25471698113207547,0.21696977459016392,0.244375280709634
LE Plunkett,death,1,39.0,106.0,0.36792452830188677,0.37083760245901637,0.3687226308106894
LE Plunkett,death,2,13.0,106.0,0.12264150943396226,0.08837090163934426,0.11325230181899842
LE Plunkett,death,3,2.0,106.0,0.018867924528301886,0.002651127049180328,0.014424966314843924
LE Plunkett,death,4,7.0,106.0,0.0660377358490566,0.11151383196721311,0.0784969402649899
LE Plunkett,death,6,6.0,106.0,0.05660377358490566,0.07952100409836066,0.0628824668762632
LE Plunkett,death,W,7.0,106.0,0.0660377358490566,0.08016137295081967,0.069907225465978
LE Plunkett,death,Wd,5.0,106.0,0.04716981132075472,0.04340420081967213,0.046138137210869075
LE Plunkett,death,Nb,0.0,106.0,0.0,0.006570184426229508,0.001800050527734112
LE Plunkett,middle,0,76.0,256.0,0.296875,0.2808889845966761,0.29471472764819945
LE Plunkett,middle,1,99.0,256.0,0.38671875,0.4414331678151601,0.3941125902452919
LE Plunkett,middle,2,13.0,256.0,0.05078125,0.06664217673287394,0.0529246184774154
LE Plunkett,middle,3,0.0,256.0,0.0,0.002286430887717876,0.00030897714698890216
LE Plunkett,middle,4,25.0,256.0,0.09765625,0.08739739562221321,0.0962699183273261
LE Plunkett,middle,6,20.0,256.0,0.078125,0.048281059991892986,0.07409203513403959
LE Plunkett,middle,W,13.0,256.0,0.05078125,0.04221980137819214,0.04962429748353948
LE Plunkett,middle,Wd,10.0,256.0,0.0390625,0.028171868666396434,0.03759079306302655
LE Plunkett,middle,Nb,0.0,256.0,0.0,0.002679114308877179,0.00036204247417259174
LE Plunkett,powerplay,0,42.0,147.0,0.2857142857142857,0.4228881521678736,0.31505628923376977
LE Plunkett,powerplay,1,61.0,147.0,0.41496598639455784,0.25764450947345025,0.3813143335772086
LE Plunkett,powerplay,2,7.0,147.0,0.047619047619047616,0.04384827662845184,0.04681246558897366
LE Plunkett,powerplay,3,1.0,147.0,0.006802721088435374,0.005028429611245902,0.006423193499731743
LE Plunkett,powerplay,4,22.0,147.0,0.14965986394557823,0.15223269683107069,0.1502102025307103
LE Plunkett,powerplay,6,5.0,147.0,0.034013605442176874,0.040523771600022226,0.03540615435294593
LE Plunkett,powerplay,W,6.0,147.0,0.04081632653061224,0.03919952586446391,0.04047048681592811
LE Plunkett,powerplay,Wd,3.0,147.0,0.02040816326530612,0.03486563072990943,0.023500669674846937
LE Plunkett,powerplay,Nb,0.0,147.0,0.0,0.003769007093512122,0.0008062047258849459
LH Ferguson,death,0,133.0,519.0,0.25626204238921,0.21696977459016392,0.2534504310976861
LH Ferguson,death,1,176.0,519.0,0.33911368015414256,0.37083760245901637,0.3413837282618259
LH Ferguson,death,2,36.0,519.0,0.06936416184971098,0.08837090163934426,0.07072421478635738
LH Ferguson,death,3,1.0,519.0,0.0019267822736030828,0.002651127049180328,0.001978613742338485
LH Ferguson,death,4,64.0,519.0,0.1233140655105973,0.11151383196721311,0.12246968386169682
LH Ferguson,death,6,50.0,519.0,0.09633911368015415,0.07952100409836066,0.09513567113405086
LH Ferguson,death,W,33.0,519.0,0.06358381502890173,0.08016137295081967,0.06477004457608729
LH Ferguson,death,Wd,19.0,519.0,0.036608863198458574,0.04340420081967213,0.037095112759904986
LH Ferguson,death,Nb,7.0,519.0,0.01348747591522158,0.006570184426229508,0.012992499780052201
LH Ferguson,middle,0,212.0,645.0,0.32868217054263565,0.2808889845966761,0.3258913275676891
LH Ferguson,middle,1,219.0,645.0,0.3395348837209302,0.4414331678151601,0.3454851484855568
LH Ferguson,middle,2,38.0,645.0,0.05891472868217054,0.06664217673287394,0.059365966524547384
LH Ferguson,middle,3,1.0,645.0,0.0015503875968992248,0.002286430887717876,0.001593368227020022
LH Ferguson,middle,4,74.0,645.0,0.11472868217054263,0.08739739562221321,0.11313269463487377
LH Ferguson,middle,6,31.0,645.0,0.04806201550387597,0.048281059991892986,0.04807480642288426
LH Ferguson,middle,W,33.0,645.0,0.05116279069767442,0.04221980137819214,0.050640572343252095
LH Ferguson,middle,Wd,30.0,645.0,0.046511627906976744,0.028171868666396434,0.04544069306081147
LH Ferguson,middle,Nb,7.0,645.0,0.010852713178294573,0.002679114308877179,0.01037542273336509
LH Ferguson,powerplay,0,221.0,560.0,0.39464285714285713,0.4228881521678736,0.39652587681119156
LH Ferguson,powerplay,1,143.0,560.0,0.25535714285714284,0.25764450947345025,0.2555096339648967
LH Ferguson,powerplay,2,20.0,560.0,0.03571428571428571,0.04384827662845184,0.03625655177523012
LH Ferguson,powerplay,3,2.0,560.0,0.0035714285714285713,0.005028429611245902,0.0036685619740830597
LH Ferguson,powerplay,4,87.0,560.0,0.15535714285714286,0.15223269683107069,0.15514884645540472
LH Ferguson,powerplay,6,36.0,560.0,0.06428571428571428,0.040523771600022226,0.06270158477333482
LH Ferguson,powerplay,W,28.0,560.0,0.05,0.03919952586446391,0.04927996839096426
LH Ferguson,powerplay,Wd,22.0,560.0,0.039285714285714285,0.03486563072990943,0.038991042048660635
LH Ferguson,powerplay,Nb,1.0,560.0,0.0017857142857142857,0.003769007093512122,0.0019179338062341414
LJ Wright,death,0,10.0,72.0,0.1388888888888889,0.21696977459016392,0.16677491949648712
LJ Wright,death,1,39.0,72.0,0.5416666666666666,0.37083760245901637,0.48065628659250587
LJ Wright,death,2,7.0,72.0,0.09722222222222222,0.08837090163934426,0.09406103629976581
LJ Wright,death,3,0.0,72.0,0.0,0.002651127049180328,0.0009468310889929742
LJ Wright,death,4,4.0,72.0,0.05555555555555555,0.11151383196721311,0.07554065427400469
LJ Wright,death,6,7.0,72.0,0.09722222222222222,0.07952100409836066,0.09090035860655739
LJ Wright,death,W,4.0,72.0,0.05555555555555555,0.08016137295081967,0.0643433474824356
LJ Wright,death,Wd,1.0,72.0,0.013888888888888888,0.04340420081967213,0.024430071721311477
LJ Wright,death,Nb,0.0,72.0,0.0,0.006570184426229508,0.00234649443793911
LJ Wright,middle,0,62.0,227.0,0.27312775330396477,0.2808889845966761,0.2742904845837717
LJ Wright,middle,1,92.0,227.0,0.4052863436123348,0.4414331678151601,0.4107015981745558
LJ Wright,middle,2,19.0,227.0,0.08370044052863436,0.06664217673287394,0.08114489539069272
LJ Wright,middle,3,1.0,227.0,0.004405286343612335,0.002286430887717876,0.004087854814639382
LJ Wright,middle,4,19.0,227.0,0.08370044052863436,0.08739739562221321,0.08425429147898325
LJ Wright,middle,6,15.0,227.0,0.06607929515418502,0.048281059991892986,0.0634128928826806
LJ Wright,middle,W,11.0,227.0,0.048458149779735685,0.04221980137819214,0.04752356574954189
LJ Wright,middle,Wd,7.0,227.0,0.030837004405286344,0.028171868666396434,0.03043773313354254
LJ Wright,middle,Nb,1.0,227.0,0.004405286343612335,0.002679114308877179,0.004146683791592087
LJ Wright,powerplay,0,5.0,22.0,0.22727272727272727,0.4228881521678736,0.35347622720507976
LJ Wright,powerplay,1,6.0,22.0,0.2727272727272727,0.25764450947345025,0.2629964577248066
LJ Wright,powerplay,2,1.0,22.0,0.045454545454545456,0.04384827662845184,0.04441824298609796
LJ Wright,powerplay,3,0.0,22.0,0.0,0.005028429611245902,0.0032441481362876787
LJ Wright,powerplay,4,6.0,22.0,0.2727272727272727,0.15223269683107069,0.1949888366652069
LJ Wright,powerplay,6,2.0,22.0,0.09090909090909091,0.040523771600022226,0.058402433290336925
LJ Wright,powerplay,W,1.0,22.0,0.045454545454545456,0.03919952586446391,0.04141904894481543
LJ Wright,powerplay,Wd,0.0,22.0,0.0,0.03486563072990943,0.02249395530961899
LJ Wright,powerplay,Nb,1.0,22.0,0.045454545454545456,0.003769007093512122,0.018560649737749756
LMP Simmons,death,0,2.0,17.0,0.11764705882352941,0.21696977459016392,0.18734721023871154
LMP Simmons,death,1,7.0,17.0,0.4117647058823529,0.37083760245901637,0.38304393155018696
LMP Simmons,death,2,1.0,17.0,0.058823529411764705,0.08837090163934426,0.07955852746620651
LMP Simmons,death,3,0.0,17.0,0.0,0.002651127049180328,0.0018604400345125108
LMP Simmons,death,4,2.0,17.0,0.11764705882352941,0.11151383196721311,0.11334303997699166
LMP Simmons,death,6,2.0,17.0,0.11764705882352941,0.07952100409836066,0.09089193270060397
LMP Simmons,death,W,3.0,17.0,0.17647058823529413,0.08016137295081967,0.10888517400057521
LMP Simmons,death,Wd,0.0,17.0,0.0,0.04340420081967213,0.03045908829450676
LMP Simmons,death,Nb,0.0,17.0,0.0,0.006570184426229508,0.004610655737704918
LMP Simmons,middle,0,5.0,43.0,0.11627906976744186,0.2808889845966761,0.1956091492032174
LMP Simmons,middle,1,19.0,43.0,0.4418604651162791,0.4414331678151601,0.4416545387061013
LMP Simmons,middle,2,3.0,43.0,0.06976744186046512,0.06664217673287394,0.06826128999174648
LMP Simmons,middle,3,0.0,43.0,0.0,0.002286430887717876,0.0011018944037194582
LMP Simmons,middle,4,9.0,43.0,0.20930232558139536,0.08739739562221321,0.15055296174564492
LMP Simmons,middle,6,2.0,43.0,0.046511627906976744,0.048281059991892986,0.04736436626115324
LMP Simmons,middle,W,4.0,43.0,0.09302325581395349,0.04221980137819214,0.0685396633147914
LMP Simmons,middle,Wd,1.0,43.0,0.023255813953488372,0.028171868666396434,0.02562499694766093
LMP Simmons,middle,Nb,0.0,43.0,0.0,0.002679114308877179,0.0012911394259649055
LMP Simmons,powerplay,0,0.0,1.0,0.0,0.4228881521678736,0.4125738069930474
LMP Simmons,powerplay,1,1.0,1.0,1.0,0.25764450947345025,0.2757507409497076
LMP Simmons,powerplay,2,0.0,1.0,0.0,0.04384827662845184,0.04277880646678228
LMP Simmons,powerplay,3,0.0,1.0,0.0,0.005028429611245902,0.004905784986581368
LMP Simmons,powerplay,4,0.0,1.0,0.0,0.15223269683107069,0.1485197042254348
LMP Simmons,powerplay,6,0.0,1.0,0.0,0.040523771600022226,0.039535386926850956
LMP Simmons,powerplay,W,0.0,1.0,0.0,0.03919952586446391,0.038243439867769666
LMP Simmons,powerplay,Wd,0.0,1.0,0.0,0.03486563072990943,0.034015249492594574
LMP Simmons,powerplay,Nb,0.0,1.0,0.0,0.003769007093512122,0.003677080091231339
LPC Silva,death,0,0.0,2.0,0.0,0.21696977459016392,0.2066378805620609
LPC Silva,death,1,2.0,2.0,1.0,0.37083760245901637,0.4007977166276347
LPC Silva,death,2,0.0,2.0,0.0,0.08837090163934426,0.08416276346604215
LPC Silva,death,3,0.0,2.0,0.0,0.002651127049180328,0.002524882903981265
LPC Silva,death,4,0.0,2.0,0.0,0.11151383196721311,0.10620364949258392
LPC Silva,death,6,0.0,2.0,0.0,0.07952100409836066,0.07573428961748634
LPC Silva,death,W,0.0,2.0,0.0,0.08016137295081967,0.07634416471506635
LPC Silva,death,Wd,0.0,2.0,0.0,0.04340420081967213,0.04133733411397346
LPC Silva,death,Nb,0.0,2.0,0.0,0.006570184426229508,0.00625731850117096
LRPL Taylor,middle,0,0.0,13.0,0.0,0.2808889845966761,0.21199168648805747
LRPL Taylor,middle,1,9.0,13.0,0.6923076923076923,0.4414331678151601,0.5029684285397436
LRPL Taylor,middle,2,1.0,13.0,0.07692307692307693,0.06664217673287394,0.06916390696820675
LRPL Taylor,middle,3,0.0,13.0,0.0,0.002286430887717876,0.0017256082171455667
LRPL Taylor,middle,4,0.0,13.0,0.0,0.08739739562221321,0.06596029858280243
LRPL Taylor,middle,6,2.0,13.0,0.15384615384615385,0.048281059991892986,0.07417438489954187
LRPL Taylor,middle,W,0.0,13.0,0.0,0.04221980137819214,0.03186400104014501
LRPL Taylor,middle,Wd,1.0,13.0,0.07692307692307693,0.028171868666396434,0.04012971220105391
LRPL Taylor,middle,Nb,0.0,13.0,0.0,0.002679114308877179,0.002021973063303531
LS Livingstone,death,0,26.0,93.0,0.27956989247311825,0.21696977459016392,0.2607427893504253
LS Livingstone,death,1,37.0,93.0,0.3978494623655914,0.37083760245901637,0.38972559472451623
LS Livingstone,death,2,5.0,93.0,0.053763440860215055,0.08837090163934426,0.06417169974115618
LS Livingstone,death,3,0.0,93.0,0.0,0.002651127049180328,0.0007973314433625047
LS Livingstone,death,4,7.0,93.0,0.07526881720430108,0.11151383196721311,0.08616957352397388
LS Livingstone,death,6,8.0,93.0,0.08602150537634409,0.07952100409836066,0.0840664673980032
LS Livingstone,death,W,4.0,93.0,0.043010752688172046,0.08016137295081967,0.05418387156415629
LS Livingstone,death,Wd,6.0,93.0,0.06451612903225806,0.04340420081967213,0.05816667693824726
LS Livingstone,death,Nb,0.0,93.0,0.0,0.006570184426229508,0.0019759953161592506
LS Livingstone,middle,0,143.0,630.0,0.22698412698412698,0.2808889845966761,0.23020232743860752
LS Livingstone,middle,1,282.0,630.0,0.44761904761904764,0.4414331678151601,0.4472497413620991
LS Livingstone,middle,2,46.0,630.0,0.07301587301587302,0.06664217673287394,0.07263535383479844
LS Livingstone,middle,3,0.0,630.0,0.0,0.002286430887717876,0.0001365033365801717
LS Livingstone,middle,4,64.0,630.0,0.10158730158730159,0.08739739562221321,0.1007401430222217
LS Livingstone,middle,6,49.0,630.0,0.07777777777777778,0.048281059991892986,0.07601677970100854
LS Livingstone,middle,W,28.0,630.0,0.044444444444444446,0.04221980137819214,0.0443116299330264
LS Livingstone,middle,Wd,17.0,630.0,0.026984126984126985,0.028171868666396434,0.02705503693530725
LS Livingstone,middle,Nb,1.0,630.0,0.0015873015873015873,0.002679114308877179,0.0016524844363508763
LS Livingstone,powerplay,0,13.0,29.0,0.4482758620689655,0.4228881521678736,0.43355834908282526
LS Livingstone,powerplay,1,7.0,29.0,0.2413793103448276,0.25764450947345025,0.25080841128895665
LS Livingstone,powerplay,2,1.0,29.0,0.034482758620689655,0.04384827662845184,0.03991204442229092
LS Livingstone,powerplay,3,0.0,29.0,0.0,0.005028429611245902,0.0029150316586932764
LS Livingstone,powerplay,4,5.0,29.0,0.1724137931034483,0.15223269683107069,0.1607146068585917
LS Livingstone,powerplay,6,1.0,29.0,0.034482758620689655,0.040523771600022226,0.03798479513044767
LS Livingstone,powerplay,W,2.0,29.0,0.06896551724137931,0.03919952586446391,0.05170987006635589
LS Livingstone,powerplay,Wd,0.0,29.0,0.0,0.03486563072990943,0.02021195984342576
LS Livingstone,powerplay,Nb,0.0,29.0,0.0,0.003769007093512122,0.0021849316484128245
M Jansen,death,0,62.0,289.0,0.21453287197231835,0.21696977459016392,0.2148291519258558
M Jansen,death,1,93.0,289.0,0.3217993079584775,0.37083760245901637,0.32776141063331504
M Jansen,death,2,29.0,289.0,0.10034602076124567,0.08837090163934426,0.098890079226668
M Jansen,death,3,0.0,289.0,0.0,0.002651127049180328,0.00032232547710399123
M Jansen,death,4,32.0,289.0,0.11072664359861592,0.11151383196721311,0.11082235039115053
M Jansen,death,6,33.0,289.0,0.11418685121107267,0.07952100409836066,0.10997215855299218
M Jansen,death,W,20.0,289.0,0.06920415224913495,0.08016137295081967,0.07053633713687778
M Jansen,death,Wd,16.0,289.0,0.05536332179930796,0.04340420081967213,0.05390932532761971
M Jansen,death,Nb,4.0,289.0,0.01384083044982699,0.006570184426229508,0.01295686132841696
M Jansen,middle,0,98.0,407.0,0.24078624078624078,0.2808889845966761,0.24437485320775623
M Jansen,middle,1,174.0,407.0,0.4275184275184275,0.4414331678151601,0.42876359443536105
M Jansen,middle,2,20.0,407.0,0.04914004914004914,0.06664217673287394,0.05070623505439587
M Jansen,middle,3,0.0,407.0,0.0,0.002286430887717876,0.00020460231657430658
M Jansen,middle,4,55.0,407.0,0.13513513513513514,0.08739739562221321,0.13086330162167456
M Jansen,middle,6,26.0,407.0,0.06388206388206388,0.048281059991892986,0.062486000894129125
M Jansen,middle,W,13.0,407.0,0.03194103194103194,0.04221980137819214,0.032860832338093254
M Jansen,middle,Wd,18.0,407.0,0.044226044226044224,0.028171868666396434,0.042789428963435926
M Jansen,middle,Nb,3.0,407.0,0.007371007371007371,0.002679114308877179,0.006951151168579614
M Jansen,powerplay,0,316.0,774.0,0.4082687338501292,0.4228881521678736,0.4089871327846621
M Jansen,powerplay,1,172.0,774.0,0.2222222222222222,0.25764450947345025,0.2239628751584005
M Jansen,powerplay,2,28.0,774.0,0.03617571059431524,0.04384827662845184,0.036552740866262985
M Jansen,powerplay,3,5.0,774.0,0.006459948320413436,0.005028429611245902,0.006389603420700044
M Jansen,powerplay,4,122.0,774.0,0.15762273901808785,0.15223269683107069,0.1573578720801509
M Jansen,powerplay,6,51.0,774.0,0.06589147286821706,0.040523771600022226,0.06464490278132787
M Jansen,powerplay,W,33.0,774.0,0.04263565891472868,0.03919952586446391,0.042466807167786925
M Jansen,powerplay,Wd,37.0,774.0,0.04780361757105943,0.03486563072990943,0.04716784426191201
M Jansen,powerplay,Nb,10.0,774.0,0.012919896640826873,0.003769007093512122,0.012470221478796666
M Kartik,death,0,22.0,125.0,0.176,0.21696977459016392,0.18593206656731248
M Kartik,death,1,68.0,125.0,0.544,0.37083760245901637,0.5020212369597615
M Kartik,death,2,13.0,125.0,0.104,0.08837090163934426,0.10021112767014406
M Kartik,death,3,1.0,125.0,0.008,0.002651127049180328,0.00670330352707402
M Kartik,death,4,10.0,125.0,0.08,0.11151383196721311,0.08763971684053652
M Kartik,death,6,5.0,125.0,0.04,0.07952100409836066,0.04958084947839046
M Kartik,death,W,5.0,125.0,0.04,0.08016137295081967,0.04973609041231992
M Kartik,death,Wd,1.0,125.0,0.008,0.04340420081967213,0.01658283656234476
M Kartik,death,Nb,0.0,125.0,0.0,0.006570184426229508,0.0015927719821162444
M Kartik,middle,0,246.0,793.0,0.31021437578814626,0.2808889845966761,0.3088061937381357
M Kartik,middle,1,351.0,793.0,0.4426229508196721,0.4414331678151601,0.44256581838248066
M Kartik,middle,2,62.0,793.0,0.07818411097099622,0.06664217673287394,0.07762987643375145
M Kartik,middle,3,5.0,793.0,0.006305170239596469,0.002286430887717876,0.006112193560034472
M Kartik,middle,4,53.0,793.0,0.06683480453972257,0.08739739562221321,0.0678222038714148
M Kartik,middle,6,31.0,793.0,0.03909205548549811,0.048281059991892986,0.03953330420129138
M Kartik,middle,W,21.0,793.0,0.02648171500630517,0.04221980137819214,0.027237445444330953
M Kartik,middle,Wd,21.0,793.0,0.02648171500630517,0.028171868666396434,0.0265628748459254
M Kartik,middle,Nb,3.0,793.0,0.0037831021437578815,0.002679114308877179,0.003730089522635159
M Kartik,powerplay,0,74.0,162.0,0.4567901234567901,0.4228881521678736,0.45007686181542056
M Kartik,powerplay,1,50.0,162.0,0.30864197530864196,0.25764450947345025,0.2985434672224654
M Kartik,powerplay,2,4.0,162.0,0.024691358024691357,0.04384827662845184,0.02848480725315878
M Kartik,powerplay,3,0.0,162.0,0.0,0.005028429611245902,0.0009957286358902777
M Kartik,powerplay,4,21.0,162.0,0.12962962962962962,0.15223269683107069,0.1341054845210041
M Kartik,powerplay,6,4.0,162.0,0.024691358024691357,0.040523771600022226,0.027826489425746975
M Kartik,powerplay,W,5.0,162.0,0.030864197530864196,0.03919952586446391,0.03251475759692355
M Kartik,powerplay,Wd,2.0,162.0,0.012345679012345678,0.03486563072990943,0.016805075392061275
M Kartik,powerplay,Nb,2.0,162.0,0.012345679012345678,0.003769007093512122,0.010647328137329133
M Manhas,death,0,2.0,6.0,0.3333333333333333,0.21696977459016392,0.23214763007840342
M Manhas,death,1,2.0,6.0,0.3333333333333333,0.37083760245901637,0.36594574126870993
M Manhas,death,2,1.0,6.0,0.16666666666666666,0.08837090163934426,0.09858339272986458
M Manhas,death,3,0.0,6.0,0.0,0.002651127049180328,0.002305327868852459
M Manhas,death,4,1.0,6.0,0.16666666666666666,0.11151383196721311,0.11870767997148966
M Manhas,death,6,0.0,6.0,0.0,0.07952100409836066,0.0691486992159658
M Manhas,death,W,0.0,6.0,0.0,0.08016137295081967,0.06970554169636492
M Manhas,death,Wd,0.0,6.0,0.0,0.04340420081967213,0.03774278332145403
M Manhas,death,Nb,0.0,6.0,0.0,0.006570184426229508,0.005713203848895225
M Manhas,middle,0,13.0,36.0,0.3611111111111111,0.2808889845966761,0.3188889392614085
M Manhas,middle,1,19.0,36.0,0.5277777777777778,0.4414331678151601,0.4823332462185053
M Manhas,middle,2,1.0,36.0,0.027777777777777776,0.06664217673287394,0.04823272459624944
M Manhas,middle,3,1.0,36.0,0.027777777777777776,0.002286430887717876,0.014361279414588356
M Manhas,middle,4,1.0,36.0,0.027777777777777776,0.08739739562221321,0.05915652401169116
M Manhas,middle,6,1.0,36.0,0.027777777777777776,0.048281059991892986,0.03856897894310157
M Manhas,middle,W,0.0,36.0,0.0,0.04221980137819214,0.022220948093785338
M Manhas,middle,Wd,0.0,36.0,0.0,0.028171868666396434,0.014827299298103386
M Manhas,middle,Nb,0.0,36.0,0.0,0.002679114308877179,0.0014100601625669361
M Markande,death,0,32.0,103.0,0.3106796116504854,0.21696977459016392,0.2844670698154305
M Markande,death,1,33.0,103.0,0.32038834951456313,0.37083760245901637,0.3345000286598647
M Markande,death,2,7.0,103.0,0.06796116504854369,0.08837090163934426,0.07367018227673966
M Markande,death,3,0.0,103.0,0.0,0.002651127049180328,0.0007415739997707211
M Markande,death,4,13.0,103.0,0.1262135922330097,0.11151383196721311,0.12210177117964004
M Markande,death,6,13.0,103.0,0.1262135922330097,0.07952100409836066,0.11315272841912187
M Markande,death,W,1.0,103.0,0.009708737864077669,0.08016137295081967,0.029415768657571933
M Markande,death,Wd,4.0,103.0,0.038834951456310676,0.04340420081967213,0.040113063166341854
M Markande,death,Nb,0.0,103.0,0.0,0.006570184426229508,0.0018378138255187436
M Markande,middle,0,153.0,637.0,0.2401883830455259,0.2808889845966761,0.24259314532328957
M Markande,middle,1,306.0,637.0,0.4803767660910518,0.4414331678151601,0.4780758149373802
M Markande,middle,2,26.0,637.0,0.04081632653061224,0.06664217673287394,0.04234222609943125
M Markande,middle,3,0.0,637.0,0.0,0.002286430887717876,0.0001350919283732866
M Markande,middle,4,61.0,637.0,0.09576138147566719,0.08739739562221321,0.0952672021047098
M Markande,middle,6,49.0,637.0,0.07692307692307693,0.048281059991892986,0.07523078641015615
M Markande,middle,W,31.0,637.0,0.04866562009419152,0.04221980137819214,0.04828477408438358
M Markande,middle,Wd,10.0,637.0,0.015698587127158554,0.028171868666396434,0.016435560925636424
M Markande,middle,Nb,1.0,637.0,0.0015698587127158557,0.002679114308877179,0.0016353981866397151
M Morkel,death,0,140.0,558.0,0.25089605734767023,0.21696977459016392,0.24862674077526178
M Morkel,death,1,200.0,558.0,0.35842293906810035,0.37083760245901637,0.35925335133505126
M Morkel,death,2,48.0,558.0,0.08602150537634409,0.08837090163934426,0.08617865562804979
M Morkel,death,3,2.0,558.0,0.0035842293906810036,0.002651127049180328,0.003521814518339821
M Morkel,death,4,66.0,558.0,0.11827956989247312,0.11151383196721311,0.11782701217171994
M Morkel,death,6,34.0,558.0,0.06093189964157706,0.07952100409836066,0.062175317999890345
M Morkel,death,W,47.0,558.0,0.08422939068100359,0.08016137295081967,0.08395728247162675
M Morkel,death,Wd,17.0,558.0,0.03046594982078853,0.04340420081967213,0.03133138467021218
M Morkel,death,Nb,4.0,558.0,0.007168458781362007,0.006570184426229508,0.0071284404298481265
M Morkel,middle,0,182.0,509.0,0.3575638506876228,0.2808889845966761,0.3519773394970256
M Morkel,middle,1,187.0,509.0,0.36738703339882123,0.4414331678151601,0.372782015869957
M Morkel,middle,2,24.0,509.0,0.047151277013752456,0.06664217673287394,0.0485713789969307
M Morkel,middle,3,1.0,509.0,0.0019646365422396855,0.002286430887717876,0.0019880823961907377
M Morkel,middle,4,62.0,509.0,0.12180746561886051,0.08739739562221321,0.11930035669378604
M Morkel,middle,6,21.0,509.0,0.0412573673870334,0.048281059991892986,0.041769111839117884
M Morkel,middle,W,20.0,509.0,0.03929273084479371,0.04221980137819214,0.03950599645742748
M Morkel,middle,Wd,8.0,509.0,0.015717092337917484,0.028171868666396434,0.016624544165129068
M Morkel,middle,Nb,4.0,509.0,0.007858546168958742,0.002679114308877179,0.007481174084435495
M Morkel,powerplay,0,523.0,1103.0,0.4741613780598368,0.4228881521678736,0.4723670394459449
M Morkel,powerplay,1,234.0,1103.0,0.21214868540344514,0.25764450947345025,0.21374084022654244
M Morkel,powerplay,2,56.0,1103.0,0.050770625566636446,0.04384827662845184,0.050528373635291404
M Morkel,powerplay,3,11.0,1103.0,0.009972801450589302,0.005028429611245902,0.009799770065135464
M Morkel,powerplay,4,159.0,1103.0,0.1441523118766999,0.15223269683107069,0.14443509000283714
M Morkel,powerplay,6,24.0,1103.0,0.021758839528558477,0.040523771600022226,0.022415530064742686
M Morkel,powerplay,W,39.0,1103.0,0.03535811423390753,0.03919952586446391,0.035492546836901624
M Morkel,powerplay,Wd,46.0,1103.0,0.04170444242973708,0.03486563072990943,0.041465113936304795
M Morkel,powerplay,Nb,11.0,1103.0,0.009972801450589302,0.003769007093512122,0.009755695786299637
M Muralitharan,death,0,68.0,260.0,0.26153846153846155,0.21696977459016392,0.2555959699453552
M Muralitharan,death,1,105.0,260.0,0.40384615384615385,0.37083760245901637,0.39944501366120216
M Muralitharan,death,2,17.0,260.0,0.06538461538461539,0.08837090163934426,0.06844945355191256
M Muralitharan,death,3,1.0,260.0,0.0038461538461538464,0.002651127049180328,0.0036868169398907107
M Muralitharan,death,4,20.0,260.0,0.07692307692307693,0.11151383196721311,0.08153517759562842
M Muralitharan,death,6,21.0,260.0,0.08076923076923077,0.07952100409836066,0.08060280054644808
M Muralitharan,death,W,22.0,260.0,0.08461538461538462,0.08016137295081967,0.08402151639344262
M Muralitharan,death,Wd,6.0,260.0,0.023076923076923078,0.04340420081967213,0.025787226775956285
M Muralitharan,death,Nb,0.0,260.0,0.0,0.006570184426229508,0.0008760245901639344
M Muralitharan,middle,0,433.0,1208.0,0.35844370860927155,0.2808889845966761,0.3559579802755345
M Muralitharan,middle,1,484.0,1208.0,0.40066225165562913,0.4414331678151601,0.40196901178894745
M Muralitharan,middle,2,86.0,1208.0,0.07119205298013245,0.06664217673287394,0.07104622361323314
M Muralitharan,middle,3,3.0,1208.0,0.0024834437086092716,0.002286430887717876,0.0024771291951191624
M Muralitharan,middle,4,77.0,1208.0,0.06374172185430464,0.08739739562221321,0.064499916526353
M Muralitharan,middle,6,39.0,1208.0,0.03228476821192053,0.048281059991892986,0.03279746987153503
M Muralitharan,middle,W,41.0,1208.0,0.03394039735099338,0.04221980137819214,0.03420576286468564
M Muralitharan,middle,Wd,44.0,1208.0,0.03642384105960265,0.028171868666396434,0.0361593547649486
M Muralitharan,middle,Nb,1.0,1208.0,0.0008278145695364238,0.002679114308877179,0.0008871510996434993
M Muralitharan,powerplay,0,76.0,158.0,0.4810126582278481,0.4228881521678736,0.46927033377128763
M Muralitharan,powerplay,1,45.0,158.0,0.2848101265822785,0.25764450947345025,0.27932212312594956
M Muralitharan,powerplay,2,5.0,158.0,0.03164556962025317,0.04384827662845184,0.0341107629552428
M Muralitharan,powerplay,3,1.0,158.0,0.006329113924050633,0.005028429611245902,0.006066349416413313
M Muralitharan,powerplay,4,16.0,158.0,0.10126582278481013,0.15223269683107069,0.11156216097597388
M Muralitharan,powerplay,6,7.0,158.0,0.04430379746835443,0.040523771600022226,0.04354015587879237
M Muralitharan,powerplay,W,3.0,158.0,0.0189873417721519,0.03919952586446391,0.023070611285750286
M Muralitharan,powerplay,Wd,4.0,158.0,0.02531645569620253,0.03486563072990943,0.02724558196563827
M Muralitharan,powerplay,Nb,1.0,158.0,0.006329113924050633,0.003769007093512122,0.005811920624951944
M Ntini,death,0,10.0,48.0,0.20833333333333334,0.21696977459016392,0.21225898845007451
M Ntini,death,1,21.0,48.0,0.4375,0.37083760245901637,0.4071989102086438
M Ntini,death,2,6.0,48.0,0.125,0.08837090163934426,0.10835040983606557
M Ntini,death,3,0.0,48.0,0.0,0.002651127049180328,0.0012050577496274218
M Ntini,death,4,5.0,48.0,0.10416666666666667,0.11151383196721311,0.10750628725782416
M Ntini,death,6,3.0,48.0,0.0625,0.07952100409836066,0.0702368200447094
M Ntini,death,W,2.0,48.0,0.041666666666666664,0.08016137295081967,0.05916426043219076
M Ntini,death,Wd,1.0,48.0,0.020833333333333332,0.04340420081967213,0.031092818554396426
M Ntini,death,Nb,0.0,48.0,0.0,0.006570184426229508,0.002986447466467958
M Ntini,middle,0,16.0,46.0,0.34782608695652173,0.2808889845966761,0.3166925509751982
M Ntini,middle,1,16.0,46.0,0.34782608695652173,0.4414331678151601,0.39136426410007447
M Ntini,middle,2,3.0,46.0,0.06521739130434782,0.06664217673287394,0.06588008220133672
M Ntini,middle,3,0.0,46.0,0.0,0.002286430887717876,0.0010634562268455237
M Ntini,middle,4,8.0,46.0,0.17391304347826086,0.08739739562221321,0.13367320726614568
M Ntini,middle,6,1.0,46.0,0.021739130434782608,0.048281059991892986,0.03408421394971767
M Ntini,middle,W,2.0,46.0,0.043478260869565216,0.04221980137819214,0.04289293087357774
M Ntini,middle,Wd,0.0,46.0,0.0,0.028171868666396434,0.01310319472855648
M Ntini,middle,Nb,0.0,46.0,0.0,0.002679114308877179,0.001246099678547525
M Ntini,powerplay,0,96.0,217.0,0.4423963133640553,0.4228881521678736,0.43936002368371574
M Ntini,powerplay,1,53.0,217.0,0.24423963133640553,0.25764450947345025,0.2463259936923658
M Ntini,powerplay,2,4.0,217.0,0.018433179723502304,0.04384827662845184,0.022388836829331023
M Ntini,powerplay,3,1.0,217.0,0.004608294930875576,0.005028429611245902,0.0046736855426063656
M Ntini,powerplay,4,39.0,217.0,0.17972350230414746,0.15223269683107069,0.17544477771689818
M Ntini,powerplay,6,11.0,217.0,0.05069124423963134,0.040523771600022226,0.04910875822568439
M Ntini,powerplay,W,7.0,217.0,0.03225806451612903,0.03919952586446391,0.03333844760536403
M Ntini,powerplay,Wd,5.0,217.0,0.02304147465437788,0.03486563072990943,0.024881810230336098
M Ntini,powerplay,Nb,1.0,217.0,0.004608294930875576,0.003769007093512122,0.004477666473698385
M Pathirana,death,0,111.0,460.0,0.24130434782608695,0.21696977459016392,0.23935758196721313
M Pathirana,death,1,164.0,460.0,0.3565217391304348,0.37083760245901637,0.3576670081967213
M Pathirana,death,2,29.0,460.0,0.06304347826086956,0.08837090163934426,0.06506967213114755
M Pathirana,death,3,4.0,460.0,0.008695652173913044,0.002651127049180328,0.008212090163934427
M Pathirana,death,4,48.0,460.0,0.10434782608695652,0.11151383196721311,0.10492110655737705
M Pathirana,death,6,26.0,460.0,0.05652173913043478,0.07952100409836066,0.058361680327868856
M Pathirana,death,W,36.0,460.0,0.0782608695652174,0.08016137295081967,0.07841290983606558
M Pathirana,death,Wd,40.0,460.0,0.08695652173913043,0.04340420081967213,0.08347233606557378
M Pathirana,death,Nb,2.0,460.0,0.004347826086956522,0.006570184426229508,0.004525614754098361
M Pathirana,middle,0,129.0,446.0,0.289237668161435,0.2808889845966761,0.28855053371166056
M Pathirana,middle,1,165.0,446.0,0.36995515695067266,0.4414331678151601,0.3758381208078321
M Pathirana,middle,2,29.0,446.0,0.06502242152466367,0.06664217673287394,0.0651557347105246
M Pathirana,middle,3,0.0,446.0,0.0,0.002286430887717876,0.00018818361215784988
M Pathirana,middle,4,37.0,446.0,0.08295964125560538,0.08739739562221321,0.08332488852857722
M Pathirana,middle,6,16.0,446.0,0.03587443946188341,0.048281059991892986,0.03689556049315991
M Pathirana,middle,W,19.0,446.0,0.042600896860986545,0.04221980137819214,0.04256953097762898
M Pathirana,middle,Wd,48.0,446.0,0.10762331838565023,0.028171868666396434,0.10108410441698736
M Pathirana,middle,Nb,3.0,446.0,0.006726457399103139,0.002679114308877179,0.006393342741471373
M Pathirana,powerplay,0,20.0,49.0,0.40816326530612246,0.4228881521678736,0.41478119198556124
M Pathirana,powerplay,1,13.0,49.0,0.2653061224489796,0.25764450947345025,0.2618627008869439
M Pathirana,powerplay,2,1.0,49.0,0.02040816326530612,0.04384827662845184,0.03094304567570869
M Pathirana,powerplay,3,0.0,49.0,0.0,0.005028429611245902,0.0022599683646049
M Pathirana,powerplay,4,6.0,49.0,0.12244897959183673,0.15223269683107069,0.1358349199240767
M Pathirana,powerplay,6,1.0,49.0,0.02040816326530612,0.040523771600022226,0.02944888611236954
M Pathirana,powerplay,W,4.0,49.0,0.08163265306122448,0.03919952586446391,0.06256158465818602
M Pathirana,powerplay,Wd,4.0,49.0,0.08163265306122448,0.03486563072990943,0.06061376662018401
M Pathirana,powerplay,Nb,0.0,49.0,0.0,0.003769007093512122,0.0016939357723649987
M Prasidh Krishna,death,0,143.0,583.0,0.24528301886792453,0.21696977459016392,0.24346515406678418
M Prasidh Krishna,death,1,171.0,583.0,0.2933104631217839,0.37083760245901637,0.2982881285687972
M Prasidh Krishna,death,2,45.0,583.0,0.07718696397941681,0.08837090163934426,0.07790503381312001
M Prasidh Krishna,death,3,1.0,583.0,0.0017152658662092624,0.002651127049180328,0.001775353261584612
M Prasidh Krishna,death,4,86.0,583.0,0.14751286449399656,0.11151383196721311,0.14520153014235718
M Prasidh Krishna,death,6,50.0,583.0,0.08576329331046312,0.07952100409836066,0.08536250427597822
M Prasidh Krishna,death,W,42.0,583.0,0.07204116638078903,0.08016137295081967,0.07256252795831908
M Prasidh Krishna,death,Wd,40.0,583.0,0.0686106346483705,0.04340420081967213,0.06699224403336579
M Prasidh Krishna,death,Nb,5.0,583.0,0.008576329331046312,0.006570184426229508,0.008447523879693707
M Prasidh Krishna,middle,0,169.0,545.0,0.3100917431192661,0.2808889845966761,0.30809497330575564
M Prasidh Krishna,middle,1,187.0,545.0,0.3431192660550459,0.4414331678151601,0.3498415841241135
M Prasidh Krishna,middle,2,31.0,545.0,0.05688073394495413,0.06664217673287394,0.05754818302447001
M Prasidh Krishna,middle,3,2.0,545.0,0.003669724770642202,0.002286430887717876,0.0035751405735191706
M Prasidh Krishna,middle,4,79.0,545.0,0.14495412844036698,0.08739739562221321,0.1410186253416898
M Prasidh Krishna,middle,6,25.0,545.0,0.045871559633027525,0.048281059991892986,0.04603631179431747
M Prasidh Krishna,middle,W,28.0,545.0,0.05137614678899083,0.04221980137819214,0.05075007188910716
M Prasidh Krishna,middle,Wd,18.0,545.0,0.03302752293577982,0.028171868666396434,0.03269551238744591
M Prasidh Krishna,middle,Nb,6.0,545.0,0.011009174311926606,0.002679114308877179,0.010439597559581345
M Prasidh Krishna,powerplay,0,274.0,629.0,0.4356120826709062,0.4228881521678736,0.43485130954665907
M Prasidh Krishna,powerplay,1,148.0,629.0,0.23529411764705882,0.25764450947345025,0.2366304639446009
M Prasidh Krishna,powerplay,2,24.0,629.0,0.03815580286168521,0.04384827662845184,0.0384961600375756
M Prasidh Krishna,powerplay,3,4.0,629.0,0.006359300476947536,0.005028429611245902,0.006279726733108873
M Prasidh Krishna,powerplay,4,110.0,629.0,0.17488076311605724,0.15223269683107069,0.1735266186446081
M Prasidh Krishna,powerplay,6,27.0,629.0,0.04292527821939587,0.040523771600022226,0.04278169037967248
M Prasidh Krishna,powerplay,W,17.0,629.0,0.02702702702702703,0.03919952586446391,0.027754829648099485
M Prasidh Krishna,powerplay,Wd,20.0,629.0,0.03179650238473768,0.03486563072990943,0.03198000781643704
M Prasidh Krishna,powerplay,Nb,5.0,629.0,0.00794912559618442,0.003769007093512122,0.007699193249238394
M Shahrukh Khan,death,0,0.0,2.0,0.0,0.21696977459016392,0.2066378805620609
M Shahrukh Khan,death,1,1.0,2.0,0.5,0.37083760245901637,0.3769881928181108
M Shahrukh Khan,death,2,1.0,2.0,0.5,0.08837090163934426,0.10797228727556597
M Shahrukh Khan,death,3,0.0,2.0,0.0,0.002651127049180328,0.002524882903981265
M Shahrukh Khan,death,4,0.0,2.0,0.0,0.11151383196721311,0.10620364949258392
M Shahrukh Khan,death,6,0.0,2.0,0.0,0.07952100409836066,0.07573428961748634
M Shahrukh Khan,death,W,0.0,2.0,0.0,0.08016137295081967,0.07634416471506635
M Shahrukh Khan,death,Wd,0.0,2.0,0.0,0.04340420081967213,0.04133733411397346
M Shahrukh Khan,death,Nb,0.0,2.0,0.0,0.006570184426229508,0.00625731850117096
M Shahrukh Khan,middle,0,3.0,12.0,0.25,0.2808889845966761,0.2737607573820586
M Shahrukh Khan,middle,1,5.0,12.0,0.4166666666666667,0.4414331678151601,0.435717821396277
M Shahrukh Khan,middle,2,0.0,12.0,0.0,0.06664217673287394,0.05126321287144149
M Shahrukh Khan,middle,3,0.0,12.0,0.0,0.002286430887717876,0.0017587929905522122
M Shahrukh Khan,middle,4,1.0,12.0,0.08333333333333333,0.08739739562221321,0.08645953509401015
M Shahrukh Khan,middle,6,2.0,12.0,0.16666666666666666,0.048281059991892986,0.07560081537837922
M Shahrukh Khan,middle,W,1.0,12.0,0.08333333333333333,0.04221980137819214,0.05170753952168627
M Shahrukh Khan,middle,Wd,0.0,12.0,0.0,0.028171868666396434,0.02167066820492033
M Shahrukh Khan,middle,Nb,0.0,12.0,0.0,0.002679114308877179,0.002060857160674753
M Theekshana,death,0,84.0,323.0,0.26006191950464397,0.21696977459016392,0.2553134737840401
M Theekshana,death,1,130.0,323.0,0.4024767801857585,0.37083760245901637,0.3989903694169715
M Theekshana,death,2,21.0,323.0,0.06501547987616099,0.08837090163934426,0.06758908007045115
M Theekshana,death,3,1.0,323.0,0.0030959752321981426,0.002651127049180328,0.0030469561486700086
M Theekshana,death,4,26.0,323.0,0.0804953560371517,0.11151383196721311,0.0839133699137425
M Theekshana,death,6,25.0,323.0,0.07739938080495357,0.07952100409836066,0.07763316849568713
M Theekshana,death,W,19.0,323.0,0.058823529411764705,0.08016137295081967,0.06117480693672944
M Theekshana,death,Wd,17.0,323.0,0.05263157894736842,0.04340420081967213,0.05161478796910988
M Theekshana,death,Nb,0.0,323.0,0.0,0.006570184426229508,0.000723987264598293
M Theekshana,middle,0,198.0,729.0,0.2716049382716049,0.2808889845966761,0.2720878535550937
M Theekshana,middle,1,350.0,729.0,0.48010973936899864,0.4414331678151601,0.47809795411262207
M Theekshana,middle,2,61.0,729.0,0.08367626886145405,0.06664217673287394,0.08279023025918719
M Theekshana,middle,3,0.0,729.0,0.0,0.002286430887717876,0.00011893008518688562
M Theekshana,middle,4,55.0,729.0,0.07544581618655692,0.08739739562221321,0.07606748481780043
M Theekshana,middle,6,25.0,729.0,0.03429355281207133,0.048281059991892986,0.035021121456015235
M Theekshana,middle,W,22.0,729.0,0.03017832647462277,0.04221980137819214,0.030804671072987885
M Theekshana,middle,Wd,17.0,729.0,0.023319615912208505,0.028171868666396434,0.0235720087732846
M Theekshana,middle,Nb,1.0,729.0,0.0013717421124828531,0.002679114308877179,0.0014397458678219598
M Theekshana,powerplay,0,233.0,657.0,0.3546423135464231,0.4228881521678736,0.35855886095654943
M Theekshana,powerplay,1,237.0,657.0,0.3607305936073059,0.25764450947345025,0.3548146059956069
M Theekshana,powerplay,2,27.0,657.0,0.0410958904109589,0.04384827662845184,0.041253846578390346
M Theekshana,powerplay,3,4.0,657.0,0.0060882800608828,0.005028429611245902,0.00602745650566691
M Theekshana,powerplay,4,98.0,657.0,0.1491628614916286,0.15223269683107069,0.14933903568614468
M Theekshana,powerplay,6,19.0,657.0,0.0289193302891933,0.040523771600022226,0.029585295357246612
M Theekshana,powerplay,W,23.0,657.0,0.0350076103500761,0.03919952586446391,0.03524817938963925
M Theekshana,powerplay,Wd,14.0,657.0,0.0213089802130898,0.03486563072990943,0.022086980242749465
M Theekshana,powerplay,Nb,2.0,657.0,0.0030441400304414,0.003769007093512122,0.0030857392880064348
M Vijay,middle,0,6.0,30.0,0.2,0.2808889845966761,0.24622227691238635
M Vijay,middle,1,17.0,30.0,0.5666666666666667,0.4414331678151601,0.49510466732294867
M Vijay,middle,2,2.0,30.0,0.06666666666666667,0.06664217673287394,0.0666526724187851
M Vijay,middle,3,0.0,30.0,0.0,0.002286430887717876,0.0013065319358387863
M Vijay,middle,4,5.0,30.0,0.16666666666666666,0.08739739562221321,0.1213699403555504
M Vijay,middle,6,0.0,30.0,0.0,0.048281059991892986,0.027589177138224563
M Vijay,middle,W,0.0,30.0,0.0,0.04221980137819214,0.024125600787538365
M Vijay,middle,Wd,0.0,30.0,0.0,0.028171868666396434,0.016098210666512246
M Vijay,middle,Nb,0.0,30.0,0.0,0.002679114308877179,0.0015309224622155307
M Vijay,powerplay,0,2.0,7.0,0.2857142857142857,0.4228881521678736,0.4024580018449988
M Vijay,powerplay,1,3.0,7.0,0.42857142857142855,0.25764450947345025,0.28310171019017044
M Vijay,powerplay,2,0.0,7.0,0.0,0.04384827662845184,0.03731768223698029
M Vijay,powerplay,3,0.0,7.0,0.0,0.005028429611245902,0.00427951456276247
M Vijay,powerplay,4,1.0,7.0,0.14285714285714285,0.15223269683107069,0.1508363377285708
M Vijay,powerplay,6,0.0,7.0,0.0,0.040523771600022226,0.03448831625533807
M Vijay,powerplay,W,0.0,7.0,0.0,0.03919952586446391,0.03336129860805439
M Vijay,powerplay,Wd,1.0,7.0,0.14285714285714285,0.03486563072990943,0.05094947296162505
M Vijay,powerplay,Nb,0.0,7.0,0.0,0.003769007093512122,0.0032076656114996783
M de Lange,death,0,14.0,68.0,0.20588235294117646,0.21696977459016392,0.2099888054037644
M de Lange,death,1,22.0,68.0,0.3235294117647059,0.37083760245901637,0.34105096387370976
M de Lange,death,2,3.0,68.0,0.04411764705882353,0.08837090163934426,0.060507741347905285
M de Lange,death,3,1.0,68.0,0.014705882352941176,0.002651127049180328,0.010241158166363085
M de Lange,death,4,10.0,68.0,0.14705882352941177,0.11151383196721311,0.13389401183970856
M de Lange,death,6,7.0,68.0,0.10294117647058823,0.07952100409836066,0.09426703855494839
M de Lange,death,W,7.0,68.0,0.10294117647058823,0.08016137295081967,0.09450421220400729
M de Lange,death,Wd,2.0,68.0,0.029411764705882353,0.04340420081967213,0.03459414845173042
M de Lange,death,Nb,2.0,68.0,0.029411764705882353,0.006570184426229508,0.02095192015786278
M de Lange,middle,0,11.0,61.0,0.18032786885245902,0.2808889845966761,0.2201540533056143
M de Lange,middle,1,29.0,61.0,0.47540983606557374,0.4414331678151601,0.4619537298277862
M de Lange,middle,2,3.0,61.0,0.04918032786885246,0.06664217673287394,0.05609591157737582
M de Lange,middle,3,0.0,61.0,0.0,0.002286430887717876,0.0009055171832546043
M de Lange,middle,4,6.0,61.0,0.09836065573770492,0.08739739562221321,0.09401877054345077
M de Lange,middle,6,3.0,61.0,0.04918032786885246,0.048281059991892986,0.04882418217500712
M de Lange,middle,W,2.0,61.0,0.03278688524590164,0.04221980137819214,0.036522693615125605
M de Lange,middle,Wd,6.0,61.0,0.09836065573770492,0.028171868666396434,0.07056311630352334
M de Lange,middle,Nb,1.0,61.0,0.01639344262295082,0.002679114308877179,0.01096202546886225
M de Lange,powerplay,0,49.0,129.0,0.3798449612403101,0.4228881521678736,0.39003269873795826
M de Lange,powerplay,1,34.0,129.0,0.26356589147286824,0.25764450947345025,0.26216438094046157
M de Lange,powerplay,2,4.0,129.0,0.031007751937984496,0.04384827662845184,0.03404692937951523
M de Lange,powerplay,3,1.0,129.0,0.007751937984496124,0.005028429611245902,0.007107320618046367
M de Lange,powerplay,4,24.0,129.0,0.18604651162790697,0.15223269683107069,0.17804324185350787
M de Lange,powerplay,6,3.0,129.0,0.023255813953488372,0.040523771600022226,0.02734290452071532
M de Lange,powerplay,W,3.0,129.0,0.023255813953488372,0.03919952586446391,0.02702947357738791
M de Lange,powerplay,Wd,10.0,129.0,0.07751937984496124,0.03486563072990943,0.06742381792423892
M de Lange,powerplay,Nb,1.0,129.0,0.007751937984496124,0.003769007093512122,0.006809232448168549
MA Starc,death,0,143.0,617.0,0.23176661264181522,0.21696977459016392,0.2308657397010754
MA Starc,death,1,201.0,617.0,0.32576985413290116,0.37083760245901637,0.32851370486812886
MA Starc,death,2,65.0,617.0,0.1053484602917342,0.08837090163934426,0.10431481897347605
MA Starc,death,3,1.0,617.0,0.0016207455429497568,0.002651127049180328,0.0016834780547446168
MA Starc,death,4,72.0,617.0,0.1166936790923825,0.11151383196721311,0.11637831549267659
MA Starc,death,6,45.0,617.0,0.07293354943273905,0.07952100409836066,0.0733346121216658
MA Starc,death,W,63.0,617.0,0.10210696920583469,0.08016137295081967,0.10077085984479876
MA Starc,death,Wd,25.0,617.0,0.04051863857374392,0.04340420081967213,0.040694319684607135
MA Starc,death,Nb,2.0,617.0,0.0032414910858995136,0.006570184426229508,0.0034441512588267585
MA Starc,middle,0,112.0,382.0,0.2931937172774869,0.2808889845966761,0.2920273919048982
MA Starc,middle,1,142.0,382.0,0.3717277486910995,0.4414331678151601,0.3783348974232379
MA Starc,middle,2,32.0,382.0,0.08376963350785341,0.06664217673287394,0.08214617788937194
MA Starc,middle,3,0.0,382.0,0.0,0.002286430887717876,0.00021672330689268967
MA Starc,middle,4,45.0,382.0,0.11780104712041885,0.08739739562221321,0.11491918441916713
MA Starc,middle,6,11.0,382.0,0.028795811518324606,0.048281059991892986,0.03064275450160123
MA Starc,middle,W,20.0,382.0,0.05235602094240838,0.04221980137819214,0.05139524183679546
MA Starc,middle,Wd,18.0,382.0,0.04712041884816754,0.028171868666396434,0.045324347740890655
MA Starc,middle,Nb,2.0,382.0,0.005235602094240838,0.002679114308877179,0.004993280977144757
MA Starc,powerplay,0,526.0,1185.0,0.4438818565400844,0.4228881521678736,0.4431963478258898
MA Starc,powerplay,1,238.0,1185.0,0.2008438818565401,0.25764450947345025,0.2026985962277045
MA Starc,powerplay,2,55.0,1185.0,0.046413502109704644,0.04384827662845184,0.04632973964501067
MA Starc,powerplay,3,8.0,1185.0,0.006751054852320675,0.005028429611245902,0.006694805864857009
MA Starc,powerplay,4,188.0,1185.0,0.15864978902953586,0.15223269683107069,0.15844025132509618
MA Starc,powerplay,6,40.0,1185.0,0.03375527426160337,0.040523771600022226,0.03397628641959256
MA Starc,powerplay,W,46.0,1185.0,0.038818565400843885,0.03919952586446391,0.03883100492618658
MA Starc,powerplay,Wd,78.0,1185.0,0.06582278481012659,0.03486563072990943,0.06481193896260928
MA Starc,powerplay,Nb,6.0,1185.0,0.005063291139240506,0.003769007093512122,0.005021028803053457
MA Wood,death,0,54.0,202.0,0.26732673267326734,0.21696977459016392,0.2590032685272998
MA Wood,death,1,50.0,202.0,0.24752475247524752,0.37083760245901637,0.267907041728763
MA Wood,death,2,19.0,202.0,0.09405940594059406,0.08837090163934426,0.09311915729575938
MA Wood,death,3,1.0,202.0,0.0049504950495049506,0.002651127049180328,0.004570434223005013
MA Wood,death,4,30.0,202.0,0.1485148514851485,0.11151383196721311,0.14239898049044844
MA Wood,death,6,23.0,202.0,0.11386138613861387,0.07952100409836066,0.10818528993361333
MA Wood,death,W,14.0,202.0,0.06930693069306931,0.08016137295081967,0.07110105338030077
MA Wood,death,Wd,11.0,202.0,0.054455445544554455,0.04340420081967213,0.05262879352391275
MA Wood,death,Nb,0.0,202.0,0.0,0.006570184426229508,0.0010859808968974394
MA Wood,middle,0,98.0,279.0,0.35125448028673834,0.2808889845966761,0.34243122063908166
MA Wood,middle,1,102.0,279.0,0.3655913978494624,0.4414331678151601,0.3751013376570734
MA Wood,middle,2,15.0,279.0,0.053763440860215055,0.06664217673287394,0.05537832937089328
MA Wood,middle,3,0.0,279.0,0.0,0.002286430887717876,0.0002866997978329625
MA Wood,middle,4,24.0,279.0,0.08602150537634409,0.08739739562221321,0.0861940307990236
MA Wood,middle,6,12.0,279.0,0.043010752688172046,0.048281059991892986,0.04367160626857592
MA Wood,middle,W,15.0,279.0,0.053763440860215055,0.04221980137819214,0.0523159625552592
MA Wood,middle,Wd,11.0,279.0,0.03942652329749104,0.028171868666396434,0.03801528133747918
MA Wood,middle,Nb,2.0,279.0,0.007168458781362007,0.002679114308877179,0.006605531574780838
MA Wood,powerplay,0,91.0,241.0,0.3775933609958506,0.4228881521678736,0.38404101810218844
MA Wood,powerplay,1,55.0,241.0,0.22821576763485477,0.25764450947345025,0.23240491238056232
MA Wood,powerplay,2,10.0,241.0,0.04149377593360996,0.04384827662845184,0.04182893617486859
MA Wood,powerplay,3,2.0,241.0,0.008298755186721992,0.005028429611245902,0.007833228414412228
MA Wood,powerplay,4,40.0,241.0,0.16597510373443983,0.15223269683107069,0.16401888922862218
MA Wood,powerplay,6,16.0,241.0,0.06639004149377593,0.040523771600022226,0.06270801019217398
MA Wood,powerplay,W,13.0,241.0,0.05394190871369295,0.03919952586446391,0.05184334887750376
MA Wood,powerplay,Wd,12.0,241.0,0.04979253112033195,0.03486563072990943,0.04766770544197999
MA Wood,powerplay,Nb,2.0,241.0,0.008298755186721992,0.003769007093512122,0.007653951187688558
MC Henriques,death,0,20.0,102.0,0.19607843137254902,0.21696977459016392,0.20196331678596166
MC Henriques,death,1,41.0,102.0,0.4019607843137255,0.37083760245901637,0.39319369083352573
MC Henriques,death,2,9.0,102.0,0.08823529411764706,0.08837090163934426,0.0882734934195336
MC Henriques,death,3,1.0,102.0,0.00980392156862745,0.002651127049180328,0.007789049873008543
MC Henriques,death,4,13.0,102.0,0.12745098039215685,0.11151383196721311,0.12296164280766567
MC Henriques,death,6,8.0,102.0,0.0784313725490196,0.07952100409836066,0.07873831101362272
MC Henriques,death,W,5.0,102.0,0.049019607843137254,0.08016137295081967,0.057791936042484414
MC Henriques,death,Wd,5.0,102.0,0.049019607843137254,0.04340420081967213,0.04743780304779497
MC Henriques,death,Nb,0.0,102.0,0.0,0.006570184426229508,0.0018507561764026783
MC Henriques,middle,0,176.0,697.0,0.25251076040172166,0.2808889845966761,0.2540509625289919
MC Henriques,middle,1,323.0,697.0,0.4634146341463415,0.4414331678151601,0.4622216101934958
MC Henriques,middle,2,47.0,697.0,0.06743185078909612,0.06664217673287394,0.06738899195293753
MC Henriques,middle,3,1.0,697.0,0.0014347202295552368,0.002286430887717876,0.0014809460454663706
MC Henriques,middle,4,75.0,697.0,0.10760401721664276,0.08739739562221321,0.10650732133634808
MC Henriques,middle,6,25.0,697.0,0.035868005738880916,0.048281059991892986,0.03654171288965498
MC Henriques,middle,W,33.0,697.0,0.047345767575322814,0.04221980137819214,0.0470675604547187
MC Henriques,middle,Wd,16.0,697.0,0.02295552367288379,0.028171868666396434,0.023238636019885833
MC Henriques,middle,Nb,1.0,697.0,0.0014347202295552368,0.002679114308877179,0.0015022585785007968
MC Henriques,powerplay,0,68.0,187.0,0.36363636363636365,0.4228881521678736,0.3740772074304623
MC Henriques,powerplay,1,61.0,187.0,0.32620320855614976,0.25764450947345025,0.31412238052395597
MC Henriques,powerplay,2,2.0,187.0,0.0106951871657754,0.04384827662845184,0.01653714125611486
MC Henriques,powerplay,3,0.0,187.0,0.0,0.005028429611245902,0.0008860668918494981
MC Henriques,powerplay,4,32.0,187.0,0.1711229946524064,0.15223269683107069,0.16779430781164242
MC Henriques,powerplay,6,9.0,187.0,0.0481283422459893,0.040523771600022226,0.04678832979736074
MC Henriques,powerplay,W,10.0,187.0,0.053475935828877004,0.03919952586446391,0.050960268874795406
MC Henriques,powerplay,Wd,5.0,187.0,0.026737967914438502,0.03486563072990943,0.028170155194697694
MC Henriques,powerplay,Nb,0.0,187.0,0.0,0.003769007093512122,0.0006641422191210789
MD Shanaka,death,0,21.0,147.0,0.14285714285714285,0.21696977459016392,0.15871011221179976
MD Shanaka,death,1,54.0,147.0,0.3673469387755102,0.37083760245901637,0.36809360480406766
MD Shanaka,death,2,21.0,147.0,0.14285714285714285,0.08837090163934426,0.13120233190146402
MD Shanaka,death,3,2.0,147.0,0.013605442176870748,0.002651127049180328,0.01126227316560007
MD Shanaka,death,4,15.0,147.0,0.10204081632653061,0.11151383196721311,0.10406712983255896
MD Shanaka,death,6,8.0,147.0,0.05442176870748299,0.07952100409836066,0.05979058911194881
MD Shanaka,death,W,12.0,147.0,0.08163265306122448,0.08016137295081967,0.08131794073814325
MD Shanaka,death,Wd,12.0,147.0,0.08163265306122448,0.04340420081967213,0.07345544402559832
MD Shanaka,death,Nb,2.0,147.0,0.013605442176870748,0.006570184426229508,0.012100574208819145
MD Shanaka,middle,0,81.0,315.0,0.2571428571428571,0.2808889845966761,0.25981847713765366
MD Shanaka,middle,1,137.0,315.0,0.43492063492063493,0.4414331678151601,0.43565444144396165
MD Shanaka,middle,2,34.0,315.0,0.10793650793650794,0.06664217673287394,0.10328362554736607
MD Shanaka,middle,3,0.0,315.0,0.0,0.002286430887717876,0.00025762601551750715
MD Shanaka,middle,4,28.0,315.0,0.08888888888888889,0.08739739562221321,0.08872083330954515
MD Shanaka,middle,6,6.0,315.0,0.01904761904761905,0.048281059991892986,0.022341527886410476
MD Shanaka,middle,W,14.0,315.0,0.044444444444444446,0.04221980137819214,0.04419378043697939
MD Shanaka,middle,Wd,15.0,315.0,0.047619047619047616,0.028171868666396434,0.04542781618776298
MD Shanaka,middle,Nb,0.0,315.0,0.0,0.002679114308877179,0.0003018720348030624
MD Shanaka,powerplay,0,23.0,53.0,0.4339622641509434,0.4228881521678736,0.4291992052334941
MD Shanaka,powerplay,1,12.0,53.0,0.22641509433962265,0.25764450947345025,0.23984710084879582
MD Shanaka,powerplay,2,3.0,53.0,0.05660377358490566,0.04384827662845184,0.05111753833481799
MD Shanaka,powerplay,3,0.0,53.0,0.0,0.005028429611245902,0.002162765424191786
MD Shanaka,powerplay,4,12.0,53.0,0.22641509433962265,0.15223269683107069,0.19450868680906266
MD Shanaka,powerplay,6,1.0,53.0,0.018867924528301886,0.040523771600022226,0.02818226735484827
MD Shanaka,powerplay,W,2.0,53.0,0.03773584905660377,0.03919952586446391,0.03836538746858663
MD Shanaka,powerplay,Wd,0.0,53.0,0.0,0.03486563072990943,0.01499597020641266
MD Shanaka,powerplay,Nb,0.0,53.0,0.0,0.003769007093512122,0.00162107831979016
MEK Hussey,middle,0,1.0,6.0,0.16666666666666666,0.2808889845966761,0.265990421388414
MEK Hussey,middle,1,5.0,6.0,0.8333333333333334,0.4414331678151601,0.4925505807088349
MEK Hussey,middle,2,0.0,6.0,0.0,0.06664217673287394,0.05794971889815125
MEK Hussey,middle,3,0.0,6.0,0.0,0.002286430887717876,0.0019882007719285878
MEK Hussey,middle,4,0.0,6.0,0.0,0.08739739562221321,0.07599773532366366
MEK Hussey,middle,6,0.0,6.0,0.0,0.048281059991892986,0.04198353042773303
MEK Hussey,middle,W,0.0,6.0,0.0,0.04221980137819214,0.036712870763645336
MEK Hussey,middle,Wd,0.0,6.0,0.0,0.028171868666396434,0.02449727710121429
MEK Hussey,middle,Nb,0.0,6.0,0.0,0.002679114308877179,0.002329664616414938
MF Maharoof,death,0,14.0,91.0,0.15384615384615385,0.21696977459016392,0.17312054185959205
MF Maharoof,death,1,39.0,91.0,0.42857142857142855,0.37083760245901637,0.4109427793767989
MF Maharoof,death,2,8.0,91.0,0.08791208791208792,0.08837090163934426,0.08805218370667
MF Maharoof,death,3,0.0,91.0,0.0,0.002651127049180328,0.00080950444249781
MF Maharoof,death,4,9.0,91.0,0.0989010989010989,0.11151383196721311,0.10275231510449256
MF Maharoof,death,6,8.0,91.0,0.08791208791208792,0.07952100409836066,0.08534992491552998
MF Maharoof,death,W,10.0,91.0,0.10989010989010989,0.08016137295081967,0.10081263296208234
MF Maharoof,death,Wd,2.0,91.0,0.02197802197802198,0.04340420081967213,0.028520366662495307
MF Maharoof,death,Nb,1.0,91.0,0.01098901098901099,0.006570184426229508,0.009639750969841071
MF Maharoof,middle,0,57.0,184.0,0.30978260869565216,0.2808889845966761,0.30462303296369214
MF Maharoof,middle,1,72.0,184.0,0.391304347826087,0.4414331678151601,0.40025592282413575
MF Maharoof,middle,2,15.0,184.0,0.08152173913043478,0.06664217673287394,0.07886467441658462
MF Maharoof,middle,3,1.0,184.0,0.005434782608695652,0.002286430887717876,0.004872576944235335
MF Maharoof,middle,4,12.0,184.0,0.06521739130434782,0.08739739562221321,0.0691781063611095
MF Maharoof,middle,6,6.0,184.0,0.03260869565217391,0.048281059991892986,0.03540733214140946
MF Maharoof,middle,W,9.0,184.0,0.04891304347826087,0.04221980137819214,0.04771782167467716
MF Maharoof,middle,Wd,12.0,184.0,0.06521739130434782,0.028171868666396434,0.05860211940471365
MF Maharoof,middle,Nb,0.0,184.0,0.0,0.002679114308877179,0.00047841326944235337
MF Maharoof,powerplay,0,88.0,216.0,0.4074074074074074,0.4228881521678736,0.40982627377623027
MF Maharoof,powerplay,1,59.0,216.0,0.27314814814814814,0.25764450947345025,0.2707257046052266
MF Maharoof,powerplay,2,8.0,216.0,0.037037037037037035,0.04384827662845184,0.0381012932231956
MF Maharoof,powerplay,3,1.0,216.0,0.004629629629629629,0.005028429611245902,0.004691942126757172
MF Maharoof,powerplay,4,36.0,216.0,0.16666666666666666,0.15223269683107069,0.1644113588798548
MF Maharoof,powerplay,6,6.0,216.0,0.027777777777777776,0.040523771600022226,0.029769339312503473
MF Maharoof,powerplay,W,10.0,216.0,0.046296296296296294,0.03919952586446391,0.045187425916322486
MF Maharoof,powerplay,Wd,4.0,216.0,0.018518518518518517,0.03486563072990943,0.021072754801548348
MF Maharoof,powerplay,Nb,4.0,216.0,0.018518518518518517,0.003769007093512122,0.01621390735836127
MG Bracewell,death,0,6.0,24.0,0.25,0.21696977459016392,0.22935610911885246
MG Bracewell,death,1,10.0,24.0,0.4166666666666667,0.37083760245901637,0.38802350153688525
MG Bracewell,death,2,2.0,24.0,0.08333333333333333,0.08837090163934426,0.08648181352459017
MG Bracewell,death,3,0.0,24.0,0.0,0.002651127049180328,0.001656954405737705
MG Bracewell,death,4,1.0,24.0,0.041666666666666664,0.11151383196721311,0.0853211449795082
MG Bracewell,death,6,2.0,24.0,0.08333333333333333,0.07952100409836066,0.08095062756147542
MG Bracewell,death,W,0.0,24.0,0.0,0.08016137295081967,0.05010085809426229
MG Bracewell,death,Wd,3.0,24.0,0.125,0.04340420081967213,0.07400262551229508
MG Bracewell,death,Nb,0.0,24.0,0.0,0.006570184426229508,0.004106365266393443
MG Bracewell,middle,0,61.0,234.0,0.2606837606837607,0.2808889845966761,0.26363342840827386
MG Bracewell,middle,1,100.0,234.0,0.42735042735042733,0.4414331678151601,0.4294063018708263
MG Bracewell,middle,2,15.0,234.0,0.0641025641025641,0.06664217673287394,0.0644733104719524
MG Bracewell,middle,3,3.0,234.0,0.01282051282051282,0.002286430887717876,0.011282690640542756
MG Bracewell,middle,4,20.0,234.0,0.08547008547008547,0.08739739562221321,0.08575144461638148
MG Bracewell,middle,6,14.0,234.0,0.05982905982905983,0.048281059991892986,0.0581432204367727
MG Bracewell,middle,W,14.0,234.0,0.05982905982905983,0.04221980137819214,0.05725836516469958
MG Bracewell,middle,Wd,7.0,234.0,0.029914529914529916,0.028171868666396434,0.02966012681261262
MG Bracewell,middle,Nb,0.0,234.0,0.0,0.002679114308877179,0.0003911115779382743
MG Bracewell,powerplay,0,28.0,68.0,0.4117647058823529,0.4228881521678736,0.41588450080291617
MG Bracewell,powerplay,1,17.0,68.0,0.25,0.25764450947345025,0.2528312998049816
MG Bracewell,powerplay,2,1.0,68.0,0.014705882352941176,0.04384827662845184,0.025499361714241418
MG Bracewell,powerplay,3,0.0,68.0,0.0,0.005028429611245902,0.0018623813374984823
MG Bracewell,powerplay,4,9.0,68.0,0.1323529411764706,0.15223269683107069,0.13971581364113728
MG Bracewell,powerplay,6,4.0,68.0,0.058823529411764705,0.040523771600022226,0.052045841333341565
MG Bracewell,powerplay,W,9.0,68.0,0.1323529411764706,0.03919952586446391,0.09785167624609775
MG Bracewell,powerplay,Wd,0.0,68.0,0.0,0.03486563072990943,0.012913196566633124
MG Bracewell,powerplay,Nb,0.0,68.0,0.0,0.003769007093512122,0.001395928553152638
MG Johnson,death,0,102.0,368.0,0.27717391304347827,0.21696977459016392,0.2712715465284474
MG Johnson,death,1,104.0,368.0,0.2826086956521739,0.37083760245901637,0.29125858847637415
MG Johnson,death,2,32.0,368.0,0.08695652173913043,0.08837090163934426,0.08709518643522983
MG Johnson,death,3,1.0,368.0,0.002717391304347826,0.002651127049180328,0.0027108948087431694
MG Johnson,death,4,48.0,368.0,0.13043478260869565,0.11151383196721311,0.128579787447766
MG Johnson,death,6,26.0,368.0,0.07065217391304347,0.07952100409836066,0.07152166706846673
MG Johnson,death,W,34.0,368.0,0.09239130434782608,0.08016137295081967,0.09119229146576664
MG Johnson,death,Wd,16.0,368.0,0.043478260869565216,0.04340420081967213,0.04347100008036001
MG Johnson,death,Nb,5.0,368.0,0.01358695652173913,0.006570184426229508,0.01289903768884603
MG Johnson,middle,0,212.0,573.0,0.3699825479930192,0.2808889845966761,0.3641689386359984
MG Johnson,middle,1,184.0,573.0,0.32111692844677137,0.4414331678151601,0.32896790654585056
MG Johnson,middle,2,43.0,573.0,0.07504363001745201,0.06664217673287394,0.07449541120606029
MG Johnson,middle,3,0.0,573.0,0.0,0.002286430887717876,0.00014919614275483694
MG Johnson,middle,4,62.0,573.0,0.1082024432809773,0.08739739562221321,0.10684485452673496
MG Johnson,middle,6,16.0,573.0,0.027923211169284468,0.048281059991892986,0.029251618922798886
MG Johnson,middle,W,25.0,573.0,0.04363001745200698,0.04221980137819214,0.043537996827288226
MG Johnson,middle,Wd,30.0,573.0,0.05235602094240838,0.028171868666396434,0.05077793596518085
MG Johnson,middle,Nb,1.0,573.0,0.0017452006980802793,0.002679114308877179,0.0018061412273329318
MG Johnson,powerplay,0,323.0,763.0,0.4233289646133683,0.4228881521678736,0.42330700633463875
MG Johnson,powerplay,1,173.0,763.0,0.22673656618610746,0.25764450947345025,0.22827618976206476
MG Johnson,powerplay,2,34.0,763.0,0.04456094364351245,0.04384827662845184,0.04452544341860284
MG Johnson,powerplay,3,5.0,763.0,0.00655307994757536,0.005028429611245902,0.006477132234682236
MG Johnson,powerplay,4,127.0,763.0,0.16644823066841416,0.15223269683107069,0.16574010943118658
MG Johnson,powerplay,6,22.0,763.0,0.028833551769331587,0.040523771600022226,0.02941587903362502
MG Johnson,powerplay,W,31.0,763.0,0.04062909567496723,0.03919952586446391,0.040557884227370555
MG Johnson,powerplay,Wd,42.0,763.0,0.05504587155963303,0.03486563072990943,0.05404062917708142
MG Johnson,powerplay,Nb,6.0,763.0,0.007863695937090432,0.003769007093512122,0.007659726380747803
MJ Clarke,death,0,7.0,24.0,0.2916666666666667,0.21696977459016392,0.24498110911885246
MJ Clarke,death,1,9.0,24.0,0.375,0.37083760245901637,0.37239850153688525
MJ Clarke,death,2,1.0,24.0,0.041666666666666664,0.08837090163934426,0.07085681352459017
MJ Clarke,death,3,0.0,24.0,0.0,0.002651127049180328,0.001656954405737705
MJ Clarke,death,4,3.0,24.0,0.125,0.11151383196721311,0.1165711449795082
MJ Clarke,death,6,2.0,24.0,0.08333333333333333,0.07952100409836066,0.08095062756147542
MJ Clarke,death,W,2.0,24.0,0.08333333333333333,0.08016137295081967,0.08135085809426229
MJ Clarke,death,Wd,0.0,24.0,0.0,0.04340420081967213,0.027127625512295084
MJ Clarke,death,Nb,0.0,24.0,0.0,0.006570184426229508,0.004106365266393443
MJ Clarke,middle,0,40.0,140.0,0.2857142857142857,0.2808889845966761,0.28464199657703915
MJ Clarke,middle,1,66.0,140.0,0.4714285714285714,0.4414331678151601,0.4647629261811467
MJ Clarke,middle,2,10.0,140.0,0.07142857142857142,0.06664217673287394,0.07036492816286087
MJ Clarke,middle,3,0.0,140.0,0.0,0.002286430887717876,0.0005080957528261947
MJ Clarke,middle,4,9.0,140.0,0.06428571428571428,0.08739739562221321,0.06942164347160293
MJ Clarke,middle,6,9.0,140.0,0.06428571428571428,0.048281059991892986,0.06072912444264288
MJ Clarke,middle,W,5.0,140.0,0.03571428571428571,0.04221980137819214,0.03715995586182048
MJ Clarke,middle,Wd,1.0,140.0,0.007142857142857143,0.028171868666396434,0.011815970814754762
MJ Clarke,middle,Nb,0.0,140.0,0.0,0.002679114308877179,0.0005953587353060397
MJ Guptill,death,0,3.0,6.0,0.5,0.21696977459016392,0.25388676051318604
MJ Guptill,death,1,1.0,6.0,0.16666666666666666,0.37083760245901637,0.3442066108339273
MJ Guptill,death,2,0.0,6.0,0.0,0.08837090163934426,0.07684426229508197
MJ Guptill,death,3,0.0,6.0,0.0,0.002651127049180328,0.002305327868852459
MJ Guptill,death,4,1.0,6.0,0.16666666666666666,0.11151383196721311,0.11870767997148966
MJ Guptill,death,6,1.0,6.0,0.16666666666666666,0.07952100409836066,0.0908878296507484
MJ Guptill,death,W,0.0,6.0,0.0,0.08016137295081967,0.06970554169636492
MJ Guptill,death,Wd,0.0,6.0,0.0,0.04340420081967213,0.03774278332145403
MJ Guptill,death,Nb,0.0,6.0,0.0,0.006570184426229508,0.005713203848895225
MJ Henry,death,0,16.0,116.0,0.13793103448275862,0.21696977459016392,0.15819737810004203
MJ Henry,death,1,41.0,116.0,0.35344827586206895,0.37083760245901637,0.35790707755359397
MJ Henry,death,2,10.0,116.0,0.08620689655172414,0.08837090163934426,0.08676176965111392
MJ Henry,death,3,0.0,116.0,0.0,0.002651127049180328,0.0006797761664564943
MJ Henry,death,4,18.0,116.0,0.15517241379310345,0.11151383196721311,0.14397790563261875
MJ Henry,death,6,12.0,116.0,0.10344827586206896,0.07952100409836066,0.09731307797393864
MJ Henry,death,W,12.0,116.0,0.10344827586206896,0.08016137295081967,0.09747727511559479
MJ Henry,death,Wd,7.0,116.0,0.0603448275862069,0.04340420081967213,0.05600107713324926
MJ Henry,death,Nb,0.0,116.0,0.0,0.006570184426229508,0.0016846626733921816
MJ Henry,middle,0,27.0,113.0,0.23893805309734514,0.2808889845966761,0.24990561688801988
MJ Henry,middle,1,43.0,113.0,0.3805309734513274,0.4414331678151601,0.3964531157686693
MJ Henry,middle,2,12.0,113.0,0.10619469026548672,0.06664217673287394,0.09585416385173175
MJ Henry,middle,3,0.0,113.0,0.0,0.002286430887717876,0.0005977597092072878
MJ Henry,middle,4,11.0,113.0,0.09734513274336283,0.08739739562221321,0.09474441715613417
MJ Henry,middle,6,12.0,113.0,0.10619469026548672,0.048281059991892986,0.09105387189330535
MJ Henry,middle,W,6.0,113.0,0.05309734513274336,0.04221980137819214,0.0502535428439718
MJ Henry,middle,Wd,1.0,113.0,0.008849557522123894,0.028171868666396434,0.013901142135005602
MJ Henry,middle,Nb,1.0,113.0,0.008849557522123894,0.002679114308877179,0.007236369753954818
MJ Henry,powerplay,0,163.0,378.0,0.4312169312169312,0.4228881521678736,0.4304199188677391
MJ Henry,powerplay,1,85.0,378.0,0.22486772486772486,0.25764450947345025,0.228004259279756
MJ Henry,powerplay,2,25.0,378.0,0.06613756613756613,0.04384827662845184,0.06400461977305759
MJ Henry,powerplay,3,2.0,378.0,0.005291005291005291,0.005028429611245902,0.005265878431698172
MJ Henry,powerplay,4,55.0,378.0,0.1455026455026455,0.15223269683107069,0.1461466695532125
MJ Henry,powerplay,6,26.0,378.0,0.06878306878306878,0.040523771600022226,0.06607882981818394
MJ Henry,powerplay,W,12.0,378.0,0.031746031746031744,0.03919952586446391,0.032459284771719034
MJ Henry,powerplay,Wd,10.0,378.0,0.026455026455026454,0.03486563072990943,0.027259868969369324
MJ Henry,powerplay,Nb,0.0,378.0,0.0,0.003769007093512122,0.0003606705352643179
MJ McClenaghan,death,0,103.0,468.0,0.22008547008547008,0.21696977459016392,0.21984013973150898
MJ McClenaghan,death,1,176.0,468.0,0.37606837606837606,0.37083760245901637,0.37565650413063123
MJ McClenaghan,death,2,40.0,468.0,0.08547008547008547,0.08837090163934426,0.08569849619207436
MJ McClenaghan,death,3,0.0,468.0,0.0,0.002651127049180328,0.00020875016135278173
MJ McClenaghan,death,4,43.0,468.0,0.09188034188034189,0.11151383196721311,0.09342628598167031
MJ McClenaghan,death,6,32.0,468.0,0.06837606837606838,0.07952100409836066,0.06925362236994966
MJ McClenaghan,death,W,40.0,468.0,0.08547008547008547,0.08016137295081967,0.08505207661030077
MJ McClenaghan,death,Wd,29.0,468.0,0.06196581196581197,0.04340420081967213,0.060504267781076544
MJ McClenaghan,death,Nb,5.0,468.0,0.010683760683760684,0.006570184426229508,0.010359857041435393
MJ McClenaghan,middle,0,114.0,365.0,0.31232876712328766,0.2808889845966761,0.30922360341695565
MJ McClenaghan,middle,1,134.0,365.0,0.36712328767123287,0.4414331678151601,0.37446253509285526
MJ McClenaghan,middle,2,22.0,365.0,0.06027397260273973,0.06664217673287394,0.06090293103534557
MJ McClenaghan,middle,3,0.0,365.0,0.0,0.002286430887717876,0.00022582033458941984
MJ McClenaghan,middle,4,49.0,365.0,0.13424657534246576,0.08739739562221321,0.1296194958639223
MJ McClenaghan,middle,6,17.0,365.0,0.04657534246575343,0.048281059991892986,0.04674380839426103
MJ McClenaghan,middle,W,13.0,365.0,0.03561643835616438,0.04221980137819214,0.03626862235833996
MJ McClenaghan,middle,Wd,13.0,365.0,0.03561643835616438,0.028171868666396434,0.034881172213965084
MJ McClenaghan,middle,Nb,3.0,365.0,0.00821917808219178,0.002679114308877179,0.0076720112897656475
MJ McClenaghan,powerplay,0,384.0,890.0,0.4314606741573034,0.4228881521678736,0.43109196353410206
MJ McClenaghan,powerplay,1,227.0,890.0,0.2550561797752809,0.25764450947345025,0.2551675057838043
MJ McClenaghan,powerplay,2,33.0,890.0,0.03707865168539326,0.04384827662845184,0.03736981834961083
MJ McClenaghan,powerplay,3,5.0,890.0,0.0056179775280898875,0.005028429611245902,0.005592620628440684
MJ McClenaghan,powerplay,4,127.0,890.0,0.14269662921348314,0.15223269683107069,0.14310678265940088
MJ McClenaghan,powerplay,6,39.0,890.0,0.043820224719101124,0.040523771600022226,0.04367844178924827
MJ McClenaghan,powerplay,W,42.0,890.0,0.04719101123595506,0.03919952586446391,0.046847291435030705
MJ McClenaghan,powerplay,Wd,30.0,890.0,0.033707865168539325,0.03486563072990943,0.0337576615367703
MJ McClenaghan,powerplay,Nb,3.0,890.0,0.0033707865168539327,0.003769007093512122,0.003387914283591919
MJ Owen,death,0,1.0,8.0,0.125,0.21696977459016392,0.2016414788251366
MJ Owen,death,1,3.0,8.0,0.375,0.37083760245901637,0.37153133538251365
MJ Owen,death,2,0.0,8.0,0.0,0.08837090163934426,0.07364241803278689
MJ Owen,death,3,0.0,8.0,0.0,0.002651127049180328,0.0022092725409836064
MJ Owen,death,4,0.0,8.0,0.0,0.11151383196721311,0.09292819330601093
MJ Owen,death,6,2.0,8.0,0.25,0.07952100409836066,0.10793417008196722
MJ Owen,death,W,1.0,8.0,0.125,0.08016137295081967,0.08763447745901638
MJ Owen,death,Wd,1.0,8.0,0.125,0.04340420081967213,0.057003500683060114
MJ Owen,death,Nb,0.0,8.0,0.0,0.006570184426229508,0.005475153688524591
MJ Owen,middle,0,2.0,14.0,0.14285714285714285,0.2808889845966761,0.24510295155309342
MJ Owen,middle,1,7.0,14.0,0.5,0.4414331678151601,0.45661716134456304
MJ Owen,middle,2,1.0,14.0,0.07142857142857142,0.06664217673287394,0.06788309387620292
MJ Owen,middle,3,0.0,14.0,0.0,0.002286430887717876,0.0016936525094206488
MJ Owen,middle,4,3.0,14.0,0.21428571428571427,0.08739739562221321,0.12029436712756533
MJ Owen,middle,6,0.0,14.0,0.0,0.048281059991892986,0.03576374814214295
MJ Owen,middle,W,0.0,14.0,0.0,0.04221980137819214,0.03127392694680899
MJ Owen,middle,Wd,1.0,14.0,0.07142857142857142,0.028171868666396434,0.03938656938251587
MJ Owen,middle,Nb,0.0,14.0,0.0,0.002679114308877179,0.001984529117686799
MJ Santner,death,0,51.0,219.0,0.2328767123287671,0.21696977459016392,0.23042004240774733
MJ Santner,death,1,87.0,219.0,0.3972602739726027,0.37083760245901637,0.393179552503323
MJ Santner,death,2,13.0,219.0,0.0593607305936073,0.08837090163934426,0.06384106589024621
MJ Santner,death,3,0.0,219.0,0.0,0.002651127049180328,0.00040944047091588074
MJ Santner,death,4,17.0,219.0,0.0776255707762557,0.11151383196721311,0.08285927906829546
MJ Santner,death,6,20.0,219.0,0.091324200913242,0.07952100409836066,0.0895013133742642
MJ Santner,death,W,19.0,219.0,0.0867579908675799,0.08016137295081967,0.08573920817773277
MJ Santner,death,Wd,12.0,219.0,0.0547945205479452,0.04340420081967213,0.05303539780998798
MJ Santner,death,Nb,0.0,219.0,0.0,0.006570184426229508,0.0010147002974871828
MJ Santner,middle,0,428.0,1614.0,0.265179677819083,0.2808889845966761,0.2655595885029426
MJ Santner,middle,1,771.0,1614.0,0.47769516728624534,0.4414331678151601,0.4768182144574404
MJ Santner,middle,2,101.0,1614.0,0.06257744733581165,0.06664217673287394,0.06267574792582524
MJ Santner,middle,3,4.0,1614.0,0.0024783147459727386,0.002286430887717876,0.002473674265724737
MJ Santner,middle,4,112.0,1614.0,0.06939281288723669,0.08739739562221321,0.06982823205857831
MJ Santner,middle,6,91.0,1614.0,0.0563816604708798,0.048281059991892986,0.05618575719448351
MJ Santner,middle,W,67.0,1614.0,0.04151177199504337,0.04221980137819214,0.0415288948338136
MJ Santner,middle,Wd,37.0,1614.0,0.02292441140024783,0.028171868666396434,0.02305131484078347
MJ Santner,middle,Nb,3.0,1614.0,0.0018587360594795538,0.002679114308877179,0.0018785759204081544
MJ Santner,powerplay,0,215.0,479.0,0.4488517745302714,0.4228881521678736,0.4468507246372157
MJ Santner,powerplay,1,126.0,479.0,0.2630480167014614,0.25764450947345025,0.26263156142377264
MJ Santner,powerplay,2,15.0,479.0,0.031315240083507306,0.04384827662845184,0.03228117738947606
MJ Santner,powerplay,3,1.0,479.0,0.0020876826722338203,0.005028429611245902,0.0023143298351634605
MJ Santner,powerplay,4,68.0,479.0,0.1419624217118998,0.15223269683107069,0.1427539650736856
MJ Santner,powerplay,6,18.0,479.0,0.037578288100208766,0.040523771600022226,0.03780530031599401
MJ Santner,powerplay,W,23.0,479.0,0.04801670146137787,0.03919952586446391,0.04733715035564269
MJ Santner,powerplay,Wd,12.0,479.0,0.025052192066805846,0.03486563072990943,0.02580852645317221
MJ Santner,powerplay,Nb,1.0,479.0,0.0020876826722338203,0.003769007093512122,0.00221726451587762
MK Tiwary,death,0,1.0,11.0,0.09090909090909091,0.21696977459016392,0.18978021536483447
MK Tiwary,death,1,4.0,11.0,0.36363636363636365,0.37083760245901637,0.36928439408550306
MK Tiwary,death,2,2.0,11.0,0.18181818181818182,0.08837090163934426,0.10852619736419158
MK Tiwary,death,3,0.0,11.0,0.0,0.002651127049180328,0.0020793153326904533
MK Tiwary,death,4,0.0,11.0,0.0,0.11151383196721311,0.08746182899389264
MK Tiwary,death,6,3.0,11.0,0.2727272727272727,0.07952100409836066,0.12119294439087111
MK Tiwary,death,W,0.0,11.0,0.0,0.08016137295081967,0.0628716650594664
MK Tiwary,death,Wd,1.0,11.0,0.09090909090909091,0.04340420081967213,0.05365035358405658
MK Tiwary,death,Nb,0.0,11.0,0.0,0.006570184426229508,0.005153085824493732
MK Tiwary,middle,0,7.0,32.0,0.21875,0.2808889845966761,0.2532716581092645
MK Tiwary,middle,1,15.0,32.0,0.46875,0.4414331678151601,0.4535739821195334
MK Tiwary,middle,2,2.0,32.0,0.0625,0.06664217673287394,0.06480120929604108
MK Tiwary,middle,3,0.0,32.0,0.0,0.002286430887717876,0.0012702393820654867
MK Tiwary,middle,4,2.0,32.0,0.0625,0.08739739562221321,0.07633188645678511
MK Tiwary,middle,6,4.0,32.0,0.125,0.048281059991892986,0.08237836666216276
MK Tiwary,middle,W,0.0,32.0,0.0,0.04221980137819214,0.023455445210106743
MK Tiwary,middle,Wd,2.0,32.0,0.0625,0.028171868666396434,0.04342881592577579
MK Tiwary,middle,Nb,0.0,32.0,0.0,0.002679114308877179,0.0014883968382650994
MM Ali,death,0,26.0,103.0,0.2524271844660194,0.21696977459016392,0.24250902785738854
MM Ali,death,1,36.0,103.0,0.34951456310679613,0.37083760245901637,0.3554790496388857
MM Ali,death,2,7.0,103.0,0.06796116504854369,0.08837090163934426,0.07367018227673966
MM Ali,death,3,0.0,103.0,0.0,0.002651127049180328,0.0007415739997707211
MM Ali,death,4,10.0,103.0,0.0970873786407767,0.11151383196721311,0.10112275020061906
MM Ali,death,6,12.0,103.0,0.11650485436893204,0.07952100409836066,0.10615972142611488
MM Ali,death,W,10.0,103.0,0.0970873786407767,0.08016137295081967,0.09235283159463487
MM Ali,death,Wd,2.0,103.0,0.019417475728155338,0.04340420081967213,0.02612704918032787
MM Ali,death,Nb,0.0,103.0,0.0,0.006570184426229508,0.0018378138255187436
MM Ali,middle,0,275.0,1070.0,0.2570093457943925,0.2808889845966761,0.2578698733187991
MM Ali,middle,1,533.0,1070.0,0.4981308411214953,0.4414331678151601,0.49608768172306883
MM Ali,middle,2,60.0,1070.0,0.056074766355140186,0.06664217673287394,0.05645557393631978
MM Ali,middle,3,5.0,1070.0,0.004672897196261682,0.002286430887717876,0.0045868984103682115
MM Ali,middle,4,52.0,1070.0,0.048598130841121495,0.08739739562221321,0.04999630254494462
MM Ali,middle,6,78.0,1070.0,0.07289719626168224,0.048281059991892986,0.07201012828799615
MM Ali,middle,W,48.0,1070.0,0.044859813084112146,0.04221980137819214,0.04476467752714206
MM Ali,middle,Wd,18.0,1070.0,0.016822429906542057,0.028171868666396434,0.017231418690680952
MM Ali,middle,Nb,1.0,1070.0,0.0009345794392523365,0.002679114308877179,0.0009974455606802587
MM Ali,powerplay,0,108.0,259.0,0.416988416988417,0.4228881521678736,0.4177776792197824
MM Ali,powerplay,1,79.0,259.0,0.305019305019305,0.25764450947345025,0.29868153972888967
MM Ali,powerplay,2,7.0,259.0,0.02702702702702703,0.04384827662845184,0.029277361421866467
MM Ali,powerplay,3,1.0,259.0,0.003861003861003861,0.005028429611245902,0.004017181218895772
MM Ali,powerplay,4,30.0,259.0,0.11583011583011583,0.15223269683107069,0.12070002633191582
MM Ali,powerplay,6,17.0,259.0,0.06563706563706563,0.040523771600022226,0.06227742763879896
MM Ali,powerplay,W,14.0,259.0,0.05405405405405406,0.03919952586446391,0.05206682620260387
MM Ali,powerplay,Wd,3.0,259.0,0.011583011583011582,0.03486563072990943,0.014697743241459454
MM Ali,powerplay,Nb,0.0,259.0,0.0,0.003769007093512122,0.0005042149957875749
MM Patel,death,0,50.0,271.0,0.18450184501845018,0.21696977459016392,0.18867778451320438
MM Patel,death,1,93.0,271.0,0.34317343173431736,0.37083760245901637,0.3467315244320278
MM Patel,death,2,27.0,271.0,0.0996309963099631,0.08837090163934426,0.0981827526224237
MM Patel,death,3,0.0,271.0,0.0,0.002651127049180328,0.00034098097095566917
MM Patel,death,4,48.0,271.0,0.17712177121771217,0.11151383196721311,0.16868345105687627
MM Patel,death,6,20.0,271.0,0.07380073800738007,0.07952100409836066,0.07453646354962838
MM Patel,death,W,24.0,271.0,0.08856088560885608,0.08016137295081967,0.08748056243740446
MM Patel,death,Wd,6.0,271.0,0.02214022140221402,0.04340420081967213,0.024875138369089663
MM Patel,death,Nb,3.0,271.0,0.01107011070110701,0.006570184426229508,0.010491342048389647
MM Patel,middle,0,127.0,386.0,0.3290155440414508,0.2808889845966761,0.32449661827198834
MM Patel,middle,1,168.0,386.0,0.43523316062176165,0.4414331678151601,0.43581532092161124
MM Patel,middle,2,21.0,386.0,0.054404145077720206,0.06664217673287394,0.055553256031255764
MM Patel,middle,3,1.0,386.0,0.0025906735751295338,0.002286430887717876,0.002562106186640176
MM Patel,middle,4,37.0,386.0,0.09585492227979274,0.08739739562221321,0.09506078832133458
MM Patel,middle,6,6.0,386.0,0.015544041450777202,0.048281059991892986,0.018617939905342065
MM Patel,middle,W,24.0,386.0,0.06217616580310881,0.04221980137819214,0.06030232876790537
MM Patel,middle,Wd,1.0,386.0,0.0025906735751295338,0.028171868666396434,0.004992663724544265
MM Patel,middle,Nb,1.0,386.0,0.0025906735751295338,0.002679114308877179,0.0025989778693781386
MM Patel,powerplay,0,279.0,584.0,0.4777397260273973,0.4228881521678736,0.4742235994979406
MM Patel,powerplay,1,133.0,584.0,0.22773972602739725,0.25764450947345025,0.22965669932522118
MM Patel,powerplay,2,15.0,584.0,0.025684931506849314,0.04384827662845184,0.026849248501823835
MM Patel,powerplay,3,6.0,584.0,0.010273972602739725,0.005028429611245902,0.009937719846874736
MM Patel,powerplay,4,92.0,584.0,0.15753424657534246,0.15223269683107069,0.15719440364301734
MM Patel,powerplay,6,21.0,584.0,0.03595890410958904,0.040523771600022226,0.03625152382051425
MM Patel,powerplay,W,25.0,584.0,0.04280821917808219,0.03919952586446391,0.04257689268361948
MM Patel,powerplay,Wd,8.0,584.0,0.0136986301369863,0.03486563072990943,0.015055489149353169
MM Patel,powerplay,Nb,5.0,584.0,0.008561643835616438,0.003769007093512122,0.008254423531635394
MM Sharma,death,0,125.0,758.0,0.16490765171503957,0.21696977459016392,0.16751728193434404
MM Sharma,death,1,301.0,758.0,0.3970976253298153,0.37083760245901637,0.39578133345659233
MM Sharma,death,2,68.0,758.0,0.08970976253298153,0.08837090163934426,0.08964265171124533
MM Sharma,death,3,3.0,758.0,0.00395778364116095,0.002651127049180328,0.0038922870701343522
MM Sharma,death,4,94.0,758.0,0.12401055408970976,0.11151383196721311,0.12338415197830642
MM Sharma,death,6,71.0,758.0,0.09366754617414248,0.07952100409836066,0.09295844632071983
MM Sharma,death,W,66.0,758.0,0.0870712401055409,0.08016137295081967,0.08672488084966515
MM Sharma,death,Wd,24.0,758.0,0.0316622691292876,0.04340420081967213,0.032250837133818155
MM Sharma,death,Nb,6.0,758.0,0.0079155672823219,0.006570184426229508,0.007848129545174411
MM Sharma,middle,0,186.0,733.0,0.25375170532060026,0.2808889845966761,0.2551559629804231
MM Sharma,middle,1,332.0,733.0,0.4529331514324693,0.4414331678151601,0.4523380681922463
MM Sharma,middle,2,50.0,733.0,0.06821282401091405,0.06664217673287394,0.06813154860195984
MM Sharma,middle,3,1.0,733.0,0.001364256480218281,0.002286430887717876,0.001411975725108299
MM Sharma,middle,4,90.0,733.0,0.12278308321964529,0.08739739562221321,0.12095199977346512
MM Sharma,middle,6,21.0,733.0,0.0286493860845839,0.048281059991892986,0.029665255368273892
MM Sharma,middle,W,34.0,733.0,0.04638472032742155,0.04221980137819214,0.04616920058878096
MM Sharma,middle,Wd,17.0,733.0,0.023192360163710776,0.028171868666396434,0.02345003201378507
MM Sharma,middle,Nb,2.0,733.0,0.002728512960436562,0.002679114308877179,0.0027259567559574224
MM Sharma,powerplay,0,356.0,882.0,0.4036281179138322,0.4228881521678736,0.4044636942372179
MM Sharma,powerplay,1,236.0,882.0,0.2675736961451247,0.25764450947345025,0.2671429288274816
MM Sharma,powerplay,2,46.0,882.0,0.05215419501133787,0.04384827662845184,0.05179385148062698
MM Sharma,powerplay,3,4.0,882.0,0.0045351473922902496,0.005028429611245902,0.004556547922396785
MM Sharma,powerplay,4,159.0,882.0,0.18027210884353742,0.15223269683107069,0.17905564845254104
MM Sharma,powerplay,6,30.0,882.0,0.034013605442176874,0.040523771600022226,0.034296042151844786
MM Sharma,powerplay,W,36.0,882.0,0.04081632653061224,0.03919952586446391,0.040746183334683904
MM Sharma,powerplay,Wd,13.0,882.0,0.01473922902494331,0.03486563072990943,0.015612391788716245
MM Sharma,powerplay,Nb,2.0,882.0,0.0022675736961451248,0.003769007093512122,0.0023327118044907647
MN Samuels,death,0,28.0,130.0,0.2153846153846154,0.21696977459016392,0.21575759402121505
MN Samuels,death,1,47.0,130.0,0.36153846153846153,0.37083760245901637,0.36372649469623913
MN Samuels,death,2,14.0,130.0,0.1076923076923077,0.08837090163934426,0.10314609450337513
MN Samuels,death,3,0.0,130.0,0.0,0.002651127049180328,0.0006237945998071359
MN Samuels,death,4,15.0,130.0,0.11538461538461539,0.11151383196721311,0.11447384281581485
MN Samuels,death,6,13.0,130.0,0.1,0.07952100409836066,0.09518141272902604
MN Samuels,death,W,12.0,130.0,0.09230769230769231,0.08016137295081967,0.08944973481195757
MN Samuels,death,Wd,1.0,130.0,0.007692307692307693,0.04340420081967213,0.016095106075216973
MN Samuels,death,Nb,0.0,130.0,0.0,0.006570184426229508,0.0015459257473481197
MN Samuels,middle,0,77.0,293.0,0.2627986348122867,0.2808889845966761,0.26497164980140253
MN Samuels,middle,1,126.0,293.0,0.4300341296928328,0.4414331678151601,0.4314033835213405
MN Samuels,middle,2,28.0,293.0,0.09556313993174062,0.06664217673287394,0.09208915035830317
MN Samuels,middle,3,1.0,293.0,0.0034129692832764505,0.002286430887717876,0.0032776493558820275
MN Samuels,middle,4,25.0,293.0,0.08532423208191127,0.08739739562221321,0.08557326073540099
MN Samuels,middle,6,16.0,293.0,0.05460750853242321,0.048281059991892986,0.053847574773800956
MN Samuels,middle,W,16.0,293.0,0.05460750853242321,0.04221980137819214,0.0531194956610441
MN Samuels,middle,Wd,4.0,293.0,0.013651877133105802,0.028171868666396434,0.0153960202602278
MN Samuels,middle,Nb,0.0,293.0,0.0,0.002679114308877179,0.0003218155325978593
MN Samuels,powerplay,0,53.0,124.0,0.4274193548387097,0.4228881521678736,0.426314183455579
MN Samuels,powerplay,1,37.0,124.0,0.29838709677419356,0.25764450947345025,0.28844988035937813
MN Samuels,powerplay,2,6.0,124.0,0.04838709677419355,0.04384827662845184,0.047280067470354105
MN Samuels,powerplay,3,1.0,124.0,0.008064516129032258,0.005028429611245902,0.007324007222255098
MN Samuels,powerplay,4,15.0,124.0,0.12096774193548387,0.15223269683107069,0.12859334069050504
MN Samuels,powerplay,6,3.0,124.0,0.024193548387096774,0.040523771600022226,0.028176529658542008
MN Samuels,powerplay,W,5.0,124.0,0.04032258064516129,0.03919952586446391,0.0400486648449912
MN Samuels,powerplay,Wd,4.0,124.0,0.03225806451612903,0.03486563072990943,0.03289405627558766
MN Samuels,powerplay,Nb,0.0,124.0,0.0,0.003769007093512122,0.0009192700228078347
MP Stoinis,death,0,63.0,325.0,0.19384615384615383,0.21696977459016392,0.19638024927015496
MP Stoinis,death,1,110.0,325.0,0.3384615384615385,0.37083760245901637,0.34200960026948124
MP Stoinis,death,2,22.0,325.0,0.06769230769230769,0.08837090163934426,0.06995845497417472
MP Stoinis,death,3,0.0,325.0,0.0,0.002651127049180328,0.0002905344711430496
MP Stoinis,death,4,44.0,325.0,0.13538461538461538,0.11151383196721311,0.13276863911969458
MP Stoinis,death,6,41.0,325.0,0.12615384615384614,0.07952100409836066,0.12104339770940939
MP Stoinis,death,W,28.0,325.0,0.08615384615384615,0.08016137295081967,0.08549713676173366
MP Stoinis,death,Wd,16.0,325.0,0.04923076923076923,0.04340420081967213,0.04859224118571749
MP Stoinis,death,Nb,1.0,325.0,0.003076923076923077,0.006570184426229508,0.003459746238490905
MP Stoinis,middle,0,217.0,924.0,0.23484848484848486,0.2808889845966761,0.23675887902890771
MP Stoinis,middle,1,410.0,924.0,0.44372294372294374,0.4414331678151601,0.44362793227448793
MP Stoinis,middle,2,62.0,924.0,0.0670995670995671,0.06664217673287394,0.06708058824617734
MP Stoinis,middle,3,2.0,924.0,0.0021645021645021645,0.002286430887717876,0.002169561447623148
MP Stoinis,middle,4,98.0,924.0,0.10606060606060606,0.08739739562221321,0.10528619898847358
MP Stoinis,middle,6,58.0,924.0,0.06277056277056277,0.048281059991892986,0.062169338588875224
MP Stoinis,middle,W,35.0,924.0,0.03787878787878788,0.04221980137819214,0.03805891292025693
MP Stoinis,middle,Wd,40.0,924.0,0.04329004329004329,0.028171868666396434,0.0426627331396845
MP Stoinis,middle,Nb,2.0,924.0,0.0021645021645021645,0.002679114308877179,0.002185855365513576
MP Stoinis,powerplay,0,86.0,281.0,0.30604982206405695,0.4228881521678736,0.32060911553493754
MP Stoinis,powerplay,1,98.0,281.0,0.3487544483985765,0.25764450947345025,0.3374011849811153
MP Stoinis,powerplay,2,12.0,281.0,0.042704626334519574,0.04384827662845184,0.04284713727457344
MP Stoinis,powerplay,3,1.0,281.0,0.0035587188612099642,0.005028429611245902,0.0037418603876941932
MP Stoinis,powerplay,4,48.0,281.0,0.1708185053380783,0.15223269683107069,0.16850251673907424
MP Stoinis,powerplay,6,13.0,281.0,0.046263345195729534,0.040523771600022226,0.04554813353271305
MP Stoinis,powerplay,W,13.0,281.0,0.046263345195729534,0.03919952586446391,0.04538311848778367
MP Stoinis,powerplay,Wd,9.0,281.0,0.03202846975088968,0.03486563072990943,0.0323820100598018
MP Stoinis,powerplay,Nb,1.0,281.0,0.0035587188612099642,0.003769007093512122,0.0035849230023068065
MP Yadav,death,0,11.0,34.0,0.3235294117647059,0.21696977459016392,0.2659296078865751
MP Yadav,death,1,6.0,34.0,0.17647058823529413,0.37083760245901637,0.2815338391670359
MP Yadav,death,2,9.0,34.0,0.2647058823529412,0.08837090163934426,0.1693896765618077
MP Yadav,death,3,0.0,34.0,0.0,0.002651127049180328,0.0014330416482055827
MP Yadav,death,4,4.0,34.0,0.11764705882352941,0.11151383196721311,0.11433180106335845
MP Yadav,death,6,2.0,34.0,0.058823529411764705,0.07952100409836066,0.07001135356668145
MP Yadav,death,W,2.0,34.0,0.058823529411764705,0.08016137295081967,0.07035749889233496
MP Yadav,death,Wd,0.0,34.0,0.0,0.04340420081967213,0.023461730172795747
MP Yadav,death,Nb,0.0,34.0,0.0,0.006570184426229508,0.0035514510412051397
MP Yadav,middle,0,31.0,95.0,0.3263157894736842,0.2808889845966761,0.31285599543605214
MP Yadav,middle,1,26.0,95.0,0.2736842105263158,0.4414331678151601,0.32338760527856597
MP Yadav,middle,2,6.0,95.0,0.06315789473684211,0.06664217673287394,0.0641902745875182
MP Yadav,middle,3,0.0,95.0,0.0,0.002286430887717876,0.0006774610037682595
MP Yadav,middle,4,13.0,95.0,0.1368421052631579,0.08739739562221321,0.12219182092510021
MP Yadav,middle,6,11.0,95.0,0.11578947368421053,0.048281059991892986,0.09578698073833866
MP Yadav,middle,W,4.0,95.0,0.042105263157894736,0.04221980137819214,0.04213920040835323
MP Yadav,middle,Wd,3.0,95.0,0.031578947368421054,0.028171868666396434,0.030569442567821164
MP Yadav,middle,Nb,1.0,95.0,0.010526315789473684,0.002679114308877179,0.008201219054482126
MP Yadav,powerplay,0,19.0,48.0,0.3958333333333333,0.4228881521678736,0.4081309782581244
MP Yadav,powerplay,1,10.0,48.0,0.20833333333333334,0.25764450947345025,0.23074750430611377
MP Yadav,powerplay,2,0.0,48.0,0.0,0.04384827662845184,0.019931034831114473
MP Yadav,powerplay,3,0.0,48.0,0.0,0.005028429611245902,0.002285649823293592
MP Yadav,powerplay,4,7.0,48.0,0.14583333333333334,0.15223269683107069,0.14874213492321395
MP Yadav,powerplay,6,7.0,48.0,0.14583333333333334,0.040523771600022226,0.09796535072728284
MP Yadav,powerplay,W,3.0,48.0,0.0625,0.03919952586446391,0.05190887539293814
MP Yadav,powerplay,Wd,2.0,48.0,0.041666666666666664,0.03486563072990943,0.03857528669541338
MP Yadav,powerplay,Nb,0.0,48.0,0.0,0.003769007093512122,0.00171318504250551
MR Marsh,death,0,34.0,156.0,0.21794871794871795,0.21696977459016392,0.21774893358982939
MR Marsh,death,1,53.0,156.0,0.33974358974358976,0.37083760245901637,0.34608930662428905
MR Marsh,death,2,10.0,156.0,0.0641025641025641,0.08837090163934426,0.06905528604884577
MR Marsh,death,3,2.0,156.0,0.01282051282051282,0.002651127049180328,0.010745127969220475
MR Marsh,death,4,17.0,156.0,0.10897435897435898,0.11151383196721311,0.10949261876881901
MR Marsh,death,6,14.0,156.0,0.08974358974358974,0.07952100409836066,0.08765734777517564
MR Marsh,death,W,15.0,156.0,0.09615384615384616,0.08016137295081967,0.09289007611241218
MR Marsh,death,Wd,10.0,156.0,0.0641025641025641,0.04340420081967213,0.059878408330545335
MR Marsh,death,Nb,1.0,156.0,0.00641025641025641,0.006570184426229508,0.006442894780863165
MR Marsh,middle,0,128.0,518.0,0.2471042471042471,0.2808889845966761,0.24952609208578322
MR Marsh,middle,1,234.0,518.0,0.4517374517374517,0.4414331678151601,0.45099879339176774
MR Marsh,middle,2,31.0,518.0,0.059845559845559844,0.06664217673287394,0.06033277252565404
MR Marsh,middle,3,0.0,518.0,0.0,0.002286430887717876,0.00016390185575038536
MR Marsh,middle,4,49.0,518.0,0.0945945945945946,0.08739739562221321,0.09407866635284683
MR Marsh,middle,6,16.0,518.0,0.03088803088803089,0.048281059991892986,0.032134843010171533
MR Marsh,middle,W,28.0,518.0,0.05405405405405406,0.04221980137819214,0.05320572052890266
MR Marsh,middle,Wd,29.0,518.0,0.055984555984555984,0.028171868666396434,0.05399081495816462
MR Marsh,middle,Nb,3.0,518.0,0.005791505791505791,0.002679114308877179,0.005568395290958938
MR Marsh,powerplay,0,39.0,102.0,0.38235294117647056,0.4228881521678736,0.39377131046982355
MR Marsh,powerplay,1,27.0,102.0,0.2647058823529412,0.25764450947345025,0.2627167632319578
MR Marsh,powerplay,2,3.0,102.0,0.029411764705882353,0.04384827662845184,0.03347838778266249
MR Marsh,powerplay,3,0.0,102.0,0.0,0.005028429611245902,0.0014164590454213808
MR Marsh,powerplay,4,19.0,102.0,0.18627450980392157,0.15223269683107069,0.17668526671297766
MR Marsh,powerplay,6,6.0,102.0,0.058823529411764705,0.040523771600022226,0.05366866805634429
MR Marsh,powerplay,W,6.0,102.0,0.058823529411764705,0.03919952586446391,0.05329564108858138
MR Marsh,powerplay,Wd,2.0,102.0,0.0196078431372549,0.03486563072990943,0.023905811473213925
MR Marsh,powerplay,Nb,0.0,102.0,0.0,0.003769007093512122,0.0010616921390174993
MW Short,death,0,0.0,12.0,0.0,0.21696977459016392,0.1668998266078184
MW Short,death,1,6.0,12.0,0.5,0.37083760245901637,0.40064430958385877
MW Short,death,2,0.0,12.0,0.0,0.08837090163934426,0.06797761664564943
MW Short,death,3,0.0,12.0,0.0,0.002651127049180328,0.002039328499369483
MW Short,death,4,1.0,12.0,0.08333333333333333,0.11151383196721311,0.10501063997477932
MW Short,death,6,1.0,12.0,0.08333333333333333,0.07952100409836066,0.08040077238335436
MW Short,death,W,3.0,12.0,0.25,0.08016137295081967,0.11935490226986128
MW Short,death,Wd,1.0,12.0,0.08333333333333333,0.04340420081967213,0.05261861601513241
MW Short,death,Nb,0.0,12.0,0.0,0.006570184426229508,0.005053988020176545
MW Short,middle,0,6.0,40.0,0.15,0.2808889845966761,0.21544449229833806
MW Short,middle,1,26.0,40.0,0.65,0.4414331678151601,0.54571658390758
MW Short,middle,2,0.0,40.0,0.0,0.06664217673287394,0.03332108836643697
MW Short,middle,3,0.0,40.0,0.0,0.002286430887717876,0.001143215443858938
MW Short,middle,4,1.0,40.0,0.025,0.08739739562221321,0.056198697811106604
MW Short,middle,6,3.0,40.0,0.075,0.048281059991892986,0.06164052999594649
MW Short,middle,W,2.0,40.0,0.05,0.04221980137819214,0.046109900689096074
MW Short,middle,Wd,2.0,40.0,0.05,0.028171868666396434,0.039085934333198215
MW Short,middle,Nb,0.0,40.0,0.0,0.002679114308877179,0.0013395571544385894
MW Short,powerplay,0,13.0,41.0,0.3170731707317073,0.4228881521678736,0.36932748255203635
MW Short,powerplay,1,13.0,41.0,0.3170731707317073,0.25764450947345025,0.2877256836905927
MW Short,powerplay,2,0.0,41.0,0.0,0.04384827662845184,0.021653469939976216
MW Short,powerplay,3,0.0,41.0,0.0,0.005028429611245902,0.002483175116664643
MW Short,powerplay,4,5.0,41.0,0.12195121951219512,0.15223269683107069,0.13690503547213367
MW Short,powerplay,6,6.0,41.0,0.14634146341463414,0.040523771600022226,0.09408581313581345
MW Short,powerplay,W,1.0,41.0,0.024390243902439025,0.03919952586446391,0.031703469562698226
MW Short,powerplay,Wd,3.0,41.0,0.07317073170731707,0.03486563072990943,0.05425463245921453
MW Short,powerplay,Nb,0.0,41.0,0.0,0.003769007093512122,0.001861238070870184
Mandeep Singh,middle,0,1.0,12.0,0.08333333333333333,0.2808889845966761,0.2352992189205201
Mandeep Singh,middle,1,6.0,12.0,0.5,0.4414331678151601,0.45494859062704623
Mandeep Singh,middle,2,2.0,12.0,0.16666666666666666,0.06664217673287394,0.08972475133297995
Mandeep Singh,middle,3,0.0,12.0,0.0,0.002286430887717876,0.0017587929905522122
Mandeep Singh,middle,4,1.0,12.0,0.08333333333333333,0.08739739562221321,0.08645953509401015
Mandeep Singh,middle,6,2.0,12.0,0.16666666666666666,0.048281059991892986,0.07560081537837922
Mandeep Singh,middle,W,0.0,12.0,0.0,0.04221980137819214,0.03247677029091703
Mandeep Singh,middle,Wd,0.0,12.0,0.0,0.028171868666396434,0.02167066820492033
Mandeep Singh,middle,Nb,0.0,12.0,0.0,0.002679114308877179,0.002060857160674753
Mashrafe Mortaza,death,0,12.0,99.0,0.12121212121212122,0.21696977459016392,0.14876828045760113
Mashrafe Mortaza,death,1,47.0,99.0,0.47474747474747475,0.37083760245901637,0.44484535322561625
Mashrafe Mortaza,death,2,11.0,99.0,0.1111111111111111,0.08837090163934426,0.10456716593937965
Mashrafe Mortaza,death,3,1.0,99.0,0.010101010101010102,0.002651127049180328,0.007957158863073476
Mashrafe Mortaza,death,4,11.0,99.0,0.1111111111111111,0.11151383196721311,0.11122700200495342
Mashrafe Mortaza,death,6,9.0,99.0,0.09090909090909091,0.07952100409836066,0.08763194362542753
Mashrafe Mortaza,death,W,4.0,99.0,0.04040404040404041,0.08016137295081967,0.05184499941030782
Mashrafe Mortaza,death,Wd,2.0,99.0,0.020202020202020204,0.04340420081967213,0.026878906710697016
Mashrafe Mortaza,death,Nb,2.0,99.0,0.020202020202020204,0.006570184426229508,0.016279189762943742
Mashrafe Mortaza,middle,0,44.0,220.0,0.2,0.2808889845966761,0.2124444591687194
Mashrafe Mortaza,middle,1,119.0,220.0,0.5409090909090909,0.4414331678151601,0.5256051027407939
Mashrafe Mortaza,middle,2,22.0,220.0,0.1,0.06664217673287394,0.09486802718967291
Mashrafe Mortaza,middle,3,0.0,220.0,0.0,0.002286430887717876,0.00035175859811044244
Mashrafe Mortaza,middle,4,18.0,220.0,0.08181818181818182,0.08739739562221321,0.08267652240341741
Mashrafe Mortaza,middle,6,9.0,220.0,0.04090909090909091,0.048281059991892986,0.042043239998752764
Mashrafe Mortaza,middle,W,4.0,220.0,0.01818181818181818,0.04221980137819214,0.021879969442798793
Mashrafe Mortaza,middle,Wd,3.0,220.0,0.013636363636363636,0.028171868666396434,0.015872595179445604
Mashrafe Mortaza,middle,Nb,1.0,220.0,0.004545454545454545,0.002679114308877179,0.004258325278288797
Mashrafe Mortaza,powerplay,0,127.0,285.0,0.4456140350877193,0.4228881521678736,0.4428170033437383
Mashrafe Mortaza,powerplay,1,67.0,285.0,0.23508771929824562,0.25764450947345025,0.23786393962750157
Mashrafe Mortaza,powerplay,2,16.0,285.0,0.056140350877192984,0.04384827662845184,0.054627480200424836
Mashrafe Mortaza,powerplay,3,3.0,285.0,0.010526315789473684,0.005028429611245902,0.009849652875230264
Mashrafe Mortaza,powerplay,4,50.0,285.0,0.17543859649122806,0.15223269683107069,0.1725824857638241
Mashrafe Mortaza,powerplay,6,5.0,285.0,0.017543859649122806,0.040523771600022226,0.02037215650461812
Mashrafe Mortaza,powerplay,W,9.0,285.0,0.031578947368421054,0.03919952586446391,0.03251686472178018
Mashrafe Mortaza,powerplay,Wd,8.0,285.0,0.028070175438596492,0.03486563072990943,0.02890653916675808
Mashrafe Mortaza,powerplay,Nb,0.0,285.0,0.0,0.003769007093512122,0.0004638777961245689
Mohammad Ashraful,death,0,1.0,18.0,0.05555555555555555,0.21696977459016392,0.16687570661390616
Mohammad Ashraful,death,1,3.0,18.0,0.16666666666666666,0.37083760245901637,0.3074742085924251
Mohammad Ashraful,death,2,1.0,18.0,0.05555555555555555,0.08837090163934426,0.07818682871678916
Mohammad Ashraful,death,3,0.0,18.0,0.0,0.002651127049180328,0.0018283634821933295
Mohammad Ashraful,death,4,3.0,18.0,0.16666666666666666,0.11151383196721311,0.1286302289429056
Mohammad Ashraful,death,6,6.0,18.0,0.3333333333333333,0.07952100409836066,0.15829034765404185
Mohammad Ashraful,death,W,4.0,18.0,0.2222222222222222,0.08016137295081967,0.12424922272470322
Mohammad Ashraful,death,Wd,0.0,18.0,0.0,0.04340420081967213,0.029933931599773887
Mohammad Ashraful,death,Nb,0.0,18.0,0.0,0.006570184426229508,0.00453116167326173
Mohammad Ashraful,middle,0,12.0,80.0,0.15,0.2808889845966761,0.19362966153222538
Mohammad Ashraful,middle,1,44.0,80.0,0.55,0.4414331678151601,0.5138110559383867
Mohammad Ashraful,middle,2,12.0,80.0,0.15,0.06664217673287394,0.12221405891095798
Mohammad Ashraful,middle,3,0.0,80.0,0.0,0.002286430887717876,0.000762143629239292
Mohammad Ashraful,middle,4,4.0,80.0,0.05,0.08739739562221321,0.062465798540737735
Mohammad Ashraful,middle,6,3.0,80.0,0.0375,0.048281059991892986,0.041093686663964325
Mohammad Ashraful,middle,W,2.0,80.0,0.025,0.04221980137819214,0.030739933792730715
Mohammad Ashraful,middle,Wd,2.0,80.0,0.025,0.028171868666396434,0.026057289555465477
Mohammad Ashraful,middle,Nb,1.0,80.0,0.0125,0.002679114308877179,0.009226371436292393
Mohammad Asif,death,0,14.0,80.0,0.175,0.21696977459016392,0.18898992486338798
Mohammad Asif,death,1,32.0,80.0,0.4,0.37083760245901637,0.39027920081967216
Mohammad Asif,death,2,5.0,80.0,0.0625,0.08837090163934426,0.07112363387978142
Mohammad Asif,death,3,0.0,80.0,0.0,0.002651127049180328,0.0008837090163934426
Mohammad Asif,death,4,14.0,80.0,0.175,0.11151383196721311,0.15383794398907105
Mohammad Asif,death,6,5.0,80.0,0.0625,0.07952100409836066,0.06817366803278689
Mohammad Asif,death,W,7.0,80.0,0.0875,0.08016137295081967,0.08505379098360656
Mohammad Asif,death,Wd,2.0,80.0,0.025,0.04340420081967213,0.03113473360655738
Mohammad Asif,death,Nb,1.0,80.0,0.0125,0.006570184426229508,0.01052339480874317
Mohammad Asif,middle,0,19.0,62.0,0.3064516129032258,0.2808889845966761,0.29642705278301024
Mohammad Asif,middle,1,20.0,62.0,0.3225806451612903,0.4414331678151601,0.3691894775745726
Mohammad Asif,middle,2,9.0,62.0,0.14516129032258066,0.06664217673287394,0.11436948107171527
Mohammad Asif,middle,3,0.0,62.0,0.0,0.002286430887717876,0.0008966395638109317
Mohammad Asif,middle,4,7.0,62.0,0.11290322580645161,0.08739739562221321,0.10290093945969145
Mohammad Asif,middle,6,1.0,62.0,0.016129032258064516,0.048281059991892986,0.028737670585056073
Mohammad Asif,middle,W,3.0,62.0,0.04838709677419355,0.04221980137819214,0.04596854956007535
Mohammad Asif,middle,Wd,1.0,62.0,0.016129032258064516,0.028171868666396434,0.020851713202508403
Mohammad Asif,middle,Nb,2.0,62.0,0.03225806451612903,0.002679114308877179,0.02065847619955968
Mohammad Asif,powerplay,0,68.0,179.0,0.37988826815642457,0.4228881521678736,0.38774212824983995
Mohammad Asif,powerplay,1,41.0,179.0,0.22905027932960895,0.25764450947345025,0.23427296976684023
Mohammad Asif,powerplay,2,13.0,179.0,0.07262569832402235,0.04384827662845184,0.0673695482426396
Mohammad Asif,powerplay,3,2.0,179.0,0.0111731843575419,0.005028429611245902,0.010050854723515234
Mohammad Asif,powerplay,4,33.0,179.0,0.18435754189944134,0.15223269683107069,0.17848999028878004
Mohammad Asif,powerplay,6,7.0,179.0,0.03910614525139665,0.040523771600022226,0.039365072438360224
Mohammad Asif,powerplay,W,8.0,179.0,0.0446927374301676,0.03919952586446391,0.04368941111679706
Mohammad Asif,powerplay,Wd,7.0,179.0,0.03910614525139665,0.03486563072990943,0.03833162205112501
Mohammad Asif,powerplay,Nb,0.0,179.0,0.0,0.003769007093512122,0.0006884031221026707
Mohammad Hafeez,death,0,13.0,52.0,0.25,0.21696977459016392,0.23563903243050605
Mohammad Hafeez,death,1,15.0,52.0,0.28846153846153844,0.37083760245901637,0.32427721846044194
Mohammad Hafeez,death,2,3.0,52.0,0.057692307692307696,0.08837090163934426,0.0710308267997149
Mohammad Hafeez,death,3,0.0,52.0,0.0,0.002651127049180328,0.0011526639344262295
Mohammad Hafeez,death,4,4.0,52.0,0.07692307692307693,0.11151383196721311,0.09196253563791876
Mohammad Hafeez,death,6,7.0,52.0,0.1346153846153846,0.07952100409836066,0.11066130612972203
Mohammad Hafeez,death,W,6.0,52.0,0.11538461538461539,0.08016137295081967,0.10007016215253028
Mohammad Hafeez,death,Wd,4.0,52.0,0.07692307692307693,0.04340420081967213,0.06234965253029223
Mohammad Hafeez,death,Nb,0.0,52.0,0.0,0.006570184426229508,0.0028566019244476125
Mohammad Hafeez,middle,0,201.0,663.0,0.3031674208144796,0.2808889845966761,0.30189979997705124
Mohammad Hafeez,middle,1,318.0,663.0,0.4796380090497738,0.4414331678151601,0.47746419162532916
Mohammad Hafeez,middle,2,46.0,663.0,0.0693815987933635,0.06664217673287394,0.06922572840585342
Mohammad Hafeez,middle,3,2.0,663.0,0.0030165912518853697,0.002286430887717876,0.002975045854208698
Mohammad Hafeez,middle,4,32.0,663.0,0.048265460030165915,0.08739739562221321,0.050492028200410426
Mohammad Hafeez,middle,6,23.0,663.0,0.03469079939668175,0.048281059991892986,0.03546407169228409
Mohammad Hafeez,middle,W,27.0,663.0,0.04072398190045249,0.04221980137819214,0.04080909253929969
Mohammad Hafeez,middle,Wd,12.0,663.0,0.01809954751131222,0.028171868666396434,0.018672652555698232
Mohammad Hafeez,middle,Nb,2.0,663.0,0.0030165912518853697,0.002679114308877179,0.002997389149864989
Mohammad Hafeez,powerplay,0,111.0,229.0,0.4847161572052402,0.4228881521678736,0.47552240180934924
Mohammad Hafeez,powerplay,1,72.0,229.0,0.314410480349345,0.25764450947345025,0.30596944378787366
Mohammad Hafeez,powerplay,2,8.0,229.0,0.034934497816593885,0.04384827662845184,0.03625996678489991
Mohammad Hafeez,powerplay,3,3.0,229.0,0.013100436681222707,0.005028429611245902,0.011900138232155523
Mohammad Hafeez,powerplay,4,18.0,229.0,0.07860262008733625,0.15223269683107069,0.08955133038380234
Mohammad Hafeez,powerplay,6,8.0,229.0,0.034934497816593885,0.040523771600022226,0.03576561659479884
Mohammad Hafeez,powerplay,W,7.0,229.0,0.03056768558951965,0.03919952586446391,0.031851230611816196
Mohammad Hafeez,powerplay,Wd,2.0,229.0,0.008733624454148471,0.03486563072990943,0.012619424643852704
Mohammad Hafeez,powerplay,Nb,0.0,229.0,0.0,0.003769007093512122,0.0005604471514516167
Mohammed Shami,death,0,138.0,790.0,0.17468354430379746,0.21696977459016392,0.17672143492000789
Mohammed Shami,death,1,284.0,790.0,0.3594936708860759,0.37083760245901637,0.36004036638356707
Mohammed Shami,death,2,66.0,790.0,0.08354430379746836,0.08837090163934426,0.08377691092237803
Mohammed Shami,death,3,2.0,790.0,0.002531645569620253,0.002651127049180328,0.0025374037132135097
Mohammed Shami,death,4,99.0,790.0,0.12531645569620253,0.11151383196721311,0.1246512690104681
Mohammed Shami,death,6,88.0,790.0,0.11139240506329114,0.07952100409836066,0.1098564339324511
Mohammed Shami,death,W,82.0,790.0,0.10379746835443038,0.08016137295081967,0.10265837941931662
Mohammed Shami,death,Wd,25.0,790.0,0.03164556962025317,0.04340420081967213,0.03221225064191191
Mohammed Shami,death,Nb,6.0,790.0,0.007594936708860759,0.006570184426229508,0.007545551056685759
Mohammed Shami,middle,0,162.0,588.0,0.2755102040816326,0.2808889845966761,0.27585280156666725
Mohammed Shami,middle,1,249.0,588.0,0.42346938775510207,0.4414331678151601,0.42461357756784457
Mohammed Shami,middle,2,41.0,588.0,0.06972789115646258,0.06664217673287394,0.06953134883648879
Mohammed Shami,middle,3,0.0,588.0,0.0,0.002286430887717876,0.000145632540618973
Mohammed Shami,middle,4,71.0,588.0,0.12074829931972789,0.08739739562221321,0.1186240379377206
Mohammed Shami,middle,6,31.0,588.0,0.05272108843537415,0.048281059991892986,0.05243828407591675
Mohammed Shami,middle,W,20.0,588.0,0.034013605442176874,0.04221980137819214,0.03453629308141351
Mohammed Shami,middle,Wd,13.0,588.0,0.022108843537414966,0.028171868666396434,0.02249502348193608
Mohammed Shami,middle,Nb,1.0,588.0,0.0017006802721088435,0.002679114308877179,0.0017630009113934508
Mohammed Shami,powerplay,0,812.0,1781.0,0.45592363840539024,0.4228881521678736,0.4551979824748572
Mohammed Shami,powerplay,1,403.0,1781.0,0.22627737226277372,0.25764450947345025,0.22696638131737398
Mohammed Shami,powerplay,2,67.0,1781.0,0.037619314991577765,0.04384827662845184,0.037756140068719427
Mohammed Shami,powerplay,3,10.0,1781.0,0.005614823133071308,0.005028429611245902,0.00560194244066438
Mohammed Shami,powerplay,4,293.0,1781.0,0.16451431779898934,0.15223269683107069,0.16424454029282967
Mohammed Shami,powerplay,6,61.0,1781.0,0.03425042111173498,0.040523771600022226,0.03438822123229044
Mohammed Shami,powerplay,W,60.0,1781.0,0.033688938798427846,0.03919952586446391,0.033809984093673015
Mohammed Shami,powerplay,Wd,72.0,1781.0,0.04042672655811342,0.03486563072990943,0.04030457178978385
Mohammed Shami,powerplay,Nb,3.0,1781.0,0.0016844469399213925,0.003769007093512122,0.0017302362898080643
Mohammed Siraj,death,0,204.0,822.0,0.24817518248175183,0.21696977459016392,0.24672713571184055
Mohammed Siraj,death,1,263.0,822.0,0.3199513381995134,0.37083760245901637,0.32231264976607965
Mohammed Siraj,death,2,55.0,822.0,0.06690997566909976,0.08837090163934426,0.06790584230344986
Mohammed Siraj,death,3,0.0,822.0,0.0,0.002651127049180328,0.00012302213685291545
Mohammed Siraj,death,4,115.0,822.0,0.13990267639902676,0.11151383196721311,0.13858532862956904
Mohammed Siraj,death,6,62.0,822.0,0.07542579075425791,0.07952100409836066,0.0756158238560724
Mohammed Siraj,death,W,52.0,822.0,0.06326034063260341,0.08016137295081967,0.06404461127381994
Mohammed Siraj,death,Wd,65.0,822.0,0.07907542579075426,0.04340420081967213,0.07742014852991518
Mohammed Siraj,death,Nb,6.0,822.0,0.0072992700729927005,0.006570184426229508,0.007265437792400441
Mohammed Siraj,middle,0,168.0,534.0,0.3146067415730337,0.2808889845966761,0.31225707209732934
Mohammed Siraj,middle,1,204.0,534.0,0.38202247191011235,0.4414331678151601,0.38616259009164877
Mohammed Siraj,middle,2,30.0,534.0,0.056179775280898875,0.06664217673287394,0.05690886249009574
Mohammed Siraj,middle,3,1.0,534.0,0.0018726591760299626,0.002286430887717876,0.0019014934416528137
Mohammed Siraj,middle,4,50.0,534.0,0.09363295880149813,0.08739739562221321,0.09319842478203576
Mohammed Siraj,middle,6,30.0,534.0,0.056179775280898875,0.048281059991892986,0.055629342159713796
Mohammed Siraj,middle,W,22.0,534.0,0.04119850187265917,0.04221980137819214,0.041269672569908857
Mohammed Siraj,middle,Wd,28.0,534.0,0.052434456928838954,0.028171868666396434,0.050743684227623445
Mohammed Siraj,middle,Nb,1.0,534.0,0.0018726591760299626,0.002679114308877179,0.001928858139991441
Mohammed Siraj,powerplay,0,649.0,1463.0,0.44360902255639095,0.4228881521678736,0.44305756891997006
Mohammed Siraj,powerplay,1,335.0,1463.0,0.22898154477101845,0.25764450947345025,0.2297443648562462
Mohammed Siraj,powerplay,2,65.0,1463.0,0.04442925495557074,0.04384827662845184,0.044413793123844365
Mohammed Siraj,powerplay,3,3.0,1463.0,0.002050580997949419,0.005028429611245902,0.0021298317927144618
Mohammed Siraj,powerplay,4,229.0,1463.0,0.15652768284347232,0.15223269683107069,0.15641337849184486
Mohammed Siraj,powerplay,6,76.0,1463.0,0.05194805194805195,0.040523771600022226,0.051644012550898795
Mohammed Siraj,powerplay,W,53.0,1463.0,0.036226930963773066,0.03919952586446391,0.03630604193917403
Mohammed Siraj,powerplay,Wd,52.0,1463.0,0.0355434039644566,0.03486563072990943,0.03552536608728967
Mohammed Siraj,powerplay,Nb,1.0,1463.0,0.000683526999316473,0.003769007093512122,0.0007656422380176213
Mukesh Kumar,death,0,74.0,376.0,0.19680851063829788,0.21696977459016392,0.19874709371059268
Mukesh Kumar,death,1,128.0,376.0,0.3404255319148936,0.37083760245901637,0.34334976946721313
Mukesh Kumar,death,2,26.0,376.0,0.06914893617021277,0.08837090163934426,0.07099720208070617
Mukesh Kumar,death,3,0.0,376.0,0.0,0.002651127049180328,0.00025491606242118535
Mukesh Kumar,death,4,55.0,376.0,0.14627659574468085,0.11151383196721311,0.14293402230453972
Mukesh Kumar,death,6,37.0,376.0,0.09840425531914894,0.07952100409836066,0.09658855808638084
Mukesh Kumar,death,W,29.0,376.0,0.07712765957446809,0.08016137295081967,0.07741936278373267
Mukesh Kumar,death,Wd,20.0,376.0,0.05319148936170213,0.04340420081967213,0.05225040392496848
Mukesh Kumar,death,Nb,7.0,376.0,0.018617021276595744,0.006570184426229508,0.017458671579445143
Mukesh Kumar,middle,0,51.0,240.0,0.2125,0.2808889845966761,0.2222698549423823
Mukesh Kumar,middle,1,97.0,240.0,0.4041666666666667,0.4414331678151601,0.40949045254502286
Mukesh Kumar,middle,2,12.0,240.0,0.05,0.06664217673287394,0.05237745381898199
Mukesh Kumar,middle,3,0.0,240.0,0.0,0.002286430887717876,0.0003266329839596966
Mukesh Kumar,middle,4,26.0,240.0,0.10833333333333334,0.08739739562221321,0.1053424850888876
Mukesh Kumar,middle,6,20.0,240.0,0.08333333333333333,0.048281059991892986,0.07832586571312757
Mukesh Kumar,middle,W,15.0,240.0,0.0625,0.04221980137819214,0.05960282876831316
Mukesh Kumar,middle,Wd,14.0,240.0,0.058333333333333334,0.028171868666396434,0.05402455266662806
Mukesh Kumar,middle,Nb,5.0,240.0,0.020833333333333332,0.002679114308877179,0.01823987347269674
Mukesh Kumar,powerplay,0,145.0,398.0,0.36432160804020103,0.4228881521678736,0.36967015088291083
Mukesh Kumar,powerplay,1,100.0,398.0,0.25125628140703515,0.25764450947345025,0.2518396812304521
Mukesh Kumar,powerplay,2,14.0,398.0,0.035175879396984924,0.04384827662845184,0.03596787914415085
Mukesh Kumar,powerplay,3,0.0,398.0,0.0,0.005028429611245902,0.0004592173160955162
Mukesh Kumar,powerplay,4,84.0,398.0,0.21105527638190955,0.15223269683107069,0.20568335130877358
Mukesh Kumar,powerplay,6,21.0,398.0,0.052763819095477386,0.040523771600022226,0.05164600653881481
Mukesh Kumar,powerplay,W,16.0,398.0,0.04020100502512563,0.03919952586446391,0.04010954574104693
Mukesh Kumar,powerplay,Wd,17.0,398.0,0.04271356783919598,0.03486563072990943,0.04199686125387301
Mukesh Kumar,powerplay,Nb,1.0,398.0,0.002512562814070352,0.003769007093512122,0.0026273065838823854
Mustafizur Rahman,death,0,261.0,991.0,0.26337033299697277,0.21696977459016392,0.26157011734588415
Mustafizur Rahman,death,1,347.0,991.0,0.3501513622603431,0.37083760245901637,0.3509539322001558
Mustafizur Rahman,death,2,97.0,991.0,0.09788092835519677,0.08837090163934426,0.09751196514604633
Mustafizur Rahman,death,3,1.0,991.0,0.0010090817356205853,0.002651127049180328,0.0010727886343037956
Mustafizur Rahman,death,4,105.0,991.0,0.10595358224016145,0.11151383196721311,0.10616930482898984
Mustafizur Rahman,death,6,60.0,991.0,0.060544904137235116,0.07952100409836066,0.061281125280246776
Mustafizur Rahman,death,W,72.0,991.0,0.07265388496468214,0.08016137295081967,0.07294515510963413
Mustafizur Rahman,death,Wd,40.0,991.0,0.04036326942482341,0.04340420081967213,0.04048124930435197
Mustafizur Rahman,death,Nb,8.0,991.0,0.008072653884964682,0.006570184426229508,0.008014362150387177
Mustafizur Rahman,middle,0,212.0,765.0,0.27712418300653596,0.2808889845966761,0.27731125389300254
Mustafizur Rahman,middle,1,326.0,765.0,0.4261437908496732,0.4414331678151601,0.42690351144423155
Mustafizur Rahman,middle,2,51.0,765.0,0.06666666666666667,0.06664217673287394,0.06666544977554653
Mustafizur Rahman,middle,3,3.0,765.0,0.00392156862745098,0.002286430887717876,0.003840319547215795
Mustafizur Rahman,middle,4,86.0,765.0,0.11241830065359477,0.08739739562221321,0.11117502586942675
Mustafizur Rahman,middle,6,27.0,765.0,0.03529411764705882,0.048281059991892986,0.035939431552392195
Mustafizur Rahman,middle,W,34.0,765.0,0.044444444444444446,0.04221980137819214,0.04433390317407166
Mustafizur Rahman,middle,Wd,24.0,765.0,0.03137254901960784,0.028171868666396434,0.031213509002056966
Mustafizur Rahman,middle,Nb,2.0,765.0,0.00261437908496732,0.002679114308877179,0.002617595742056009
Mustafizur Rahman,powerplay,0,345.0,874.0,0.39473684210526316,0.4228881521678736,0.39596884692200757
Mustafizur Rahman,powerplay,1,256.0,874.0,0.2929061784897025,0.25764450947345025,0.2913629982264092
Mustafizur Rahman,powerplay,2,42.0,874.0,0.04805491990846682,0.04384827662845184,0.047870821734286736
Mustafizur Rahman,powerplay,3,3.0,874.0,0.003432494279176201,0.005028429611245902,0.0035023382762033217
Mustafizur Rahman,powerplay,4,127.0,874.0,0.14530892448512586,0.15223269683107069,0.1456119342158018
Mustafizur Rahman,powerplay,6,29.0,874.0,0.03318077803203661,0.040523771600022226,0.03350213442450863
Mustafizur Rahman,powerplay,W,35.0,874.0,0.04004576659038902,0.03919952586446391,0.04000873198531571
Mustafizur Rahman,powerplay,Wd,35.0,874.0,0.04004576659038902,0.03486563072990943,0.03981906480218422
Mustafizur Rahman,powerplay,Nb,2.0,874.0,0.002288329519450801,0.003769007093512122,0.0023531294132828062
N Burger,death,0,21.0,78.0,0.2692307692307692,0.21696977459016392,0.2515151778271742
N Burger,death,1,27.0,78.0,0.34615384615384615,0.37083760245901637,0.3545212211725479
N Burger,death,2,7.0,78.0,0.08974358974358974,0.08837090163934426,0.0892782717421506
N Burger,death,3,0.0,78.0,0.0,0.002651127049180328,0.0008986871353153654
N Burger,death,4,5.0,78.0,0.0641025641025641,0.11151383196721311,0.08017418032786885
N Burger,death,6,6.0,78.0,0.07692307692307693,0.07952100409836066,0.07780373020283413
N Burger,death,W,8.0,78.0,0.10256410256410256,0.08016137295081967,0.09496995693248124
N Burger,death,Wd,4.0,78.0,0.05128205128205128,0.04340420081967213,0.048611593498193946
N Burger,death,Nb,0.0,78.0,0.0,0.006570184426229508,0.002227181161433732
N Burger,middle,0,24.0,94.0,0.2553191489361702,0.2808889845966761,0.2629519357005003
N Burger,middle,1,35.0,94.0,0.3723404255319149,0.4414331678151601,0.3929651247209433
N Burger,middle,2,3.0,94.0,0.031914893617021274,0.06664217673287394,0.042281246785932515
N Burger,middle,3,0.0,94.0,0.0,0.002286430887717876,0.0006825166829008585
N Burger,middle,4,14.0,94.0,0.14893617021276595,0.08739739562221321,0.13056638675289947
N Burger,middle,6,13.0,94.0,0.13829787234042554,0.048281059991892986,0.11142718208713223
N Burger,middle,W,3.0,94.0,0.031914893617021274,0.04221980137819214,0.034990985486027505
N Burger,middle,Wd,2.0,94.0,0.02127659574468085,0.028171868666396434,0.02333488616907356
N Burger,middle,Nb,0.0,94.0,0.0,0.002679114308877179,0.0007997356145902026
N Burger,powerplay,0,92.0,231.0,0.39826839826839827,0.4228881521678736,0.401902310283081
N Burger,powerplay,1,50.0,231.0,0.21645021645021645,0.25764450947345025,0.2225305549038303
N Burger,powerplay,2,9.0,231.0,0.03896103896103896,0.04384827662845184,0.039682402454384036
N Burger,powerplay,3,1.0,231.0,0.004329004329004329,0.005028429611245902,0.004432240533025225
N Burger,powerplay,4,39.0,231.0,0.16883116883116883,0.15223269683107069,0.1663812098643647
N Burger,powerplay,6,16.0,231.0,0.06926406926406926,0.040523771600022226,0.06502195890775236
N Burger,powerplay,W,8.0,231.0,0.03463203463203463,0.03919952586446391,0.03530620307962567
N Burger,powerplay,Wd,16.0,231.0,0.06926406926406926,0.03486563072990943,0.06418680896382428
N Burger,powerplay,Nb,0.0,231.0,0.0,0.003769007093512122,0.0005563110101124904
N Rana,death,0,2.0,18.0,0.1111111111111111,0.21696977459016392,0.184117085924251
N Rana,death,1,11.0,18.0,0.6111111111111112,0.37083760245901637,0.4454052430751837
N Rana,death,2,1.0,18.0,0.05555555555555555,0.08837090163934426,0.07818682871678916
N Rana,death,3,0.0,18.0,0.0,0.002651127049180328,0.0018283634821933295
N Rana,death,4,1.0,18.0,0.05555555555555555,0.11151383196721311,0.09414747032221595
N Rana,death,6,1.0,18.0,0.05555555555555555,0.07952100409836066,0.0720834511023177
N Rana,death,W,1.0,18.0,0.05555555555555555,0.08016137295081967,0.07252508479366873
N Rana,death,Wd,1.0,18.0,0.05555555555555555,0.04340420081967213,0.047175310910118715
N Rana,death,Nb,0.0,18.0,0.0,0.006570184426229508,0.00453116167326173
N Rana,middle,0,31.0,152.0,0.20394736842105263,0.2808889845966761,0.21997687179097417
N Rana,middle,1,71.0,152.0,0.46710526315789475,0.4414331678151601,0.4617569099614917
N Rana,middle,2,8.0,152.0,0.05263157894736842,0.06664217673287394,0.0555504534860154
N Rana,middle,3,0.0,152.0,0.0,0.002286430887717876,0.0004763397682745575
N Rana,middle,4,21.0,152.0,0.13815789473684212,0.08739739562221321,0.12758279075462775
N Rana,middle,6,7.0,152.0,0.046052631578947366,0.048281059991892986,0.04651688749831104
N Rana,middle,W,9.0,152.0,0.05921052631578947,0.04221980137819214,0.05567079195379002
N Rana,middle,Wd,5.0,152.0,0.03289473684210526,0.028171868666396434,0.031910805972165925
N Rana,middle,Nb,0.0,152.0,0.0,0.002679114308877179,0.0005581488143494123
N Rana,powerplay,0,19.0,38.0,0.5,0.4228881521678736,0.46045546265019166
N Rana,powerplay,1,6.0,38.0,0.15789473684210525,0.25764450947345025,0.20904846639664115
N Rana,powerplay,2,1.0,38.0,0.02631578947368421,0.04384827662845184,0.03530680852741119
N Rana,powerplay,3,0.0,38.0,0.0,0.005028429611245902,0.0025786818519209754
N Rana,powerplay,4,6.0,38.0,0.15789473684210525,0.15223269683107069,0.15499112658003625
N Rana,powerplay,6,5.0,38.0,0.13157894736842105,0.040523771600022226,0.08488398543590883
N Rana,powerplay,W,0.0,38.0,0.0,0.03919952586446391,0.020102320956135337
N Rana,powerplay,Wd,1.0,38.0,0.02631578947368421,0.03486563072990943,0.03070032345123561
N Rana,powerplay,Nb,0.0,38.0,0.0,0.003769007093512122,0.001932824150519037
N Thushara,death,0,20.0,121.0,0.1652892561983471,0.21696977459016392,0.17812913654414012
N Thushara,death,1,50.0,121.0,0.4132231404958678,0.37083760245901637,0.40269257203950715
N Thushara,death,2,13.0,121.0,0.10743801652892562,0.08837090163934426,0.10270084512778739
N Thushara,death,3,1.0,121.0,0.008264462809917356,0.002651127049180328,0.00686984522961002
N Thushara,death,4,15.0,121.0,0.12396694214876033,0.11151383196721311,0.12087300173098463
N Thushara,death,6,7.0,121.0,0.05785123966942149,0.07952100409836066,0.06323503207412687
N Thushara,death,W,3.0,121.0,0.024793388429752067,0.08016137295081967,0.03854940942877507
N Thushara,death,Wd,10.0,121.0,0.08264462809917356,0.04340420081967213,0.07289545361979433
N Thushara,death,Nb,2.0,121.0,0.01652892561983471,0.006570184426229508,0.014054704205274412
N Thushara,middle,0,8.0,54.0,0.14814814814814814,0.2808889845966761,0.2046336104666707
N Thushara,middle,1,27.0,54.0,0.5,0.4414331678151601,0.475077943751132
N Thushara,middle,2,4.0,54.0,0.07407407407407407,0.06664217673287394,0.0709115645671804
N Thushara,middle,3,0.0,54.0,0.0,0.002286430887717876,0.0009729493139225004
N Thushara,middle,4,6.0,54.0,0.1111111111111111,0.08739739562221321,0.10102016834987795
N Thushara,middle,6,2.0,54.0,0.037037037037037035,0.048281059991892986,0.04182172765612467
N Thushara,middle,W,1.0,54.0,0.018518518518518517,0.04221980137819214,0.0286041707992307
N Thushara,middle,Wd,6.0,54.0,0.1111111111111111,0.028171868666396434,0.07581781645378571
N Thushara,middle,Nb,0.0,54.0,0.0,0.002679114308877179,0.0011400486420753953
N Thushara,powerplay,0,75.0,212.0,0.35377358490566035,0.4228881521678736,0.3647441511377577
N Thushara,powerplay,1,66.0,212.0,0.3113207547169811,0.25764450947345025,0.30280071578943657
N Thushara,powerplay,2,13.0,212.0,0.06132075471698113,0.04384827662845184,0.05854734549657966
N Thushara,powerplay,3,3.0,212.0,0.014150943396226415,0.005028429611245902,0.012702925335118397
N Thushara,powerplay,4,33.0,212.0,0.15566037735849056,0.15223269683107069,0.15511630108429694
N Thushara,powerplay,6,3.0,212.0,0.014150943396226415,0.040523771600022226,0.01833710660317813
N Thushara,powerplay,W,7.0,212.0,0.0330188679245283,0.03919952586446391,0.033999924740391096
N Thushara,powerplay,Wd,8.0,212.0,0.03773584905660377,0.03486563072990943,0.03728025884601737
N Thushara,powerplay,Nb,4.0,212.0,0.018867924528301886,0.003769007093512122,0.016471270967224148
NL McCullum,death,0,15.0,74.0,0.20270270270270271,0.21696977459016392,0.207708692838654
NL McCullum,death,1,28.0,74.0,0.3783783783783784,0.37083760245901637,0.37573249209088294
NL McCullum,death,2,13.0,74.0,0.17567567567567569,0.08837090163934426,0.1450424216278401
NL McCullum,death,3,0.0,74.0,0.0,0.002651127049180328,0.0009302200172562554
NL McCullum,death,4,7.0,74.0,0.0945945945945946,0.11151383196721311,0.10053116911130286
NL McCullum,death,6,7.0,74.0,0.0945945945945946,0.07952100409836066,0.089305615473109
NL McCullum,death,W,4.0,74.0,0.05405405405405406,0.08016137295081967,0.063214516824849
NL McCullum,death,Wd,0.0,74.0,0.0,0.04340420081967213,0.01522954414725338
NL McCullum,death,Nb,0.0,74.0,0.0,0.006570184426229508,0.002305327868852459
NL McCullum,middle,0,138.0,527.0,0.2618595825426945,0.2808889845966761,0.26320204476872494
NL McCullum,middle,1,265.0,527.0,0.5028462998102466,0.4414331678151601,0.4985138037259372
NL McCullum,middle,2,30.0,527.0,0.056925996204933584,0.06664217673287394,0.057611441039356184
NL McCullum,middle,3,0.0,527.0,0.0,0.002286430887717876,0.00016130023899244274
NL McCullum,middle,4,47.0,527.0,0.08918406072106262,0.08739739562221321,0.08905801732784573
NL McCullum,middle,6,17.0,527.0,0.03225806451612903,0.048281059991892986,0.03338843456732931
NL McCullum,middle,W,24.0,527.0,0.04554079696394687,0.04221980137819214,0.04530651156107175
NL McCullum,middle,Wd,6.0,527.0,0.011385199240986717,0.028171868666396434,0.012569443997629378
NL McCullum,middle,Nb,0.0,527.0,0.0,0.002679114308877179,0.0001890027731130285
NL McCullum,powerplay,0,54.0,127.0,0.4251968503937008,0.4228881521678736,0.42464386878272425
NL McCullum,powerplay,1,42.0,127.0,0.33070866141732286,0.25764450947345025,0.3132082657421438
NL McCullum,powerplay,2,4.0,127.0,0.031496062992125984,0.04384827662845184,0.03445467703675493
NL McCullum,powerplay,3,1.0,127.0,0.007874015748031496,0.005028429611245902,0.007192438230238539
NL McCullum,powerplay,4,10.0,127.0,0.07874015748031496,0.15223269683107069,0.09634316091762173
NL McCullum,powerplay,6,7.0,127.0,0.05511811023622047,0.040523771600022226,0.05162246026347838
NL McCullum,powerplay,W,6.0,127.0,0.047244094488188976,0.03919952586446391,0.04531725170406321
NL McCullum,powerplay,Wd,3.0,127.0,0.023622047244094488,0.03486563072990943,0.02631512113291244
NL McCullum,powerplay,Nb,0.0,127.0,0.0,0.003769007093512122,0.0009027561900627838
NLTC Perera,death,0,60.0,409.0,0.1466992665036675,0.21696977459016392,0.15295944539778744
NLTC Perera,death,1,155.0,409.0,0.37897310513447435,0.37083760245901637,0.3782483387491329
NLTC Perera,death,2,47.0,409.0,0.11491442542787286,0.08837090163934426,0.11254974624849393
NLTC Perera,death,3,0.0,409.0,0.0,0.002651127049180328,0.00023618058344590894
NLTC Perera,death,4,62.0,409.0,0.15158924205378974,0.11151383196721311,0.14801904961845996
NLTC Perera,death,6,36.0,409.0,0.08801955990220049,0.07952100409836066,0.08726245025375151
NLTC Perera,death,W,31.0,409.0,0.07579462102689487,0.08016137295081967,0.07618364124283472
NLTC Perera,death,Wd,16.0,409.0,0.039119804400977995,0.04340420081967213,0.03950148782357881
NLTC Perera,death,Nb,2.0,409.0,0.004889975550122249,0.006570184426229508,0.005039660082514878
NLTC Perera,middle,0,186.0,700.0,0.26571428571428574,0.2808889845966761,0.26653453970792845
NLTC Perera,middle,1,309.0,700.0,0.44142857142857145,0.4414331678151601,0.4414288198819005
NLTC Perera,middle,2,43.0,700.0,0.06142857142857143,0.06664217673287394,0.0617103879315067
NLTC Perera,middle,3,2.0,700.0,0.002857142857142857,0.002286430887717876,0.0028262935614982634
NLTC Perera,middle,4,87.0,700.0,0.12428571428571429,0.08739739562221321,0.12229175111471424
NLTC Perera,middle,6,32.0,700.0,0.045714285714285714,0.048281059991892986,0.04585303026983205
NLTC Perera,middle,W,29.0,700.0,0.041428571428571426,0.04221980137819214,0.04147134061503741
NLTC Perera,middle,Wd,10.0,700.0,0.014285714285714285,0.028171868666396434,0.01503631722521062
NLTC Perera,middle,Nb,2.0,700.0,0.002857142857142857,0.002679114308877179,0.0028475196923717395
NLTC Perera,powerplay,0,123.0,299.0,0.411371237458194,0.4228881521678736,0.4127301654475367
NLTC Perera,powerplay,1,82.0,299.0,0.27424749163879597,0.25764450947345025,0.2722884376959823
NLTC Perera,powerplay,2,16.0,299.0,0.05351170568561873,0.04384827662845184,0.0523714780682539
NLTC Perera,powerplay,3,2.0,299.0,0.006688963210702341,0.005028429611245902,0.006493030042624885
NLTC Perera,powerplay,4,51.0,299.0,0.1705685618729097,0.15223269683107069,0.16840503797416764
NLTC Perera,powerplay,6,9.0,299.0,0.030100334448160536,0.040523771600022226,0.031330238536875776
NLTC Perera,powerplay,W,9.0,299.0,0.030100334448160536,0.03919952586446391,0.031173985352739103
NLTC Perera,powerplay,Wd,7.0,299.0,0.023411371237458192,0.03486563072990943,0.02476290628081527
NLTC Perera,powerplay,Nb,0.0,299.0,0.0,0.003769007093512122,0.0004447206010043802
NM Coulter-Nile,death,0,78.0,344.0,0.22674418604651161,0.21696977459016392,0.22572601818647542
NM Coulter-Nile,death,1,114.0,344.0,0.3313953488372093,0.37083760245901637,0.3355039169228142
NM Coulter-Nile,death,2,33.0,344.0,0.09593023255813954,0.08837090163934426,0.09514280225409837
NM Coulter-Nile,death,3,1.0,344.0,0.0029069767441860465,0.002651127049180328,0.002880325734289618
NM Coulter-Nile,death,4,47.0,344.0,0.13662790697674418,0.11151383196721311,0.1340118574965847
NM Coulter-Nile,death,6,23.0,344.0,0.06686046511627906,0.07952100409836066,0.06817927126024591
NM Coulter-Nile,death,W,31.0,344.0,0.09011627906976744,0.08016137295081967,0.08907930968237705
NM Coulter-Nile,death,Wd,11.0,344.0,0.03197674418604651,0.04340420081967213,0.03316710425204918
NM Coulter-Nile,death,Nb,6.0,344.0,0.01744186046511628,0.006570184426229508,0.016309394211065573
NM Coulter-Nile,middle,0,131.0,372.0,0.3521505376344086,0.2808889845966761,0.34523194025210446
NM Coulter-Nile,middle,1,144.0,372.0,0.3870967741935484,0.4414331678151601,0.39237215221506405
NM Coulter-Nile,middle,2,21.0,372.0,0.056451612903225805,0.06664217673287394,0.057440988032317855
NM Coulter-Nile,middle,3,0.0,372.0,0.0,0.002286430887717876,0.0002219835813318326
NM Coulter-Nile,middle,4,33.0,372.0,0.08870967741935484,0.08739739562221321,0.08858227141963235
NM Coulter-Nile,middle,6,12.0,372.0,0.03225806451612903,0.048281059991892986,0.03381369514484398
NM Coulter-Nile,middle,W,22.0,372.0,0.05913978494623656,0.04221980137819214,0.05749706809497011
NM Coulter-Nile,middle,Wd,9.0,372.0,0.024193548387096774,0.028171868666396434,0.024579793074407424
NM Coulter-Nile,middle,Nb,0.0,372.0,0.0,0.002679114308877179,0.00026010818532788146
NM Coulter-Nile,powerplay,0,259.0,567.0,0.4567901234567901,0.4228881521678736,0.4545560561560378
NM Coulter-Nile,powerplay,1,125.0,567.0,0.2204585537918871,0.25764450947345025,0.22290902863086987
NM Coulter-Nile,powerplay,2,22.0,567.0,0.03880070546737213,0.04384827662845184,0.03913332959660309
NM Coulter-Nile,powerplay,3,3.0,567.0,0.005291005291005291,0.005028429611245902,0.005273702116062332
NM Coulter-Nile,powerplay,4,90.0,567.0,0.15873015873015872,0.15223269683107069,0.1583019899064956
NM Coulter-Nile,powerplay,6,19.0,567.0,0.03350970017636684,0.040523771600022226,0.033971912461286474
NM Coulter-Nile,powerplay,W,24.0,567.0,0.042328042328042326,0.03919952586446391,0.04212187979337489
NM Coulter-Nile,powerplay,Wd,20.0,567.0,0.03527336860670194,0.03486563072990943,0.03524649955386553
NM Coulter-Nile,powerplay,Nb,5.0,567.0,0.008818342151675485,0.003769007093512122,0.008485601785404424
NT Ellis,death,0,77.0,333.0,0.23123123123123124,0.21696977459016392,0.22970185250296665
NT Ellis,death,1,101.0,333.0,0.3033033033033033,0.37083760245901637,0.31054558739506877
NT Ellis,death,2,38.0,333.0,0.11411411411411411,0.08837090163934426,0.11135344789698062
NT Ellis,death,3,0.0,333.0,0.0,0.002651127049180328,0.0002843031688129038
NT Ellis,death,4,42.0,333.0,0.12612612612612611,0.11151383196721311,0.124559124071551
NT Ellis,death,6,27.0,333.0,0.08108108108108109,0.07952100409836066,0.08091378060036039
NT Ellis,death,W,25.0,333.0,0.07507507507507508,0.08016137295081967,0.07562052256845252
NT Ellis,death,Wd,21.0,333.0,0.06306306306306306,0.04340420081967213,0.060954874082538565
NT Ellis,death,Nb,2.0,333.0,0.006006006006006006,0.006570184426229508,0.00606650771326858
NT Ellis,middle,0,74.0,282.0,0.2624113475177305,0.2808889845966761,0.2647067061610778
NT Ellis,middle,1,131.0,282.0,0.4645390070921986,0.4414331678151601,0.4616687164987776
NT Ellis,middle,2,15.0,282.0,0.05319148936170213,0.06664217673287394,0.054862382202841474
NT Ellis,middle,3,0.0,282.0,0.0,0.002286430887717876,0.000284028681704084
NT Ellis,middle,4,31.0,282.0,0.1099290780141844,0.08739739562221321,0.1071301112574178
NT Ellis,middle,6,9.0,282.0,0.031914893617021274,0.048281059991892986,0.03394795776296807
NT Ellis,middle,W,12.0,282.0,0.0425531914893617,0.04221980137819214,0.04251177656871952
NT Ellis,middle,Wd,8.0,282.0,0.028368794326241134,0.028171868666396434,0.028344331511353595
NT Ellis,middle,Nb,2.0,282.0,0.0070921985815602835,0.002679114308877179,0.0065439893551400225
NT Ellis,powerplay,0,81.0,242.0,0.3347107438016529,0.4228881521678736,0.3472181776124644
NT Ellis,powerplay,1,81.0,242.0,0.3347107438016529,0.25764450947345025,0.32377936304587945
NT Ellis,powerplay,2,15.0,242.0,0.06198347107438017,0.04384827662845184,0.059411103067865505
NT Ellis,powerplay,3,1.0,242.0,0.004132231404958678,0.005028429611245902,0.0042593517179072195
NT Ellis,powerplay,4,37.0,242.0,0.15289256198347106,0.15223269683107069,0.15279896408951357
NT Ellis,powerplay,6,7.0,242.0,0.028925619834710745,0.040523771600022226,0.030570747744684004
NT Ellis,powerplay,W,11.0,242.0,0.045454545454545456,0.03919952586446391,0.044567308633257294
NT Ellis,powerplay,Wd,9.0,242.0,0.0371900826446281,0.03486563072990943,0.036860373153178645
NT Ellis,powerplay,Nb,0.0,242.0,0.0,0.003769007093512122,0.0005346109352499464
Navdeep Saini,death,0,68.0,227.0,0.29955947136563876,0.21696977459016392,0.28718648308466876
Navdeep Saini,death,1,76.0,227.0,0.33480176211453744,0.37083760245901637,0.34020038988150053
Navdeep Saini,death,2,16.0,227.0,0.07048458149779736,0.08837090163934426,0.07316418002087555
Navdeep Saini,death,3,0.0,227.0,0.0,0.002651127049180328,0.0003971725916375023
Navdeep Saini,death,4,26.0,227.0,0.1145374449339207,0.11151383196721311,0.11408446920857125
Navdeep Saini,death,6,15.0,227.0,0.06607929515418502,0.07952100409836066,0.06809303432185179
Navdeep Saini,death,W,15.0,227.0,0.06607929515418502,0.08016137295081967,0.06818896973045988
Navdeep Saini,death,Wd,8.0,227.0,0.03524229074889868,0.04340420081967213,0.0364650488119359
Navdeep Saini,death,Nb,3.0,227.0,0.013215859030837005,0.006570184426229508,0.012220252348498802
Navdeep Saini,middle,0,98.0,258.0,0.3798449612403101,0.2808889845966761,0.36656227981163436
Navdeep Saini,middle,1,80.0,258.0,0.31007751937984496,0.4414331678151601,0.3277091500423034
Navdeep Saini,middle,2,13.0,258.0,0.050387596899224806,0.06664217673287394,0.05256941969568778
Navdeep Saini,middle,3,0.0,258.0,0.0,0.002286430887717876,0.00030690347486145986
Navdeep Saini,middle,4,35.0,258.0,0.13565891472868216,0.08739739562221321,0.1291808584727803
Navdeep Saini,middle,6,11.0,258.0,0.04263565891472868,0.048281059991892986,0.04339343087139503
Navdeep Saini,middle,W,7.0,258.0,0.027131782945736434,0.04221980137819214,0.02915702031922042
Navdeep Saini,middle,Wd,11.0,258.0,0.04263565891472868,0.028171868666396434,0.040694210559247844
Navdeep Saini,middle,Nb,3.0,258.0,0.011627906976744186,0.002679114308877179,0.01042672675286942
Navdeep Saini,powerplay,0,161.0,350.0,0.46,0.4228881521678736,0.4561936566326024
Navdeep Saini,powerplay,1,79.0,350.0,0.2257142857142857,0.25764450947345025,0.22898918045881542
Navdeep Saini,powerplay,2,9.0,350.0,0.025714285714285714,0.04384827662845184,0.027574182218302754
Navdeep Saini,powerplay,3,1.0,350.0,0.002857142857142857,0.005028429611245902,0.003079838934486759
Navdeep Saini,powerplay,4,57.0,350.0,0.16285714285714287,0.15223269683107069,0.16176745608523802
Navdeep Saini,powerplay,6,21.0,350.0,0.06,0.040523771600022226,0.058002438112822796
Navdeep Saini,powerplay,W,11.0,350.0,0.03142857142857143,0.03919952586446391,0.03222559239635527
Navdeep Saini,powerplay,Wd,7.0,350.0,0.02,0.03486563072990943,0.021524680074862506
Navdeep Saini,powerplay,Nb,4.0,350.0,0.011428571428571429,0.003769007093512122,0.010642975086514066
Nithish Kumar Reddy,death,0,6.0,44.0,0.13636363636363635,0.21696977459016392,0.17474751170960187
Nithish Kumar Reddy,death,1,11.0,44.0,0.25,0.37083760245901637,0.30754171545667447
Nithish Kumar Reddy,death,2,3.0,44.0,0.06818181818181818,0.08837090163934426,0.07779566744730679
Nithish Kumar Reddy,death,3,0.0,44.0,0.0,0.002651127049180328,0.0012624414519906324
Nithish Kumar Reddy,death,4,4.0,44.0,0.09090909090909091,0.11151383196721311,0.1007208723653396
Nithish Kumar Reddy,death,6,6.0,44.0,0.13636363636363635,0.07952100409836066,0.1092957162373146
Nithish Kumar Reddy,death,W,7.0,44.0,0.1590909090909091,0.08016137295081967,0.12150541569086651
Nithish Kumar Reddy,death,Wd,7.0,44.0,0.1590909090909091,0.04340420081967213,0.10400200039032007
Nithish Kumar Reddy,death,Nb,0.0,44.0,0.0,0.006570184426229508,0.00312865925058548
Nithish Kumar Reddy,middle,0,37.0,185.0,0.2,0.2808889845966761,0.21438026392829795
Nithish Kumar Reddy,middle,1,78.0,185.0,0.42162162162162165,0.4414331678151601,0.42514367427825067
Nithish Kumar Reddy,middle,2,15.0,185.0,0.08108108108108109,0.06664217673287394,0.07851416475251091
Nithish Kumar Reddy,middle,3,0.0,185.0,0.0,0.002286430887717876,0.00040647660226095575
Nithish Kumar Reddy,middle,4,24.0,185.0,0.12972972972972974,0.08739739562221321,0.12220398144394902
Nithish Kumar Reddy,middle,6,16.0,185.0,0.08648648648648649,0.048281059991892986,0.07969441066522541
Nithish Kumar Reddy,middle,W,5.0,185.0,0.02702702702702703,0.04221980137819214,0.02972796468945638
Nithish Kumar Reddy,middle,Wd,8.0,185.0,0.043243243243243246,0.028171868666396434,0.040563887762914926
Nithish Kumar Reddy,middle,Nb,2.0,185.0,0.010810810810810811,0.002679114308877179,0.009365175877133721
Nithish Kumar Reddy,powerplay,0,32.0,97.0,0.32989690721649484,0.4228881521678736,0.3570476356694522
Nithish Kumar Reddy,powerplay,1,24.0,97.0,0.24742268041237114,0.25764450947345025,0.2504071560506424
Nithish Kumar Reddy,powerplay,2,4.0,97.0,0.041237113402061855,0.04384827662845184,0.04199949682582535
Nithish Kumar Reddy,powerplay,3,0.0,97.0,0.0,0.005028429611245902,0.0014681546310207013
Nithish Kumar Reddy,powerplay,4,24.0,97.0,0.24742268041237114,0.15223269683107069,0.219629984476225
Nithish Kumar Reddy,powerplay,6,6.0,97.0,0.061855670103092786,0.040523771600022226,0.05562737856934956
Nithish Kumar Reddy,powerplay,W,2.0,97.0,0.020618556701030927,0.03919952586446391,0.026043657186704792
Nithish Kumar Reddy,powerplay,Wd,4.0,97.0,0.041237113402061855,0.03486563072990943,0.039376826490484504
Nithish Kumar Reddy,powerplay,Nb,1.0,97.0,0.010309278350515464,0.003769007093512122,0.008399710100295511
Noor Ahmad,death,0,46.0,143.0,0.32167832167832167,0.21696977459016392,0.2987912075606916
Noor Ahmad,death,1,46.0,143.0,0.32167832167832167,0.37083760245901637,0.33242351966317296
Noor Ahmad,death,2,7.0,143.0,0.04895104895104895,0.08837090163934426,0.05756741019439219
Noor Ahmad,death,3,1.0,143.0,0.006993006993006993,0.002651127049180328,0.006043962196542149
Noor Ahmad,death,4,9.0,143.0,0.06293706293706294,0.11151383196721311,0.07355493594911762
Noor Ahmad,death,6,14.0,143.0,0.0979020979020979,0.07952100409836066,0.093884372480516
Noor Ahmad,death,W,10.0,143.0,0.06993006993006994,0.08016137295081967,0.07216642031711905
Noor Ahmad,death,Wd,8.0,143.0,0.055944055944055944,0.04340420081967213,0.05320310400429992
Noor Ahmad,death,Nb,2.0,143.0,0.013986013986013986,0.006570184426229508,0.012365067634148526
Noor Ahmad,middle,0,212.0,805.0,0.26335403726708073,0.2808889845966761,0.26418409394540476
Noor Ahmad,middle,1,365.0,805.0,0.453416149068323,0.4414331678151601,0.4528489073521969
Noor Ahmad,middle,2,50.0,805.0,0.062111801242236024,0.06664217673287394,0.062326256886763264
Noor Ahmad,middle,3,1.0,805.0,0.0012422360248447205,0.002286430887717876,0.001291665367465935
Noor Ahmad,middle,4,67.0,805.0,0.08322981366459627,0.08739739562221321,0.08342709565075566
Noor Ahmad,middle,6,43.0,805.0,0.05341614906832298,0.048281059991892986,0.05317306792861032
Noor Ahmad,middle,W,40.0,805.0,0.049689440993788817,0.04221980137819214,0.04933584858594992
Noor Ahmad,middle,Wd,25.0,805.0,0.031055900621118012,0.028171868666396434,0.0309193783984093
Noor Ahmad,middle,Nb,2.0,805.0,0.002484472049689441,0.002679114308877179,0.0024936858844438903
Noor Ahmad,powerplay,0,22.0,59.0,0.3728813559322034,0.4228881521678736,0.3930861220880298
Noor Ahmad,powerplay,1,18.0,59.0,0.3050847457627119,0.25764450947345025,0.28591697352462636
Noor Ahmad,powerplay,2,2.0,59.0,0.03389830508474576,0.04384827662845184,0.037918495607455284
Noor Ahmad,powerplay,3,0.0,59.0,0.0,0.005028429611245902,0.002031688731816526
Noor Ahmad,powerplay,4,12.0,59.0,0.2033898305084746,0.15223269683107069,0.18272028154790734
Noor Ahmad,powerplay,6,1.0,59.0,0.01694915254237288,0.040523771600022226,0.026474251151524134
Noor Ahmad,powerplay,W,2.0,59.0,0.03389830508474576,0.03919952586446391,0.03604021247049047
Noor Ahmad,powerplay,Wd,2.0,59.0,0.03389830508474576,0.03486563072990943,0.03428914372925634
Noor Ahmad,powerplay,Nb,0.0,59.0,0.0,0.003769007093512122,0.0015228311488937867
O Thomas,death,0,8.0,45.0,0.17777777777777778,0.21696977459016392,0.19622107039537126
O Thomas,death,1,23.0,45.0,0.5111111111111111,0.37083760245901637,0.44510004821600774
O Thomas,death,2,1.0,45.0,0.022222222222222223,0.08837090163934426,0.05335101253616201
O Thomas,death,3,0.0,45.0,0.0,0.002651127049180328,0.0012475891996142718
O Thomas,death,4,4.0,45.0,0.08888888888888889,0.11151383196721311,0.09953592092574735
O Thomas,death,6,3.0,45.0,0.06666666666666667,0.07952100409836066,0.07271576663452267
O Thomas,death,W,4.0,45.0,0.08888888888888889,0.08016137295081967,0.0847818225650916
O Thomas,death,Wd,1.0,45.0,0.022222222222222223,0.04340420081967213,0.032190212150433946
O Thomas,death,Nb,1.0,45.0,0.022222222222222223,0.006570184426229508,0.014856557377049181
O Thomas,middle,0,26.0,95.0,0.2736842105263158,0.2808889845966761,0.2758189583990151
O Thomas,middle,1,41.0,95.0,0.43157894736842106,0.4414331678151601,0.4344987163896771
O Thomas,middle,2,5.0,95.0,0.05263157894736842,0.06664217673287394,0.056782867180110795
O Thomas,middle,3,2.0,95.0,0.021052631578947368,0.002286430887717876,0.015492275818583073
O Thomas,middle,4,9.0,95.0,0.09473684210526316,0.08739739562221321,0.09256219129547058
O Thomas,middle,6,6.0,95.0,0.06315789473684211,0.048281059991892986,0.05874994370130163
O Thomas,middle,W,2.0,95.0,0.021052631578947368,0.04221980137819214,0.027324385593538413
O Thomas,middle,Wd,3.0,95.0,0.031578947368421054,0.028171868666396434,0.030569442567821164
O Thomas,middle,Nb,1.0,95.0,0.010526315789473684,0.002679114308877179,0.008201219054482126
O Thomas,powerplay,0,103.0,259.0,0.39768339768339767,0.4228881521678736,0.4010552711930266
O Thomas,powerplay,1,52.0,259.0,0.20077220077220076,0.25764450947345025,0.20838053638440807
O Thomas,powerplay,2,4.0,259.0,0.015444015444015444,0.04384827662845184,0.019243916605812955
O Thomas,powerplay,3,2.0,259.0,0.007722007722007722,0.005028429611245902,0.007361662824246943
O Thomas,powerplay,4,48.0,259.0,0.18532818532818532,0.15223269683107069,0.1809006952282369
O Thomas,powerplay,6,12.0,259.0,0.04633204633204633,0.040523771600022226,0.045555019612043106
O Thomas,powerplay,W,15.0,259.0,0.05791505791505792,0.03919952586446391,0.05541130780795503
O Thomas,powerplay,Wd,15.0,259.0,0.05791505791505792,0.03486563072990943,0.05483152250567351
O Thomas,powerplay,Nb,8.0,259.0,0.03088803088803089,0.003769007093512122,0.02726006783859694
OC McCoy,death,0,55.0,266.0,0.20676691729323307,0.21696977459016392,0.2081006241294332
OC McCoy,death,1,96.0,266.0,0.3609022556390977,0.37083760245901637,0.3622009937854923
OC McCoy,death,2,19.0,266.0,0.07142857142857142,0.08837090163934426,0.07364325511625415
OC McCoy,death,3,0.0,266.0,0.0,0.002651127049180328,0.00034655255544840886
OC McCoy,death,4,22.0,266.0,0.08270676691729323,0.11151383196721311,0.08647239633558342
OC McCoy,death,6,29.0,266.0,0.10902255639097744,0.07952100409836066,0.1051661443265831
OC McCoy,death,W,29.0,266.0,0.10902255639097744,0.08016137295081967,0.10524985267330977
OC McCoy,death,Wd,15.0,266.0,0.05639097744360902,0.04340420081967213,0.054693359584270865
OC McCoy,death,Nb,1.0,266.0,0.0037593984962406013,0.006570184426229508,0.004126821493624772
OC McCoy,middle,0,49.0,233.0,0.21030042918454936,0.2808889845966761,0.22064307466617963
OC McCoy,middle,1,99.0,233.0,0.4248927038626609,0.4414331678151601,0.4273162150644923
OC McCoy,middle,2,15.0,233.0,0.06437768240343347,0.06664217673287394,0.06470947644437712
OC McCoy,middle,3,2.0,233.0,0.008583690987124463,0.002286430887717876,0.007661015514683937
OC McCoy,middle,4,26.0,233.0,0.11158798283261803,0.08739739562221321,0.10804357445014112
OC McCoy,middle,6,12.0,233.0,0.05150214592274678,0.048281059991892986,0.0510301919402041
OC McCoy,middle,W,6.0,233.0,0.02575107296137339,0.04221980137819214,0.028164073462006174
OC McCoy,middle,Wd,21.0,233.0,0.09012875536480687,0.028171868666396434,0.08105082324782366
OC McCoy,middle,Nb,3.0,233.0,0.012875536480686695,0.002679114308877179,0.011381555210091895
OC McCoy,powerplay,0,90.0,232.0,0.3879310344827586,0.4228881521678736,0.3930717870835108
OC McCoy,powerplay,1,63.0,232.0,0.27155172413793105,0.25764450947345025,0.2695065455108015
OC McCoy,powerplay,2,9.0,232.0,0.03879310344827586,0.04384827662845184,0.039536511268889976
OC McCoy,powerplay,3,2.0,232.0,0.008620689655172414,0.005028429611245902,0.008092416119300868
OC McCoy,powerplay,4,29.0,232.0,0.125,0.15223269683107069,0.1290048083575104
OC McCoy,powerplay,6,11.0,232.0,0.04741379310344827,0.040523771600022226,0.046400554647062095
OC McCoy,powerplay,W,13.0,232.0,0.05603448275862069,0.03919952586446391,0.053558753803597633
OC McCoy,powerplay,Wd,13.0,232.0,0.05603448275862069,0.03486563072990943,0.05292141628381021
OC McCoy,powerplay,Nb,2.0,232.0,0.008620689655172414,0.003769007093512122,0.007907206925516488
OF Smith,death,0,20.0,103.0,0.1941747572815534,0.21696977459016392,0.20055098589934656
OF Smith,death,1,34.0,103.0,0.3300970873786408,0.37083760245901637,0.3414930356528717
OF Smith,death,2,7.0,103.0,0.06796116504854369,0.08837090163934426,0.07367018227673966
OF Smith,death,3,1.0,103.0,0.009708737864077669,0.002651127049180328,0.007734580992777715
OF Smith,death,4,11.0,103.0,0.10679611650485436,0.11151383196721311,0.10811575719362605
OF Smith,death,6,8.0,103.0,0.07766990291262135,0.07952100409836066,0.0781876934540869
OF Smith,death,W,13.0,103.0,0.1262135922330097,0.08016137295081967,0.11333185257365586
OF Smith,death,Wd,9.0,103.0,0.08737864077669903,0.04340420081967213,0.07507809813137682
OF Smith,death,Nb,0.0,103.0,0.0,0.006570184426229508,0.0018378138255187436
OF Smith,middle,0,55.0,195.0,0.28205128205128205,0.2808889845966761,0.28185344418666824
OF Smith,middle,1,62.0,195.0,0.31794871794871793,0.4414331678151601,0.33896734771321874
OF Smith,middle,2,9.0,195.0,0.046153846153846156,0.06664217673287394,0.04964122157155301
OF Smith,middle,3,0.0,195.0,0.0,0.002286430887717876,0.0003891797255690002
OF Smith,middle,4,24.0,195.0,0.12307692307692308,0.08739739562221321,0.11700381202080225
OF Smith,middle,6,23.0,195.0,0.11794871794871795,0.048281059991892986,0.10609039319010943
OF Smith,middle,W,9.0,195.0,0.046153846153846156,0.04221980137819214,0.04548422151118164
OF Smith,middle,Wd,12.0,195.0,0.06153846153846154,0.028171868666396434,0.05585904147513131
OF Smith,middle,Nb,1.0,195.0,0.005128205128205128,0.002679114308877179,0.004711338605766328
OF Smith,powerplay,0,23.0,64.0,0.359375,0.4228881521678736,0.3838031354491822
OF Smith,powerplay,1,16.0,64.0,0.25,0.25764450947345025,0.252940195951327
OF Smith,powerplay,2,4.0,64.0,0.0625,0.04384827662845184,0.05532626024171224
OF Smith,powerplay,3,0.0,64.0,0.0,0.005028429611245902,0.0019340113889407316
OF Smith,powerplay,4,8.0,64.0,0.125,0.15223269683107069,0.1354741141657964
OF Smith,powerplay,6,7.0,64.0,0.109375,0.040523771600022226,0.08289375830770086
OF Smith,powerplay,W,2.0,64.0,0.03125,0.03919952586446391,0.03430750994787073
OF Smith,powerplay,Wd,3.0,64.0,0.046875,0.03486563072990943,0.04225601181919593
OF Smith,powerplay,Nb,1.0,64.0,0.015625,0.003769007093512122,0.011065002728273893
P Awana,death,0,37.0,186.0,0.1989247311827957,0.21696977459016392,0.20211854417525027
P Awana,death,1,61.0,186.0,0.3279569892473118,0.37083760245901637,0.33554647831133033
P Awana,death,2,16.0,186.0,0.08602150537634409,0.08837090163934426,0.08643732772377774
P Awana,death,3,0.0,186.0,0.0,0.002651127049180328,0.00046922602640359784
P Awana,death,4,27.0,186.0,0.14516129032258066,0.11151383196721311,0.1392059879587988
P Awana,death,6,19.0,186.0,0.10215053763440861,0.07952100409836066,0.09814531045988685
P Awana,death,W,15.0,186.0,0.08064516129032258,0.08016137295081967,0.0805595350355433
P Awana,death,Wd,9.0,186.0,0.04838709677419355,0.04340420081967213,0.047505168286667634
P Awana,death,Nb,2.0,186.0,0.010752688172043012,0.006570184426229508,0.010012422022341505
P Awana,middle,0,97.0,280.0,0.3464285714285714,0.2808889845966761,0.3382361230745845
P Awana,middle,1,106.0,280.0,0.37857142857142856,0.4414331678151601,0.38642914597689504
P Awana,middle,2,16.0,280.0,0.05714285714285714,0.06664217673287394,0.05833027209160924
P Awana,middle,3,0.0,280.0,0.0,0.002286430887717876,0.0002858038609647345
P Awana,middle,4,31.0,280.0,0.11071428571428571,0.08739739562221321,0.10779967445277665
P Awana,middle,6,10.0,280.0,0.03571428571428571,0.048281059991892986,0.03728513249898662
P Awana,middle,W,13.0,280.0,0.04642857142857143,0.04221980137819214,0.04590247517227401
P Awana,middle,Wd,6.0,280.0,0.02142857142857143,0.028171868666396434,0.022271483583299553
P Awana,middle,Nb,1.0,280.0,0.0035714285714285713,0.002679114308877179,0.0034598892886096473
P Awana,powerplay,0,117.0,285.0,0.4105263157894737,0.4228881521678736,0.41204777257450753
P Awana,powerplay,1,67.0,285.0,0.23508771929824562,0.25764450947345025,0.23786393962750157
P Awana,powerplay,2,21.0,285.0,0.07368421052631578,0.04384827662845184,0.07001209558504022
P Awana,powerplay,3,1.0,285.0,0.0035087719298245615,0.005028429611245902,0.0036958067213841107
P Awana,powerplay,4,52.0,285.0,0.1824561403508772,0.15223269683107069,0.17873633191767024
P Awana,powerplay,6,8.0,285.0,0.028070175438596492,0.040523771600022226,0.02960292573538735
P Awana,powerplay,W,13.0,285.0,0.0456140350877193,0.03919952586446391,0.04482455702947248
P Awana,powerplay,Wd,5.0,285.0,0.017543859649122806,0.03486563072990943,0.01967576993598885
P Awana,powerplay,Nb,1.0,285.0,0.0035087719298245615,0.003769007093512122,0.0035408008730476457
P Kumar,death,0,104.0,558.0,0.1863799283154122,0.21696977459016392,0.18842607187894073
P Kumar,death,1,211.0,558.0,0.3781362007168459,0.37083760245901637,0.3776480001644827
P Kumar,death,2,53.0,558.0,0.09498207885304659,0.08837090163934426,0.0945398596414277
P Kumar,death,3,5.0,558.0,0.008960573476702509,0.002651127049180328,0.008538536926366578
P Kumar,death,4,76.0,558.0,0.13620071684587814,0.11151383196721311,0.1345494201984758
P Kumar,death,6,45.0,558.0,0.08064516129032258,0.07952100409836066,0.08056996682932178
P Kumar,death,W,37.0,558.0,0.06630824372759857,0.08016137295081967,0.06723487444487089
P Kumar,death,Wd,27.0,558.0,0.04838709677419355,0.04340420081967213,0.04805379269696804
P Kumar,death,Nb,0.0,558.0,0.0,0.006570184426229508,0.0004394772191457865
P Kumar,middle,0,118.0,398.0,0.2964824120603015,0.2808889845966761,0.2950583547576873
P Kumar,middle,1,149.0,398.0,0.3743718592964824,0.4414331678151601,0.380496179709147
P Kumar,middle,2,36.0,398.0,0.09045226130653267,0.06664217673287394,0.08827782435916656
P Kumar,middle,3,0.0,398.0,0.0,0.002286430887717876,0.0002088064737641896
P Kumar,middle,4,47.0,398.0,0.11809045226130653,0.08739739562221321,0.11528743339015646
P Kumar,middle,6,20.0,398.0,0.05025125628140704,0.048281059991892986,0.050071329679624924
P Kumar,middle,W,16.0,398.0,0.04020100502512563,0.04221980137819214,0.04038536998887599
P Kumar,middle,Wd,12.0,398.0,0.03015075376884422,0.028171868666396434,0.02997003366816406
P Kumar,middle,Nb,0.0,398.0,0.0,0.002679114308877179,0.000244667973413441
P Kumar,powerplay,0,754.0,1536.0,0.4908854166666667,0.4228881521678736,0.48915959777075824
P Kumar,powerplay,1,359.0,1536.0,0.23372395833333334,0.25764450947345025,0.23433107892064597
P Kumar,powerplay,2,66.0,1536.0,0.04296875,0.04384827662845184,0.04299107301087442
P Kumar,powerplay,3,11.0,1536.0,0.007161458333333333,0.005028429611245902,0.0071073205485087795
P Kumar,powerplay,4,211.0,1536.0,0.13736979166666666,0.15223269683107069,0.13774702276220993
P Kumar,powerplay,6,33.0,1536.0,0.021484375,0.040523771600022226,0.02196760841624422
P Kumar,powerplay,W,38.0,1536.0,0.024739583333333332,0.03919952586446391,0.02510658695087472
P Kumar,powerplay,Wd,63.0,1536.0,0.041015625,0.03486563072990943,0.040859533774870796
P Kumar,powerplay,Nb,1.0,1536.0,0.0006510416666666666,0.003769007093512122,0.000730177845012998
P Negi,death,0,19.0,85.0,0.2235294117647059,0.21696977459016392,0.22143032786885247
P Negi,death,1,26.0,85.0,0.3058823529411765,0.37083760245901637,0.3266680327868853
P Negi,death,2,6.0,85.0,0.07058823529411765,0.08837090163934426,0.07627868852459016
P Negi,death,3,0.0,85.0,0.0,0.002651127049180328,0.000848360655737705
P Negi,death,4,7.0,85.0,0.08235294117647059,0.11151383196721311,0.0916844262295082
P Negi,death,6,13.0,85.0,0.15294117647058825,0.07952100409836066,0.12944672131147542
P Negi,death,W,9.0,85.0,0.10588235294117647,0.08016137295081967,0.0976516393442623
P Negi,death,Wd,5.0,85.0,0.058823529411764705,0.04340420081967213,0.05388934426229508
P Negi,death,Nb,0.0,85.0,0.0,0.006570184426229508,0.0021024590163934427
P Negi,middle,0,171.0,590.0,0.28983050847457625,0.2808889845966761,0.2892627926728048
P Negi,middle,1,275.0,590.0,0.4661016949152542,0.4414331678151601,0.46453543922635937
P Negi,middle,2,38.0,590.0,0.06440677966101695,0.06664217673287394,0.06454870963383326
P Negi,middle,3,0.0,590.0,0.0,0.002286430887717876,0.00014517021509319848
P Negi,middle,4,38.0,590.0,0.06440677966101695,0.08739739562221321,0.06586650130934688
P Negi,middle,6,32.0,590.0,0.05423728813559322,0.048281059991892986,0.05385911492012019
P Negi,middle,W,24.0,590.0,0.04067796610169491,0.04221980137819214,0.04077586040496458
P Negi,middle,Wd,12.0,590.0,0.020338983050847456,0.028171868666396434,0.020836309121675965
P Negi,middle,Nb,0.0,590.0,0.0,0.002679114308877179,0.00017010249580172565
P Negi,powerplay,0,17.0,42.0,0.40476190476190477,0.4228881521678736,0.41360397666725546
P Negi,powerplay,1,8.0,42.0,0.19047619047619047,0.25764450947345025,0.22324122413339037
P Negi,powerplay,2,3.0,42.0,0.07142857142857142,0.04384827662845184,0.057974769087049675
P Negi,powerplay,3,0.0,42.0,0.0,0.005028429611245902,0.002452892493290684
P Negi,powerplay,4,9.0,42.0,0.21428571428571427,0.15223269683107069,0.184015949673693
P Negi,powerplay,6,2.0,42.0,0.047619047619047616,0.040523771600022226,0.0441579373658645
P Negi,powerplay,W,3.0,42.0,0.07142857142857142,0.03919952586446391,0.055707085787543374
P Negi,powerplay,Wd,0.0,42.0,0.0,0.03486563072990943,0.017007624746297287
P Negi,powerplay,Nb,0.0,42.0,0.0,0.003769007093512122,0.0018385400456156695
PD Collingwood,death,0,7.0,40.0,0.175,0.21696977459016392,0.19598488729508196
PD Collingwood,death,1,18.0,40.0,0.45,0.37083760245901637,0.4104188012295082
PD Collingwood,death,2,5.0,40.0,0.125,0.08837090163934426,0.10668545081967214
PD Collingwood,death,3,1.0,40.0,0.025,0.002651127049180328,0.013825563524590165
PD Collingwood,death,4,3.0,40.0,0.075,0.11151383196721311,0.09325691598360655
PD Collingwood,death,6,2.0,40.0,0.05,0.07952100409836066,0.06476050204918034
PD Collingwood,death,W,4.0,40.0,0.1,0.08016137295081967,0.09008068647540983
PD Collingwood,death,Wd,0.0,40.0,0.0,0.04340420081967213,0.021702100409836066
PD Collingwood,death,Nb,0.0,40.0,0.0,0.006570184426229508,0.003285092213114754
PD Collingwood,middle,0,42.0,177.0,0.23728813559322035,0.2808889845966761,0.2453251584510002
PD Collingwood,middle,1,82.0,177.0,0.4632768361581921,0.4414331678151601,0.45925035351431526
PD Collingwood,middle,2,20.0,177.0,0.11299435028248588,0.06664217673287394,0.1044501708263362
PD Collingwood,middle,3,2.0,177.0,0.011299435028248588,0.002286430887717876,0.009638051776537856
PD Collingwood,middle,4,12.0,177.0,0.06779661016949153,0.08739739562221321,0.0714096581792098
PD Collingwood,middle,6,6.0,177.0,0.03389830508474576,0.048281059991892986,0.03654950414597106
PD Collingwood,middle,W,11.0,177.0,0.062146892655367235,0.04221980137819214,0.058473696106579195
PD Collingwood,middle,Wd,2.0,177.0,0.011299435028248588,0.028171868666396434,0.014409561044497038
PD Collingwood,middle,Nb,0.0,177.0,0.0,0.002679114308877179,0.0004938459555533971
PD Collingwood,powerplay,0,1.0,6.0,0.16666666666666666,0.4228881521678736,0.3894679584068466
PD Collingwood,powerplay,1,0.0,6.0,0.0,0.25764450947345025,0.22403870388995675
PD Collingwood,powerplay,2,3.0,6.0,0.5,0.04384827662845184,0.10334632750300159
PD Collingwood,powerplay,3,0.0,6.0,0.0,0.005028429611245902,0.004372547488039915
PD Collingwood,powerplay,4,1.0,6.0,0.16666666666666666,0.15223269683107069,0.15411538854875712
PD Collingwood,powerplay,6,1.0,6.0,0.16666666666666666,0.040523771600022226,0.0569771926956715
PD Collingwood,powerplay,W,0.0,6.0,0.0,0.03919952586446391,0.03408654422996862
PD Collingwood,powerplay,Wd,0.0,6.0,0.0,0.03486563072990943,0.03031793976513864
PD Collingwood,powerplay,Nb,0.0,6.0,0.0,0.003769007093512122,0.0032773974726192368
PHKD Mendis,death,0,1.0,6.0,0.16666666666666666,0.21696977459016392,0.21040849964362082
PHKD Mendis,death,1,3.0,6.0,0.5,0.37083760245901637,0.38768487170349253
PHKD Mendis,death,2,0.0,6.0,0.0,0.08837090163934426,0.07684426229508197
PHKD Mendis,death,3,0.0,6.0,0.0,0.002651127049180328,0.002305327868852459
PHKD Mendis,death,4,2.0,6.0,0.3333333333333333,0.11151383196721311,0.14044681040627227
PHKD Mendis,death,6,0.0,6.0,0.0,0.07952100409836066,0.0691486992159658
PHKD Mendis,death,W,0.0,6.0,0.0,0.08016137295081967,0.06970554169636492
PHKD Mendis,death,Wd,0.0,6.0,0.0,0.04340420081967213,0.03774278332145403
PHKD Mendis,death,Nb,0.0,6.0,0.0,0.006570184426229508,0.005713203848895225
PHKD Mendis,middle,0,33.0,133.0,0.24812030075187969,0.2808889845966761,0.2556968750512546
PHKD Mendis,middle,1,62.0,133.0,0.46616541353383456,0.4414331678151601,0.46044697521737804
PHKD Mendis,middle,2,10.0,133.0,0.07518796992481203,0.06664217673287394,0.07321206398447952
PHKD Mendis,middle,3,0.0,133.0,0.0,0.002286430887717876,0.0005286545405128037
PHKD Mendis,middle,4,15.0,133.0,0.11278195488721804,0.08739739562221321,0.10691269262941346
PHKD Mendis,middle,6,8.0,133.0,0.06015037593984962,0.048281059991892986,0.057406025431651554
PHKD Mendis,middle,W,3.0,133.0,0.022556390977443608,0.04221980137819214,0.027102844249292983
PHKD Mendis,middle,Wd,2.0,133.0,0.015037593984962405,0.028171868666396434,0.01807442050090091
PHKD Mendis,middle,Nb,0.0,133.0,0.0,0.002679114308877179,0.0006194483951161107
PJ Cummins,death,0,187.0,796.0,0.23492462311557788,0.21696977459016392,0.23406553945407482
PJ Cummins,death,1,302.0,796.0,0.3793969849246231,0.37083760245901637,0.37898744509373283
PJ Cummins,death,2,74.0,796.0,0.09296482412060302,0.08837090163934426,0.09274501921719351
PJ Cummins,death,3,1.0,796.0,0.001256281407035176,0.002651127049180328,0.0013230204329751354
PJ Cummins,death,4,90.0,796.0,0.11306532663316583,0.11151383196721311,0.11299109243862264
PJ Cummins,death,6,50.0,796.0,0.06281407035175879,0.07952100409836066,0.06361344517217037
PJ Cummins,death,W,46.0,796.0,0.05778894472361809,0.08016137295081967,0.05885939583496745
PJ Cummins,death,Wd,45.0,796.0,0.056532663316582916,0.04340420081967213,0.05590450721625226
PJ Cummins,death,Nb,1.0,796.0,0.001256281407035176,0.006570184426229508,0.0015105351400109812
PJ Cummins,middle,0,230.0,756.0,0.30423280423280424,0.2808889845966761,0.3030597479696822
PJ Cummins,middle,1,303.0,756.0,0.4007936507936508,0.4414331678151601,0.40283583757865127
PJ Cummins,middle,2,53.0,756.0,0.0701058201058201,0.06664217673287394,0.06993176767501878
PJ Cummins,middle,3,2.0,756.0,0.0026455026455026454,0.002286430887717876,0.0026274588385787876
PJ Cummins,middle,4,77.0,756.0,0.10185185185185185,0.08739739562221321,0.1011254972674479
PJ Cummins,middle,6,26.0,756.0,0.03439153439153439,0.048281059991892986,0.03508950050210517
PJ Cummins,middle,W,35.0,756.0,0.046296296296296294,0.04221980137819214,0.04609144730543679
PJ Cummins,middle,Wd,28.0,756.0,0.037037037037037035,0.028171868666396434,0.03659155118926615
PJ Cummins,middle,Nb,2.0,756.0,0.0026455026455026454,0.002679114308877179,0.002647191673812924
PJ Cummins,powerplay,0,427.0,1044.0,0.40900383141762453,0.4228881521678736,0.4095161679766743
PJ Cummins,powerplay,1,270.0,1044.0,0.25862068965517243,0.25764450947345025,0.2585846682462528
PJ Cummins,powerplay,2,52.0,1044.0,0.04980842911877394,0.04384827662845184,0.0495884972925628
PJ Cummins,powerplay,3,2.0,1044.0,0.0019157088122605363,0.005028429611245902,0.0020305693583485573
PJ Cummins,powerplay,4,161.0,1044.0,0.15421455938697318,0.15223269683107069,0.15414142792734578
PJ Cummins,powerplay,6,58.0,1044.0,0.05555555555555555,0.040523771600022226,0.055000877180812625
PJ Cummins,powerplay,W,42.0,1044.0,0.040229885057471264,0.03919952586446391,0.04019186442304295
PJ Cummins,powerplay,Wd,30.0,1044.0,0.028735632183908046,0.03486563072990943,0.028961831392247582
PJ Cummins,powerplay,Nb,2.0,1044.0,0.0019157088122605363,0.003769007093512122,0.0019840962027126243
PP Chawla,death,0,107.0,424.0,0.25235849056603776,0.21696977459016392,0.24930773918880725
PP Chawla,death,1,158.0,424.0,0.37264150943396224,0.37083760245901637,0.3724860002119842
PP Chawla,death,2,34.0,424.0,0.08018867924528301,0.08837090163934426,0.08089404324477106
PP Chawla,death,3,1.0,424.0,0.0023584905660377358,0.002651127049180328,0.0023837178490672697
PP Chawla,death,4,45.0,424.0,0.10613207547169812,0.11151383196721311,0.10659601999717354
PP Chawla,death,6,33.0,424.0,0.07783018867924528,0.07952100409836066,0.07797594862916903
PP Chawla,death,W,39.0,424.0,0.09198113207547169,0.08016137295081967,0.09096218732334653
PP Chawla,death,Wd,7.0,424.0,0.01650943396226415,0.04340420081967213,0.01882794834652346
PP Chawla,death,Nb,0.0,424.0,0.0,0.006570184426229508,0.0005663952091577162
PP Chawla,middle,0,823.0,2835.0,0.290299823633157,0.2808889845966761,0.29016889022047554
PP Chawla,middle,1,1229.0,2835.0,0.43350970017636686,0.4414331678151601,0.43361993972612395
PP Chawla,middle,2,215.0,2835.0,0.07583774250440917,0.06664217673287394,0.0757098041980226
PP Chawla,middle,3,7.0,2835.0,0.0024691358024691358,0.002286430887717876,0.0024665938210465094
PP Chawla,middle,4,251.0,2835.0,0.08853615520282188,0.08739739562221321,0.08852031159126557
PP Chawla,middle,6,160.0,2835.0,0.0564373897707231,0.048281059991892986,0.056323910399887205
PP Chawla,middle,W,119.0,2835.0,0.04197530864197531,0.04221980137819214,0.041978710280044414
PP Chawla,middle,Wd,29.0,2835.0,0.010229276895943563,0.028171868666396434,0.01047891295535856
PP Chawla,middle,Nb,2.0,2835.0,0.0007054673721340388,0.002679114308877179,0.0007329268077756826
PP Chawla,powerplay,0,171.0,420.0,0.40714285714285714,0.4228881521678736,0.408512013231989
PP Chawla,powerplay,1,125.0,420.0,0.2976190476190476,0.25764450947345025,0.29414300082377826
PP Chawla,powerplay,2,18.0,420.0,0.04285714285714286,0.04384827662845184,0.04294332840247407
PP Chawla,powerplay,3,0.0,420.0,0.0,0.005028429611245902,0.0004372547488039915
PP Chawla,powerplay,4,62.0,420.0,0.14761904761904762,0.15223269683107069,0.14802023450704963
PP Chawla,powerplay,6,19.0,420.0,0.04523809523809524,0.040523771600022226,0.04482815405217585
PP Chawla,powerplay,W,19.0,420.0,0.04523809523809524,0.03919952586446391,0.04471300224908382
PP Chawla,powerplay,Wd,6.0,420.0,0.014285714285714285,0.03486563072990943,0.016075272237383427
PP Chawla,powerplay,Nb,0.0,420.0,0.0,0.003769007093512122,0.0003277397472619237
PP Ojha,death,0,55.0,279.0,0.1971326164874552,0.21696977459016392,0.19962003443136853
PP Ojha,death,1,118.0,279.0,0.4229390681003584,0.37083760245901637,0.41640596896037824
PP Ojha,death,2,23.0,279.0,0.08243727598566308,0.08837090163934426,0.08318130428079552
PP Ojha,death,3,0.0,279.0,0.0,0.002651127049180328,0.0003324297240351508
PP Ojha,death,4,27.0,279.0,0.0967741935483871,0.11151383196721311,0.0986224240711239
PP Ojha,death,6,22.0,279.0,0.07885304659498207,0.07952100409836066,0.07893680302173801
PP Ojha,death,W,24.0,279.0,0.08602150537634409,0.08016137295081967,0.08528669253301814
PP Ojha,death,Wd,10.0,279.0,0.035842293906810034,0.04340420081967213,0.03679049540058585
PP Ojha,death,Nb,0.0,279.0,0.0,0.006570184426229508,0.0008238475769566781
PP Ojha,middle,0,427.0,1330.0,0.32105263157894737,0.2808889845966761,0.3198799703531876
PP Ojha,middle,1,574.0,1330.0,0.43157894736842106,0.4414331678151601,0.4318666618340193
PP Ojha,middle,2,93.0,1330.0,0.06992481203007518,0.06664217673287394,0.06982896866373355
PP Ojha,middle,3,7.0,1330.0,0.005263157894736842,0.002286430887717876,0.005176246157305631
PP Ojha,middle,4,78.0,1330.0,0.058646616541353384,0.08739739562221321,0.05948605534663397
PP Ojha,middle,6,61.0,1330.0,0.04586466165413534,0.048281059991892986,0.04593521343042023
PP Ojha,middle,W,62.0,1330.0,0.04661654135338346,0.04221980137819214,0.04648816938330488
PP Ojha,middle,Wd,26.0,1330.0,0.019548872180451128,0.028171868666396434,0.019800638501208657
PP Ojha,middle,Nb,2.0,1330.0,0.0015037593984962407,0.002679114308877179,0.0015380763301861952
PP Ojha,powerplay,0,95.0,226.0,0.42035398230088494,0.4228881521678736,0.420735060476372
PP Ojha,powerplay,1,73.0,226.0,0.3230088495575221,0.25764450947345025,0.3131796254847294
PP Ojha,powerplay,2,8.0,226.0,0.035398230088495575,0.04384827662845184,0.03666891377871456
PP Ojha,powerplay,3,0.0,226.0,0.0,0.005028429611245902,0.0007561548287587823
PP Ojha,powerplay,4,28.0,226.0,0.12389380530973451,0.15223269683107069,0.128155292756552
PP Ojha,powerplay,6,14.0,226.0,0.061946902654867256,0.040523771600022226,0.05872537918797327
PP Ojha,powerplay,W,5.0,226.0,0.022123893805309734,0.03919952586446391,0.024691658024731417
PP Ojha,powerplay,Wd,3.0,226.0,0.01327433628318584,0.03486563072990943,0.01652114747818187
PP Ojha,powerplay,Nb,0.0,226.0,0.0,0.003769007093512122,0.0005667679839867853
PVD Chameera,death,0,102.0,454.0,0.22466960352422907,0.21696977459016392,0.22404613559434527
PVD Chameera,death,1,150.0,454.0,0.3303964757709251,0.37083760245901637,0.3336710609278556
PVD Chameera,death,2,44.0,454.0,0.09691629955947137,0.08837090163934426,0.09622436450521006
PVD Chameera,death,3,0.0,454.0,0.0,0.002651127049180328,0.00021466615782836664
PVD Chameera,death,4,59.0,454.0,0.1299559471365639,0.11151383196721311,0.12846265845888366
PVD Chameera,death,6,36.0,454.0,0.07929515418502203,0.07952100409836066,0.07931344162739762
PVD Chameera,death,W,33.0,454.0,0.07268722466960352,0.08016137295081967,0.07329241886241455
PVD Chameera,death,Wd,27.0,454.0,0.05947136563876652,0.04340420081967213,0.058170380633171835
PVD Chameera,death,Nb,3.0,454.0,0.006607929515418502,0.006570184426229508,0.006604873232893078
PVD Chameera,middle,0,134.0,418.0,0.32057416267942584,0.2808889845966761,0.3171082082617184
PVD Chameera,middle,1,158.0,418.0,0.37799043062200954,0.4414331678151601,0.38353128103189166
PVD Chameera,middle,2,28.0,418.0,0.06698564593301436,0.06664217673287394,0.06695564862295841
PVD Chameera,middle,3,0.0,418.0,0.0,0.002286430887717876,0.0001996882871369324
PVD Chameera,middle,4,47.0,418.0,0.11244019138755981,0.08739739562221321,0.11025304765259504
PVD Chameera,middle,6,12.0,418.0,0.028708133971291867,0.048281059991892986,0.030417559824619474
PVD Chameera,middle,W,20.0,418.0,0.04784688995215311,0.04221980137819214,0.04735544116840106
PVD Chameera,middle,Wd,18.0,418.0,0.0430622009569378,0.028171868666396434,0.04176173525470711
PVD Chameera,middle,Nb,1.0,418.0,0.0023923444976076554,0.002679114308877179,0.002417389895971806
PVD Chameera,powerplay,0,237.0,599.0,0.39565943238731216,0.4228881521678736,0.39736389058953825
PVD Chameera,powerplay,1,156.0,599.0,0.2604340567612688,0.25764450947345025,0.26025943721273553
PVD Chameera,powerplay,2,28.0,599.0,0.04674457429048414,0.04384827662845184,0.046563272402407
PVD Chameera,powerplay,3,5.0,599.0,0.008347245409015025,0.005028429611245902,0.008139494811345595
PVD Chameera,powerplay,4,91.0,599.0,0.15191986644407346,0.15223269683107069,0.1519394489409121
PVD Chameera,powerplay,6,28.0,599.0,0.04674457429048414,0.040523771600022226,0.04635516567136289
PVD Chameera,powerplay,W,19.0,599.0,0.03171953255425709,0.03919952586446391,0.03218776374738428
PVD Chameera,powerplay,Wd,26.0,599.0,0.04340567612687813,0.03486563072990943,0.042871087995612484
PVD Chameera,powerplay,Nb,9.0,599.0,0.015025041736227046,0.003769007093512122,0.014320438628701856
PWA Mulder,death,0,6.0,26.0,0.23076923076923078,0.21696977459016392,0.22240592399403875
PWA Mulder,death,1,11.0,26.0,0.4230769230769231,0.37083760245901637,0.39141672876304023
PWA Mulder,death,2,1.0,26.0,0.038461538461538464,0.08837090163934426,0.06870963735717835
PWA Mulder,death,3,0.0,26.0,0.0,0.002651127049180328,0.0016067436661698956
PWA Mulder,death,4,3.0,26.0,0.11538461538461539,0.11151383196721311,0.11303868604073522
PWA Mulder,death,6,0.0,26.0,0.0,0.07952100409836066,0.048194547938400396
PWA Mulder,death,W,3.0,26.0,0.11538461538461539,0.08016137295081967,0.09403719572776949
PWA Mulder,death,Wd,2.0,26.0,0.07692307692307693,0.04340420081967213,0.05660860655737705
PWA Mulder,death,Nb,0.0,26.0,0.0,0.006570184426229508,0.003981929955290611
PWA Mulder,middle,0,7.0,32.0,0.21875,0.2808889845966761,0.2532716581092645
PWA Mulder,middle,1,15.0,32.0,0.46875,0.4414331678151601,0.4535739821195334
PWA Mulder,middle,2,0.0,32.0,0.0,0.06664217673287394,0.037023431518263296
PWA Mulder,middle,3,0.0,32.0,0.0,0.002286430887717876,0.0012702393820654867
PWA Mulder,middle,4,0.0,32.0,0.0,0.08739739562221321,0.04855410867900734
PWA Mulder,middle,6,4.0,32.0,0.125,0.048281059991892986,0.08237836666216276
PWA Mulder,middle,W,2.0,32.0,0.0625,0.04221980137819214,0.051233222987884526
PWA Mulder,middle,Wd,4.0,32.0,0.125,0.028171868666396434,0.07120659370355358
PWA Mulder,middle,Nb,0.0,32.0,0.0,0.002679114308877179,0.0014883968382650994
PWH de Silva,death,0,85.0,296.0,0.28716216216216217,0.21696977459016392,0.2788059255464481
PWH de Silva,death,1,113.0,296.0,0.38175675675675674,0.37083760245901637,0.38045685743559715
PWH de Silva,death,2,18.0,296.0,0.060810810810810814,0.08837090163934426,0.06409177400468384
PWH de Silva,death,3,1.0,296.0,0.0033783783783783786,0.002651127049180328,0.0032918008391881345
PWH de Silva,death,4,17.0,296.0,0.057432432432432436,0.11151383196721311,0.0638706942818111
PWH de Silva,death,6,30.0,296.0,0.10135135135135136,0.07952100409836066,0.09875250048790007
PWH de Silva,death,W,27.0,296.0,0.09121621621621621,0.08016137295081967,0.08990016344652615
PWH de Silva,death,Wd,4.0,296.0,0.013513513513513514,0.04340420081967213,0.017071928669008588
PWH de Silva,death,Nb,1.0,296.0,0.0033783783783783786,0.006570184426229508,0.003758355288836846
PWH de Silva,middle,0,409.0,1441.0,0.28383067314365024,0.2808889845966761,0.2837512217311729
PWH de Silva,middle,1,651.0,1441.0,0.45176960444136016,0.4414331678151601,0.45149042992073357
PWH de Silva,middle,2,94.0,1441.0,0.0652324774462179,0.06664217673287394,0.06527055170109045
PWH de Silva,middle,3,4.0,1441.0,0.002775850104094379,0.002286430887717876,0.0027626314892023733
PWH de Silva,middle,4,95.0,1441.0,0.0659264399722415,0.08739739562221321,0.06650634424367896
PWH de Silva,middle,6,94.0,1441.0,0.0652324774462179,0.048281059991892986,0.06477464037790394
PWH de Silva,middle,W,78.0,1441.0,0.05412907702984039,0.04221980137819214,0.05380742204937724
PWH de Silva,middle,Wd,15.0,1441.0,0.010409437890353921,0.028171868666396434,0.01088917943730983
PWH de Silva,middle,Nb,1.0,1441.0,0.0006939625260235947,0.002679114308877179,0.0007475790495307813
PWH de Silva,powerplay,0,51.0,165.0,0.3090909090909091,0.4228881521678736,0.3312952492034876
PWH de Silva,powerplay,1,49.0,165.0,0.296969696969697,0.25764450947345025,0.28929648965335614
PWH de Silva,powerplay,2,6.0,165.0,0.03636363636363636,0.04384827662845184,0.03782405397628329
PWH de Silva,powerplay,3,2.0,165.0,0.012121212121212121,0.005028429611245902,0.010737254558291883
PWH de Silva,powerplay,4,31.0,165.0,0.18787878787878787,0.15223269683107069,0.18092345304020893
PWH de Silva,powerplay,6,12.0,165.0,0.07272727272727272,0.040523771600022226,0.06644366275122385
PWH de Silva,powerplay,W,14.0,165.0,0.08484848484848485,0.03919952586446391,0.0759413709003832
PWH de Silva,powerplay,Wd,0.0,165.0,0.0,0.03486563072990943,0.006803049898518914
PWH de Silva,powerplay,Nb,0.0,165.0,0.0,0.003769007093512122,0.0007354160182462678
Parvez Rasool,death,0,1.0,6.0,0.16666666666666666,0.21696977459016392,0.21040849964362082
Parvez Rasool,death,1,3.0,6.0,0.5,0.37083760245901637,0.38768487170349253
Parvez Rasool,death,2,0.0,6.0,0.0,0.08837090163934426,0.07684426229508197
Parvez Rasool,death,3,0.0,6.0,0.0,0.002651127049180328,0.002305327868852459
Parvez Rasool,death,4,0.0,6.0,0.0,0.11151383196721311,0.09696854953670705
Parvez Rasool,death,6,1.0,6.0,0.16666666666666666,0.07952100409836066,0.0908878296507484
Parvez Rasool,death,W,1.0,6.0,0.16666666666666666,0.08016137295081967,0.09144467213114753
Parvez Rasool,death,Wd,0.0,6.0,0.0,0.04340420081967213,0.03774278332145403
Parvez Rasool,death,Nb,0.0,6.0,0.0,0.006570184426229508,0.005713203848895225
Parvez Rasool,middle,0,33.0,137.0,0.24087591240875914,0.2808889845966761,0.24991841459811887
Parvez Rasool,middle,1,74.0,137.0,0.5401459854014599,0.4414331678151601,0.5178380040260249
Parvez Rasool,middle,2,8.0,137.0,0.058394160583941604,0.06664217673287394,0.060258119035677724
Parvez Rasool,middle,3,0.0,137.0,0.0,0.002286430887717876,0.0005167075452469776
Parvez Rasool,middle,4,11.0,137.0,0.08029197080291971,0.08739739562221321,0.08189771652479394
Parvez Rasool,middle,6,6.0,137.0,0.043795620437956206,0.048281059991892986,0.0448092790942131
Parvez Rasool,middle,W,3.0,137.0,0.021897810218978103,0.04221980137819214,0.02649035059394173
Parvez Rasool,middle,Wd,2.0,137.0,0.014598540145985401,0.028171868666396434,0.01766595902065456
Parvez Rasool,middle,Nb,0.0,137.0,0.0,0.002679114308877179,0.000605449561328176
Parvez Rasool,powerplay,0,26.0,71.0,0.36619718309859156,0.4228881521678736,0.3866263611415761
Parvez Rasool,powerplay,1,25.0,71.0,0.352112676056338,0.25764450947345025,0.31807009350394605
Parvez Rasool,powerplay,2,4.0,71.0,0.056338028169014086,0.04384827662845184,0.051837216803045705
Parvez Rasool,powerplay,3,0.0,71.0,0.0,0.005028429611245902,0.00181204670675528
Parvez Rasool,powerplay,4,10.0,71.0,0.14084507042253522,0.15223269683107069,0.1449487195787642
Parvez Rasool,powerplay,6,5.0,71.0,0.07042253521126761,0.040523771600022226,0.05964820598198999
Parvez Rasool,powerplay,W,1.0,71.0,0.014084507042253521,0.03919952586446391,0.023134964275482492
Parvez Rasool,powerplay,Wd,0.0,71.0,0.0,0.03486563072990943,0.012564191254021419
Parvez Rasool,powerplay,Nb,0.0,71.0,0.0,0.003769007093512122,0.0013582007544187828
R Ashwin,death,0,178.0,703.0,0.2532005689900427,0.21696977459016392,0.25125005515963195
R Ashwin,death,1,308.0,703.0,0.43812233285917496,0.37083760245901637,0.4345000055159632
R Ashwin,death,2,53.0,703.0,0.07539118065433854,0.08837090163934426,0.07608995432782473
R Ashwin,death,3,2.0,703.0,0.002844950213371266,0.002651127049180328,0.002834515588111996
R Ashwin,death,4,36.0,703.0,0.051209103840682786,0.11151383196721311,0.05445565717185535
R Ashwin,death,6,49.0,703.0,0.06970128022759602,0.07952100409836066,0.07022993292588751
R Ashwin,death,W,48.0,703.0,0.06827880512091039,0.08016137295081967,0.06891851267568343
R Ashwin,death,Wd,26.0,703.0,0.03698435277382646,0.04340420081967213,0.03732997043443726
R Ashwin,death,Nb,3.0,703.0,0.004267425320056899,0.006570184426229508,0.00439139620060455
R Ashwin,middle,0,934.0,3318.0,0.2814948764315853,0.2808889845966761,0.2814876591375423
R Ashwin,middle,1,1623.0,3318.0,0.4891500904159132,0.4414331678151601,0.488581693482015
R Ashwin,middle,2,190.0,3318.0,0.05726341169379144,0.06664217673287394,0.057375130157628046
R Ashwin,middle,3,8.0,3318.0,0.0024110910186859553,0.002286430887717876,0.0024096060856190335
R Ashwin,middle,4,184.0,3318.0,0.055455093429776975,0.08739739562221321,0.05583558541539265
R Ashwin,middle,6,145.0,3318.0,0.043701024713682944,0.048281059991892986,0.04375558141741385
R Ashwin,middle,W,119.0,3318.0,0.035864978902953586,0.04221980137819214,0.03594067660962707
R Ashwin,middle,Wd,111.0,3318.0,0.03345388788426763,0.028171868666396434,0.033390969251535396
R Ashwin,middle,Nb,4.0,3318.0,0.0012055455093429777,0.002679114308877179,0.001223098443226649
R Ashwin,powerplay,0,562.0,1439.0,0.39054899235580265,0.4228881521678736,0.3914236146630933
R Ashwin,powerplay,1,495.0,1439.0,0.3439888811674774,0.25764450947345025,0.3416536716558067
R Ashwin,powerplay,2,58.0,1439.0,0.04030576789437109,0.04384827662845184,0.04040157610895069
R Ashwin,powerplay,3,7.0,1439.0,0.004864489228630994,0.005028429611245902,0.004868923045605027
R Ashwin,powerplay,4,144.0,1439.0,0.10006949270326616,0.15223269683107069,0.10148026225371388
R Ashwin,powerplay,6,68.0,1439.0,0.0472550382209868,0.040523771600022226,0.04707298908992623
R Ashwin,powerplay,W,60.0,1439.0,0.04169562195969423,0.03919952586446391,0.0416281142897759
R Ashwin,powerplay,Wd,44.0,1439.0,0.030576789437109102,0.03486563072990943,0.03069278244029505
R Ashwin,powerplay,Nb,1.0,1439.0,0.0006949270326615705,0.003769007093512122,0.0007780664528333231
R Bhatia,death,0,42.0,202.0,0.2079207920792079,0.21696977459016392,0.20941649166779572
R Bhatia,death,1,96.0,202.0,0.4752475247524752,0.37083760245901637,0.4579896863568622
R Bhatia,death,2,15.0,202.0,0.07425742574257425,0.08837090163934426,0.07659023167592467
R Bhatia,death,3,0.0,202.0,0.0,0.002651127049180328,0.0004382028180463352
R Bhatia,death,4,12.0,202.0,0.0594059405940594,0.11151383196721311,0.06801881520119225
R Bhatia,death,6,17.0,202.0,0.08415841584158416,0.07952100409836066,0.08339190150386126
R Bhatia,death,W,16.0,202.0,0.07920792079207921,0.08016137295081967,0.07936551619021813
R Bhatia,death,Wd,3.0,202.0,0.01485148514851485,0.04340420081967213,0.019570942284243328
R Bhatia,death,Nb,1.0,202.0,0.0049504950495049506,0.006570184426229508,0.005218212301856117
R Bhatia,middle,0,310.0,1284.0,0.24143302180685358,0.2808889845966761,0.24262504485186331
R Bhatia,middle,1,687.0,1284.0,0.5350467289719626,0.4414331678151601,0.5322185247074066
R Bhatia,middle,2,75.0,1284.0,0.05841121495327103,0.06664217673287394,0.0586598844934403
R Bhatia,middle,3,4.0,1284.0,0.003115264797507788,0.002286430887717876,0.0030902244981183646
R Bhatia,middle,4,90.0,1284.0,0.07009345794392523,0.08739739562221321,0.0706162355172874
R Bhatia,middle,6,47.0,1284.0,0.03660436137071651,0.048281059991892986,0.03695713172180946
R Bhatia,middle,W,51.0,1284.0,0.0397196261682243,0.04221980137819214,0.03979516016248315
R Bhatia,middle,Wd,19.0,1284.0,0.014797507788161994,0.028171868666396434,0.015201567029196268
R Bhatia,middle,Nb,1.0,1284.0,0.000778816199376947,0.002679114308877179,0.000836227018395081
R Bhatia,powerplay,0,4.0,12.0,0.3333333333333333,0.4228881521678736,0.40222165551374894
R Bhatia,powerplay,1,3.0,12.0,0.25,0.25764450947345025,0.25588039190265405
R Bhatia,powerplay,2,0.0,12.0,0.0,0.04384827662845184,0.033729443560347565
R Bhatia,powerplay,3,0.0,12.0,0.0,0.005028429611245902,0.0038680227778814633
R Bhatia,powerplay,4,4.0,12.0,0.3333333333333333,0.15223269683107069,0.1940251514085159
R Bhatia,powerplay,6,1.0,12.0,0.08333333333333333,0.040523771600022226,0.05040290123078633
R Bhatia,powerplay,W,0.0,12.0,0.0,0.03919952586446391,0.030153481434203006
R Bhatia,powerplay,Wd,0.0,12.0,0.0,0.03486563072990943,0.02681971594608418
R Bhatia,powerplay,Nb,0.0,12.0,0.0,0.003769007093512122,0.0028992362257785555
R Dhawan,death,0,13.0,85.0,0.15294117647058825,0.21696977459016392,0.17343032786885246
R Dhawan,death,1,37.0,85.0,0.43529411764705883,0.37083760245901637,0.41466803278688524
R Dhawan,death,2,8.0,85.0,0.09411764705882353,0.08837090163934426,0.09227868852459016
R Dhawan,death,3,0.0,85.0,0.0,0.002651127049180328,0.000848360655737705
R Dhawan,death,4,8.0,85.0,0.09411764705882353,0.11151383196721311,0.09968442622950821
R Dhawan,death,6,7.0,85.0,0.08235294117647059,0.07952100409836066,0.08144672131147541
R Dhawan,death,W,4.0,85.0,0.047058823529411764,0.08016137295081967,0.05765163934426229
R Dhawan,death,Wd,8.0,85.0,0.09411764705882353,0.04340420081967213,0.07788934426229509
R Dhawan,death,Nb,0.0,85.0,0.0,0.006570184426229508,0.0021024590163934427
R Dhawan,middle,0,106.0,414.0,0.2560386473429952,0.2808889845966761,0.2582281043697512
R Dhawan,middle,1,195.0,414.0,0.47101449275362317,0.4414331678151601,0.46840820861807575
R Dhawan,middle,2,27.0,414.0,0.06521739130434782,0.06664217673287394,0.0653429230601651
R Dhawan,middle,3,2.0,414.0,0.004830917874396135,0.002286430887717876,0.004606733998917874
R Dhawan,middle,4,40.0,414.0,0.0966183574879227,0.08739739562221321,0.0958059379402831
R Dhawan,middle,6,12.0,414.0,0.028985507246376812,0.048281059991892986,0.030685555946422288
R Dhawan,middle,W,17.0,414.0,0.04106280193236715,0.04221980137819214,0.04116474020953235
R Dhawan,middle,Wd,14.0,414.0,0.033816425120772944,0.028171868666396434,0.033319107371488674
R Dhawan,middle,Nb,1.0,414.0,0.0024154589371980675,0.002679114308877179,0.0024386884853636282
R Dhawan,powerplay,0,58.0,150.0,0.38666666666666666,0.4228881521678736,0.3942922425616576
R Dhawan,powerplay,1,48.0,150.0,0.32,0.25764450947345025,0.30687252831020007
R Dhawan,powerplay,2,8.0,150.0,0.05333333333333334,0.04384827662845184,0.05133647929020039
R Dhawan,powerplay,3,0.0,150.0,0.0,0.005028429611245902,0.0010586167602622952
R Dhawan,powerplay,4,21.0,150.0,0.14,0.15223269683107069,0.1425753045960149
R Dhawan,powerplay,6,7.0,150.0,0.04666666666666667,0.040523771600022226,0.04537342560000468
R Dhawan,powerplay,W,4.0,150.0,0.02666666666666667,0.03919952586446391,0.029305163339887138
R Dhawan,powerplay,Wd,4.0,150.0,0.02666666666666667,0.03486563072990943,0.02839276436419146
R Dhawan,powerplay,Nb,0.0,150.0,0.0,0.003769007093512122,0.0007934751775814994
R McLaren,death,0,19.0,125.0,0.152,0.21696977459016392,0.1677502483854943
R McLaren,death,1,48.0,125.0,0.384,0.37083760245901637,0.3808091157476403
R McLaren,death,2,12.0,125.0,0.096,0.08837090163934426,0.094150521609538
R McLaren,death,3,0.0,125.0,0.0,0.002651127049180328,0.0006426974664679582
R McLaren,death,4,21.0,125.0,0.168,0.11151383196721311,0.1543063835072032
R McLaren,death,6,7.0,125.0,0.056,0.07952100409836066,0.061702061599602585
R McLaren,death,W,11.0,125.0,0.088,0.08016137295081967,0.08609972677595629
R McLaren,death,Wd,3.0,125.0,0.024,0.04340420081967213,0.02870404868355688
R McLaren,death,Nb,4.0,125.0,0.032,0.006570184426229508,0.025835196224540485
R McLaren,middle,0,48.0,177.0,0.2711864406779661,0.2808889845966761,0.2729749280362537
R McLaren,middle,1,73.0,177.0,0.4124293785310734,0.4414331678151601,0.41777569913643503
R McLaren,middle,2,10.0,177.0,0.05649717514124294,0.06664217673287394,0.05836722151758045
R McLaren,middle,3,3.0,177.0,0.01694915254237288,0.002286430887717876,0.014246346707413433
R McLaren,middle,4,28.0,177.0,0.15819209039548024,0.08739739562221321,0.14514237707321903
R McLaren,middle,6,3.0,177.0,0.01694915254237288,0.048281059991892986,0.022724619353344327
R McLaren,middle,W,5.0,177.0,0.02824858757062147,0.04221980137819214,0.03082392652132574
R McLaren,middle,Wd,7.0,177.0,0.03954802259887006,0.028171868666396434,0.037451035698874924
R McLaren,middle,Nb,0.0,177.0,0.0,0.002679114308877179,0.0004938459555533971
R McLaren,powerplay,0,79.0,179.0,0.441340782122905,0.4228881521678736,0.43797043875212305
R McLaren,powerplay,1,38.0,179.0,0.2122905027932961,0.25764450947345025,0.22057433962985393
R McLaren,powerplay,2,10.0,179.0,0.055865921787709494,0.04384827662845184,0.053670918105653304
R McLaren,powerplay,3,1.0,179.0,0.00558659217877095,0.005028429611245902,0.0054846446778531325
R McLaren,powerplay,4,32.0,179.0,0.1787709497206704,0.15223269683107069,0.17392378024311794
R McLaren,powerplay,6,3.0,179.0,0.01675977653631285,0.040523771600022226,0.021100232255711823
R McLaren,powerplay,W,6.0,179.0,0.0335195530726257,0.03919952586446391,0.03455699102547286
R McLaren,powerplay,Wd,10.0,179.0,0.055865921787709494,0.03486563072990943,0.05203025218811131
R McLaren,powerplay,Nb,0.0,179.0,0.0,0.003769007093512122,0.0006884031221026707
R Parag,death,0,2.0,23.0,0.08695652173913043,0.21696977459016392,0.16950461878740566
R Parag,death,1,10.0,23.0,0.43478260869565216,0.37083760245901637,0.39418260473588346
R Parag,death,2,1.0,23.0,0.043478260869565216,0.08837090163934426,0.07198152485037732
R Parag,death,3,0.0,23.0,0.0,0.002651127049180328,0.001683255269320843
R Parag,death,4,2.0,23.0,0.08695652173913043,0.11151383196721311,0.1025484647410877
R Parag,death,6,2.0,23.0,0.08695652173913043,0.07952100409836066,0.08223555815768932
R Parag,death,W,4.0,23.0,0.17391304347826086,0.08016137295081967,0.11438817330210772
R Parag,death,Wd,2.0,23.0,0.08695652173913043,0.04340420081967213,0.05930425448868072
R Parag,death,Nb,0.0,23.0,0.0,0.006570184426229508,0.004171545667447307
R Parag,middle,0,69.0,315.0,0.21904761904761905,0.2808889845966761,0.2260156602362452
R Parag,middle,1,143.0,315.0,0.45396825396825397,0.4414331678151601,0.4525558498946659
R Parag,middle,2,25.0,315.0,0.07936507936507936,0.06664217673287394,0.07793151287130974
R Parag,middle,3,2.0,315.0,0.006349206349206349,0.002286430887717876,0.005891428832418915
R Parag,middle,4,31.0,315.0,0.09841269841269841,0.08739739562221321,0.09717153753489727
R Parag,middle,6,23.0,315.0,0.07301587301587302,0.048281059991892986,0.07022885183007245
R Parag,middle,W,9.0,315.0,0.02857142857142857,0.04221980137819214,0.030109273394725872
R Parag,middle,Wd,13.0,315.0,0.04126984126984127,0.028171868666396434,0.039794013370861574
R Parag,middle,Nb,0.0,315.0,0.0,0.002679114308877179,0.0003018720348030624
R Parag,powerplay,0,3.0,9.0,0.3333333333333333,0.4228881521678736,0.4064393078921417
R Parag,powerplay,1,4.0,9.0,0.4444444444444444,0.25764450947345025,0.2919547016109798
R Parag,powerplay,2,1.0,9.0,0.1111111111111111,0.04384827662845184,0.05620267479873619
R Parag,powerplay,3,0.0,9.0,0.0,0.005028429611245902,0.004104840498976247
R Parag,powerplay,4,1.0,9.0,0.1111111111111111,0.15223269683107069,0.14467975251515974
R Parag,powerplay,6,0.0,9.0,0.0,0.040523771600022226,0.03308062987756916
R Parag,powerplay,W,0.0,9.0,0.0,0.03919952586446391,0.03199961295058278
R Parag,powerplay,Wd,0.0,9.0,0.0,0.03486563072990943,0.02846173937135464
R Parag,powerplay,Nb,0.0,9.0,0.0,0.003769007093512122,0.003076740484499692
R Powell,death,0,1.0,27.0,0.037037037037037035,0.21696977459016392,0.14445956691950085
R Powell,death,1,17.0,27.0,0.6296296296296297,0.37083760245901637,0.47512692684120383
R Powell,death,2,0.0,27.0,0.0,0.08837090163934426,0.0527587472473697
R Powell,death,3,0.0,27.0,0.0,0.002651127049180328,0.0015827624174210913
R Powell,death,4,2.0,27.0,0.07407407407407407,0.11151383196721311,0.0964261683386347
R Powell,death,6,4.0,27.0,0.14814814814814814,0.07952100409836066,0.10717671886469293
R Powell,death,W,2.0,27.0,0.07407407407407407,0.08016137295081967,0.07770828235869831
R Powell,death,Wd,0.0,27.0,0.0,0.04340420081967213,0.025912955713237096
R Powell,death,Nb,1.0,27.0,0.037037037037037035,0.006570184426229508,0.0188478712992415
R Powell,middle,0,18.0,85.0,0.21176470588235294,0.2808889845966761,0.23388447507093635
R Powell,middle,1,37.0,85.0,0.43529411764705883,0.4414331678151601,0.43725861370085123
R Powell,middle,2,7.0,85.0,0.08235294117647059,0.06664217673287394,0.07732549655451966
R Powell,middle,3,0.0,85.0,0.0,0.002286430887717876,0.0007316578840697203
R Powell,middle,4,11.0,85.0,0.12941176470588237,0.08739739562221321,0.11596716659910823
R Powell,middle,6,3.0,85.0,0.03529411764705882,0.048281059991892986,0.039449939197405755
R Powell,middle,W,1.0,85.0,0.011764705882352941,0.04221980137819214,0.021510336441021488
R Powell,middle,Wd,6.0,85.0,0.07058823529411765,0.028171868666396434,0.057014997973246856
R Powell,middle,Nb,2.0,85.0,0.023529411764705882,0.002679114308877179,0.016857316578840698
R Rampaul,death,0,20.0,135.0,0.14814814814814814,0.21696977459016392,0.16387880562060889
R Rampaul,death,1,47.0,135.0,0.34814814814814815,0.37083760245901637,0.35333430913348945
R Rampaul,death,2,20.0,135.0,0.14814814814814814,0.08837090163934426,0.1344847775175644
R Rampaul,death,3,2.0,135.0,0.014814814814814815,0.002651127049180328,0.012034543325526932
R Rampaul,death,4,12.0,135.0,0.08888888888888889,0.11151383196721311,0.09406030444964872
R Rampaul,death,6,19.0,135.0,0.14074074074074075,0.07952100409836066,0.1267476580796253
R Rampaul,death,W,7.0,135.0,0.05185185185185185,0.08016137295081967,0.05832259953161592
R Rampaul,death,Wd,4.0,135.0,0.02962962962962963,0.04340420081967213,0.032778103044496486
R Rampaul,death,Nb,4.0,135.0,0.02962962962962963,0.006570184426229508,0.024358899297423884
R Rampaul,middle,0,41.0,135.0,0.3037037037037037,0.2808889845966761,0.29848891076495454
R Rampaul,middle,1,52.0,135.0,0.3851851851851852,0.4414331678151601,0.3980418669291795
R Rampaul,middle,2,11.0,135.0,0.08148148148148149,0.06664217673287394,0.07808964039608547
R Rampaul,middle,3,0.0,135.0,0.0,0.002286430887717876,0.0005226127743355145
R Rampaul,middle,4,13.0,135.0,0.0962962962962963,0.08739739562221321,0.09426226185650588
R Rampaul,middle,6,6.0,135.0,0.044444444444444446,0.048281059991892986,0.04532138514100411
R Rampaul,middle,W,6.0,135.0,0.044444444444444446,0.04221980137819214,0.04393595460072963
R Rampaul,middle,Wd,6.0,135.0,0.044444444444444446,0.028171868666396434,0.04072499855231918
R Rampaul,middle,Nb,0.0,135.0,0.0,0.002679114308877179,0.0006123689848862123
R Rampaul,powerplay,0,155.0,354.0,0.4378531073446328,0.4228881521678736,0.4363338225551141
R Rampaul,powerplay,1,89.0,354.0,0.2514124293785311,0.25764450947345025,0.2520451278653249
R Rampaul,powerplay,2,19.0,354.0,0.05367231638418079,0.04384827662845184,0.0526749519419748
R Rampaul,powerplay,3,4.0,354.0,0.011299435028248588,0.005028429611245902,0.010662784732106183
R Rampaul,powerplay,4,43.0,354.0,0.12146892655367232,0.15223269683107069,0.12459215196254525
R Rampaul,powerplay,6,11.0,354.0,0.031073446327683617,0.040523771600022226,0.032032870213200226
R Rampaul,powerplay,W,14.0,354.0,0.03954802259887006,0.03919952586446391,0.03951264221974253
R Rampaul,powerplay,Wd,14.0,354.0,0.03954802259887006,0.03486563072990943,0.039072652865980655
R Rampaul,powerplay,Nb,5.0,354.0,0.014124293785310734,0.003769007093512122,0.013072995644011385
R Ravindra,death,0,2.0,9.0,0.2222222222222222,0.21696977459016392,0.21793450986952156
R Ravindra,death,1,5.0,9.0,0.5555555555555556,0.37083760245901637,0.40476538976246235
R Ravindra,death,2,0.0,9.0,0.0,0.08837090163934426,0.07213951154232184
R Ravindra,death,3,0.0,9.0,0.0,0.002651127049180328,0.002164185346269655
R Ravindra,death,4,0.0,9.0,0.0,0.11151383196721311,0.09103169956507193
R Ravindra,death,6,0.0,9.0,0.0,0.07952100409836066,0.06491510538641687
R Ravindra,death,W,2.0,9.0,0.2222222222222222,0.08016137295081967,0.10625418200066912
R Ravindra,death,Wd,0.0,9.0,0.0,0.04340420081967213,0.03543200066912011
R Ravindra,death,Nb,0.0,9.0,0.0,0.006570184426229508,0.005363415858146537
R Ravindra,middle,0,46.0,146.0,0.3150684931506849,0.2808889845966761,0.30771806120358625
R Ravindra,middle,1,55.0,146.0,0.3767123287671233,0.4414331678151601,0.3906307887774538
R Ravindra,middle,2,8.0,146.0,0.0547945205479452,0.06664217673287394,0.05734240359846751
R Ravindra,middle,3,0.0,146.0,0.0,0.002286430887717876,0.0004917055672511561
R Ravindra,middle,4,9.0,146.0,0.06164383561643835,0.08739739562221321,0.06718223561768026
R Ravindra,middle,6,12.0,146.0,0.0821917808219178,0.048281059991892986,0.0748991526864286
R Ravindra,middle,W,10.0,146.0,0.0684931506849315,0.04221980137819214,0.06284296803832089
R Ravindra,middle,Wd,6.0,146.0,0.0410958904109589,0.028171868666396434,0.038316530895999235
R Ravindra,middle,Nb,0.0,146.0,0.0,0.002679114308877179,0.0005761536148122965
R Ravindra,powerplay,0,1.0,4.0,0.25,0.4228881521678736,0.40717104742533966
R Ravindra,powerplay,1,1.0,4.0,0.25,0.25764450947345025,0.25694955406677294
R Ravindra,powerplay,2,1.0,4.0,0.25,0.04384827662845184,0.06258934238950166
R Ravindra,powerplay,3,0.0,4.0,0.0,0.005028429611245902,0.004571299646587184
R Ravindra,powerplay,4,1.0,4.0,0.25,0.15223269683107069,0.16112063348279151
R Ravindra,powerplay,6,0.0,4.0,0.0,0.040523771600022226,0.03683979236365657
R Ravindra,powerplay,W,0.0,4.0,0.0,0.03919952586446391,0.0356359326040581
R Ravindra,powerplay,Wd,0.0,4.0,0.0,0.03486563072990943,0.031696027936281304
R Ravindra,powerplay,Nb,0.0,4.0,0.0,0.003769007093512122,0.00342637008501102
R Sai Kishore,death,0,10.0,74.0,0.13513513513513514,0.21696977459016392,0.163849043715847
R Sai Kishore,death,1,30.0,74.0,0.40540540540540543,0.37083760245901637,0.39327635174000575
R Sai Kishore,death,2,7.0,74.0,0.0945945945945946,0.08837090163934426,0.09241084268047167
R Sai Kishore,death,3,0.0,74.0,0.0,0.002651127049180328,0.0009302200172562554
R Sai Kishore,death,4,7.0,74.0,0.0945945945945946,0.11151383196721311,0.10053116911130286
R Sai Kishore,death,6,10.0,74.0,0.13513513513513514,0.07952100409836066,0.11562140494679322
R Sai Kishore,death,W,8.0,74.0,0.10810810810810811,0.08016137295081967,0.09830223612309462
R Sai Kishore,death,Wd,2.0,74.0,0.02702702702702703,0.04340420081967213,0.03277340379637619
R Sai Kishore,death,Nb,0.0,74.0,0.0,0.006570184426229508,0.002305327868852459
R Sai Kishore,middle,0,75.0,328.0,0.22865853658536586,0.2808889845966761,0.23433575919529087
R Sai Kishore,middle,1,160.0,328.0,0.4878048780487805,0.4414331678151601,0.4827644747625174
R Sai Kishore,middle,2,15.0,328.0,0.04573170731707317,0.06664217673287394,0.04800458442748629
R Sai Kishore,middle,3,1.0,328.0,0.003048780487804878,0.002286430887717876,0.0029659164008388997
R Sai Kishore,middle,4,24.0,328.0,0.07317073170731707,0.08739739562221321,0.07471710821980579
R Sai Kishore,middle,6,27.0,328.0,0.08231707317073171,0.048281059991892986,0.07861750652085793
R Sai Kishore,middle,W,17.0,328.0,0.051829268292682924,0.04221980137819214,0.050784761019368706
R Sai Kishore,middle,Wd,9.0,328.0,0.027439024390243903,0.028171868666396434,0.027518681376782223
R Sai Kishore,middle,Nb,0.0,328.0,0.0,0.002679114308877179,0.00029120807705186727
R Sai Kishore,powerplay,0,6.0,18.0,0.3333333333333333,0.4228881521678736,0.3950952773571542
R Sai Kishore,powerplay,1,5.0,18.0,0.2777777777777778,0.25764450947345025,0.26389276515410365
R Sai Kishore,powerplay,2,1.0,18.0,0.05555555555555555,0.04384827662845184,0.04748157008858747
R Sai Kishore,powerplay,3,0.0,18.0,0.0,0.005028429611245902,0.0034678824905144154
R Sai Kishore,powerplay,4,2.0,18.0,0.1111111111111111,0.15223269683107069,0.1394708254007384
R Sai Kishore,powerplay,6,3.0,18.0,0.16666666666666666,0.040523771600022226,0.07967156662070499
R Sai Kishore,powerplay,W,1.0,18.0,0.05555555555555555,0.03919952586446391,0.04427553507894063
R Sai Kishore,powerplay,Wd,0.0,18.0,0.0,0.03486563072990943,0.024045262572351334
R Sai Kishore,powerplay,Nb,0.0,18.0,0.0,0.003769007093512122,0.002599315236904912
R Sharma,death,0,32.0,145.0,0.2206896551724138,0.21696977459016392,0.21988535666814357
R Sharma,death,1,65.0,145.0,0.4482758620689655,0.37083760245901637,0.43153245458573325
R Sharma,death,2,9.0,145.0,0.06206896551724138,0.08837090163934426,0.06775587062472309
R Sharma,death,3,2.0,145.0,0.013793103448275862,0.002651127049180328,0.011384027470093042
R Sharma,death,4,13.0,145.0,0.0896551724137931,0.11151383196721311,0.09438136907399203
R Sharma,death,6,13.0,145.0,0.0896551724137931,0.07952100409836066,0.08746400088613204
R Sharma,death,W,9.0,145.0,0.06206896551724138,0.08016137295081967,0.06598083739477181
R Sharma,death,Wd,2.0,145.0,0.013793103448275862,0.04340420081967213,0.02019550287992911
R Sharma,death,Nb,0.0,145.0,0.0,0.006570184426229508,0.001420580416482056
R Sharma,middle,0,226.0,680.0,0.3323529411764706,0.2808889845966761,0.3294938324775931
R Sharma,middle,1,300.0,680.0,0.4411764705882353,0.4414331678151601,0.44119073154528665
R Sharma,middle,2,42.0,680.0,0.061764705882352944,0.06664217673287394,0.06203567648515966
R Sharma,middle,3,1.0,680.0,0.0014705882352941176,0.002286430887717876,0.0015159128270954376
R Sharma,middle,4,48.0,680.0,0.07058823529411765,0.08739739562221321,0.0715220775345674
R Sharma,middle,6,29.0,680.0,0.04264705882352941,0.048281059991892986,0.0429600588884385
R Sharma,middle,W,28.0,680.0,0.041176470588235294,0.04221980137819214,0.04123443340989956
R Sharma,middle,Wd,6.0,680.0,0.008823529411764706,0.028171868666396434,0.009898437148133135
R Sharma,middle,Nb,0.0,680.0,0.0,0.002679114308877179,0.00014883968382650993
R Sharma,powerplay,0,34.0,81.0,0.41975308641975306,0.4228881521678736,0.42078947179103265
R Sharma,powerplay,1,33.0,81.0,0.4074074074074074,0.25764450947345025,0.3578990113961819
R Sharma,powerplay,2,0.0,81.0,0.0,0.04384827662845184,0.014495298058992342
R Sharma,powerplay,3,0.0,81.0,0.0,0.005028429611245902,0.0016622907805771577
R Sharma,powerplay,4,9.0,81.0,0.1111111111111111,0.15223269683107069,0.12470502374580848
R Sharma,powerplay,6,3.0,81.0,0.037037037037037035,0.040523771600022226,0.03818967656199082
R Sharma,powerplay,W,2.0,81.0,0.024691358024691357,0.03919952586446391,0.02948744656676493
R Sharma,powerplay,Wd,0.0,81.0,0.0,0.03486563072990943,0.01152582834046593
R Sharma,powerplay,Nb,0.0,81.0,0.0,0.003769007093512122,0.0012459527581858256
R Shepherd,death,0,58.0,354.0,0.1638418079096045,0.21696977459016392,0.16923551011067656
R Shepherd,death,1,119.0,354.0,0.3361581920903955,0.37083760245901637,0.3396789444120829
R Shepherd,death,2,25.0,354.0,0.07062146892655367,0.08837090163934426,0.07242344179079638
R Shepherd,death,3,2.0,354.0,0.005649717514124294,0.002651127049180328,0.0053452920862112
R Shepherd,death,4,43.0,354.0,0.12146892655367232,0.11151383196721311,0.12045825705250894
R Shepherd,death,6,47.0,354.0,0.1327683615819209,0.07952100409836066,0.1273625384871432
R Shepherd,death,W,24.0,354.0,0.06779661016949153,0.08016137295081967,0.06905191603561621
R Shepherd,death,Wd,34.0,354.0,0.096045197740113,0.04340420081967213,0.09070093409336773
R Shepherd,death,Nb,2.0,354.0,0.005649717514124294,0.006570184426229508,0.005743165931596904
R Shepherd,middle,0,149.0,635.0,0.2346456692913386,0.2808889845966761,0.23738601390202524
R Shepherd,middle,1,248.0,635.0,0.3905511811023622,0.4414331678151601,0.39356640994460207
R Shepherd,middle,2,38.0,635.0,0.05984251968503937,0.06664217673287394,0.06024546232491104
R Shepherd,middle,3,1.0,635.0,0.0015748031496062992,0.002286430887717876,0.0016169736822351335
R Shepherd,middle,4,84.0,635.0,0.13228346456692913,0.08739739562221321,0.12962354937020523
R Shepherd,middle,6,46.0,635.0,0.07244094488188976,0.048281059991892986,0.07100924799951958
R Shepherd,middle,W,28.0,635.0,0.04409448818897638,0.04221980137819214,0.0439833956372262
R Shepherd,middle,Wd,40.0,635.0,0.06299212598425197,0.028171868666396434,0.06092870332837905
R Shepherd,middle,Nb,1.0,635.0,0.0015748031496062992,0.002679114308877179,0.0016402438108964253
R Shepherd,powerplay,0,67.0,213.0,0.3145539906103286,0.4228881521678736,0.3316819212913634
R Shepherd,powerplay,1,63.0,213.0,0.29577464788732394,0.25764450947345025,0.2897461675056838
R Shepherd,powerplay,2,7.0,213.0,0.03286384976525822,0.04384827662845184,0.03460051804402401
R Shepherd,powerplay,3,2.0,213.0,0.009389671361502348,0.005028429611245902,0.008700146974110024
R Shepherd,powerplay,4,43.0,213.0,0.20187793427230047,0.15223269683107069,0.1940288848744776
R Shepherd,powerplay,6,14.0,213.0,0.06572769953051644,0.040523771600022226,0.06174288879051735
R Shepherd,powerplay,W,8.0,213.0,0.03755868544600939,0.03919952586446391,0.03781810685604173
R Shepherd,powerplay,Wd,8.0,213.0,0.03755868544600939,0.03486563072990943,0.037132906044254455
R Shepherd,powerplay,Nb,1.0,213.0,0.004694835680751174,0.003769007093512122,0.004548459619527608
R Tewatia,death,0,12.0,43.0,0.27906976744186046,0.21696977459016392,0.2491420600434525
R Tewatia,death,1,14.0,43.0,0.32558139534883723,0.37083760245901637,0.3473916156428995
R Tewatia,death,2,6.0,43.0,0.13953488372093023,0.08837090163934426,0.11487754295872013
R Tewatia,death,3,1.0,43.0,0.023255813953488372,0.002651127049180328,0.013325844361050762
R Tewatia,death,4,3.0,43.0,0.06976744186046512,0.11151383196721311,0.08988618408058463
R Tewatia,death,6,2.0,43.0,0.046511627906976744,0.07952100409836066,0.06241976101125815
R Tewatia,death,W,4.0,43.0,0.09302325581395349,0.08016137295081967,0.08682475804858779
R Tewatia,death,Wd,1.0,43.0,0.023255813953488372,0.04340420081967213,0.032965879913095006
R Tewatia,death,Nb,0.0,43.0,0.0,0.006570184426229508,0.0031663539403515703
R Tewatia,middle,0,208.0,783.0,0.2656449553001277,0.2808889845966761,0.2663858558734715
R Tewatia,middle,1,383.0,783.0,0.4891443167305236,0.4414331678151601,0.48682542735432127
R Tewatia,middle,2,35.0,783.0,0.04469987228607918,0.06664217673287394,0.04576632693719922
R Tewatia,middle,3,2.0,783.0,0.002554278416347382,0.002286430887717876,0.0025412603104601637
R Tewatia,middle,4,48.0,783.0,0.06130268199233716,0.08739739562221321,0.0625709548297552
R Tewatia,middle,6,55.0,783.0,0.070242656449553,0.048281059991892986,0.06917526415513453
R Tewatia,middle,W,30.0,783.0,0.038314176245210725,0.04221980137819214,0.038504000066983825
R Tewatia,middle,Wd,20.0,783.0,0.02554278416347382,0.028171868666396434,0.02567056469824527
R Tewatia,middle,Nb,2.0,783.0,0.002554278416347382,0.002679114308877179,0.0025603457744290247
R Tewatia,powerplay,0,5.0,12.0,0.4166666666666667,0.4228881521678736,0.42145242474451816
R Tewatia,powerplay,1,5.0,12.0,0.4166666666666667,0.25764450947345025,0.2943419303641925
R Tewatia,powerplay,2,0.0,12.0,0.0,0.04384827662845184,0.033729443560347565
R Tewatia,powerplay,3,0.0,12.0,0.0,0.005028429611245902,0.0038680227778814633
R Tewatia,powerplay,4,1.0,12.0,0.08333333333333333,0.15223269683107069,0.1363328437162082
R Tewatia,powerplay,6,1.0,12.0,0.08333333333333333,0.040523771600022226,0.05040290123078633
R Tewatia,powerplay,W,0.0,12.0,0.0,0.03919952586446391,0.030153481434203006
R Tewatia,powerplay,Wd,0.0,12.0,0.0,0.03486563072990943,0.02681971594608418
R Tewatia,powerplay,Nb,0.0,12.0,0.0,0.003769007093512122,0.0028992362257785555
R Vinay Kumar,death,0,116.0,641.0,0.1809672386895476,0.21696977459016392,0.18308192508605955
R Vinay Kumar,death,1,239.0,641.0,0.37285491419656785,0.37083760245901637,0.3727364230519246
R Vinay Kumar,death,2,65.0,641.0,0.10140405616224649,0.08837090163934426,0.10063852579379408
R Vinay Kumar,death,3,2.0,641.0,0.0031201248049922,0.002651127049180328,0.003092577212874028
R Vinay Kumar,death,4,83.0,641.0,0.1294851794071763,0.11151383196721311,0.12842959365446185
R Vinay Kumar,death,6,51.0,641.0,0.07956318252730109,0.07952100409836066,0.079560705086541
R Vinay Kumar,death,W,59.0,641.0,0.09204368174726989,0.08016137295081967,0.0913457487783154
R Vinay Kumar,death,Wd,17.0,641.0,0.0265210608424337,0.04340420081967213,0.027512728388820684
R Vinay Kumar,death,Nb,9.0,641.0,0.014040561622464899,0.006570184426229508,0.013601772947208782
R Vinay Kumar,middle,0,204.0,656.0,0.31097560975609756,0.2808889845966761,0.30924649336762505
R Vinay Kumar,middle,1,254.0,656.0,0.3871951219512195,0.4414331678151601,0.39031225102385975
R Vinay Kumar,middle,2,39.0,656.0,0.05945121951219512,0.06664217673287394,0.05986449291568241
R Vinay Kumar,middle,3,3.0,656.0,0.004573170731707317,0.002286430887717876,0.004441748901592981
R Vinay Kumar,middle,4,79.0,656.0,0.12042682926829268,0.08739739562221321,0.11852858595529962
R Vinay Kumar,middle,6,28.0,656.0,0.042682926829268296,0.048281059991892986,0.043004658620223735
R Vinay Kumar,middle,W,33.0,656.0,0.05030487804878049,0.04221980137819214,0.04984021847001104
R Vinay Kumar,middle,Wd,15.0,656.0,0.022865853658536585,0.028171868666396434,0.0231707970497929
R Vinay Kumar,middle,Nb,1.0,656.0,0.001524390243902439,0.002679114308877179,0.0015907536959124816
R Vinay Kumar,powerplay,0,327.0,761.0,0.4296977660972405,0.4228881521678736,0.42935771047030574
R Vinay Kumar,powerplay,1,205.0,761.0,0.26938239159001315,0.25764450947345025,0.26879623018594007
R Vinay Kumar,powerplay,2,45.0,761.0,0.05913272010512484,0.04384827662845184,0.05836945201640209
R Vinay Kumar,powerplay,3,5.0,761.0,0.006570302233902759,0.005028429611245902,0.00649330484950042
R Vinay Kumar,powerplay,4,120.0,761.0,0.15768725361366623,0.15223269683107069,0.15741486625873014
R Vinay Kumar,powerplay,6,15.0,761.0,0.01971090670170828,0.040523771600022226,0.02075025076654293
R Vinay Kumar,powerplay,W,29.0,761.0,0.03810775295663601,0.03919952586446391,0.038162273451408935
R Vinay Kumar,powerplay,Wd,14.0,761.0,0.018396846254927726,0.03486563072990943,0.01921925746466464
R Vinay Kumar,powerplay,Nb,1.0,761.0,0.001314060446780552,0.003769007093512122,0.0014366545365049749
RA Jadeja,death,0,179.0,652.0,0.2745398773006135,0.21696977459016392,0.2712121256988534
RA Jadeja,death,1,250.0,652.0,0.3834355828220859,0.37083760245901637,0.38270737586468306
RA Jadeja,death,2,49.0,652.0,0.07515337423312883,0.08837090163934426,0.0759173931583436
RA Jadeja,death,3,0.0,652.0,0.0,0.002651127049180328,0.0001532443381029091
RA Jadeja,death,4,46.0,652.0,0.0705521472392638,0.11151383196721311,0.07291987468018572
RA Jadeja,death,6,64.0,652.0,0.09815950920245399,0.07952100409836066,0.09708213896522315
RA Jadeja,death,W,42.0,652.0,0.06441717791411043,0.08016137295081967,0.06532724699137686
RA Jadeja,death,Wd,20.0,652.0,0.03067484662576687,0.04340420081967213,0.03141064744622382
RA Jadeja,death,Nb,2.0,652.0,0.003067484662576687,0.006570184426229508,0.003269952857007486
RA Jadeja,middle,0,1155.0,4059.0,0.2845528455284553,0.2808889845966761,0.2845170918233391
RA Jadeja,middle,1,1881.0,4059.0,0.4634146341463415,0.4414331678151601,0.4632001284978303
RA Jadeja,middle,2,277.0,4059.0,0.06824340970682434,0.06664217673287394,0.0682277841105916
RA Jadeja,middle,3,9.0,4059.0,0.0022172949002217295,0.002286430887717876,0.0022179695622124213
RA Jadeja,middle,4,300.0,4059.0,0.07390983000739099,0.08739739562221321,0.0740414481153668
RA Jadeja,middle,6,212.0,4059.0,0.052229613205222965,0.048281059991892986,0.052191081336832326
RA Jadeja,middle,W,161.0,4059.0,0.0396649421039665,0.04221980137819214,0.03968987364116314
RA Jadeja,middle,Wd,59.0,4059.0,0.01453559990145356,0.028171868666396434,0.014668669125800405
RA Jadeja,middle,Nb,5.0,4059.0,0.001231830500123183,0.002679114308877179,0.0012459537868638904
RA Jadeja,powerplay,0,76.0,191.0,0.39790575916230364,0.4228881521678736,0.4022317146611037
RA Jadeja,powerplay,1,57.0,191.0,0.29842931937172773,0.25764450947345025,0.29136701462743725
RA Jadeja,powerplay,2,10.0,191.0,0.05235602094240838,0.04384827662845184,0.05088281846380119
RA Jadeja,powerplay,3,0.0,191.0,0.0,0.005028429611245902,0.0008707237422070826
RA Jadeja,powerplay,4,23.0,191.0,0.12041884816753927,0.15223269683107069,0.1259277397110079
RA Jadeja,powerplay,6,15.0,191.0,0.07853403141361257,0.040523771600022226,0.07195216824242809
RA Jadeja,powerplay,W,6.0,191.0,0.031413612565445025,0.03919952586446391,0.03276182266051323
RA Jadeja,powerplay,Wd,3.0,191.0,0.015706806282722512,0.03486563072990943,0.019024351641542758
RA Jadeja,powerplay,Nb,1.0,191.0,0.005235602094240838,0.003769007093512122,0.004981646249958809
RA Tripathi,middle,0,0.0,6.0,0.0,0.2808889845966761,0.2442512909536314
RA Tripathi,middle,1,4.0,6.0,0.6666666666666666,0.4414331678151601,0.4708114502740523
RA Tripathi,middle,2,0.0,6.0,0.0,0.06664217673287394,0.05794971889815125
RA Tripathi,middle,3,0.0,6.0,0.0,0.002286430887717876,0.0019882007719285878
RA Tripathi,middle,4,2.0,6.0,0.3333333333333333,0.08739739562221321,0.11947599619322888
RA Tripathi,middle,6,0.0,6.0,0.0,0.048281059991892986,0.04198353042773303
RA Tripathi,middle,W,0.0,6.0,0.0,0.04221980137819214,0.036712870763645336
RA Tripathi,middle,Wd,0.0,6.0,0.0,0.028171868666396434,0.02449727710121429
RA Tripathi,middle,Nb,0.0,6.0,0.0,0.002679114308877179,0.002329664616414938
RD Chahar,death,0,39.0,170.0,0.22941176470588234,0.21696977459016392,0.22704186182669792
RD Chahar,death,1,71.0,170.0,0.4176470588235294,0.37083760245901637,0.40873097189695545
RD Chahar,death,2,14.0,170.0,0.08235294117647059,0.08837090163934426,0.0834992193598751
RD Chahar,death,3,1.0,170.0,0.0058823529411764705,0.002651127049180328,0.005266881342701015
RD Chahar,death,4,11.0,170.0,0.06470588235294118,0.11151383196721311,0.07362168227946916
RD Chahar,death,6,11.0,170.0,0.06470588235294118,0.07952100409836066,0.06752781030444965
RD Chahar,death,W,16.0,170.0,0.09411764705882353,0.08016137295081967,0.09145930913348946
RD Chahar,death,Wd,6.0,170.0,0.03529411764705882,0.04340420081967213,0.03683889539422326
RD Chahar,death,Nb,1.0,170.0,0.0058823529411764705,0.006570184426229508,0.006013368462138954
RD Chahar,middle,0,430.0,1474.0,0.29172320217096337,0.2808889845966761,0.29143696128392804
RD Chahar,middle,1,648.0,1474.0,0.4396200814111262,0.4414331678151601,0.4396679832976264
RD Chahar,middle,2,99.0,1474.0,0.06716417910447761,0.06664217673287394,0.06715038776044581
RD Chahar,middle,3,2.0,1474.0,0.0013568521031207597,0.002286430887717876,0.001381411648288451
RD Chahar,middle,4,121.0,1474.0,0.08208955223880597,0.08739739562221321,0.08222978588169652
RD Chahar,middle,6,89.0,1474.0,0.060379918588873815,0.048281059991892986,0.060060265785783176
RD Chahar,middle,W,56.0,1474.0,0.037991858887381276,0.04221980137819214,0.03810356146309622
RD Chahar,middle,Wd,29.0,1474.0,0.01967435549525102,0.028171868666396434,0.019898860466747593
RD Chahar,middle,Nb,0.0,1474.0,0.0,0.002679114308877179,7.078241238777223e-05
RD Chahar,powerplay,0,34.0,73.0,0.4657534246575342,0.4228881521678736,0.4505798768735836
RD Chahar,powerplay,1,18.0,73.0,0.2465753424657534,0.25764450947345025,0.25049363167201777
RD Chahar,powerplay,2,1.0,73.0,0.0136986301369863,0.04384827662845184,0.024371071372903303
RD Chahar,powerplay,3,0.0,73.0,0.0,0.005028429611245902,0.001779975083626868
RD Chahar,powerplay,4,12.0,73.0,0.1643835616438356,0.15223269683107069,0.16008237055967103
RD Chahar,powerplay,6,4.0,73.0,0.0547945205479452,0.040523771600022226,0.04974292800000787
RD Chahar,powerplay,W,3.0,73.0,0.0410958904109589,0.03919952586446391,0.040424610925473954
RD Chahar,powerplay,Wd,1.0,73.0,0.0136986301369863,0.03486563072990943,0.021191373709702456
RD Chahar,powerplay,Nb,0.0,73.0,0.0,0.003769007093512122,0.0013341618030131407
RE van der Merwe,death,0,26.0,128.0,0.203125,0.21696977459016392,0.20642137490242002
RE van der Merwe,death,1,66.0,128.0,0.515625,0.37083760245901637,0.4811518101092896
RE van der Merwe,death,2,13.0,128.0,0.1015625,0.08837090163934426,0.09842164324746291
RE van der Merwe,death,3,0.0,128.0,0.0,0.002651127049180328,0.0006312207259953162
RE van der Merwe,death,4,3.0,128.0,0.0234375,0.11151383196721311,0.04440805523028884
RE van der Merwe,death,6,7.0,128.0,0.0546875,0.07952100409836066,0.06060023907103825
RE van der Merwe,death,W,9.0,128.0,0.0703125,0.08016137295081967,0.07265746975019516
RE van der Merwe,death,Wd,4.0,128.0,0.03125,0.04340420081967213,0.034143857338017176
RE van der Merwe,death,Nb,0.0,128.0,0.0,0.006570184426229508,0.00156432962529274
RE van der Merwe,middle,0,154.0,449.0,0.3429844097995546,0.2808889845966761,0.337905029414861
RE van der Merwe,middle,1,187.0,449.0,0.41648106904231624,0.4414331678151601,0.4185221405165775
RE van der Merwe,middle,2,37.0,449.0,0.08240534521158129,0.06664217673287394,0.0811159244771267
RE van der Merwe,middle,3,3.0,449.0,0.0066815144766146995,0.002286430887717876,0.006321998436623139
RE van der Merwe,middle,4,23.0,449.0,0.051224944320712694,0.08739739562221321,0.05418383604271683
RE van der Merwe,middle,6,16.0,449.0,0.035634743875278395,0.048281059991892986,0.036669207361300034
RE van der Merwe,middle,W,20.0,449.0,0.044543429844097995,0.04221980137819214,0.04435335798594619
RE van der Merwe,middle,Wd,9.0,449.0,0.0200445434298441,0.028171868666396434,0.02070935531013468
RE van der Merwe,middle,Nb,0.0,449.0,0.0,0.002679114308877179,0.00021915045471387966
RE van der Merwe,powerplay,0,14.0,45.0,0.3111111111111111,0.4228881521678736,0.3637120716084111
RE van der Merwe,powerplay,1,11.0,45.0,0.24444444444444444,0.25764450947345025,0.2506562397522119
RE van der Merwe,powerplay,2,1.0,45.0,0.022222222222222223,0.04384827662845184,0.03239918900162439
RE van der Merwe,powerplay,3,0.0,45.0,0.0,0.005028429611245902,0.002366319817056895
RE van der Merwe,powerplay,4,10.0,45.0,0.2222222222222222,0.15223269683107069,0.18928597497932736
RE van der Merwe,powerplay,6,2.0,45.0,0.044444444444444446,0.040523771600022226,0.042599421929422225
RE van der Merwe,powerplay,W,4.0,45.0,0.08888888888888889,0.03919952586446391,0.06550565923033595
RE van der Merwe,powerplay,Wd,3.0,45.0,0.06666666666666667,0.03486563072990943,0.051701473284663256
RE van der Merwe,powerplay,Nb,0.0,45.0,0.0,0.003769007093512122,0.001773650396946881
RG Sharma,death,0,8.0,54.0,0.14814814814814814,0.21696977459016392,0.1774339466341123
RG Sharma,death,1,25.0,54.0,0.46296296296296297,0.37083760245901637,0.4237606818974538
RG Sharma,death,2,4.0,54.0,0.07407407407407407,0.08837090163934426,0.08015783048482734
RG Sharma,death,3,0.0,54.0,0.0,0.002651127049180328,0.0011281391698639693
RG Sharma,death,4,5.0,54.0,0.09259259259259259,0.11151383196721311,0.10064418381583538
RG Sharma,death,6,4.0,54.0,0.07407407407407407,0.07952100409836066,0.07639191663760028
RG Sharma,death,W,7.0,54.0,0.12962962962962962,0.08016137295081967,0.10857930763864666
RG Sharma,death,Wd,1.0,54.0,0.018518518518518517,0.04340420081967213,0.02910817056156261
RG Sharma,death,Nb,0.0,54.0,0.0,0.006570184426229508,0.0027958231600976632
RG Sharma,middle,0,59.0,287.0,0.20557491289198607,0.2808889845966761,0.2147876433757402
RG Sharma,middle,1,150.0,287.0,0.5226480836236934,0.4414331678151601,0.5127135373474202
RG Sharma,middle,2,28.0,287.0,0.0975609756097561,0.06664217673287394,0.09377885953918946
RG Sharma,middle,3,3.0,287.0,0.010452961672473868,0.002286430887717876,0.009453997662106162
RG Sharma,middle,4,24.0,287.0,0.08362369337979095,0.08739739562221321,0.08408530833299244
RG Sharma,middle,6,11.0,287.0,0.03832752613240418,0.048281059991892986,0.03954508379105724
RG Sharma,middle,W,6.0,287.0,0.020905923344947737,0.04221980137819214,0.023513125550849192
RG Sharma,middle,Wd,6.0,287.0,0.020905923344947737,0.028171868666396434,0.02179472399588947
RG Sharma,middle,Nb,0.0,287.0,0.0,0.002679114308877179,0.0003277204047556182
RG Sharma,powerplay,0,20.0,51.0,0.39215686274509803,0.4228881521678736,0.4056651218320324
RG Sharma,powerplay,1,14.0,51.0,0.27450980392156865,0.25764450947345025,0.2670964876806375
RG Sharma,powerplay,2,4.0,51.0,0.0784313725490196,0.04384827662845184,0.06323001170481399
RG Sharma,powerplay,3,1.0,51.0,0.0196078431372549,0.005028429611245902,0.013199309719228967
RG Sharma,powerplay,4,5.0,51.0,0.09803921568627451,0.15223269683107069,0.12186052607959151
RG Sharma,powerplay,6,3.0,51.0,0.058823529411764705,0.040523771600022226,0.050779679824185596
RG Sharma,powerplay,W,1.0,51.0,0.0196078431372549,0.03919952586446391,0.028219571808555565
RG Sharma,powerplay,Wd,3.0,51.0,0.058823529411764705,0.03486563072990943,0.048292584936223924
RG Sharma,powerplay,Nb,0.0,51.0,0.0,0.003769007093512122,0.0016567064147306031
RJ Gleeson,death,0,12.0,52.0,0.23076923076923078,0.21696977459016392,0.22476946721311475
RJ Gleeson,death,1,15.0,52.0,0.28846153846153844,0.37083760245901637,0.32427721846044194
RJ Gleeson,death,2,5.0,52.0,0.09615384615384616,0.08837090163934426,0.0927699572344975
RJ Gleeson,death,3,0.0,52.0,0.0,0.002651127049180328,0.0011526639344262295
RJ Gleeson,death,4,9.0,52.0,0.17307692307692307,0.11151383196721311,0.14631036172487527
RJ Gleeson,death,6,5.0,52.0,0.09615384615384616,0.07952100409836066,0.08892217569493942
RJ Gleeson,death,W,4.0,52.0,0.07692307692307693,0.08016137295081967,0.07833103171774768
RJ Gleeson,death,Wd,1.0,52.0,0.019230769230769232,0.04340420081967213,0.02974095687811832
RJ Gleeson,death,Nb,1.0,52.0,0.019230769230769232,0.006570184426229508,0.013726167141838917
RJ Gleeson,middle,0,16.0,47.0,0.3404255319148936,0.2808889845966761,0.31305240671111545
RJ Gleeson,middle,1,15.0,47.0,0.3191489361702128,0.4414331678151601,0.375371571409269
RJ Gleeson,middle,2,3.0,47.0,0.06382978723404255,0.06664217673287394,0.06512283987718342
RJ Gleeson,middle,3,0.0,47.0,0.0,0.002286430887717876,0.0010512325920541959
RJ Gleeson,middle,4,6.0,47.0,0.1276595744680851,0.08739739562221321,0.10914822787228193
RJ Gleeson,middle,6,1.0,47.0,0.02127659574468085,0.048281059991892986,0.03369244137558298
RJ Gleeson,middle,W,2.0,47.0,0.0425531914893617,0.04221980137819214,0.042399908679628576
RJ Gleeson,middle,Wd,4.0,47.0,0.0851063829787234,0.028171868666396434,0.058929594789147784
RJ Gleeson,middle,Nb,0.0,47.0,0.0,0.002679114308877179,0.0012317766937366339
RJ Gleeson,powerplay,0,21.0,51.0,0.4117647058823529,0.4228881521678736,0.4166541328210434
RJ Gleeson,powerplay,1,12.0,51.0,0.23529411764705882,0.25764450947345025,0.2451184657026155
RJ Gleeson,powerplay,2,2.0,51.0,0.0392156862745098,0.04384827662845184,0.04125198972679201
RJ Gleeson,powerplay,3,0.0,51.0,0.0,0.005028429611245902,0.002210298730217979
RJ Gleeson,powerplay,4,9.0,51.0,0.17647058823529413,0.15223269683107069,0.16581657003563546
RJ Gleeson,powerplay,6,2.0,51.0,0.0392156862745098,0.040523771600022226,0.039790668835174604
RJ Gleeson,powerplay,W,2.0,51.0,0.0392156862745098,0.03919952586446391,0.03920858279756655
RJ Gleeson,powerplay,Wd,3.0,51.0,0.058823529411764705,0.03486563072990943,0.048292584936223924
RJ Gleeson,powerplay,Nb,0.0,51.0,0.0,0.003769007093512122,0.0016567064147306031
RJ Harris,death,0,56.0,244.0,0.22950819672131148,0.21696977459016392,0.22774222177326253
RJ Harris,death,1,85.0,244.0,0.3483606557377049,0.37083760245901637,0.35152642288155156
RJ Harris,death,2,29.0,244.0,0.11885245901639344,0.08837090163934426,0.1145592819210344
RJ Harris,death,3,0.0,244.0,0.0,0.002651127049180328,0.00037339817594089124
RJ Harris,death,4,33.0,244.0,0.13524590163934427,0.11151383196721311,0.13190335661510044
RJ Harris,death,6,15.0,244.0,0.06147540983606557,0.07952100409836066,0.06401704283075503
RJ Harris,death,W,20.0,244.0,0.08196721311475409,0.08016137295081967,0.08171286942969291
RJ Harris,death,Wd,6.0,244.0,0.02459016393442623,0.04340420081967213,0.027240028284460864
RJ Harris,death,Nb,0.0,244.0,0.0,0.006570184426229508,0.0009253780882013392
RJ Harris,middle,0,50.0,141.0,0.3546099290780142,0.2808889845966761,0.33831800764567427
RJ Harris,middle,1,53.0,141.0,0.375886524822695,0.4414331678151601,0.3903719707878807
RJ Harris,middle,2,7.0,141.0,0.04964539007092199,0.06664217673287394,0.053401586018314684
RJ Harris,middle,3,0.0,141.0,0.0,0.002286430887717876,0.0005052885939708014
RJ Harris,middle,4,19.0,141.0,0.1347517730496454,0.08739739562221321,0.1242867172645775
RJ Harris,middle,6,2.0,141.0,0.014184397163120567,0.048281059991892986,0.021719571268926628
RJ Harris,middle,W,6.0,141.0,0.0425531914893617,0.04221980137819214,0.04247951411672755
RJ Harris,middle,Wd,4.0,141.0,0.028368794326241134,0.028171868666396434,0.028325274843402526
RJ Harris,middle,Nb,0.0,141.0,0.0,0.002679114308877179,0.0005920694605253434
RJ Harris,powerplay,0,228.0,429.0,0.5314685314685315,0.4228881521678736,0.5222079447477931
RJ Harris,powerplay,1,74.0,429.0,0.17249417249417248,0.25764450947345025,0.17975646136234116
RJ Harris,powerplay,2,18.0,429.0,0.04195804195804196,0.04384827662845184,0.042119256002426594
RJ Harris,powerplay,3,2.0,429.0,0.004662004662004662,0.005028429611245902,0.004693256256822678
RJ Harris,powerplay,4,64.0,429.0,0.14918414918414918,0.15223269683107069,0.1494441532478525
RJ Harris,powerplay,6,8.0,429.0,0.018648018648018648,0.040523771600022226,0.020513754507464583
RJ Harris,powerplay,W,14.0,429.0,0.03263403263403263,0.03919952586446391,0.033193989412747454
RJ Harris,powerplay,Wd,20.0,429.0,0.046620046620046623,0.03486563072990943,0.04561753780212448
RJ Harris,powerplay,Nb,1.0,429.0,0.002331002331002331,0.003769007093512122,0.002453646660427473
RJ Peterson,death,0,16.0,55.0,0.2909090909090909,0.21696977459016392,0.25977674719585847
RJ Peterson,death,1,20.0,55.0,0.36363636363636365,0.37083760245901637,0.36666846419327004
RJ Peterson,death,2,2.0,55.0,0.03636363636363636,0.08837090163934426,0.05826143226919759
RJ Peterson,death,3,0.0,55.0,0.0,0.002651127049180328,0.0011162640207075065
RJ Peterson,death,4,4.0,55.0,0.07272727272727272,0.11151383196721311,0.08905845556514237
RJ Peterson,death,6,8.0,55.0,0.14545454545454545,0.07952100409836066,0.1176930543572045
RJ Peterson,death,W,5.0,55.0,0.09090909090909091,0.08016137295081967,0.08638373597929248
RJ Peterson,death,Wd,0.0,55.0,0.0,0.04340420081967213,0.018275452976704055
RJ Peterson,death,Nb,0.0,55.0,0.0,0.006570184426229508,0.0027663934426229507
RJ Peterson,middle,0,63.0,208.0,0.30288461538461536,0.2808889845966761,0.2993369329994639
RJ Peterson,middle,1,81.0,208.0,0.3894230769230769,0.4414331678151601,0.3978118012605097
RJ Peterson,middle,2,14.0,208.0,0.0673076923076923,0.06664217673287394,0.06720035108594741
RJ Peterson,middle,3,0.0,208.0,0.0,0.002286430887717876,0.0003687791754383671
RJ Peterson,middle,4,15.0,208.0,0.07211538461538461,0.08739739562221321,0.07458022510035697
RJ Peterson,middle,6,17.0,208.0,0.08173076923076923,0.048281059991892986,0.07633565483740208
RJ Peterson,middle,W,15.0,208.0,0.07211538461538461,0.04221980137819214,0.06729351635132132
RJ Peterson,middle,Wd,3.0,208.0,0.014423076923076924,0.028171868666396434,0.016640623978451036
RJ Peterson,middle,Nb,0.0,208.0,0.0,0.002679114308877179,0.0004321152111092224
RJ Peterson,powerplay,0,29.0,55.0,0.5272727272727272,0.4228881521678736,0.4833213272285784
RJ Peterson,powerplay,1,12.0,55.0,0.21818181818181817,0.25764450947345025,0.2347976881993475
RJ Peterson,powerplay,2,2.0,55.0,0.03636363636363636,0.04384827662845184,0.039515063843558663
RJ Peterson,powerplay,3,0.0,55.0,0.0,0.005028429611245902,0.0021172335205245905
RJ Peterson,powerplay,4,5.0,55.0,0.09090909090909091,0.15223269683107069,0.11672955656045081
RJ Peterson,powerplay,6,3.0,55.0,0.05454545454545454,0.040523771600022226,0.048641588042114624
RJ Peterson,powerplay,W,2.0,55.0,0.03636363636363636,0.03919952586446391,0.03755769510082691
RJ Peterson,powerplay,Wd,2.0,55.0,0.03636363636363636,0.03486563072990943,0.035732897149435554
RJ Peterson,powerplay,Nb,0.0,55.0,0.0,0.003769007093512122,0.0015869503551629988
RJW Topley,death,0,37.0,167.0,0.2215568862275449,0.21696977459016392,0.22067048784350995
RJW Topley,death,1,59.0,167.0,0.3532934131736527,0.37083760245901637,0.35668359467807076
RJW Topley,death,2,18.0,167.0,0.10778443113772455,0.08837090163934426,0.10403302447137087
RJW Topley,death,3,2.0,167.0,0.011976047904191617,0.002651127049180328,0.010174130830759484
RJW Topley,death,4,18.0,167.0,0.10778443113772455,0.11151383196721311,0.10850508830284313
RJW Topley,death,6,16.0,167.0,0.09580838323353294,0.07952100409836066,0.09266106359388612
RJW Topley,death,W,10.0,167.0,0.059880239520958084,0.08016137295081967,0.06379929912093134
RJW Topley,death,Wd,7.0,167.0,0.041916167664670656,0.04340420081967213,0.042203710303318286
RJW Topley,death,Nb,0.0,167.0,0.0,0.006570184426229508,0.0012696008553100499
RJW Topley,middle,0,21.0,103.0,0.20388349514563106,0.2808889845966761,0.22542349219487443
RJW Topley,middle,1,39.0,103.0,0.3786407766990291,0.4414331678151601,0.3962050819063385
RJW Topley,middle,2,5.0,103.0,0.04854368932038835,0.06664217673287394,0.05360620328192278
RJW Topley,middle,3,1.0,103.0,0.009708737864077669,0.002286430887717876,0.007632568080480525
RJW Topley,middle,4,17.0,103.0,0.1650485436893204,0.08739739562221321,0.1433279428313883
RJW Topley,middle,6,9.0,103.0,0.08737864077669903,0.048281059991892986,0.07644225454318684
RJW Topley,middle,W,2.0,103.0,0.019417475728155338,0.04221980137819214,0.025795748637256543
RJW Topley,middle,Wd,9.0,103.0,0.08737864077669903,0.028171868666396434,0.07081730592067033
RJW Topley,middle,Nb,0.0,103.0,0.0,0.002679114308877179,0.0007494026038817284
RJW Topley,powerplay,0,132.0,311.0,0.42443729903536975,0.4228881521678736,0.42426075808180896
RJW Topley,powerplay,1,72.0,311.0,0.2315112540192926,0.25764450947345025,0.2344894027889972
RJW Topley,powerplay,2,19.0,311.0,0.06109324758842444,0.04384827662845184,0.0591280087325871
RJW Topley,powerplay,3,1.0,311.0,0.003215434083601286,0.005028429611245902,0.0034220432605408433
RJW Topley,powerplay,4,46.0,311.0,0.14790996784565916,0.15223269683107069,0.14840258653345537
RJW Topley,powerplay,6,17.0,311.0,0.05466237942122187,0.040523771600022226,0.0530511420626806
RJW Topley,powerplay,W,12.0,311.0,0.03858520900321544,0.03919952586446391,0.03865521662273093
RJW Topley,powerplay,Wd,12.0,311.0,0.03858520900321544,0.03486563072990943,0.038161325439305914
RJW Topley,powerplay,Nb,0.0,311.0,0.0,0.003769007093512122,0.00042951647789311935
RK Singh,death,0,2.0,7.0,0.2857142857142857,0.21696977459016392,0.22720831880013953
RK Singh,death,1,2.0,7.0,0.2857142857142857,0.37083760245901637,0.358159661667248
RK Singh,death,2,0.0,7.0,0.0,0.08837090163934426,0.07520927799093129
RK Singh,death,3,0.0,7.0,0.0,0.002651127049180328,0.0022562783397279385
RK Singh,death,4,0.0,7.0,0.0,0.11151383196721311,0.09490538890826648
RK Singh,death,6,1.0,7.0,0.14285714285714285,0.07952100409836066,0.08895404604115802
RK Singh,death,W,2.0,7.0,0.2857142857142857,0.08016137295081967,0.11077563655388907
RK Singh,death,Wd,0.0,7.0,0.0,0.04340420081967213,0.03693974537844437
RK Singh,death,Nb,0.0,7.0,0.0,0.006570184426229508,0.0055916463201953264
RP Meredith,death,0,33.0,142.0,0.2323943661971831,0.21696977459016392,0.22900434606377232
RP Meredith,death,1,39.0,142.0,0.2746478873239437,0.37083760245901637,0.2957884840569267
RP Meredith,death,2,6.0,142.0,0.04225352112676056,0.08837090163934426,0.05238920915150423
RP Meredith,death,3,1.0,142.0,0.007042253521126761,0.002651127049180328,0.0060771707800396325
RP Meredith,death,4,19.0,142.0,0.13380281690140844,0.11151383196721311,0.128904138893893
RP Meredith,death,6,17.0,142.0,0.11971830985915492,0.07952100409836066,0.11088373716447487
RP Meredith,death,W,14.0,142.0,0.09859154929577464,0.08016137295081967,0.09454096108809223
RP Meredith,death,Wd,12.0,142.0,0.08450704225352113,0.04340420081967213,0.07547345072959827
RP Meredith,death,Nb,1.0,142.0,0.007042253521126761,0.006570184426229508,0.006938502071698793
RP Meredith,middle,0,68.0,210.0,0.3238095238095238,0.2808889845966761,0.3169422375354682
RP Meredith,middle,1,74.0,210.0,0.3523809523809524,0.4414331678151601,0.3666293068504256
RP Meredith,middle,2,8.0,210.0,0.0380952380952381,0.06664217673287394,0.04266274827725983
RP Meredith,middle,3,0.0,210.0,0.0,0.002286430887717876,0.0003658289420348602
RP Meredith,middle,4,30.0,210.0,0.14285714285714285,0.08739739562221321,0.13398358329955412
RP Meredith,middle,6,11.0,210.0,0.05238095238095238,0.048281059991892986,0.051724969598702875
RP Meredith,middle,W,8.0,210.0,0.0380952380952381,0.04221980137819214,0.03875516822051074
RP Meredith,middle,Wd,10.0,210.0,0.047619047619047616,0.028171868666396434,0.044507498986623435
RP Meredith,middle,Nb,1.0,210.0,0.004761904761904762,0.002679114308877179,0.004428658289420348
RP Meredith,powerplay,0,71.0,168.0,0.4226190476190476,0.4228881521678736,0.4226707984938219
RP Meredith,powerplay,1,40.0,168.0,0.23809523809523808,0.25764450947345025,0.2418547133602789
RP Meredith,powerplay,2,5.0,168.0,0.02976190476190476,0.04384827662845184,0.03247082242854843
RP Meredith,powerplay,3,0.0,168.0,0.0,0.005028429611245902,0.0009670056944703658
RP Meredith,powerplay,4,33.0,168.0,0.19642857142857142,0.15223269683107069,0.18792936477520591
RP Meredith,powerplay,6,6.0,168.0,0.03571428571428571,0.040523771600022226,0.03663918684615812
RP Meredith,powerplay,W,5.0,168.0,0.02976190476190476,0.03919952586446391,0.03157683189701229
RP Meredith,powerplay,Wd,8.0,168.0,0.047619047619047616,0.03486563072990943,0.04516646744805951
RP Meredith,powerplay,Nb,0.0,168.0,0.0,0.003769007093512122,0.0007248090564446389
RP Singh,death,0,107.0,529.0,0.20226843100189035,0.21696977459016392,0.20330191737013456
RP Singh,death,1,195.0,529.0,0.3686200378071834,0.37083760245901637,0.3687759298740961
RP Singh,death,2,48.0,529.0,0.09073724007561437,0.08837090163934426,0.0905708893946815
RP Singh,death,3,3.0,529.0,0.005671077504725898,0.002651127049180328,0.005458778702930075
RP Singh,death,4,63.0,529.0,0.11909262759924386,0.11151383196721311,0.11855984758996226
RP Singh,death,6,26.0,529.0,0.04914933837429111,0.07952100409836066,0.05128442911060532
RP Singh,death,W,57.0,529.0,0.10775047258979206,0.08016137295081967,0.10581099282606818
RP Singh,death,Wd,22.0,529.0,0.04158790170132325,0.04340420081967213,0.04171558529488029
RP Singh,death,Nb,8.0,529.0,0.015122873345935728,0.006570184426229508,0.014521629836641792
RP Singh,middle,0,77.0,252.0,0.3055555555555556,0.2808889845966761,0.30217657323242136
RP Singh,middle,1,97.0,252.0,0.38492063492063494,0.4414331678151601,0.39266207778289863
RP Singh,middle,2,16.0,252.0,0.06349206349206349,0.06664217673287394,0.06392358585381834
RP Singh,middle,3,0.0,252.0,0.0,0.002286430887717876,0.0003132097106462844
RP Singh,middle,4,33.0,252.0,0.13095238095238096,0.08739739562221321,0.12498594460578263
RP Singh,middle,6,8.0,252.0,0.031746031746031744,0.048281059991892986,0.03401110410847849
RP Singh,middle,W,10.0,252.0,0.03968253968253968,0.04221980137819214,0.040030109777834534
RP Singh,middle,Wd,10.0,252.0,0.03968253968253968,0.028171868666396434,0.03810573543375294
RP Singh,middle,Nb,1.0,252.0,0.003968253968253968,0.002679114308877179,0.003791659494366737
RP Singh,powerplay,0,489.0,1041.0,0.4697406340057637,0.4228881521678736,0.46800696215237275
RP Singh,powerplay,1,221.0,1041.0,0.21229586935638808,0.25764450947345025,0.2139738948926346
RP Singh,powerplay,2,44.0,1041.0,0.04226705091258405,0.04384827662845184,0.04232556065230164
RP Singh,powerplay,3,2.0,1041.0,0.0019212295869356388,0.005028429611245902,0.0020362046109619206
RP Singh,powerplay,4,154.0,1041.0,0.14793467819404418,0.15223269683107069,0.14809371681151048
RP Singh,powerplay,6,35.0,1041.0,0.03362151777137368,0.040523771600022226,0.03387692031822469
RP Singh,powerplay,W,36.0,1041.0,0.0345821325648415,0.03919952586446391,0.034752988931155006
RP Singh,powerplay,Wd,57.0,1041.0,0.05475504322766571,0.03486563072990943,0.054019079767989246
RP Singh,powerplay,Nb,3.0,1041.0,0.002881844380403458,0.003769007093512122,0.002914671862849662
RR Sarwan,death,0,0.0,2.0,0.0,0.21696977459016392,0.2066378805620609
RR Sarwan,death,1,0.0,2.0,0.0,0.37083760245901637,0.353178669008587
RR Sarwan,death,2,1.0,2.0,0.5,0.08837090163934426,0.10797228727556597
RR Sarwan,death,3,0.0,2.0,0.0,0.002651127049180328,0.002524882903981265
RR Sarwan,death,4,0.0,2.0,0.0,0.11151383196721311,0.10620364949258392
RR Sarwan,death,6,0.0,2.0,0.0,0.07952100409836066,0.07573428961748634
RR Sarwan,death,W,1.0,2.0,0.5,0.08016137295081967,0.10015368852459015
RR Sarwan,death,Wd,0.0,2.0,0.0,0.04340420081967213,0.04133733411397346
RR Sarwan,death,Nb,0.0,2.0,0.0,0.006570184426229508,0.00625731850117096
RR Sarwan,middle,0,2.0,5.0,0.4,0.2808889845966761,0.2941235418637121
RR Sarwan,middle,1,0.0,5.0,0.0,0.4414331678151601,0.39238503805792013
RR Sarwan,middle,2,2.0,5.0,0.4,0.06664217673287394,0.10368193487366573
RR Sarwan,middle,3,0.0,5.0,0.0,0.002286430887717876,0.0020323830113047787
RR Sarwan,middle,4,0.0,5.0,0.0,0.08739739562221321,0.07768657388641174
RR Sarwan,middle,6,0.0,5.0,0.0,0.048281059991892986,0.04291649777057154
RR Sarwan,middle,W,1.0,5.0,0.2,0.04221980137819214,0.05975093455839302
RR Sarwan,middle,Wd,0.0,5.0,0.0,0.028171868666396434,0.02504166103679683
RR Sarwan,middle,Nb,0.0,5.0,0.0,0.002679114308877179,0.002381434941224159
RS Bopara,death,0,31.0,118.0,0.2627118644067797,0.21696977459016392,0.251131588503839
RS Bopara,death,1,48.0,118.0,0.4067796610169492,0.37083760245901637,0.3976804056858269
RS Bopara,death,2,11.0,118.0,0.09322033898305085,0.08837090163934426,0.09199263332641627
RS Bopara,death,3,0.0,118.0,0.0,0.002651127049180328,0.0006711714048557792
RS Bopara,death,4,13.0,118.0,0.11016949152542373,0.11151383196721311,0.11050983087777548
RS Bopara,death,6,5.0,118.0,0.0423728813559322,0.07952100409836066,0.051777469391990044
RS Bopara,death,W,7.0,118.0,0.059322033898305086,0.08016137295081967,0.06459781593691637
RS Bopara,death,Wd,2.0,118.0,0.01694915254237288,0.04340420081967213,0.023646633118904338
RS Bopara,death,Nb,1.0,118.0,0.00847457627118644,0.006570184426229508,0.007992451753475825
RS Bopara,middle,0,98.0,353.0,0.2776203966005666,0.2808889845966761,0.2779530773126388
RS Bopara,middle,1,150.0,353.0,0.42492917847025496,0.4414331678151601,0.42660897382342594
RS Bopara,middle,2,25.0,353.0,0.0708215297450425,0.06664217673287394,0.0703961503036004
RS Bopara,middle,3,1.0,353.0,0.0028328611898017,0.002286430887717876,0.002777244874067977
RS Bopara,middle,4,35.0,353.0,0.09915014164305949,0.08739739562221321,0.09795393339666292
RS Bopara,middle,6,11.0,353.0,0.031161473087818695,0.048281059991892986,0.0329039246811087
RS Bopara,middle,W,17.0,353.0,0.04815864022662889,0.04221980137819214,0.04755417825732235
RS Bopara,middle,Wd,16.0,353.0,0.0453257790368272,0.028171868666396434,0.04357983396095638
RS Bopara,middle,Nb,0.0,353.0,0.0,0.002679114308877179,0.00027268339021650675
RW Price,death,0,5.0,20.0,0.25,0.21696977459016392,0.22797984972677596
RW Price,death,1,9.0,20.0,0.45,0.37083760245901637,0.39722506830601095
RW Price,death,2,1.0,20.0,0.05,0.08837090163934426,0.07558060109289617
RW Price,death,3,1.0,20.0,0.05,0.002651127049180328,0.018434084699453554
RW Price,death,4,1.0,20.0,0.05,0.11151383196721311,0.09100922131147542
RW Price,death,6,1.0,20.0,0.05,0.07952100409836066,0.06968066939890712
RW Price,death,W,2.0,20.0,0.1,0.08016137295081967,0.08677424863387978
RW Price,death,Wd,0.0,20.0,0.0,0.04340420081967213,0.028936133879781424
RW Price,death,Nb,0.0,20.0,0.0,0.006570184426229508,0.004380122950819672
RW Price,middle,0,37.0,133.0,0.2781954887218045,0.2808889845966761,0.2788182623344916
RW Price,middle,1,58.0,133.0,0.43609022556390975,0.4414331678151601,0.43732558793414106
RW Price,middle,2,8.0,133.0,0.06015037593984962,0.06664217673287394,0.06165137034286103
RW Price,middle,3,0.0,133.0,0.0,0.002286430887717876,0.0005286545405128037
RW Price,middle,4,14.0,133.0,0.10526315789473684,0.08739739562221321,0.10113234580860421
RW Price,middle,6,6.0,133.0,0.045112781954887216,0.048281059991892986,0.04584533179003306
RW Price,middle,W,3.0,133.0,0.022556390977443608,0.04221980137819214,0.027102844249292983
RW Price,middle,Wd,7.0,133.0,0.05263157894736842,0.028171868666396434,0.046976154604947154
RW Price,middle,Nb,0.0,133.0,0.0,0.002679114308877179,0.0006194483951161107
RW Price,powerplay,0,57.0,124.0,0.4596774193548387,0.4228881521678736,0.45070442735801797
RW Price,powerplay,1,41.0,124.0,0.33064516129032256,0.25764450947345025,0.3128401242618171
RW Price,powerplay,2,2.0,124.0,0.016129032258064516,0.04384827662845184,0.02288982356791508
RW Price,powerplay,3,2.0,124.0,0.016129032258064516,0.005028429611245902,0.013421568197864853
RW Price,powerplay,4,11.0,124.0,0.08870967741935484,0.15223269683107069,0.10420309678806602
RW Price,powerplay,6,3.0,124.0,0.024193548387096774,0.040523771600022226,0.028176529658542008
RW Price,powerplay,W,2.0,124.0,0.016129032258064516,0.03919952586446391,0.02175598191816193
RW Price,powerplay,Wd,6.0,124.0,0.04838709677419355,0.03486563072990943,0.04508917822680718
RW Price,powerplay,Nb,0.0,124.0,0.0,0.003769007093512122,0.0009192700228078347
Ramandeep Singh,death,0,6.0,45.0,0.13333333333333333,0.21696977459016392,0.17269165863066538
Ramandeep Singh,death,1,15.0,45.0,0.3333333333333333,0.37083760245901637,0.3509824011571842
Ramandeep Singh,death,2,5.0,45.0,0.1111111111111111,0.08837090163934426,0.10040983606557377
Ramandeep Singh,death,3,0.0,45.0,0.0,0.002651127049180328,0.0012475891996142718
Ramandeep Singh,death,4,4.0,45.0,0.08888888888888889,0.11151383196721311,0.09953592092574735
Ramandeep Singh,death,6,3.0,45.0,0.06666666666666667,0.07952100409836066,0.07271576663452267
Ramandeep Singh,death,W,5.0,45.0,0.1111111111111111,0.08016137295081967,0.09654652844744455
Ramandeep Singh,death,Wd,7.0,45.0,0.15555555555555556,0.04340420081967213,0.1027784474445516
Ramandeep Singh,death,Nb,0.0,45.0,0.0,0.006570184426229508,0.0030918514946962393
Ramandeep Singh,middle,0,2.0,37.0,0.05405405405405406,0.2808889845966761,0.17189038160866293
Ramandeep Singh,middle,1,19.0,37.0,0.5135135135135135,0.4414331678151601,0.47606917808579746
Ramandeep Singh,middle,2,2.0,37.0,0.05405405405405406,0.06664217673287394,0.060593338562531913
Ramandeep Singh,middle,3,0.0,37.0,0.0,0.002286430887717876,0.0011877563053079875
Ramandeep Singh,middle,4,4.0,37.0,0.10810810810810811,0.08739739562221321,0.09734929642712374
Ramandeep Singh,middle,6,3.0,37.0,0.08108108108108109,0.048281059991892986,0.06404210908669765
Ramandeep Singh,middle,W,1.0,37.0,0.02702702702702703,0.04221980137819214,0.034919377339320594
Ramandeep Singh,middle,Wd,6.0,37.0,0.16216216216216217,0.028171868666396434,0.0925568148916345
Ramandeep Singh,middle,Nb,0.0,37.0,0.0,0.002679114308877179,0.0013917476929232097
Rashid Khan,death,0,172.0,587.0,0.293015332197615,0.21696977459016392,0.2881639409626899
Rashid Khan,death,1,224.0,587.0,0.38160136286201024,0.37083760245901637,0.38091467958271236
Rashid Khan,death,2,37.0,587.0,0.06303236797274275,0.08837090163934426,0.06464886134860251
Rashid Khan,death,3,0.0,587.0,0.0,0.002651127049180328,0.00016913091222841008
Rashid Khan,death,4,50.0,587.0,0.08517887563884156,0.11151383196721311,0.08685893664862603
Rashid Khan,death,6,53.0,587.0,0.09028960817717206,0.07952100409836066,0.08960261589144247
Rashid Khan,death,W,43.0,587.0,0.07325383304940375,0.08016137295081967,0.07369450545140796
Rashid Khan,death,Wd,8.0,587.0,0.013628620102214651,0.04340420081967213,0.015528178680680838
Rashid Khan,death,Nb,0.0,587.0,0.0,0.006570184426229508,0.00041915052160953803
Rashid Khan,middle,0,772.0,2438.0,0.3166529942575882,0.2808889845966761,0.31607568982399803
Rashid Khan,middle,1,1109.0,2438.0,0.45488105004101725,0.4414331678151601,0.4546639736531906
Rashid Khan,middle,2,136.0,2438.0,0.05578342904019688,0.06664217673287394,0.055958711488827674
Rashid Khan,middle,3,2.0,2438.0,0.0008203445447087777,0.002286430887717876,0.0008440101838211117
Rashid Khan,middle,4,170.0,2438.0,0.06972928630024611,0.08739739562221321,0.07001448580503976
Rashid Khan,middle,6,107.0,2438.0,0.043888433141919606,0.048281059991892986,0.043959339144340484
Rashid Khan,middle,W,117.0,2438.0,0.04799015586546349,0.04221980137819214,0.047897010514579376
Rashid Khan,middle,Wd,25.0,2438.0,0.010254306808859722,0.028171868666396434,0.010543532988965237
Rashid Khan,middle,Nb,0.0,2438.0,0.0,0.002679114308877179,4.3246397237726856e-05
Rashid Khan,powerplay,0,132.0,356.0,0.3707865168539326,0.4228881521678736,0.3760493082997852
Rashid Khan,powerplay,1,124.0,356.0,0.34831460674157305,0.25764450947345025,0.33915601105792426
Rashid Khan,powerplay,2,20.0,356.0,0.056179775280898875,0.04384827662845184,0.054934169356409275
Rashid Khan,powerplay,3,1.0,356.0,0.0028089887640449437,0.005028429611245902,0.0030331747082066565
Rashid Khan,powerplay,4,37.0,356.0,0.10393258426966293,0.15223269683107069,0.10881138351828998
Rashid Khan,powerplay,6,20.0,356.0,0.056179775280898875,0.040523771600022226,0.054598360767679016
Rashid Khan,powerplay,W,16.0,356.0,0.0449438202247191,0.03919952586446391,0.04436358847115797
Rashid Khan,powerplay,Wd,6.0,356.0,0.016853932584269662,0.03486563072990943,0.018673296033324183
Rashid Khan,powerplay,Nb,0.0,356.0,0.0,0.003769007093512122,0.0003807077872234467
Ravi Bishnoi,death,0,104.0,350.0,0.29714285714285715,0.21696977459016392,0.2889199768810425
Ravi Bishnoi,death,1,111.0,350.0,0.3171428571428571,0.37083760245901637,0.322650010508617
Ravi Bishnoi,death,2,23.0,350.0,0.06571428571428571,0.08837090163934426,0.0680380411937789
Ravi Bishnoi,death,3,1.0,350.0,0.002857142857142857,0.002651127049180328,0.002836013030685162
Ravi Bishnoi,death,4,41.0,350.0,0.11714285714285715,0.11151383196721311,0.11656552122740646
Ravi Bishnoi,death,6,28.0,350.0,0.08,0.07952100409836066,0.07995087221521648
Ravi Bishnoi,death,W,32.0,350.0,0.09142857142857143,0.08016137295081967,0.0902729613282892
Ravi Bishnoi,death,Wd,9.0,350.0,0.025714285714285714,0.04340420081967213,0.027528635981504835
Ravi Bishnoi,death,Nb,1.0,350.0,0.002857142857142857,0.006570184426229508,0.003237967633459437
Ravi Bishnoi,middle,0,494.0,1703.0,0.2900763358778626,0.2808889845966761,0.28986549591730754
Ravi Bishnoi,middle,1,713.0,1703.0,0.4186729301233118,0.4414331678151601,0.4191952534208872
Ravi Bishnoi,middle,2,104.0,1703.0,0.061068702290076333,0.06664217673287394,0.061196607612917356
Ravi Bishnoi,middle,3,4.0,1703.0,0.002348796241926013,0.002286430887717876,0.0023473650232408005
Ravi Bishnoi,middle,4,152.0,1703.0,0.0892542571931885,0.08739739562221321,0.08921164419098596
Ravi Bishnoi,middle,6,96.0,1703.0,0.05637110980622431,0.048281059991892986,0.056185451749670524
Ravi Bishnoi,middle,W,74.0,1703.0,0.04345273047563124,0.04221980137819214,0.04342443606146167
Ravi Bishnoi,middle,Wd,60.0,1703.0,0.03523194362889019,0.028171868666396434,0.03506992240198271
Ravi Bishnoi,middle,Nb,6.0,1703.0,0.0035231943628890195,0.002679114308877179,0.0035038236215462347
Ravi Bishnoi,powerplay,0,88.0,230.0,0.3826086956521739,0.4228881521678736,0.3885760225433887
Ravi Bishnoi,powerplay,1,63.0,230.0,0.27391304347826084,0.25764450947345025,0.271502890292363
Ravi Bishnoi,powerplay,2,7.0,230.0,0.030434782608695653,0.04384827662845184,0.03242196690791879
Ravi Bishnoi,powerplay,3,0.0,230.0,0.0,0.005028429611245902,0.0007449525349993929
Ravi Bishnoi,powerplay,4,36.0,230.0,0.1565217391304348,0.15223269683107069,0.15588632545645492
Ravi Bishnoi,powerplay,6,13.0,230.0,0.05652173913043478,0.040523771600022226,0.05415166986666996
Ravi Bishnoi,powerplay,W,12.0,230.0,0.05217391304347826,0.03919952586446391,0.05025178160955021
Ravi Bishnoi,powerplay,Wd,11.0,230.0,0.04782608695652174,0.03486563072990943,0.04590601936739399
Ravi Bishnoi,powerplay,Nb,0.0,230.0,0.0,0.003769007093512122,0.0005583714212610551
S Aravind,death,0,21.0,144.0,0.14583333333333334,0.21696977459016392,0.16129777708481824
S Aravind,death,1,61.0,144.0,0.4236111111111111,0.37083760245901637,0.41213860923022094
S Aravind,death,2,11.0,144.0,0.0763888888888889,0.08837090163934426,0.07899367426942266
S Aravind,death,3,0.0,144.0,0.0,0.002651127049180328,0.0005763319672131147
S Aravind,death,4,15.0,144.0,0.10416666666666667,0.11151383196721311,0.10576387651461155
S Aravind,death,6,16.0,144.0,0.1111111111111111,0.07952100409836066,0.10424369654312189
S Aravind,death,W,15.0,144.0,0.10416666666666667,0.08016137295081967,0.09894812455452602
S Aravind,death,Wd,5.0,144.0,0.034722222222222224,0.04340420081967213,0.03660960887384177
S Aravind,death,Nb,0.0,144.0,0.0,0.006570184426229508,0.0014283009622238062
S Aravind,middle,0,48.0,185.0,0.2594594594594595,0.2808889845966761,0.2632691528171868
S Aravind,middle,1,77.0,185.0,0.41621621621621624,0.4414331678151601,0.42069922983380625
S Aravind,middle,2,8.0,185.0,0.043243243243243246,0.06664217673287394,0.04740305364139981
S Aravind,middle,3,0.0,185.0,0.0,0.002286430887717876,0.00040647660226095575
S Aravind,middle,4,27.0,185.0,0.14594594594594595,0.08739739562221321,0.13553731477728234
S Aravind,middle,6,8.0,185.0,0.043243243243243246,0.048281059991892986,0.04413885510966986
S Aravind,middle,W,12.0,185.0,0.06486486486486487,0.04221980137819214,0.06083907580056749
S Aravind,middle,Wd,5.0,185.0,0.02702702702702703,0.028171868666396434,0.027230554429581586
S Aravind,middle,Nb,0.0,185.0,0.0,0.002679114308877179,0.0004762869882448318
S Aravind,powerplay,0,166.0,438.0,0.3789954337899543,0.4228881521678736,0.38266846461655846
S Aravind,powerplay,1,133.0,438.0,0.3036529680365297,0.25764450947345025,0.29980288782204606
S Aravind,powerplay,2,23.0,438.0,0.05251141552511415,0.04384827662845184,0.05178646666346877
S Aravind,powerplay,3,2.0,438.0,0.0045662100456621,0.005028429611245902,0.00460488950721723
S Aravind,powerplay,4,62.0,438.0,0.1415525114155251,0.15223269683107069,0.14244625078084275
S Aravind,powerplay,6,16.0,438.0,0.0365296803652968,0.040523771600022226,0.03686391394142446
S Aravind,powerplay,W,20.0,438.0,0.045662100456621,0.03919952586446391,0.04512129923551999
S Aravind,powerplay,Wd,15.0,438.0,0.03424657534246575,0.03486563072990943,0.0342983791405782
S Aravind,powerplay,Nb,1.0,438.0,0.00228310502283105,0.003769007093512122,0.0024074482923441107
S Badree,death,0,4.0,12.0,0.3333333333333333,0.21696977459016392,0.24382290353089534
S Badree,death,1,6.0,12.0,0.5,0.37083760245901637,0.40064430958385877
S Badree,death,2,0.0,12.0,0.0,0.08837090163934426,0.06797761664564943
S Badree,death,3,0.0,12.0,0.0,0.002651127049180328,0.002039328499369483
S Badree,death,4,2.0,12.0,0.16666666666666666,0.11151383196721311,0.12424140920554855
S Badree,death,6,0.0,12.0,0.0,0.07952100409836066,0.061170003152585126
S Badree,death,W,0.0,12.0,0.0,0.08016137295081967,0.06166259457755359
S Badree,death,Wd,0.0,12.0,0.0,0.04340420081967213,0.03338784678436318
S Badree,death,Nb,0.0,12.0,0.0,0.006570184426229508,0.005053988020176545
S Badree,middle,0,77.0,257.0,0.29961089494163423,0.2808889845966761,0.29708942553490586
S Badree,middle,1,116.0,257.0,0.45136186770428016,0.4414331678151601,0.4500246690660148
S Badree,middle,2,18.0,257.0,0.07003891050583658,0.06664217673287394,0.0695814379438214
S Badree,middle,3,0.0,257.0,0.0,0.002286430887717876,0.0003079368198946634
S Badree,middle,4,18.0,257.0,0.07003891050583658,0.08739739562221321,0.0723767536191533
S Badree,middle,6,11.0,257.0,0.042801556420233464,0.048281059991892986,0.043539536699244846
S Badree,middle,W,14.0,257.0,0.054474708171206226,0.04221980137819214,0.05282421567383059
S Badree,middle,Wd,3.0,257.0,0.011673151750972763,0.028171868666396434,0.013895201167191437
S Badree,middle,Nb,0.0,257.0,0.0,0.002679114308877179,0.0003608234759430544
S Badree,powerplay,0,239.0,542.0,0.44095940959409596,0.4228881521678736,0.4397173987744243
S Badree,powerplay,1,154.0,542.0,0.28413284132841327,0.25764450947345025,0.2823123374208557
S Badree,powerplay,2,24.0,542.0,0.04428044280442804,0.04384827662845184,0.04425074066174926
S Badree,powerplay,3,2.0,542.0,0.0036900369003690036,0.005028429611245902,0.0037820226536938763
S Badree,powerplay,4,73.0,542.0,0.13468634686346864,0.15223269683107069,0.13589228156914576
S Badree,powerplay,6,16.0,542.0,0.02952029520295203,0.040523771600022226,0.030276547876290187
S Badree,powerplay,W,25.0,542.0,0.046125461254612546,0.03919952586446391,0.04564945194944769
S Badree,powerplay,Wd,9.0,542.0,0.016605166051660517,0.03486563072990943,0.017860180806179342
S Badree,powerplay,Nb,0.0,542.0,0.0,0.003769007093512122,0.00025903828821389156
S Dhawan,middle,0,10.0,30.0,0.3333333333333333,0.2808889845966761,0.3033651340552435
S Dhawan,middle,1,10.0,30.0,0.3333333333333333,0.4414331678151601,0.39510466732294863
S Dhawan,middle,2,1.0,30.0,0.03333333333333333,0.06664217673287394,0.05236695813307082
S Dhawan,middle,3,0.0,30.0,0.0,0.002286430887717876,0.0013065319358387863
S Dhawan,middle,4,2.0,30.0,0.06666666666666667,0.08739739562221321,0.07851279749840755
S Dhawan,middle,6,3.0,30.0,0.1,0.048281059991892986,0.07044631999536742
S Dhawan,middle,W,3.0,30.0,0.1,0.04221980137819214,0.06698274364468122
S Dhawan,middle,Wd,1.0,30.0,0.03333333333333333,0.028171868666396434,0.03038392495222653
S Dhawan,middle,Nb,0.0,30.0,0.0,0.002679114308877179,0.0015309224622155307
S Dhawan,powerplay,0,6.0,18.0,0.3333333333333333,0.4228881521678736,0.3950952773571542
S Dhawan,powerplay,1,6.0,18.0,0.3333333333333333,0.25764450947345025,0.28113414446444845
S Dhawan,powerplay,2,0.0,18.0,0.0,0.04384827662845184,0.030240190778242648
S Dhawan,powerplay,3,0.0,18.0,0.0,0.005028429611245902,0.0034678824905144154
S Dhawan,powerplay,4,5.0,18.0,0.2777777777777778,0.15223269683107069,0.19119496333177288
S Dhawan,powerplay,6,0.0,18.0,0.0,0.040523771600022226,0.027947428689670505
S Dhawan,powerplay,W,1.0,18.0,0.05555555555555555,0.03919952586446391,0.04427553507894063
S Dhawan,powerplay,Wd,0.0,18.0,0.0,0.03486563072990943,0.024045262572351334
S Dhawan,powerplay,Nb,0.0,18.0,0.0,0.003769007093512122,0.002599315236904912
S Dube,death,0,10.0,71.0,0.14084507042253522,0.21696977459016392,0.16827739624870772
S Dube,death,1,28.0,71.0,0.39436619718309857,0.37083760245901637,0.38588742430955547
S Dube,death,2,5.0,71.0,0.07042253521126761,0.08837090163934426,0.0768904150051691
S Dube,death,3,0.0,71.0,0.0,0.002651127049180328,0.0009553610988037218
S Dube,death,4,11.0,71.0,0.15492957746478872,0.11151383196721311,0.1392842637719687
S Dube,death,6,7.0,71.0,0.09859154929577464,0.07952100409836066,0.091719280756166
S Dube,death,W,5.0,71.0,0.07042253521126761,0.08016137295081967,0.07393202628858367
S Dube,death,Wd,5.0,71.0,0.07042253521126761,0.04340420081967213,0.060686198493575545
S Dube,death,Nb,0.0,71.0,0.0,0.006570184426229508,0.002367634027470093
S Dube,middle,0,52.0,295.0,0.17627118644067796,0.2808889845966761,0.18876286383243893
S Dube,middle,1,131.0,295.0,0.4440677966101695,0.4414331678151601,0.44375321406748175
S Dube,middle,2,18.0,295.0,0.061016949152542375,0.06664217673287394,0.061688618117358075
S Dube,middle,3,0.0,295.0,0.0,0.002286430887717876,0.0002730066731603434
S Dube,middle,4,40.0,295.0,0.13559322033898305,0.08739739562221321,0.12983849499966724
S Dube,middle,6,28.0,295.0,0.09491525423728814,0.048281059991892986,0.08934699223783796
S Dube,middle,W,14.0,295.0,0.04745762711864407,0.04221980137819214,0.04683221508993339
S Dube,middle,Wd,9.0,295.0,0.030508474576271188,0.028171868666396434,0.03022947685568913
S Dube,middle,Nb,3.0,295.0,0.010169491525423728,0.002679114308877179,0.009275118126433097
S Gopal,death,0,10.0,56.0,0.17857142857142858,0.21696977459016392,0.1945707394125683
S Gopal,death,1,32.0,56.0,0.5714285714285714,0.37083760245901637,0.48784900102459017
S Gopal,death,2,3.0,56.0,0.05357142857142857,0.08837090163934426,0.06807120901639345
S Gopal,death,3,1.0,56.0,0.017857142857142856,0.002651127049180328,0.011521302937158471
S Gopal,death,4,1.0,56.0,0.017857142857142856,0.11151383196721311,0.05688076331967213
S Gopal,death,6,2.0,56.0,0.03571428571428571,0.07952100409836066,0.05396708504098361
S Gopal,death,W,6.0,56.0,0.10714285714285714,0.08016137295081967,0.09590057206284153
S Gopal,death,Wd,0.0,56.0,0.0,0.04340420081967213,0.01808508367486339
S Gopal,death,Nb,1.0,56.0,0.017857142857142856,0.006570184426229508,0.013154243510928962
S Gopal,middle,0,220.0,820.0,0.2682926829268293,0.2808889845966761,0.26887855742310124
S Gopal,middle,1,375.0,820.0,0.4573170731707317,0.4414331678151601,0.4565782868751237
S Gopal,middle,2,55.0,820.0,0.06707317073170732,0.06664217673287394,0.06705312449920343
S Gopal,middle,3,3.0,820.0,0.003658536585365854,0.002286430887717876,0.003594717715707808
S Gopal,middle,4,59.0,820.0,0.07195121951219512,0.08739739562221321,0.07266964630800991
S Gopal,middle,6,65.0,820.0,0.07926829268292683,0.048281059991892986,0.07782702604613456
S Gopal,middle,W,37.0,820.0,0.045121951219512194,0.04221980137819214,0.04498696750596243
S Gopal,middle,Wd,6.0,820.0,0.007317073170731708,0.028171868666396434,0.00828706365890216
S Gopal,middle,Nb,0.0,820.0,0.0,0.002679114308877179,0.0001246099678547525
S Gopal,powerplay,0,43.0,114.0,0.37719298245614036,0.4228881521678736,0.3890618577059412
S Gopal,powerplay,1,36.0,114.0,0.3157894736842105,0.25764450947345025,0.30068688557751955
S Gopal,powerplay,2,4.0,114.0,0.03508771929824561,0.04384827662845184,0.037363188734662815
S Gopal,powerplay,3,0.0,114.0,0.0,0.005028429611245902,0.0013060856133106239
S Gopal,powerplay,4,16.0,114.0,0.14035087719298245,0.15223269683107069,0.1434370641119664
S Gopal,powerplay,6,7.0,114.0,0.06140350877192982,0.040523771600022226,0.05598020041559019
S Gopal,powerplay,W,8.0,114.0,0.07017543859649122,0.03919952586446391,0.06212974697778283
S Gopal,powerplay,Wd,0.0,114.0,0.0,0.03486563072990943,0.009056007981794659
S Gopal,powerplay,Nb,0.0,114.0,0.0,0.003769007093512122,0.00097896288143172
S Joseph,death,0,15.0,70.0,0.21428571428571427,0.21696977459016392,0.21526173621460507
S Joseph,death,1,23.0,70.0,0.32857142857142857,0.37083760245901637,0.34394094634873323
S Joseph,death,2,4.0,70.0,0.05714285714285714,0.08837090163934426,0.06849850968703428
S Joseph,death,3,1.0,70.0,0.014285714285714285,0.002651127049180328,0.01005495529061103
S Joseph,death,4,8.0,70.0,0.11428571428571428,0.11151383196721311,0.1132777570789866
S Joseph,death,6,3.0,70.0,0.04285714285714286,0.07952100409836066,0.05618945603576752
S Joseph,death,W,11.0,70.0,0.15714285714285714,0.08016137295081967,0.12914959016393443
S Joseph,death,Wd,3.0,70.0,0.04285714285714286,0.04340420081967213,0.043056073025335324
S Joseph,death,Nb,2.0,70.0,0.02857142857142857,0.006570184426229508,0.020570976154992548
S Joseph,middle,0,31.0,105.0,0.29523809523809524,0.2808889845966761,0.29127971988873824
S Joseph,middle,1,33.0,105.0,0.3142857142857143,0.4414331678151601,0.34936087388004416
S Joseph,middle,2,8.0,105.0,0.0761904761904762,0.06664217673287394,0.07355646254699971
S Joseph,middle,3,0.0,105.0,0.0,0.002286430887717876,0.0006307395552325175
S Joseph,middle,4,16.0,105.0,0.1523809523809524,0.08739739562221321,0.13445445396474848
S Joseph,middle,6,8.0,105.0,0.0761904761904762,0.048281059991892986,0.06849132689431531
S Joseph,middle,W,4.0,105.0,0.0380952380952381,0.04221980137819214,0.039233048656053
S Joseph,middle,Wd,4.0,105.0,0.0380952380952381,0.028171868666396434,0.03535775687348867
S Joseph,middle,Nb,1.0,105.0,0.009523809523809525,0.002679114308877179,0.007635617740379911
S Joseph,powerplay,0,42.0,113.0,0.37168141592920356,0.4228881521678736,0.3850687979523853
S Joseph,powerplay,1,20.0,113.0,0.17699115044247787,0.25764450947345025,0.1980769959407713
S Joseph,powerplay,2,5.0,113.0,0.04424778761061947,0.04384827662845184,0.04414334029502009
S Joseph,powerplay,3,0.0,113.0,0.0,0.005028429611245902,0.0013146221205871638
S Joseph,powerplay,4,21.0,113.0,0.18584070796460178,0.15223269683107069,0.17705429982511653
S Joseph,powerplay,6,9.0,113.0,0.07964601769911504,0.040523771600022226,0.06941797950327379
S Joseph,powerplay,W,5.0,113.0,0.04424778761061947,0.03919952586446391,0.0429279806181605
S Joseph,powerplay,Wd,9.0,113.0,0.07964601769911504,0.03486563072990943,0.06793872698821161
S Joseph,powerplay,Nb,2.0,113.0,0.017699115044247787,0.003769007093512122,0.014057256756473758
S Kaul,death,0,83.0,417.0,0.19904076738609114,0.21696977459016392,0.2006100459159881
S Kaul,death,1,188.0,417.0,0.45083932853717024,0.37083760245901637,0.4438369892743122
S Kaul,death,2,29.0,417.0,0.06954436450839328,0.08837090163934426,0.07119220145639775
S Kaul,death,3,0.0,417.0,0.0,0.002651127049180328,0.00023204613121928473
S Kaul,death,4,48.0,417.0,0.11510791366906475,0.11151383196721311,0.11479333321376044
S Kaul,death,6,27.0,417.0,0.06474820143884892,0.07952100409836066,0.06604122574165082
S Kaul,death,W,33.0,417.0,0.07913669064748201,0.08016137295081967,0.07922637837643937
S Kaul,death,Wd,6.0,417.0,0.014388489208633094,0.04340420081967213,0.016928157620977866
S Kaul,death,Nb,3.0,417.0,0.007194244604316547,0.006570184426229508,0.007139622269254224
S Kaul,middle,0,120.0,441.0,0.272108843537415,0.2808889845966761,0.2728390007980604
S Kaul,middle,1,185.0,441.0,0.41950113378684806,0.4414331678151601,0.4213250035605122
S Kaul,middle,2,32.0,441.0,0.07256235827664399,0.06664217673287394,0.07207003548714128
S Kaul,middle,3,0.0,441.0,0.0,0.002286430887717876,0.00019013978276240134
S Kaul,middle,4,50.0,441.0,0.11337868480725624,0.08739739562221321,0.11121807863802188
S Kaul,middle,6,24.0,441.0,0.05442176870748299,0.048281059991892986,0.05391110686003268
S Kaul,middle,W,16.0,441.0,0.036281179138321996,0.04221980137819214,0.03677503545764591
S Kaul,middle,Wd,10.0,441.0,0.022675736961451247,0.028171868666396434,0.02313279573109326
S Kaul,middle,Nb,4.0,441.0,0.009070294784580499,0.002679114308877179,0.008538803684729911
S Kaul,powerplay,0,134.0,360.0,0.37222222222222223,0.4228881521678736,0.37728881521678737
S Kaul,powerplay,1,101.0,360.0,0.28055555555555556,0.25764450947345025,0.27826445094734503
S Kaul,powerplay,2,23.0,360.0,0.06388888888888888,0.04384827662845184,0.06188482766284518
S Kaul,powerplay,3,0.0,360.0,0.0,0.005028429611245902,0.0005028429611245902
S Kaul,powerplay,4,67.0,360.0,0.18611111111111112,0.15223269683107069,0.18272326968310706
S Kaul,powerplay,6,17.0,360.0,0.04722222222222222,0.040523771600022226,0.046552377160002226
S Kaul,powerplay,W,12.0,360.0,0.03333333333333333,0.03919952586446391,0.033919952586446395
S Kaul,powerplay,Wd,6.0,360.0,0.016666666666666666,0.03486563072990943,0.018486563072990944
S Kaul,powerplay,Nb,0.0,360.0,0.0,0.003769007093512122,0.0003769007093512122
S Nadeem,death,0,18.0,107.0,0.16822429906542055,0.21696977459016392,0.18148837403813983
S Nadeem,death,1,50.0,107.0,0.4672897196261682,0.37083760245901637,0.4410442455670792
S Nadeem,death,2,13.0,107.0,0.12149532710280374,0.08837090163934426,0.11248187799710048
S Nadeem,death,3,0.0,107.0,0.0,0.002651127049180328,0.0007213951154232185
S Nadeem,death,4,8.0,107.0,0.07476635514018691,0.11151383196721311,0.08476566856250697
S Nadeem,death,6,10.0,107.0,0.09345794392523364,0.07952100409836066,0.0896655793464927
S Nadeem,death,W,5.0,107.0,0.04672897196261682,0.08016137295081967,0.05582622393219583
S Nadeem,death,Wd,2.0,107.0,0.018691588785046728,0.04340420081967213,0.02541610906657745
S Nadeem,death,Nb,1.0,107.0,0.009345794392523364,0.006570184426229508,0.00859052637448422
S Nadeem,middle,0,257.0,942.0,0.27282377919320594,0.2808889845966761,0.27315230079823527
S Nadeem,middle,1,469.0,942.0,0.4978768577494692,0.4414331678151601,0.49557772577658493
S Nadeem,middle,2,57.0,942.0,0.06050955414012739,0.06664217673287394,0.06075935546773417
S Nadeem,middle,3,4.0,942.0,0.004246284501061571,0.002286430887717876,0.004166453396648386
S Nadeem,middle,4,66.0,942.0,0.07006369426751592,0.08739739562221321,0.07076975134917367
S Nadeem,middle,6,40.0,942.0,0.04246284501061571,0.048281059991892986,0.042699839510871404
S Nadeem,middle,W,36.0,942.0,0.03821656050955414,0.04221980137819214,0.03837962531072066
S Nadeem,middle,Wd,11.0,942.0,0.01167728237791932,0.028171868666396434,0.012349159619812483
S Nadeem,middle,Nb,2.0,942.0,0.0021231422505307855,0.002679114308877179,0.00214578877021903
S Nadeem,powerplay,0,102.0,299.0,0.3411371237458194,0.4228881521678736,0.35078326279266947
S Nadeem,powerplay,1,115.0,299.0,0.38461538461538464,0.25764450947345025,0.36963357043934514
S Nadeem,powerplay,2,9.0,299.0,0.030100334448160536,0.04384827662845184,0.03172251051663149
S Nadeem,powerplay,3,1.0,299.0,0.0033444816053511705,0.005028429611245902,0.0035431775352502536
S Nadeem,powerplay,4,37.0,299.0,0.12374581939799331,0.15223269683107069,0.1271071028709228
S Nadeem,powerplay,6,17.0,299.0,0.056856187290969896,0.040523771600022226,0.054929058595872826
S Nadeem,powerplay,W,9.0,299.0,0.030100334448160536,0.03919952586446391,0.031173985352739103
S Nadeem,powerplay,Wd,8.0,299.0,0.026755852842809364,0.03486563072990943,0.027712758788189903
S Nadeem,powerplay,Nb,1.0,299.0,0.0033444816053511705,0.003769007093512122,0.0033945731083790116
S Randiv,death,0,6.0,26.0,0.23076923076923078,0.21696977459016392,0.22240592399403875
S Randiv,death,1,9.0,26.0,0.34615384615384615,0.37083760245901637,0.36111369846000996
S Randiv,death,2,4.0,26.0,0.15384615384615385,0.08837090163934426,0.1141641828117238
S Randiv,death,3,0.0,26.0,0.0,0.002651127049180328,0.0016067436661698956
S Randiv,death,4,1.0,26.0,0.038461538461538464,0.11151383196721311,0.08273565573770492
S Randiv,death,6,2.0,26.0,0.07692307692307693,0.07952100409836066,0.07849757824143071
S Randiv,death,W,4.0,26.0,0.15384615384615385,0.08016137295081967,0.10918871087928464
S Randiv,death,Wd,0.0,26.0,0.0,0.04340420081967213,0.02630557625434675
S Randiv,death,Nb,0.0,26.0,0.0,0.006570184426229508,0.003981929955290611
S Randiv,middle,0,62.0,208.0,0.2980769230769231,0.2808889845966761,0.2953046749349478
S Randiv,middle,1,93.0,208.0,0.44711538461538464,0.4414331678151601,0.44619889803470325
S Randiv,middle,2,16.0,208.0,0.07692307692307693,0.06664217673287394,0.07526486721497966
S Randiv,middle,3,1.0,208.0,0.004807692307692308,0.002286430887717876,0.004401037239954496
S Randiv,middle,4,19.0,208.0,0.09134615384615384,0.08739739562221321,0.09070925735842149
S Randiv,middle,6,5.0,208.0,0.02403846153846154,0.048281059991892986,0.027948558063208544
S Randiv,middle,W,6.0,208.0,0.028846153846153848,0.04221980137819214,0.031003193770676153
S Randiv,middle,Wd,6.0,208.0,0.028846153846153848,0.028171868666396434,0.028737398171999422
S Randiv,middle,Nb,0.0,208.0,0.0,0.002679114308877179,0.0004321152111092224
S Randiv,powerplay,0,4.0,14.0,0.2857142857142857,0.4228881521678736,0.38732455716138786
S Randiv,powerplay,1,5.0,14.0,0.35714285714285715,0.25764450947345025,0.2834403773877409
S Randiv,powerplay,2,2.0,14.0,0.14285714285714285,0.04384827662845184,0.06951724194700136
S Randiv,powerplay,3,0.0,14.0,0.0,0.005028429611245902,0.0037247626749969645
S Randiv,powerplay,4,0.0,14.0,0.0,0.15223269683107069,0.11276496061560791
S Randiv,powerplay,6,0.0,14.0,0.0,0.040523771600022226,0.03001760859260906
S Randiv,powerplay,W,2.0,14.0,0.14285714285714285,0.03919952586446391,0.06607372286256587
S Randiv,powerplay,Wd,1.0,14.0,0.07142857142857142,0.03486563072990943,0.044344911651784766
S Randiv,powerplay,Nb,0.0,14.0,0.0,0.003769007093512122,0.002791857106305276
S Sandeep Warrier,middle,0,8.0,35.0,0.22857142857142856,0.2808889845966761,0.25647412511822726
S Sandeep Warrier,middle,1,19.0,35.0,0.5428571428571428,0.4414331678151601,0.4887643561680854
S Sandeep Warrier,middle,2,2.0,35.0,0.05714285714285714,0.06664217673287394,0.06220916092419943
S Sandeep Warrier,middle,3,0.0,35.0,0.0,0.002286430887717876,0.0012194298067828672
S Sandeep Warrier,middle,4,2.0,35.0,0.05714285714285714,0.08739739562221321,0.07327861099851371
S Sandeep Warrier,middle,6,2.0,35.0,0.05714285714285714,0.048281059991892986,0.05241656532900959
S Sandeep Warrier,middle,W,0.0,35.0,0.0,0.04221980137819214,0.022517227401702474
S Sandeep Warrier,middle,Wd,2.0,35.0,0.05714285714285714,0.028171868666396434,0.04169166328874476
S Sandeep Warrier,middle,Nb,0.0,35.0,0.0,0.002679114308877179,0.0014288609647344953
S Sandeep Warrier,powerplay,0,62.0,142.0,0.43661971830985913,0.4228881521678736,0.433601791685247
S Sandeep Warrier,powerplay,1,30.0,142.0,0.2112676056338028,0.25764450947345025,0.22146033175240665
S Sandeep Warrier,powerplay,2,4.0,142.0,0.028169014084507043,0.04384827662845184,0.031615005852406994
S Sandeep Warrier,powerplay,3,0.0,142.0,0.0,0.005028429611245902,0.0011051493651089894
S Sandeep Warrier,powerplay,4,23.0,142.0,0.1619718309859155,0.15223269683107069,0.15983136194089465
S Sandeep Warrier,powerplay,6,10.0,142.0,0.07042253521126761,0.040523771600022226,0.06385137837363127
S Sandeep Warrier,powerplay,W,7.0,142.0,0.04929577464788732,0.03919952586446391,0.04707681887131075
S Sandeep Warrier,powerplay,Wd,4.0,142.0,0.028169014084507043,0.03486563072990943,0.029640797962617454
S Sandeep Warrier,powerplay,Nb,2.0,142.0,0.014084507042253521,0.003769007093512122,0.01181736419637629
S Sreesanth,death,0,35.0,159.0,0.22012578616352202,0.21696977459016392,0.2194914119779224
S Sreesanth,death,1,49.0,159.0,0.3081761006289308,0.37083760245901637,0.32077137737869676
S Sreesanth,death,2,9.0,159.0,0.05660377358490566,0.08837090163934426,0.06298912595765714
S Sreesanth,death,3,2.0,159.0,0.012578616352201259,0.002651127049180328,0.010583141115413131
S Sreesanth,death,4,30.0,159.0,0.18867924528301888,0.11151383196721311,0.17316860944064583
S Sreesanth,death,6,16.0,159.0,0.10062893081761007,0.07952100409836066,0.09638613147705742
S Sreesanth,death,W,10.0,159.0,0.06289308176100629,0.08016137295081967,0.06636409506549139
S Sreesanth,death,Wd,5.0,159.0,0.031446540880503145,0.04340420081967213,0.033850090617019525
S Sreesanth,death,Nb,3.0,159.0,0.018867924528301886,0.006570184426229508,0.016396016970096385
S Sreesanth,middle,0,71.0,189.0,0.37566137566137564,0.2808889845966761,0.35910724621776
S Sreesanth,middle,1,63.0,189.0,0.3333333333333333,0.4414331678151601,0.352215400491731
S Sreesanth,middle,2,10.0,189.0,0.05291005291005291,0.06664217673287394,0.0553086771585806
S Sreesanth,middle,3,0.0,189.0,0.0,0.002286430887717876,0.0003993765742738648
S Sreesanth,middle,4,21.0,189.0,0.1111111111111111,0.08739739562221321,0.10696897740125995
S Sreesanth,middle,6,11.0,189.0,0.0582010582010582,0.048281059991892986,0.056468307422164715
S Sreesanth,middle,W,6.0,189.0,0.031746031746031744,0.04221980137819214,0.03357551115776282
S Sreesanth,middle,Wd,2.0,189.0,0.010582010582010581,0.028171868666396434,0.01365447487622645
S Sreesanth,middle,Nb,5.0,189.0,0.026455026455026454,0.002679114308877179,0.022302028700240555
S Sreesanth,powerplay,0,307.0,660.0,0.46515151515151515,0.4228881521678736,0.4627364658381642
S Sreesanth,powerplay,1,133.0,660.0,0.2015151515151515,0.25764450947345025,0.20472254339848286
S Sreesanth,powerplay,2,28.0,660.0,0.04242424242424243,0.04384827662845184,0.0425056158073401
S Sreesanth,powerplay,3,4.0,660.0,0.006060606060606061,0.005028429611245902,0.0060016245492140515
S Sreesanth,powerplay,4,90.0,660.0,0.13636363636363635,0.15223269683107069,0.13727043981891832
S Sreesanth,powerplay,6,18.0,660.0,0.02727272727272727,0.040523771600022226,0.028029929805715555
S Sreesanth,powerplay,W,23.0,660.0,0.03484848484848485,0.03919952586446391,0.03509711576368365
S Sreesanth,powerplay,Wd,45.0,660.0,0.06818181818181818,0.03486563072990943,0.0662780360417091
S Sreesanth,powerplay,Nb,12.0,660.0,0.01818181818181818,0.003769007093512122,0.01735822897677212
S Tyagi,death,0,0.0,7.0,0.0,0.21696977459016392,0.18465512731077782
S Tyagi,death,1,2.0,7.0,0.2857142857142857,0.37083760245901637,0.358159661667248
S Tyagi,death,2,0.0,7.0,0.0,0.08837090163934426,0.07520927799093129
S Tyagi,death,3,0.0,7.0,0.0,0.002651127049180328,0.0022562783397279385
S Tyagi,death,4,3.0,7.0,0.42857142857142855,0.11151383196721311,0.15873517614230903
S Tyagi,death,6,1.0,7.0,0.14285714285714285,0.07952100409836066,0.08895404604115802
S Tyagi,death,W,0.0,7.0,0.0,0.08016137295081967,0.06822244506452738
S Tyagi,death,Wd,0.0,7.0,0.0,0.04340420081967213,0.03693974537844437
S Tyagi,death,Nb,1.0,7.0,0.14285714285714285,0.006570184426229508,0.026868242064876178
S Tyagi,middle,0,11.0,28.0,0.39285714285714285,0.2808889845966761,0.32699352035098594
S Tyagi,middle,1,8.0,28.0,0.2857142857142857,0.4414331678151601,0.37731362812656477
S Tyagi,middle,2,2.0,28.0,0.07142857142857142,0.06664217673287394,0.06861304513698467
S Tyagi,middle,3,0.0,28.0,0.0,0.002286430887717876,0.0013449593457163977
S Tyagi,middle,4,3.0,28.0,0.10714285714285714,0.08739739562221321,0.09552787977777247
S Tyagi,middle,6,0.0,28.0,0.0,0.048281059991892986,0.02840062352464293
S Tyagi,middle,W,1.0,28.0,0.03571428571428571,0.04221980137819214,0.03954105963423067
S Tyagi,middle,Wd,3.0,28.0,0.10714285714285714,0.028171868666396434,0.060689334509644956
S Tyagi,middle,Nb,0.0,28.0,0.0,0.002679114308877179,0.001575949593457164
S Tyagi,powerplay,0,64.0,150.0,0.4266666666666667,0.4228881521678736,0.42587118993007866
S Tyagi,powerplay,1,37.0,150.0,0.24666666666666667,0.25764450947345025,0.2489777914680948
S Tyagi,powerplay,2,4.0,150.0,0.02666666666666667,0.04384827662845184,0.030283847711253017
S Tyagi,powerplay,3,0.0,150.0,0.0,0.005028429611245902,0.0010586167602622952
S Tyagi,powerplay,4,23.0,150.0,0.15333333333333332,0.15223269683107069,0.15310162038548855
S Tyagi,powerplay,6,11.0,150.0,0.07333333333333333,0.040523771600022226,0.06642605717895204
S Tyagi,powerplay,W,5.0,150.0,0.03333333333333333,0.03919952586446391,0.03456832123462398
S Tyagi,powerplay,Wd,5.0,150.0,0.03333333333333333,0.03486563072990943,0.0336559222589283
S Tyagi,powerplay,Nb,1.0,150.0,0.006666666666666667,0.003769007093512122,0.006056633072318342
SA Abbott,death,0,26.0,114.0,0.22807017543859648,0.21696977459016392,0.22518695443900363
SA Abbott,death,1,33.0,114.0,0.2894736842105263,0.37083760245901637,0.3106071694698744
SA Abbott,death,2,11.0,114.0,0.09649122807017543,0.08837090163934426,0.09438205237385565
SA Abbott,death,3,1.0,114.0,0.008771929824561403,0.002651127049180328,0.00718211092186502
SA Abbott,death,4,13.0,114.0,0.11403508771929824,0.11151383196721311,0.11338021609538004
SA Abbott,death,6,8.0,114.0,0.07017543859649122,0.07952100409836066,0.07260285820736641
SA Abbott,death,W,10.0,114.0,0.08771929824561403,0.08016137295081967,0.08575620076644666
SA Abbott,death,Wd,10.0,114.0,0.08771929824561403,0.04340420081967213,0.07620888332978497
SA Abbott,death,Nb,2.0,114.0,0.017543859649122806,0.006570184426229508,0.01469355439642325
SA Abbott,middle,0,33.0,150.0,0.22,0.2808889845966761,0.23281873359930022
SA Abbott,middle,1,59.0,150.0,0.3933333333333333,0.4414331678151601,0.4034596142768758
SA Abbott,middle,2,14.0,150.0,0.09333333333333334,0.06664217673287394,0.08771414247007872
SA Abbott,middle,3,0.0,150.0,0.0,0.002286430887717876,0.0004813538710985002
SA Abbott,middle,4,13.0,150.0,0.08666666666666667,0.08739739562221321,0.08682050434151857
SA Abbott,middle,6,10.0,150.0,0.06666666666666667,0.048281059991892986,0.06279601262987221
SA Abbott,middle,W,6.0,150.0,0.04,0.04221980137819214,0.04046732660593519
SA Abbott,middle,Wd,13.0,150.0,0.08666666666666667,0.028171868666396434,0.0743519723508203
SA Abbott,middle,Nb,2.0,150.0,0.013333333333333334,0.002679114308877179,0.01109033985450046
SA Abbott,powerplay,0,47.0,167.0,0.281437125748503,0.4228881521678736,0.3087706574237437
SA Abbott,powerplay,1,52.0,167.0,0.31137724550898205,0.25764450947345025,0.3009941081108116
SA Abbott,powerplay,2,9.0,167.0,0.05389221556886228,0.04384827662845184,0.05195135780259939
SA Abbott,powerplay,3,2.0,167.0,0.011976047904191617,0.005028429611245902,0.010633512968356695
SA Abbott,powerplay,4,32.0,167.0,0.19161676646706588,0.15223269683107069,0.18400631822822625
SA Abbott,powerplay,6,13.0,167.0,0.07784431137724551,0.040523771600022226,0.07063261286956951
SA Abbott,powerplay,W,4.0,167.0,0.023952095808383235,0.03919952586446391,0.026898459104244234
SA Abbott,powerplay,Wd,6.0,167.0,0.03592814371257485,0.03486563072990943,0.035722827194185396
SA Abbott,powerplay,Nb,2.0,167.0,0.011976047904191617,0.003769007093512122,0.010390146298263212
SA Yadav,death,0,1.0,3.0,0.3333333333333333,0.21696977459016392,0.2250881624094548
SA Yadav,death,1,0.0,3.0,0.0,0.37083760245901637,0.34496521158978266
SA Yadav,death,2,0.0,3.0,0.0,0.08837090163934426,0.08220548989706443
SA Yadav,death,3,0.0,3.0,0.0,0.002651127049180328,0.002466164696911933
SA Yadav,death,4,0.0,3.0,0.0,0.11151383196721311,0.1037337971788029
SA Yadav,death,6,0.0,3.0,0.0,0.07952100409836066,0.07397302706824248
SA Yadav,death,W,2.0,3.0,0.6666666666666666,0.08016137295081967,0.12108034693099504
SA Yadav,death,Wd,0.0,3.0,0.0,0.04340420081967213,0.04037600076248571
SA Yadav,death,Nb,0.0,3.0,0.0,0.006570184426229508,0.006111799466260007
SA Yadav,powerplay,0,2.0,6.0,0.3333333333333333,0.4228881521678736,0.4112070888416292
SA Yadav,powerplay,1,2.0,6.0,0.3333333333333333,0.25764450947345025,0.26751696475952197
SA Yadav,powerplay,2,1.0,6.0,0.16666666666666666,0.04384827662845184,0.05986806663343638
SA Yadav,powerplay,3,0.0,6.0,0.0,0.005028429611245902,0.004372547488039915
SA Yadav,powerplay,4,1.0,6.0,0.16666666666666666,0.15223269683107069,0.15411538854875712
SA Yadav,powerplay,6,0.0,6.0,0.0,0.040523771600022226,0.035238062260888894
SA Yadav,powerplay,W,0.0,6.0,0.0,0.03919952586446391,0.03408654422996862
SA Yadav,powerplay,Wd,0.0,6.0,0.0,0.03486563072990943,0.03031793976513864
SA Yadav,powerplay,Nb,0.0,6.0,0.0,0.003769007093512122,0.0032773974726192368
SB Jakati,death,0,25.0,106.0,0.2358490566037736,0.21696977459016392,0.2306766505726477
SB Jakati,death,1,41.0,106.0,0.3867924528301887,0.37083760245901637,0.3824212609476757
SB Jakati,death,2,11.0,106.0,0.10377358490566038,0.08837090163934426,0.09955367168201212
SB Jakati,death,3,0.0,106.0,0.0,0.002651127049180328,0.0007263361778576241
SB Jakati,death,4,10.0,106.0,0.09433962264150944,0.11151383196721311,0.09904488547046936
SB Jakati,death,6,12.0,106.0,0.11320754716981132,0.07952100409836066,0.1039783572872221
SB Jakati,death,W,7.0,106.0,0.0660377358490566,0.08016137295081967,0.069907225465978
SB Jakati,death,Wd,0.0,106.0,0.0,0.04340420081967213,0.011891561868403325
SB Jakati,death,Nb,0.0,106.0,0.0,0.006570184426229508,0.001800050527734112
SB Jakati,middle,0,216.0,782.0,0.27621483375959077,0.2808889845966761,0.2764422863550694
SB Jakati,middle,1,348.0,782.0,0.44501278772378516,0.4414331678151601,0.4448385969739737
SB Jakati,middle,2,63.0,782.0,0.08056265984654731,0.06664217673287394,0.0798852640745924
SB Jakati,middle,3,7.0,782.0,0.008951406649616368,0.002286430887717876,0.008627076928842719
SB Jakati,middle,4,62.0,782.0,0.0792838874680307,0.08739739562221321,0.07967870538307607
SB Jakati,middle,6,43.0,782.0,0.054987212276214836,0.048281059991892986,0.054660878831722284
SB Jakati,middle,W,31.0,782.0,0.03964194373401535,0.04221980137819214,0.03976738692837918
SB Jakati,middle,Wd,11.0,782.0,0.014066496163682864,0.028171868666396434,0.014752888986199341
SB Jakati,middle,Nb,1.0,782.0,0.0012787723785166241,0.002679114308877179,0.0013469155381448748
SB Jakati,powerplay,0,31.0,87.0,0.3563218390804598,0.4228881521678736,0.3772876069820075
SB Jakati,powerplay,1,31.0,87.0,0.3563218390804598,0.25764450947345025,0.32524236518848826
SB Jakati,powerplay,2,3.0,87.0,0.034482758620689655,0.04384827662845184,0.03743252807195333
SB Jakati,powerplay,3,0.0,87.0,0.0,0.005028429611245902,0.001583757357872725
SB Jakati,powerplay,4,16.0,87.0,0.1839080459770115,0.15223269683107069,0.17393155805703014
SB Jakati,powerplay,6,4.0,87.0,0.04597701149425287,0.040523771600022226,0.044259455622054245
SB Jakati,powerplay,W,1.0,87.0,0.011494252873563218,0.03919952586446391,0.020220323106917768
SB Jakati,powerplay,Wd,1.0,87.0,0.011494252873563218,0.03486563072990943,0.018855316765325807
SB Jakati,powerplay,Nb,0.0,87.0,0.0,0.003769007093512122,0.0011870888483502748
SB Styris,death,0,20.0,82.0,0.24390243902439024,0.21696977459016392,0.2350720572426767
SB Styris,death,1,34.0,82.0,0.4146341463414634,0.37083760245901637,0.4002746237570546
SB Styris,death,2,3.0,82.0,0.036585365853658534,0.08837090163934426,0.053564230045686646
SB Styris,death,3,0.0,82.0,0.0,0.002651127049180328,0.0008692219833378124
SB Styris,death,4,7.0,82.0,0.08536585365853659,0.11151383196721311,0.09393896130072563
SB Styris,death,6,10.0,82.0,0.12195121951219512,0.07952100409836066,0.10803967347487235
SB Styris,death,W,8.0,82.0,0.0975609756097561,0.08016137295081967,0.09185618785272776
SB Styris,death,Wd,0.0,82.0,0.0,0.04340420081967213,0.014230885514646602
SB Styris,death,Nb,0.0,82.0,0.0,0.006570184426229508,0.00215415882827197
SB Styris,middle,0,79.0,272.0,0.29044117647058826,0.2808889845966761,0.28921653648675333
SB Styris,middle,1,131.0,272.0,0.48161764705882354,0.4414331678151601,0.4764657907455333
SB Styris,middle,2,15.0,272.0,0.05514705882352941,0.06664217673287394,0.056620791888829985
SB Styris,middle,3,0.0,272.0,0.0,0.002286430887717876,0.0002931321650920354
SB Styris,middle,4,23.0,272.0,0.08455882352941177,0.08739739562221321,0.08492274302848887
SB Styris,middle,6,6.0,272.0,0.022058823529411766,0.048281059991892986,0.025420648716909355
SB Styris,middle,W,11.0,272.0,0.04044117647058824,0.04221980137819214,0.04066920530489643
SB Styris,middle,Wd,7.0,272.0,0.025735294117647058,0.028171868666396434,0.026047675470050827
SB Styris,middle,Nb,0.0,272.0,0.0,0.002679114308877179,0.00034347619344579216
SB Styris,powerplay,0,16.0,41.0,0.3902439024390244,0.4228881521678736,0.40636451958907344
SB Styris,powerplay,1,16.0,41.0,0.3902439024390244,0.25764450947345025,0.32476272072762974
SB Styris,powerplay,2,1.0,41.0,0.024390243902439025,0.04384827662845184,0.033999148952321895
SB Styris,powerplay,3,0.0,41.0,0.0,0.005028429611245902,0.002483175116664643
SB Styris,powerplay,4,2.0,41.0,0.04878048780487805,0.15223269683107069,0.09986799843509664
SB Styris,powerplay,6,2.0,41.0,0.04878048780487805,0.040523771600022226,0.04470309708643073
SB Styris,powerplay,W,1.0,41.0,0.024390243902439025,0.03919952586446391,0.031703469562698226
SB Styris,powerplay,Wd,3.0,41.0,0.07317073170731707,0.03486563072990943,0.05425463245921453
SB Styris,powerplay,Nb,0.0,41.0,0.0,0.003769007093512122,0.001861238070870184
SC Ganguly,death,0,2.0,10.0,0.2,0.21696977459016392,0.21357581967213116
SC Ganguly,death,1,2.0,10.0,0.2,0.37083760245901637,0.3366700819672131
SC Ganguly,death,2,1.0,10.0,0.1,0.08837090163934426,0.09069672131147541
SC Ganguly,death,3,0.0,10.0,0.0,0.002651127049180328,0.002120901639344262
SC Ganguly,death,4,2.0,10.0,0.2,0.11151383196721311,0.1292110655737705
SC Ganguly,death,6,3.0,10.0,0.3,0.07952100409836066,0.12361680327868854
SC Ganguly,death,W,0.0,10.0,0.0,0.08016137295081967,0.06412909836065574
SC Ganguly,death,Wd,0.0,10.0,0.0,0.04340420081967213,0.03472336065573771
SC Ganguly,death,Nb,0.0,10.0,0.0,0.006570184426229508,0.005256147540983607
SC Ganguly,middle,0,63.0,236.0,0.2669491525423729,0.2808889845966761,0.2689694180574893
SC Ganguly,middle,1,117.0,236.0,0.4957627118644068,0.4414331678151601,0.4878888649007478
SC Ganguly,middle,2,15.0,236.0,0.0635593220338983,0.06664217673287394,0.06400611256998172
SC Ganguly,middle,3,1.0,236.0,0.00423728813559322,0.002286430887717876,0.003954555201118533
SC Ganguly,middle,4,18.0,236.0,0.07627118644067797,0.08739739562221321,0.07788368052495843
SC Ganguly,middle,6,8.0,236.0,0.03389830508474576,0.048281059991892986,0.03598276231766565
SC Ganguly,middle,W,11.0,236.0,0.046610169491525424,0.04221980137819214,0.045973884257709006
SC Ganguly,middle,Wd,2.0,236.0,0.00847457627118644,0.028171868666396434,0.01132925632846325
SC Ganguly,middle,Nb,1.0,236.0,0.00423728813559322,0.002679114308877179,0.004011465841866258
SC Ganguly,powerplay,0,6.0,19.0,0.3157894736842105,0.4228881521678736,0.3883987472324567
SC Ganguly,powerplay,1,7.0,19.0,0.3684210526315789,0.25764450947345025,0.2933183115074239
SC Ganguly,powerplay,2,1.0,19.0,0.05263157894736842,0.04384827662845184,0.04667679771420463
SC Ganguly,powerplay,3,0.0,19.0,0.0,0.005028429611245902,0.0034091048211836623
SC Ganguly,powerplay,4,1.0,19.0,0.05263157894736842,0.15223269683107069,0.12015776056343774
SC Ganguly,powerplay,6,3.0,19.0,0.15789473684210525,0.040523771600022226,0.07832120108476083
SC Ganguly,powerplay,W,0.0,19.0,0.0,0.03919952586446391,0.026575949738619598
SC Ganguly,powerplay,Wd,1.0,19.0,0.05263157894736842,0.03486563072990943,0.040586868291464025
SC Ganguly,powerplay,Nb,0.0,19.0,0.0,0.003769007093512122,0.0025552590464488966
SC Kuggeleijn,death,0,25.0,68.0,0.36764705882352944,0.21696977459016392,0.3118406572556163
SC Kuggeleijn,death,1,18.0,68.0,0.2647058823529412,0.37083760245901637,0.3040139268366727
SC Kuggeleijn,death,2,7.0,68.0,0.10294117647058823,0.08837090163934426,0.09754477838494233
SC Kuggeleijn,death,3,0.0,68.0,0.0,0.002651127049180328,0.0009818989071038251
SC Kuggeleijn,death,4,7.0,68.0,0.10294117647058823,0.11151383196721311,0.1061162340619308
SC Kuggeleijn,death,6,3.0,68.0,0.04411764705882353,0.07952100409836066,0.05723000151791136
SC Kuggeleijn,death,W,5.0,68.0,0.07352941176470588,0.08016137295081967,0.07598569368548877
SC Kuggeleijn,death,Wd,3.0,68.0,0.04411764705882353,0.04340420081967213,0.04385340771098968
SC Kuggeleijn,death,Nb,0.0,68.0,0.0,0.006570184426229508,0.0024334016393442624
SC Kuggeleijn,middle,0,19.0,75.0,0.25333333333333335,0.2808889845966761,0.26291790768580037
SC Kuggeleijn,middle,1,29.0,75.0,0.38666666666666666,0.4414331678151601,0.405715884457447
SC Kuggeleijn,middle,2,7.0,75.0,0.09333333333333334,0.06664217673287394,0.08404945277665181
SC Kuggeleijn,middle,3,0.0,75.0,0.0,0.002286430887717876,0.0007952803087714352
SC Kuggeleijn,middle,4,12.0,75.0,0.16,0.08739739562221321,0.13474692021642198
SC Kuggeleijn,middle,6,3.0,75.0,0.04,0.048281059991892986,0.04288036869283234
SC Kuggeleijn,middle,W,3.0,75.0,0.04,0.04221980137819214,0.040772104827197266
SC Kuggeleijn,middle,Wd,2.0,75.0,0.02666666666666667,0.028171868666396434,0.0271902151883118
SC Kuggeleijn,middle,Nb,0.0,75.0,0.0,0.002679114308877179,0.0009318658465659752
SC Kuggeleijn,powerplay,0,47.0,126.0,0.373015873015873,0.4228881521678736,0.3850332896790057
SC Kuggeleijn,powerplay,1,32.0,126.0,0.25396825396825395,0.25764450947345025,0.2548540986683013
SC Kuggeleijn,powerplay,2,7.0,126.0,0.05555555555555555,0.04384827662845184,0.05273452448878358
SC Kuggeleijn,powerplay,3,2.0,126.0,0.015873015873015872,0.005028429611245902,0.013259862556926722
SC Kuggeleijn,powerplay,4,16.0,126.0,0.12698412698412698,0.15223269683107069,0.1330681197183303
SC Kuggeleijn,powerplay,6,13.0,126.0,0.10317460317460317,0.040523771600022226,0.08807801725301741
SC Kuggeleijn,powerplay,W,3.0,126.0,0.023809523809523808,0.03919952586446391,0.027517958039629857
SC Kuggeleijn,powerplay,Wd,5.0,126.0,0.03968253968253968,0.03486563072990943,0.03852183873009866
SC Kuggeleijn,powerplay,Nb,1.0,126.0,0.007936507936507936,0.003769007093512122,0.0069322908659065355
SE Bond,death,0,25.0,113.0,0.22123893805309736,0.21696977459016392,0.22012281688631738
SE Bond,death,1,44.0,113.0,0.3893805309734513,0.37083760245901637,0.384532706525233
SE Bond,death,2,13.0,113.0,0.11504424778761062,0.08837090163934426,0.1080708239579985
SE Bond,death,3,0.0,113.0,0.0,0.002651127049180328,0.0006931051108968177
SE Bond,death,4,10.0,113.0,0.08849557522123894,0.11151383196721311,0.09451342012214722
SE Bond,death,6,4.0,113.0,0.035398230088495575,0.07952100409836066,0.046933595842708675
SE Bond,death,W,14.0,113.0,0.12389380530973451,0.08016137295081967,0.11246048966034501
SE Bond,death,Wd,3.0,113.0,0.02654867256637168,0.04340420081967213,0.030955346619522126
SE Bond,death,Nb,0.0,113.0,0.0,0.006570184426229508,0.0017176952748312441
SE Bond,middle,0,21.0,78.0,0.2692307692307692,0.2808889845966761,0.27318270664294103
SE Bond,middle,1,34.0,78.0,0.4358974358974359,0.4414331678151601,0.4377739551915797
SE Bond,middle,2,5.0,78.0,0.0641025641025641,0.06664217673287394,0.06496344973995727
SE Bond,middle,3,1.0,78.0,0.01282051282051282,0.002286430887717876,0.009249637589056907
SE Bond,middle,4,9.0,78.0,0.11538461538461539,0.08739739562221321,0.10589742224481803
SE Bond,middle,6,0.0,78.0,0.0,0.048281059991892986,0.01636646101420101
SE Bond,middle,W,4.0,78.0,0.05128205128205128,0.04221980137819214,0.04821010216209903
SE Bond,middle,Wd,4.0,78.0,0.05128205128205128,0.028171868666396434,0.04344809107335472
SE Bond,middle,Nb,0.0,78.0,0.0,0.002679114308877179,0.000908174341992264
SE Bond,powerplay,0,124.0,277.0,0.44765342960288806,0.4228881521678736,0.4445284734596686
SE Bond,powerplay,1,62.0,277.0,0.22382671480144403,0.25764450947345025,0.22809394441305367
SE Bond,powerplay,2,10.0,277.0,0.036101083032490974,0.04384827662845184,0.037078646893180044
SE Bond,powerplay,3,3.0,277.0,0.010830324909747292,0.005028429611245902,0.010098224556624088
SE Bond,powerplay,4,53.0,277.0,0.19133574007220217,0.15223269683107069,0.18640160212379442
SE Bond,powerplay,6,7.0,277.0,0.02527075812274368,0.040523771600022226,0.027195428593062742
SE Bond,powerplay,W,9.0,277.0,0.032490974729241874,0.03919952586446391,0.03333747960434876
SE Bond,powerplay,Wd,9.0,277.0,0.032490974729241874,0.03486563072990943,0.0327906158649728
SE Bond,powerplay,Nb,0.0,277.0,0.0,0.003769007093512122,0.000475584491294905
SE Rutherford,death,0,5.0,9.0,0.5555555555555556,0.21696977459016392,0.27915899966543994
SE Rutherford,death,1,4.0,9.0,0.4444444444444444,0.37083760245901637,0.38435722649715626
SE Rutherford,death,2,0.0,9.0,0.0,0.08837090163934426,0.07213951154232184
SE Rutherford,death,3,0.0,9.0,0.0,0.002651127049180328,0.002164185346269655
SE Rutherford,death,4,0.0,9.0,0.0,0.11151383196721311,0.09103169956507193
SE Rutherford,death,6,0.0,9.0,0.0,0.07952100409836066,0.06491510538641687
SE Rutherford,death,W,0.0,9.0,0.0,0.08016137295081967,0.06543785547005687
SE Rutherford,death,Wd,0.0,9.0,0.0,0.04340420081967213,0.03543200066912011
SE Rutherford,death,Nb,0.0,9.0,0.0,0.006570184426229508,0.005363415858146537
SE Rutherford,middle,0,5.0,53.0,0.09433962264150944,0.2808889845966761,0.17457590735340908
SE Rutherford,middle,1,26.0,53.0,0.49056603773584906,0.4414331678151601,0.4694336205656603
SE Rutherford,middle,2,4.0,53.0,0.07547169811320754,0.06664217673287394,0.07167405450876298
SE Rutherford,middle,3,0.0,53.0,0.0,0.002286430887717876,0.0009834111345023123
SE Rutherford,middle,4,6.0,53.0,0.11320754716981132,0.08739739562221321,0.10210640671923149
SE Rutherford,middle,6,4.0,53.0,0.07547169811320754,0.048281059991892986,0.06377679999651312
SE Rutherford,middle,W,2.0,53.0,0.03773584905660377,0.04221980137819214,0.039664430700297695
SE Rutherford,middle,Wd,6.0,53.0,0.11320754716981132,0.028171868666396434,0.07663306179199847
SE Rutherford,middle,Nb,0.0,53.0,0.0,0.002679114308877179,0.001152307229624593
SH Johnson,death,0,22.0,84.0,0.2619047619047619,0.21696977459016392,0.2474096047065045
SH Johnson,death,1,30.0,84.0,0.35714285714285715,0.37083760245901637,0.3615605169222634
SH Johnson,death,2,5.0,84.0,0.05952380952380952,0.08837090163934426,0.06882932310946589
SH Johnson,death,3,0.0,84.0,0.0,0.002651127049180328,0.0008552022739291381
SH Johnson,death,4,6.0,84.0,0.07142857142857142,0.11151383196721311,0.08435930063458488
SH Johnson,death,6,8.0,84.0,0.09523809523809523,0.07952100409836066,0.09016806583818086
SH Johnson,death,W,5.0,84.0,0.05952380952380952,0.08016137295081967,0.0661810880486515
SH Johnson,death,Wd,7.0,84.0,0.08333333333333333,0.04340420081967213,0.07045296800634585
SH Johnson,death,Nb,1.0,84.0,0.011904761904761904,0.006570184426229508,0.010183930460074035
SH Johnson,middle,0,23.0,83.0,0.27710843373493976,0.2808889845966761,0.27833788116965075
SH Johnson,middle,1,25.0,83.0,0.30120481927710846,0.4414331678151601,0.34680753424883254
SH Johnson,middle,2,3.0,83.0,0.03614457831325301,0.06664217673287394,0.046062496498495586
SH Johnson,middle,3,0.0,83.0,0.0,0.002286430887717876,0.0007435547602334556
SH Johnson,middle,4,20.0,83.0,0.24096385542168675,0.08739739562221321,0.19102354329177665
SH Johnson,middle,6,6.0,83.0,0.07228915662650602,0.048281059991892986,0.06448164552581885
SH Johnson,middle,W,4.0,83.0,0.04819277108433735,0.04221980137819214,0.0462503419116072
SH Johnson,middle,Wd,2.0,83.0,0.024096385542168676,0.028171868666396434,0.025421745907771194
SH Johnson,middle,Nb,0.0,83.0,0.0,0.002679114308877179,0.0008712566858137167
SH Johnson,powerplay,0,65.0,150.0,0.43333333333333335,0.4228881521678736,0.4311343478248155
SH Johnson,powerplay,1,32.0,150.0,0.21333333333333335,0.25764450947345025,0.22266200199441058
SH Johnson,powerplay,2,6.0,150.0,0.04,0.04384827662845184,0.0408101635007267
SH Johnson,powerplay,3,1.0,150.0,0.006666666666666667,0.005028429611245902,0.006321774654999137
SH Johnson,powerplay,4,27.0,150.0,0.18,0.15223269683107069,0.17415425196443596
SH Johnson,powerplay,6,10.0,150.0,0.06666666666666667,0.040523771600022226,0.06116289928421521
SH Johnson,powerplay,W,3.0,150.0,0.02,0.03919952586446391,0.024042005445150297
SH Johnson,powerplay,Wd,6.0,150.0,0.04,0.03486563072990943,0.038919080153665145
SH Johnson,powerplay,Nb,0.0,150.0,0.0,0.003769007093512122,0.0007934751775814994
SK Raina,death,0,41.0,179.0,0.22905027932960895,0.21696977459016392,0.22684379444569205
SK Raina,death,1,84.0,179.0,0.4692737430167598,0.37083760245901637,0.45129453926192076
SK Raina,death,2,9.0,179.0,0.05027932960893855,0.08837090163934426,0.05723669436335055
SK Raina,death,3,1.0,179.0,0.00558659217877095,0.002651127049180328,0.00505043416423385
SK Raina,death,4,12.0,179.0,0.0670391061452514,0.11151383196721311,0.07516234373830377
SK Raina,death,6,14.0,179.0,0.0782122905027933,0.07952100409836066,0.07845132494947227
SK Raina,death,W,11.0,179.0,0.061452513966480445,0.08016137295081967,0.06486965715996706
SK Raina,death,Wd,7.0,179.0,0.03910614525139665,0.04340420081967213,0.039891178231903586
SK Raina,death,Nb,0.0,179.0,0.0,0.006570184426229508,0.0012000336851560745
SK Raina,middle,0,257.0,891.0,0.2884399551066218,0.2808889845966761,0.28811553102456183
SK Raina,middle,1,439.0,891.0,0.49270482603815935,0.4414331678151601,0.49050196209732155
SK Raina,middle,2,46.0,891.0,0.051627384960718295,0.06664217673287394,0.052272488796256664
SK Raina,middle,3,3.0,891.0,0.003367003367003367,0.002286430887717876,0.0033205770521038827
SK Raina,middle,4,59.0,891.0,0.06621773288439955,0.08739739562221321,0.06712770765294149
SK Raina,middle,6,39.0,891.0,0.04377104377104377,0.048281059991892986,0.04396481460760013
SK Raina,middle,W,22.0,891.0,0.024691358024691357,0.04221980137819214,0.025444459779943807
SK Raina,middle,Wd,26.0,891.0,0.029180695847362513,0.028171868666396434,0.029137352037224337
SK Raina,middle,Nb,0.0,891.0,0.0,0.002679114308877179,0.00011510695204628051
SK Raina,powerplay,0,21.0,65.0,0.3230769230769231,0.4228881521678736,0.3611002484449043
SK Raina,powerplay,1,30.0,65.0,0.46153846153846156,0.25764450947345025,0.3838645750375049
SK Raina,powerplay,2,2.0,65.0,0.03076923076923077,0.04384827662845184,0.03575172442988641
SK Raina,powerplay,3,1.0,65.0,0.015384615384615385,0.005028429611245902,0.011439401756665104
SK Raina,powerplay,4,5.0,65.0,0.07692307692307693,0.15223269683107069,0.10561245593564597
SK Raina,powerplay,6,4.0,65.0,0.06153846153846154,0.040523771600022226,0.05353286537143704
SK Raina,powerplay,W,2.0,65.0,0.03076923076923077,0.03919952586446391,0.033980771757891014
SK Raina,powerplay,Wd,0.0,65.0,0.0,0.03486563072990943,0.0132821450399655
SK Raina,powerplay,Nb,0.0,65.0,0.0,0.003769007093512122,0.0014358122260998561
SK Trivedi,death,0,67.0,283.0,0.23674911660777384,0.21696977459016392,0.234299662487946
SK Trivedi,death,1,106.0,283.0,0.3745583038869258,0.37083760245901637,0.3740975359082373
SK Trivedi,death,2,27.0,283.0,0.09540636042402827,0.08837090163934426,0.09453509617824697
SK Trivedi,death,3,1.0,283.0,0.0035335689045936395,0.002651127049180328,0.0034242881794650563
SK Trivedi,death,4,24.0,283.0,0.08480565371024736,0.11151383196721311,0.08811316804547531
SK Trivedi,death,6,25.0,283.0,0.08833922261484099,0.07952100409836066,0.08724718317007563
SK Trivedi,death,W,24.0,283.0,0.08480565371024736,0.08016137295081967,0.08423051058214485
SK Trivedi,death,Wd,7.0,283.0,0.024734982332155476,0.04340420081967213,0.027046959853829367
SK Trivedi,death,Nb,2.0,283.0,0.007067137809187279,0.006570184426229508,0.007005595594579505
SK Trivedi,middle,0,285.0,964.0,0.29564315352697096,0.2808889845966761,0.29505533803174006
SK Trivedi,middle,1,423.0,964.0,0.4387966804979253,0.4414331678151601,0.4389017198332733
SK Trivedi,middle,2,77.0,964.0,0.07987551867219916,0.06664217673287394,0.07934829389374
SK Trivedi,middle,3,2.0,964.0,0.002074688796680498,0.002286430887717876,0.002083124736562465
SK Trivedi,middle,4,93.0,964.0,0.09647302904564316,0.08739739562221321,0.09611145002478938
SK Trivedi,middle,6,18.0,964.0,0.01867219917012448,0.048281059991892986,0.019851835059437967
SK Trivedi,middle,W,34.0,964.0,0.035269709543568464,0.04221980137819214,0.035546605632597296
SK Trivedi,middle,Wd,28.0,964.0,0.029045643153526972,0.028171868666396434,0.02901083142097197
SK Trivedi,middle,Nb,4.0,964.0,0.004149377593360996,0.002679114308877179,0.004090801366887537
SK Trivedi,powerplay,0,41.0,104.0,0.3942307692307692,0.4228881521678736,0.4021911533799649
SK Trivedi,powerplay,1,19.0,104.0,0.18269230769230768,0.25764450947345025,0.20351236374262507
SK Trivedi,powerplay,2,7.0,104.0,0.0673076923076923,0.04384827662845184,0.06079118795234774
SK Trivedi,powerplay,3,1.0,104.0,0.009615384615384616,0.005028429611245902,0.008341230447568305
SK Trivedi,powerplay,4,20.0,104.0,0.19230769230769232,0.15223269683107069,0.18117574911974185
SK Trivedi,powerplay,6,2.0,104.0,0.019230769230769232,0.040523771600022226,0.025145492111117287
SK Trivedi,powerplay,W,5.0,104.0,0.04807692307692308,0.03919952586446391,0.04561097940679553
SK Trivedi,powerplay,Wd,7.0,104.0,0.0673076923076923,0.03486563072990943,0.05829600853608595
SK Trivedi,powerplay,Nb,2.0,104.0,0.019230769230769232,0.003769007093512122,0.014935835303753368
SK Warne,death,0,47.0,199.0,0.23618090452261306,0.21696977459016392,0.23296565265107347
SK Warne,death,1,81.0,199.0,0.40703517587939697,0.37083760245901637,0.4009770045956513
SK Warne,death,2,15.0,199.0,0.07537688442211055,0.08837090163934426,0.07755161533712875
SK Warne,death,3,0.0,199.0,0.0,0.002651127049180328,0.0004437032718293436
SK Warne,death,4,17.0,199.0,0.08542713567839195,0.11151383196721311,0.08979310995267166
SK Warne,death,6,20.0,199.0,0.10050251256281408,0.07952100409836066,0.09699096302901433
SK Warne,death,W,13.0,199.0,0.06532663316582915,0.08016137295081967,0.06780943480348446
SK Warne,death,Wd,6.0,199.0,0.03015075376884422,0.04340420081967213,0.032368903902873995
SK Warne,death,Nb,0.0,199.0,0.0,0.006570184426229508,0.001099612456272721
SK Warne,middle,0,274.0,852.0,0.3215962441314554,0.2808889845966761,0.3197708064841559
SK Warne,middle,1,364.0,852.0,0.4272300469483568,0.4414331678151601,0.4278669581979892
SK Warne,middle,2,70.0,852.0,0.08215962441314555,0.06664217673287394,0.08146377474138448
SK Warne,middle,3,2.0,852.0,0.002347417840375587,0.002286430887717876,0.002344682999449232
SK Warne,middle,4,61.0,852.0,0.0715962441314554,0.08739739562221321,0.07230481594718445
SK Warne,middle,6,30.0,852.0,0.035211267605633804,0.048281059991892986,0.0357973569503091
SK Warne,middle,W,31.0,852.0,0.036384976525821594,0.04221980137819214,0.03664662786449292
SK Warne,middle,Wd,20.0,852.0,0.023474178403755867,0.028171868666396434,0.023684837159928092
SK Warne,middle,Nb,0.0,852.0,0.0,0.002679114308877179,0.00012013965510659994
SK Warne,powerplay,0,7.0,23.0,0.30434782608695654,0.4228881521678736,0.3796115251859515
SK Warne,powerplay,1,8.0,23.0,0.34782608695652173,0.25764450947345025,0.2905679425228256
SK Warne,powerplay,2,0.0,23.0,0.0,0.04384827662845184,0.027840175637112278
SK Warne,powerplay,3,0.0,23.0,0.0,0.005028429611245902,0.0031926537214259695
SK Warne,powerplay,4,6.0,23.0,0.2608695652173913,0.15223269683107069,0.19189377576575917
SK Warne,powerplay,6,1.0,23.0,0.043478260869565216,0.040523771600022226,0.04160239466668078
SK Warne,powerplay,W,1.0,23.0,0.043478260869565216,0.03919952586446391,0.04076160372346915
SK Warne,powerplay,Wd,0.0,23.0,0.0,0.03486563072990943,0.0221369083999425
SK Warne,powerplay,Nb,0.0,23.0,0.0,0.003769007093512122,0.0023930203768330934
SL Malinga,death,0,353.0,1605.0,0.21993769470404984,0.21696977459016392,0.2198655264338034
SL Malinga,death,1,670.0,1605.0,0.4174454828660436,0.37083760245901637,0.4163121605461159
SL Malinga,death,2,152.0,1605.0,0.09470404984423676,0.08837090163934426,0.09455005231949773
SL Malinga,death,3,3.0,1605.0,0.001869158878504673,0.002651127049180328,0.0018881733021077283
SL Malinga,death,4,149.0,1605.0,0.09283489096573208,0.11151383196721311,0.09328909013902038
SL Malinga,death,6,66.0,1605.0,0.041121495327102804,0.07952100409836066,0.042055221984154664
SL Malinga,death,W,141.0,1605.0,0.08785046728971962,0.08016137295081967,0.08766349843041507
SL Malinga,death,Wd,62.0,1605.0,0.038629283489096576,0.04340420081967213,0.0387453909013902
SL Malinga,death,Nb,9.0,1605.0,0.005607476635514018,0.006570184426229508,0.005630885943494942
SL Malinga,middle,0,231.0,876.0,0.2636986301369863,0.2808889845966761,0.26444930063740946
SL Malinga,middle,1,379.0,876.0,0.432648401826484,0.4414331678151601,0.43303201606179736
SL Malinga,middle,2,73.0,876.0,0.08333333333333333,0.06664217673287394,0.08260446186606436
SL Malinga,middle,3,2.0,876.0,0.00228310502283105,0.002286430887717876,0.002283250257105584
SL Malinga,middle,4,84.0,876.0,0.0958904109589041,0.08739739562221321,0.0955195369267342
SL Malinga,middle,6,19.0,876.0,0.021689497716894976,0.048281059991892986,0.022850701309689646
SL Malinga,middle,W,37.0,876.0,0.04223744292237443,0.04221980137819214,0.04223667254926603
SL Malinga,middle,Wd,46.0,876.0,0.05251141552511415,0.028171868666396434,0.05144855321687321
SL Malinga,middle,Nb,5.0,876.0,0.005707762557077625,0.002679114308877179,0.005575507175060139
SL Malinga,powerplay,0,744.0,1586.0,0.4691046658259773,0.4228881521678736,0.4679677282206119
SL Malinga,powerplay,1,409.0,1586.0,0.2578814627994956,0.25764450947345025,0.25787563368938377
SL Malinga,powerplay,2,70.0,1586.0,0.044136191677175286,0.04384827662845184,0.04412910889614888
SL Malinga,powerplay,3,7.0,1586.0,0.004413619167717529,0.005028429611245902,0.004428743655873208
SL Malinga,powerplay,4,193.0,1586.0,0.12168978562421186,0.15223269683107069,0.12244114875353188
SL Malinga,powerplay,6,26.0,1586.0,0.01639344262295082,0.040523771600022226,0.016987054651907064
SL Malinga,powerplay,W,59.0,1586.0,0.03720050441361917,0.03919952586446391,0.037249680833074145
SL Malinga,powerplay,Wd,70.0,1586.0,0.044136191677175286,0.03486563072990943,0.043908133597291746
SL Malinga,powerplay,Nb,8.0,1586.0,0.005044136191677175,0.003769007093512122,0.00501276770217742
SM Boland,death,0,7.0,29.0,0.2413793103448276,0.21696977459016392,0.22722885483487765
SM Boland,death,1,12.0,29.0,0.41379310344827586,0.37083760245901637,0.38889136374435734
SM Boland,death,2,3.0,29.0,0.10344827586206896,0.08837090163934426,0.09470776906628653
SM Boland,death,3,0.0,29.0,0.0,0.002651127049180328,0.0015368852459016393
SM Boland,death,4,3.0,29.0,0.10344827586206896,0.11151383196721311,0.10812396056070325
SM Boland,death,6,1.0,29.0,0.034482758620689655,0.07952100409836066,0.06059188643383227
SM Boland,death,W,2.0,29.0,0.06896551724137931,0.08016137295081967,0.07545586837728677
SM Boland,death,Wd,1.0,29.0,0.034482758620689655,0.04340420081967213,0.039654609170824424
SM Boland,death,Nb,0.0,29.0,0.0,0.006570184426229508,0.00380880256593015
SM Boland,middle,0,4.0,24.0,0.16666666666666666,0.2808889845966761,0.23805561537292258
SM Boland,middle,1,13.0,24.0,0.5416666666666666,0.4414331678151601,0.4790207298844751
SM Boland,middle,2,4.0,24.0,0.16666666666666666,0.06664217673287394,0.10415136045804621
SM Boland,middle,3,0.0,24.0,0.0,0.002286430887717876,0.0014290193048236725
SM Boland,middle,4,2.0,24.0,0.08333333333333333,0.08739739562221321,0.08587337226388325
SM Boland,middle,6,1.0,24.0,0.041666666666666664,0.048281059991892986,0.045800662494933114
SM Boland,middle,W,0.0,24.0,0.0,0.04221980137819214,0.026387375861370087
SM Boland,middle,Wd,0.0,24.0,0.0,0.028171868666396434,0.01760741791649777
SM Boland,middle,Nb,0.0,24.0,0.0,0.002679114308877179,0.0016744464430482368
SM Boland,powerplay,0,18.0,42.0,0.42857142857142855,0.4228881521678736,0.425799098618475
SM Boland,powerplay,1,9.0,42.0,0.21428571428571427,0.25764450947345025,0.2354363460846099
SM Boland,powerplay,2,2.0,42.0,0.047619047619047616,0.04384827662845184,0.04577964713583016
SM Boland,powerplay,3,0.0,42.0,0.0,0.005028429611245902,0.002452892493290684
SM Boland,powerplay,4,9.0,42.0,0.21428571428571427,0.15223269683107069,0.184015949673693
SM Boland,powerplay,6,0.0,42.0,0.0,0.040523771600022226,0.019767693463425478
SM Boland,powerplay,W,2.0,42.0,0.047619047619047616,0.03919952586446391,0.04351196383632386
SM Boland,powerplay,Wd,2.0,42.0,0.047619047619047616,0.03486563072990943,0.04139786864873631
SM Boland,powerplay,Nb,0.0,42.0,0.0,0.003769007093512122,0.0018385400456156695
SM Curran,death,0,117.0,625.0,0.1872,0.21696977459016392,0.18899066313324295
SM Curran,death,1,220.0,625.0,0.352,0.37083760245901637,0.3531330888697153
SM Curran,death,2,66.0,625.0,0.1056,0.08837090163934426,0.1045636632565019
SM Curran,death,3,3.0,625.0,0.0048,0.002651127049180328,0.0046707444841612225
SM Curran,death,4,62.0,625.0,0.0992,0.11151383196721311,0.09994068162208801
SM Curran,death,6,70.0,625.0,0.112,0.07952100409836066,0.11004637618636755
SM Curran,death,W,49.0,625.0,0.0784,0.08016137295081967,0.07850594724516209
SM Curran,death,Wd,34.0,625.0,0.0544,0.04340420081967213,0.05373859854554419
SM Curran,death,Nb,4.0,625.0,0.0064,0.006570184426229508,0.006410236657216812
SM Curran,middle,0,132.0,571.0,0.23117338003502627,0.2808889845966761,0.23442808409798208
SM Curran,middle,1,226.0,571.0,0.3957968476357268,0.4414331678151601,0.398784495437981
SM Curran,middle,2,50.0,571.0,0.08756567425569177,0.06664217673287394,0.08619588718382153
SM Curran,middle,3,0.0,571.0,0.0,0.002286430887717876,0.00014968450983423085
SM Curran,middle,4,70.0,571.0,0.12259194395796848,0.08739739562221321,0.12028788187379466
SM Curran,middle,6,38.0,571.0,0.06654991243432574,0.048281059991892986,0.06535391554775076
SM Curran,middle,W,27.0,571.0,0.047285464098073555,0.04221980137819214,0.04695383315078181
SM Curran,middle,Wd,24.0,571.0,0.04203152364273205,0.028171868666396434,0.04112418125475591
SM Curran,middle,Nb,4.0,571.0,0.0070052539404553416,0.002679114308877179,0.006722036943298014
SM Curran,powerplay,0,306.0,860.0,0.3558139534883721,0.4228881521678736,0.3587950289852388
SM Curran,powerplay,1,277.0,860.0,0.32209302325581396,0.25764450947345025,0.3192286448654867
SM Curran,powerplay,2,48.0,860.0,0.05581395348837209,0.04384827662845184,0.0552821456279312
SM Curran,powerplay,3,4.0,860.0,0.004651162790697674,0.005028429611245902,0.004667930204944262
SM Curran,powerplay,4,140.0,860.0,0.16279069767441862,0.15223269683107069,0.16232145319249203
SM Curran,powerplay,6,30.0,860.0,0.03488372093023256,0.040523771600022226,0.03513438984888988
SM Curran,powerplay,W,21.0,860.0,0.02441860465116279,0.03919952586446391,0.02507553448286506
SM Curran,powerplay,Wd,32.0,860.0,0.037209302325581395,0.03486563072990943,0.037105139143551534
SM Curran,powerplay,Nb,2.0,860.0,0.002325581395348837,0.003769007093512122,0.002389733648600539
SM Harwood,death,0,6.0,29.0,0.20689655172413793,0.21696977459016392,0.21273610121168923
SM Harwood,death,1,9.0,29.0,0.3103448275862069,0.37083760245901637,0.3454131028747921
SM Harwood,death,2,2.0,29.0,0.06896551724137931,0.08837090163934426,0.08021501544309813
SM Harwood,death,3,1.0,29.0,0.034482758620689655,0.002651127049180328,0.016029638869090045
SM Harwood,death,4,6.0,29.0,0.20689655172413793,0.11151383196721311,0.1516022214302685
SM Harwood,death,6,1.0,29.0,0.034482758620689655,0.07952100409836066,0.06059188643383227
SM Harwood,death,W,2.0,29.0,0.06896551724137931,0.08016137295081967,0.07545586837728677
SM Harwood,death,Wd,2.0,29.0,0.06896551724137931,0.04340420081967213,0.05414736279401283
SM Harwood,death,Nb,0.0,29.0,0.0,0.006570184426229508,0.00380880256593015
SM Harwood,middle,0,15.0,34.0,0.4411764705882353,0.2808889845966761,0.35453458626847356
SM Harwood,middle,1,10.0,34.0,0.29411764705882354,0.4414331678151601,0.37374765827846496
SM Harwood,middle,2,1.0,34.0,0.029411764705882353,0.06664217673287394,0.04953631174749942
SM Harwood,middle,3,0.0,34.0,0.0,0.002286430887717876,0.0012359085879556087
SM Harwood,middle,4,1.0,34.0,0.029411764705882353,0.08739739562221321,0.06075534898498011
SM Harwood,middle,6,1.0,34.0,0.029411764705882353,0.048281059991892986,0.03961138377940161
SM Harwood,middle,W,2.0,34.0,0.058823529411764705,0.04221980137819214,0.049848541285509265
SM Harwood,middle,Wd,4.0,34.0,0.11764705882352941,0.028171868666396434,0.0692820911710251
SM Harwood,middle,Nb,0.0,34.0,0.0,0.002679114308877179,0.001448169896690367
SM Harwood,powerplay,0,26.0,49.0,0.5306122448979592,0.4228881521678736,0.4821969223226399
SM Harwood,powerplay,1,9.0,49.0,0.1836734693877551,0.25764450947345025,0.21691888066222484
SM Harwood,powerplay,2,1.0,49.0,0.02040816326530612,0.04384827662845184,0.03094304567570869
SM Harwood,powerplay,3,0.0,49.0,0.0,0.005028429611245902,0.0022599683646049
SM Harwood,powerplay,4,8.0,49.0,0.16326530612244897,0.15223269683107069,0.15830683003643625
SM Harwood,powerplay,6,1.0,49.0,0.02040816326530612,0.040523771600022226,0.02944888611236954
SM Harwood,powerplay,W,1.0,49.0,0.02040816326530612,0.03919952586446391,0.0288537194896467
SM Harwood,powerplay,Wd,3.0,49.0,0.061224489795918366,0.03486563072990943,0.04937781156400423
SM Harwood,powerplay,Nb,0.0,49.0,0.0,0.003769007093512122,0.0016939357723649987
SM Pollock,death,0,1.0,9.0,0.1111111111111111,0.21696977459016392,0.19752634660421545
SM Pollock,death,1,7.0,9.0,0.7777777777777778,0.37083760245901637,0.44558171629307464
SM Pollock,death,2,0.0,9.0,0.0,0.08837090163934426,0.07213951154232184
SM Pollock,death,3,0.0,9.0,0.0,0.002651127049180328,0.002164185346269655
SM Pollock,death,4,1.0,9.0,0.1111111111111111,0.11151383196721311,0.11143986283037806
SM Pollock,death,6,0.0,9.0,0.0,0.07952100409836066,0.06491510538641687
SM Pollock,death,W,0.0,9.0,0.0,0.08016137295081967,0.06543785547005687
SM Pollock,death,Wd,0.0,9.0,0.0,0.04340420081967213,0.03543200066912011
SM Pollock,death,Nb,0.0,9.0,0.0,0.006570184426229508,0.005363415858146537
SM Pollock,middle,0,29.0,94.0,0.30851063829787234,0.2808889845966761,0.3002653685363212
SM Pollock,middle,1,32.0,94.0,0.3404255319148936,0.4414331678151601,0.3705770650194508
SM Pollock,middle,2,4.0,94.0,0.0425531914893617,0.06664217673287394,0.049743933353096695
SM Pollock,middle,3,1.0,94.0,0.010638297872340425,0.002286430887717876,0.008145203250065038
SM Pollock,middle,4,9.0,94.0,0.09574468085106383,0.08739739562221321,0.09325295391707857
SM Pollock,middle,6,7.0,94.0,0.07446808510638298,0.048281059991892986,0.06665106268414715
SM Pollock,middle,W,7.0,94.0,0.07446808510638298,0.04221980137819214,0.06484173175468422
SM Pollock,middle,Wd,5.0,94.0,0.05319148936170213,0.028171868666396434,0.0457229458705661
SM Pollock,middle,Nb,0.0,94.0,0.0,0.002679114308877179,0.0007997356145902026
SM Pollock,powerplay,0,117.0,250.0,0.468,0.4228881521678736,0.461777676161086
SM Pollock,powerplay,1,60.0,250.0,0.24,0.25764450947345025,0.24243372544461383
SM Pollock,powerplay,2,13.0,250.0,0.052,0.04384827662845184,0.050875624362545085
SM Pollock,powerplay,3,2.0,250.0,0.008,0.005028429611245902,0.007590128222240814
SM Pollock,powerplay,4,27.0,250.0,0.108,0.15223269683107069,0.11410106163187184
SM Pollock,powerplay,6,11.0,250.0,0.044,0.040523771600022226,0.04352052022069272
SM Pollock,powerplay,W,15.0,250.0,0.06,0.03919952586446391,0.05713096908475364
SM Pollock,powerplay,Wd,5.0,250.0,0.02,0.03486563072990943,0.022050431824815094
SM Pollock,powerplay,Nb,0.0,250.0,0.0,0.003769007093512122,0.0005198630473809823
SMSM Senanayake,death,0,13.0,62.0,0.20967741935483872,0.21696977459016392,0.21253716650594665
SMSM Senanayake,death,1,33.0,62.0,0.532258064516129,0.37083760245901637,0.4689559225329476
SMSM Senanayake,death,2,6.0,62.0,0.0967741935483871,0.08837090163934426,0.0934787849566056
SMSM Senanayake,death,3,0.0,62.0,0.0,0.002651127049180328,0.0010396576663452266
SMSM Senanayake,death,4,1.0,62.0,0.016129032258064516,0.11151383196721311,0.05353483606557377
SMSM Senanayake,death,6,6.0,62.0,0.0967741935483871,0.07952100409836066,0.09000823690131791
SMSM Senanayake,death,W,3.0,62.0,0.04838709677419355,0.08016137295081967,0.06084759723561556
SMSM Senanayake,death,Wd,0.0,62.0,0.0,0.04340420081967213,0.01702125522340084
SMSM Senanayake,death,Nb,0.0,62.0,0.0,0.006570184426229508,0.002576542912246866
SMSM Senanayake,middle,0,63.0,216.0,0.2916666666666667,0.2808889845966761,0.28998265384323063
SMSM Senanayake,middle,1,97.0,216.0,0.44907407407407407,0.4414331678151601,0.44788018247111877
SMSM Senanayake,middle,2,18.0,216.0,0.08333333333333333,0.06664217673287394,0.08072534011451155
SMSM Senanayake,middle,3,0.0,216.0,0.0,0.002286430887717876,0.0003572548262059181
SMSM Senanayake,middle,4,14.0,216.0,0.06481481481481481,0.08739739562221321,0.06834334306597081
SMSM Senanayake,middle,6,9.0,216.0,0.041666666666666664,0.048281059991892986,0.04270016562373328
SMSM Senanayake,middle,W,11.0,216.0,0.05092592592592592,0.04221980137819214,0.04956559396534252
SMSM Senanayake,middle,Wd,4.0,216.0,0.018518518518518517,0.028171868666396434,0.02002685447912444
SMSM Senanayake,middle,Nb,0.0,216.0,0.0,0.002679114308877179,0.0004186116107620592
SMSM Senanayake,powerplay,0,118.0,265.0,0.44528301886792454,0.4228881521678736,0.4423459871695572
SMSM Senanayake,powerplay,1,91.0,265.0,0.3433962264150943,0.25764450947345025,0.33215009960307545
SMSM Senanayake,powerplay,2,7.0,265.0,0.026415094339622643,0.04384827662845184,0.028701413328321556
SMSM Senanayake,powerplay,3,3.0,265.0,0.011320754716981131,0.005028429611245902,0.010495531752294545
SMSM Senanayake,powerplay,4,27.0,265.0,0.1018867924528302,0.15223269683107069,0.10848953401063223
SMSM Senanayake,powerplay,6,6.0,265.0,0.022641509433962263,0.040523771600022226,0.02498672414426521
SMSM Senanayake,powerplay,W,8.0,265.0,0.03018867924528302,0.03919952586446391,0.03137042962156904
SMSM Senanayake,powerplay,Wd,5.0,265.0,0.018867924528301886,0.03486563072990943,0.020965984358020908
SMSM Senanayake,powerplay,Nb,0.0,265.0,0.0,0.003769007093512122,0.0004942960122638849
SN Khan,death,0,0.0,2.0,0.0,0.21696977459016392,0.2066378805620609
SN Khan,death,1,0.0,2.0,0.0,0.37083760245901637,0.353178669008587
SN Khan,death,2,1.0,2.0,0.5,0.08837090163934426,0.10797228727556597
SN Khan,death,3,0.0,2.0,0.0,0.002651127049180328,0.002524882903981265
SN Khan,death,4,1.0,2.0,0.5,0.11151383196721311,0.13001317330210774
SN Khan,death,6,0.0,2.0,0.0,0.07952100409836066,0.07573428961748634
SN Khan,death,W,0.0,2.0,0.0,0.08016137295081967,0.07634416471506635
SN Khan,death,Wd,0.0,2.0,0.0,0.04340420081967213,0.04133733411397346
SN Khan,death,Nb,0.0,2.0,0.0,0.006570184426229508,0.00625731850117096
SN Thakur,death,0,181.0,907.0,0.19955898566703417,0.21696977459016392,0.20029439385808506
SN Thakur,death,1,313.0,907.0,0.34509371554575524,0.37083760245901637,0.3461811025325878
SN Thakur,death,2,84.0,907.0,0.0926130099228225,0.08837090163934426,0.09243382900271782
SN Thakur,death,3,3.0,907.0,0.0033076074972436605,0.002651127049180328,0.003279878650440563
SN Thakur,death,4,98.0,907.0,0.10804851157662625,0.11151383196721311,0.10819488202607025
SN Thakur,death,6,82.0,907.0,0.09040793825799338,0.07952100409836066,0.08994808887427078
SN Thakur,death,W,75.0,907.0,0.08269018743109151,0.08016137295081967,0.08258337372548341
SN Thakur,death,Wd,65.0,907.0,0.07166482910694598,0.04340420081967213,0.07047113836619523
SN Thakur,death,Nb,6.0,907.0,0.006615214994487321,0.006570184426229508,0.006613312964149081
SN Thakur,middle,0,226.0,854.0,0.2646370023419204,0.2808889845966761,0.2653641603846387
SN Thakur,middle,1,331.0,854.0,0.3875878220140515,0.4414331678151601,0.3899970097456447
SN Thakur,middle,2,64.0,854.0,0.07494145199063232,0.06664217673287394,0.0745701197643344
SN Thakur,middle,3,1.0,854.0,0.00117096018735363,0.002286430887717876,0.0012208693909493457
SN Thakur,middle,4,97.0,854.0,0.11358313817330211,0.08739739562221321,0.11241151658264936
SN Thakur,middle,6,35.0,854.0,0.040983606557377046,0.048281059991892986,0.04131011454102429
SN Thakur,middle,W,42.0,854.0,0.04918032786885246,0.04221980137819214,0.048868894916250204
SN Thakur,middle,Wd,53.0,854.0,0.06206088992974239,0.028171868666396434,0.060544602624894694
SN Thakur,middle,Nb,5.0,854.0,0.00585480093676815,0.002679114308877179,0.005712712049614191
SN Thakur,powerplay,0,305.0,872.0,0.34977064220183485,0.4228881521678736,0.35297755053367863
SN Thakur,powerplay,1,232.0,872.0,0.26605504587155965,0.25764450947345025,0.26568616269620393
SN Thakur,powerplay,2,44.0,872.0,0.05045871559633028,0.04384827662845184,0.0501687840626514
SN Thakur,powerplay,3,4.0,872.0,0.0045871559633027525,0.005028429611245902,0.0046065100706686795
SN Thakur,powerplay,4,182.0,872.0,0.20871559633027523,0.15223269683107069,0.20623827617680135
SN Thakur,powerplay,6,39.0,872.0,0.04472477064220184,0.040523771600022226,0.04454051629824659
SN Thakur,powerplay,W,29.0,872.0,0.033256880733944956,0.03919952586446391,0.03351752306423087
SN Thakur,powerplay,Wd,35.0,872.0,0.040137614678899085,0.03486563072990943,0.03990638731271533
SN Thakur,powerplay,Nb,2.0,872.0,0.0022935779816513763,0.003769007093512122,0.0023582897848031634
SP Narine,death,0,368.0,1213.0,0.3033800494641385,0.21696977459016392,0.3006215410882734
SP Narine,death,1,482.0,1213.0,0.3973619126133553,0.37083760245901637,0.3965151668781809
SP Narine,death,2,91.0,1213.0,0.07502061005770816,0.08837090163934426,0.0754467965407612
SP Narine,death,3,2.0,1213.0,0.0016488046166529267,0.002651127049180328,0.0016808021404367223
SP Narine,death,4,78.0,1213.0,0.06430338004946413,0.11151383196721311,0.06581049742912093
SP Narine,death,6,67.0,1213.0,0.055234954657873044,0.07952100409836066,0.0560102475370586
SP Narine,death,W,99.0,1213.0,0.08161582852431987,0.08016137295081967,0.08156939738071252
SP Narine,death,Wd,23.0,1213.0,0.018961253091508656,0.04340420081967213,0.0197415546949616
SP Narine,death,Nb,3.0,1213.0,0.00247320692497939,0.006570184426229508,0.002603996310494158
SP Narine,middle,0,911.0,2790.0,0.3265232974910394,0.2808889845966761,0.32587828953493536
SP Narine,middle,1,1274.0,2790.0,0.45663082437275987,0.4414331678151601,0.4564160165062213
SP Narine,middle,2,207.0,2790.0,0.07419354838709677,0.06664217673287394,0.07408681521883921
SP Narine,middle,3,5.0,2790.0,0.0017921146953405018,0.002286430887717876,0.001799101496646189
SP Narine,middle,4,157.0,2790.0,0.056272401433691756,0.08739739562221321,0.056712330680172625
SP Narine,middle,6,107.0,2790.0,0.038351254480286735,0.048281059991892986,0.03849160508822464
SP Narine,middle,W,100.0,2790.0,0.035842293906810034,0.04221980137819214,0.035932435355168796
SP Narine,middle,Wd,24.0,2790.0,0.008602150537634409,0.028171868666396434,0.008878754327440232
SP Narine,middle,Nb,5.0,2790.0,0.0017921146953405018,0.002679114308877179,0.0018046517923516207
SP Narine,powerplay,0,509.0,1161.0,0.4384151593453919,0.4228881521678736,0.4378980233861074
SP Narine,powerplay,1,359.0,1161.0,0.30921619293712316,0.25764450947345025,0.3074985681756353
SP Narine,powerplay,2,47.0,1161.0,0.040482342807924204,0.04384827662845184,0.04059444718163037
SP Narine,powerplay,3,3.0,1161.0,0.002583979328165375,0.005028429611245902,0.002665393159408689
SP Narine,powerplay,4,140.0,1161.0,0.12058570198105081,0.15223269683107069,0.1216397234581539
SP Narine,powerplay,6,41.0,1161.0,0.03531438415159346,0.040523771600022226,0.03548788581515478
SP Narine,powerplay,W,35.0,1161.0,0.030146425495262703,0.03919952586446391,0.030447944241947175
SP Narine,powerplay,Wd,25.0,1161.0,0.02153316106804479,0.03486563072990943,0.021977206685425795
SP Narine,powerplay,Nb,2.0,1161.0,0.0017226528854435831,0.003769007093512122,0.0017908078965366235
SPD Smith,death,0,4.0,20.0,0.2,0.21696977459016392,0.2113131830601093
SPD Smith,death,1,6.0,20.0,0.3,0.37083760245901637,0.3472250683060109
SPD Smith,death,2,3.0,20.0,0.15,0.08837090163934426,0.10891393442622951
SPD Smith,death,3,0.0,20.0,0.0,0.002651127049180328,0.0017674180327868852
SPD Smith,death,4,2.0,20.0,0.1,0.11151383196721311,0.10767588797814208
SPD Smith,death,6,5.0,20.0,0.25,0.07952100409836066,0.13634733606557378
SPD Smith,death,W,0.0,20.0,0.0,0.08016137295081967,0.05344091530054644
SPD Smith,death,Wd,0.0,20.0,0.0,0.04340420081967213,0.028936133879781424
SPD Smith,death,Nb,0.0,20.0,0.0,0.006570184426229508,0.004380122950819672
SPD Smith,middle,0,49.0,168.0,0.2916666666666667,0.2808889845966761,0.2895940354993608
SPD Smith,middle,1,69.0,168.0,0.4107142857142857,0.4414331678151601,0.41662176304137694
SPD Smith,middle,2,16.0,168.0,0.09523809523809523,0.06664217673287394,0.08973888014093728
SPD Smith,middle,3,0.0,168.0,0.0,0.002286430887717876,0.00043969824763805305
SPD Smith,middle,4,15.0,168.0,0.08928571428571429,0.08739739562221321,0.08892257608119485
SPD Smith,middle,6,6.0,168.0,0.03571428571428571,0.048281059991892986,0.03813097307536403
SPD Smith,middle,W,11.0,168.0,0.06547619047619048,0.04221980137819214,0.06100380795734464
SPD Smith,middle,Wd,2.0,168.0,0.011904761904761904,0.028171868666396434,0.015033051666614698
SPD Smith,middle,Nb,0.0,168.0,0.0,0.002679114308877179,0.0005152142901686883
SR Tendulkar,death,0,3.0,9.0,0.3333333333333333,0.21696977459016392,0.2383426731348277
SR Tendulkar,death,1,1.0,9.0,0.1111111111111111,0.37083760245901637,0.3231327367012378
SR Tendulkar,death,2,0.0,9.0,0.0,0.08837090163934426,0.07213951154232184
SR Tendulkar,death,3,0.0,9.0,0.0,0.002651127049180328,0.002164185346269655
SR Tendulkar,death,4,3.0,9.0,0.3333333333333333,0.11151383196721311,0.1522561893609903
SR Tendulkar,death,6,1.0,9.0,0.1111111111111111,0.07952100409836066,0.085323268651723
SR Tendulkar,death,W,1.0,9.0,0.1111111111111111,0.08016137295081967,0.08584601873536299
SR Tendulkar,death,Wd,0.0,9.0,0.0,0.04340420081967213,0.03543200066912011
SR Tendulkar,death,Nb,0.0,9.0,0.0,0.006570184426229508,0.005363415858146537
SR Tendulkar,middle,0,8.0,37.0,0.21621621621621623,0.2808889845966761,0.24981245953074085
SR Tendulkar,middle,1,20.0,37.0,0.5405405405405406,0.4414331678151601,0.48905619107281045
SR Tendulkar,middle,2,3.0,37.0,0.08108108108108109,0.06664217673287394,0.0735803515495449
SR Tendulkar,middle,3,0.0,37.0,0.0,0.002286430887717876,0.0011877563053079875
SR Tendulkar,middle,4,4.0,37.0,0.10810810810810811,0.08739739562221321,0.09734929642712374
SR Tendulkar,middle,6,0.0,37.0,0.0,0.048281059991892986,0.025081070125658692
SR Tendulkar,middle,W,1.0,37.0,0.02702702702702703,0.04221980137819214,0.034919377339320594
SR Tendulkar,middle,Wd,1.0,37.0,0.02702702702702703,0.028171868666396434,0.02762174995656957
SR Tendulkar,middle,Nb,0.0,37.0,0.0,0.002679114308877179,0.0013917476929232097
SR Watson,death,0,158.0,743.0,0.2126514131897712,0.21696977459016392,0.2128720191361514
SR Watson,death,1,266.0,743.0,0.35800807537012114,0.37083760245901637,0.3586634790528233
SR Watson,death,2,57.0,743.0,0.07671601615074024,0.08837090163934426,0.07731141259971107
SR Watson,death,3,1.0,743.0,0.0013458950201884253,0.002651127049180328,0.0014125735401880118
SR Watson,death,4,102.0,743.0,0.13728129205921938,0.11151383196721311,0.13596494671607728
SR Watson,death,6,41.0,743.0,0.05518169582772544,0.07952100409836066,0.05642508322341561
SR Watson,death,W,60.0,743.0,0.08075370121130551,0.08016137295081967,0.08072344178548249
SR Watson,death,Wd,47.0,743.0,0.063257065948856,0.04340420081967213,0.06224287105081339
SR Watson,death,Nb,11.0,743.0,0.014804845222072678,0.006570184426229508,0.014384172895337395
SR Watson,middle,0,284.0,939.0,0.30244941427050054,0.2808889845966761,0.301568497838475
SR Watson,middle,1,398.0,939.0,0.42385516506922255,0.4414331678151601,0.42457336742860713
SR Watson,middle,2,69.0,939.0,0.07348242811501597,0.06664217673287394,0.07320294899827881
SR Watson,middle,3,1.0,939.0,0.0010649627263045794,0.002286430887717876,0.0011148694949016497
SR Watson,middle,4,93.0,939.0,0.09904153354632587,0.08739739562221321,0.09856577714493212
SR Watson,middle,6,36.0,939.0,0.038338658146964855,0.048281059991892986,0.03874488498434701
SR Watson,middle,W,30.0,939.0,0.03194888178913738,0.04221980137819214,0.032368531210549216
SR Watson,middle,Wd,26.0,939.0,0.027689030883919063,0.028171868666396434,0.02770875867891303
SR Watson,middle,Nb,2.0,939.0,0.002129925452609159,0.002679114308877179,0.0021523642209960035
SR Watson,powerplay,0,424.0,929.0,0.4564047362755651,0.4228881521678736,0.4550211827520278
SR Watson,powerplay,1,220.0,929.0,0.23681377825618946,0.25764450947345025,0.23767366396175232
SR Watson,powerplay,2,41.0,929.0,0.04413347685683531,0.04384827662845184,0.04412170388559141
SR Watson,powerplay,3,5.0,929.0,0.005382131324004306,0.005028429611245902,0.005367530634107158
SR Watson,powerplay,4,140.0,929.0,0.15069967707212056,0.15223269683107069,0.15076295962150962
SR Watson,powerplay,6,24.0,929.0,0.02583423035522067,0.040523771600022226,0.026440609766770783
SR Watson,powerplay,W,37.0,929.0,0.03982777179763186,0.03919952586446391,0.03980183801298097
SR Watson,powerplay,Wd,36.0,929.0,0.038751345532831,0.03486563072990943,0.038590944508974594
SR Watson,powerplay,Nb,2.0,929.0,0.002152852529601722,0.003769007093512122,0.00221956685628533
SS Cottrell,death,0,49.0,235.0,0.20851063829787234,0.21696977459016392,0.20974105812220567
SS Cottrell,death,1,77.0,235.0,0.3276595744680851,0.37083760245901637,0.33394001490312963
SS Cottrell,death,2,26.0,235.0,0.11063829787234042,0.08837090163934426,0.10739940387481371
SS Cottrell,death,3,2.0,235.0,0.00851063829787234,0.002651127049180328,0.0076583457526080475
SS Cottrell,death,4,27.0,235.0,0.1148936170212766,0.11151383196721311,0.11440201192250372
SS Cottrell,death,6,14.0,235.0,0.059574468085106386,0.07952100409836066,0.062475782414307006
SS Cottrell,death,W,22.0,235.0,0.09361702127659574,0.08016137295081967,0.09165983606557376
SS Cottrell,death,Wd,14.0,235.0,0.059574468085106386,0.04340420081967213,0.05722242921013413
SS Cottrell,death,Nb,4.0,235.0,0.01702127659574468,0.006570184426229508,0.01550111773472429
SS Cottrell,middle,0,37.0,135.0,0.2740740740740741,0.2808889845966761,0.2756317679078117
SS Cottrell,middle,1,53.0,135.0,0.3925925925925926,0.4414331678151601,0.40375615264346515
SS Cottrell,middle,2,10.0,135.0,0.07407407407407407,0.06664217673287394,0.07237535468179976
SS Cottrell,middle,3,0.0,135.0,0.0,0.002286430887717876,0.0005226127743355145
SS Cottrell,middle,4,11.0,135.0,0.08148148148148149,0.08739739562221321,0.08283369042793445
SS Cottrell,middle,6,8.0,135.0,0.05925925925925926,0.048281059991892986,0.05674995656957554
SS Cottrell,middle,W,6.0,135.0,0.044444444444444446,0.04221980137819214,0.04393595460072963
SS Cottrell,middle,Wd,10.0,135.0,0.07407407407407407,0.028171868666396434,0.06358214140946204
SS Cottrell,middle,Nb,0.0,135.0,0.0,0.002679114308877179,0.0006123689848862123
SS Cottrell,powerplay,0,228.0,492.0,0.4634146341463415,0.4228881521678736,0.460367530238186
SS Cottrell,powerplay,1,93.0,492.0,0.18902439024390244,0.25764450947345025,0.1941837977047707
SS Cottrell,powerplay,2,26.0,492.0,0.052845528455284556,0.04384827662845184,0.05216904335552269
SS Cottrell,powerplay,3,3.0,492.0,0.006097560975609756,0.005028429611245902,0.006017175158740293
SS Cottrell,powerplay,4,66.0,492.0,0.13414634146341464,0.15223269683107069,0.13550621780684743
SS Cottrell,powerplay,6,20.0,492.0,0.04065040650406504,0.040523771600022226,0.04064088508270844
SS Cottrell,powerplay,W,18.0,492.0,0.036585365853658534,0.03919952586446391,0.03678191923792962
SS Cottrell,powerplay,Wd,38.0,492.0,0.07723577235772358,0.03486563072990943,0.07405004742330146
SS Cottrell,powerplay,Nb,0.0,492.0,0.0,0.003769007093512122,0.00028338399199339266
SS Iyer,death,0,5.0,8.0,0.625,0.21696977459016392,0.2849748121584699
SS Iyer,death,1,1.0,8.0,0.125,0.37083760245901637,0.32986466871584696
SS Iyer,death,2,1.0,8.0,0.125,0.08837090163934426,0.09447575136612023
SS Iyer,death,3,0.0,8.0,0.0,0.002651127049180328,0.0022092725409836064
SS Iyer,death,4,0.0,8.0,0.0,0.11151383196721311,0.09292819330601093
SS Iyer,death,6,1.0,8.0,0.125,0.07952100409836066,0.08710083674863389
SS Iyer,death,W,0.0,8.0,0.0,0.08016137295081967,0.06680114412568305
SS Iyer,death,Wd,0.0,8.0,0.0,0.04340420081967213,0.03617016734972678
SS Iyer,death,Nb,0.0,8.0,0.0,0.006570184426229508,0.005475153688524591
SSB Magala,death,0,2.0,21.0,0.09523809523809523,0.21696977459016392,0.17506214727223865
SSB Magala,death,1,12.0,21.0,0.5714285714285714,0.37083760245901637,0.43989350980919106
SSB Magala,death,2,2.0,21.0,0.09523809523809523,0.08837090163934426,0.09073501746842247
SSB Magala,death,3,0.0,21.0,0.0,0.002651127049180328,0.0017384439666756249
SSB Magala,death,4,0.0,21.0,0.0,0.11151383196721311,0.07312382424079548
SSB Magala,death,6,4.0,21.0,0.19047619047619047,0.07952100409836066,0.11771869121203979
SSB Magala,death,W,1.0,21.0,0.047619047619047616,0.08016137295081967,0.06895827734479978
SSB Magala,death,Wd,0.0,21.0,0.0,0.04340420081967213,0.028461771029293204
SSB Magala,death,Nb,0.0,21.0,0.0,0.006570184426229508,0.00430831765654394
SSB Magala,middle,0,4.0,24.0,0.16666666666666666,0.2808889845966761,0.23805561537292258
SSB Magala,middle,1,9.0,24.0,0.375,0.4414331678151601,0.4165207298844751
SSB Magala,middle,2,3.0,24.0,0.125,0.06664217673287394,0.08852636045804621
SSB Magala,middle,3,0.0,24.0,0.0,0.002286430887717876,0.0014290193048236725
SSB Magala,middle,4,3.0,24.0,0.125,0.08739739562221321,0.10149837226388325
SSB Magala,middle,6,2.0,24.0,0.08333333333333333,0.048281059991892986,0.061425662494933114
SSB Magala,middle,W,2.0,24.0,0.08333333333333333,0.04221980137819214,0.05763737586137009
SSB Magala,middle,Wd,1.0,24.0,0.041666666666666664,0.028171868666396434,0.03323241791649777
SSB Magala,middle,Nb,0.0,24.0,0.0,0.002679114308877179,0.0016744464430482368
SSB Magala,powerplay,0,1.0,16.0,0.0625,0.4228881521678736,0.3199201086913383
SSB Magala,powerplay,1,5.0,16.0,0.3125,0.25764450947345025,0.2733175067667502
SSB Magala,powerplay,2,3.0,16.0,0.1875,0.04384827662845184,0.08489162616317988
SSB Magala,powerplay,3,0.0,16.0,0.0,0.005028429611245902,0.003591735436604216
SSB Magala,powerplay,4,7.0,16.0,0.4375,0.15223269683107069,0.23373764059362193
SSB Magala,powerplay,6,0.0,16.0,0.0,0.040523771600022226,0.028945551142873022
SSB Magala,powerplay,W,0.0,16.0,0.0,0.03919952586446391,0.027999661331759934
SSB Magala,powerplay,Wd,0.0,16.0,0.0,0.03486563072990943,0.024904021949935313
SSB Magala,powerplay,Nb,0.0,16.0,0.0,0.003769007093512122,0.0026921479239372303
ST Jayasuriya,death,0,15.0,74.0,0.20270270270270271,0.21696977459016392,0.207708692838654
ST Jayasuriya,death,1,27.0,74.0,0.36486486486486486,0.37083760245901637,0.36696056226632157
ST Jayasuriya,death,2,12.0,74.0,0.16216216216216217,0.08837090163934426,0.1362704918032787
ST Jayasuriya,death,3,0.0,74.0,0.0,0.002651127049180328,0.0009302200172562554
ST Jayasuriya,death,4,5.0,74.0,0.06756756756756757,0.11151383196721311,0.08298730946218005
ST Jayasuriya,death,6,7.0,74.0,0.0945945945945946,0.07952100409836066,0.089305615473109
ST Jayasuriya,death,W,7.0,74.0,0.0945945945945946,0.08016137295081967,0.08953030629853322
ST Jayasuriya,death,Wd,1.0,74.0,0.013513513513513514,0.04340420081967213,0.024001473971814784
ST Jayasuriya,death,Nb,0.0,74.0,0.0,0.006570184426229508,0.002305327868852459
ST Jayasuriya,middle,0,101.0,415.0,0.2433734939759036,0.2808889845966761,0.24667155908542207
ST Jayasuriya,middle,1,203.0,415.0,0.4891566265060241,0.4414331678151601,0.4849611576101239
ST Jayasuriya,middle,2,30.0,415.0,0.07228915662650602,0.06664217673287394,0.07179271883365924
ST Jayasuriya,middle,3,1.0,415.0,0.0024096385542168677,0.002286430887717876,0.002398807111008165
ST Jayasuriya,middle,4,30.0,415.0,0.07228915662650602,0.08739739562221321,0.07361735346129347
ST Jayasuriya,middle,6,19.0,415.0,0.04578313253012048,0.048281059991892986,0.04600273054873784
ST Jayasuriya,middle,W,22.0,415.0,0.05301204819277108,0.04221980137819214,0.052063279242038865
ST Jayasuriya,middle,Wd,9.0,415.0,0.021686746987951807,0.028171868666396434,0.02225686757506782
ST Jayasuriya,middle,Nb,0.0,415.0,0.0,0.002679114308877179,0.0002355265326485432
ST Jayasuriya,powerplay,0,4.0,20.0,0.2,0.4228881521678736,0.34859210144524905
ST Jayasuriya,powerplay,1,9.0,20.0,0.45,0.25764450947345025,0.3217630063156335
ST Jayasuriya,powerplay,2,3.0,20.0,0.15,0.04384827662845184,0.07923218441896789
ST Jayasuriya,powerplay,3,0.0,20.0,0.0,0.005028429611245902,0.003352286407497268
ST Jayasuriya,powerplay,4,3.0,20.0,0.15,0.15223269683107069,0.15148846455404713
ST Jayasuriya,powerplay,6,1.0,20.0,0.05,0.040523771600022226,0.04368251440001482
ST Jayasuriya,powerplay,W,0.0,20.0,0.0,0.03919952586446391,0.02613301724297594
ST Jayasuriya,powerplay,Wd,0.0,20.0,0.0,0.03486563072990943,0.023243753819939626
ST Jayasuriya,powerplay,Nb,0.0,20.0,0.0,0.003769007093512122,0.0025126713956747483
STR Binny,death,0,5.0,46.0,0.10869565217391304,0.21696977459016392,0.15905570911170416
STR Binny,death,1,24.0,46.0,0.5217391304347826,0.37083760245901637,0.4515523732367518
STR Binny,death,2,7.0,46.0,0.15217391304347827,0.08837090163934426,0.12249809378574152
STR Binny,death,3,1.0,46.0,0.021739130434782608,0.002651127049180328,0.012860989325200153
STR Binny,death,4,5.0,46.0,0.10869565217391304,0.11151383196721311,0.11000643347312239
STR Binny,death,6,1.0,46.0,0.021739130434782608,0.07952100409836066,0.048614420510865425
STR Binny,death,W,2.0,46.0,0.043478260869565216,0.08016137295081967,0.06054017346549752
STR Binny,death,Wd,1.0,46.0,0.021739130434782608,0.04340420081967213,0.03181590735798704
STR Binny,death,Nb,0.0,46.0,0.0,0.006570184426229508,0.0030558997331300037
STR Binny,middle,0,101.0,370.0,0.27297297297297296,0.2808889845966761,0.2737452667899196
STR Binny,middle,1,156.0,370.0,0.42162162162162165,0.4414331678151601,0.42355445539660097
STR Binny,middle,2,28.0,370.0,0.07567567567567568,0.06664217673287394,0.07479435870564623
STR Binny,middle,3,1.0,370.0,0.002702702702702703,0.002286430887717876,0.0026620908183139394
STR Binny,middle,4,42.0,370.0,0.11351351351351352,0.08739739562221321,0.11096559957289885
STR Binny,middle,6,12.0,370.0,0.032432432432432434,0.048281059991892986,0.033978639999209075
STR Binny,middle,W,17.0,370.0,0.04594594594594595,0.04221980137819214,0.04558241964665289
STR Binny,middle,Wd,13.0,370.0,0.03513513513513514,0.028171868666396434,0.034455792065014285
STR Binny,middle,Nb,0.0,370.0,0.0,0.002679114308877179,0.000261377005744115
STR Binny,powerplay,0,58.0,157.0,0.36942675159235666,0.4228881521678736,0.3802818583081977
STR Binny,powerplay,1,50.0,157.0,0.3184713375796178,0.25764450947345025,0.3061207125834417
STR Binny,powerplay,2,9.0,157.0,0.05732484076433121,0.04384827662845184,0.05458848256415266
STR Binny,powerplay,3,1.0,157.0,0.006369426751592357,0.005028429611245902,0.006097143068273279
STR Binny,powerplay,4,24.0,157.0,0.15286624203821655,0.15223269683107069,0.15273760341747628
STR Binny,powerplay,6,4.0,157.0,0.025477707006369428,0.040523771600022226,0.028532745502542586
STR Binny,powerplay,W,7.0,157.0,0.044585987261146494,0.03919952586446391,0.04349228951562719
STR Binny,powerplay,Wd,3.0,157.0,0.01910828025477707,0.03486563072990943,0.022307742280184655
STR Binny,powerplay,Nb,1.0,157.0,0.006369426751592357,0.003769007093512122,0.005841422760103984
SW Tait,death,0,60.0,210.0,0.2857142857142857,0.21696977459016392,0.27471516393442624
SW Tait,death,1,76.0,210.0,0.3619047619047619,0.37083760245901637,0.3633340163934426
SW Tait,death,2,12.0,210.0,0.05714285714285714,0.08837090163934426,0.06213934426229508
SW Tait,death,3,1.0,210.0,0.004761904761904762,0.002651127049180328,0.0044241803278688525
SW Tait,death,4,18.0,210.0,0.08571428571428572,0.11151383196721311,0.0898422131147541
SW Tait,death,6,9.0,210.0,0.04285714285714286,0.07952100409836066,0.04872336065573771
SW Tait,death,W,19.0,210.0,0.09047619047619047,0.08016137295081967,0.08882581967213114
SW Tait,death,Wd,12.0,210.0,0.05714285714285714,0.04340420081967213,0.054944672131147544
SW Tait,death,Nb,3.0,210.0,0.014285714285714285,0.006570184426229508,0.013051229508196722
SW Tait,middle,0,58.0,184.0,0.31521739130434784,0.2808889845966761,0.30908731867797784
SW Tait,middle,1,55.0,184.0,0.29891304347826086,0.4414331678151601,0.3243630656812786
SW Tait,middle,2,14.0,184.0,0.07608695652173914,0.06664217673287394,0.07440038870229891
SW Tait,middle,3,0.0,184.0,0.0,0.002286430887717876,0.00040829122994962073
SW Tait,middle,4,25.0,184.0,0.1358695652173913,0.08739739562221321,0.1272138206468238
SW Tait,middle,6,6.0,184.0,0.03260869565217391,0.048281059991892986,0.03540733214140946
SW Tait,middle,W,8.0,184.0,0.043478260869565216,0.04221980137819214,0.04325353596039145
SW Tait,middle,Wd,15.0,184.0,0.08152173913043478,0.028171868666396434,0.0719949765475708
SW Tait,middle,Nb,3.0,184.0,0.016304347826086956,0.002679114308877179,0.013871270412299496
SW Tait,powerplay,0,190.0,434.0,0.4377880184331797,0.4228881521678736,0.4365306457525632
SW Tait,powerplay,1,77.0,434.0,0.1774193548387097,0.25764450947345025,0.1841894100821477
SW Tait,powerplay,2,21.0,434.0,0.04838709677419355,0.04384827662845184,0.04800407397708454
SW Tait,powerplay,3,4.0,434.0,0.009216589861751152,0.005028429611245902,0.008863158616982777
SW Tait,powerplay,4,62.0,434.0,0.14285714285714285,0.15223269683107069,0.14364832884650386
SW Tait,powerplay,6,7.0,434.0,0.016129032258064516,0.040523771600022226,0.018187660050634786
SW Tait,powerplay,W,13.0,434.0,0.029953917050691243,0.03919952586446391,0.03073413720375223
SW Tait,powerplay,Wd,58.0,434.0,0.1336405529953917,0.03486563072990943,0.12530511651729193
SW Tait,powerplay,Nb,2.0,434.0,0.004608294930875576,0.003769007093512122,0.004537468953038998
Sandeep Sharma,death,0,123.0,767.0,0.16036505867014342,0.21696977459016392,0.1631707447132671
Sandeep Sharma,death,1,305.0,767.0,0.39765319426336376,0.37083760245901637,0.39632404473154975
Sandeep Sharma,death,2,71.0,767.0,0.09256844850065189,0.08837090163934426,0.09236039165498608
Sandeep Sharma,death,3,1.0,767.0,0.001303780964797914,0.002651127049180328,0.0013705639181749853
Sandeep Sharma,death,4,88.0,767.0,0.11473272490221642,0.11151383196721311,0.1145731763056859
Sandeep Sharma,death,6,73.0,767.0,0.09517601043024772,0.07952100409836066,0.09440004976943546
Sandeep Sharma,death,W,62.0,767.0,0.08083441981747067,0.08016137295081967,0.08080105937798363
Sandeep Sharma,death,Wd,39.0,767.0,0.05084745762711865,0.04340420081967213,0.05047852296503951
Sandeep Sharma,death,Nb,5.0,767.0,0.00651890482398957,0.006570184426229508,0.006521446563877546
Sandeep Sharma,middle,0,155.0,642.0,0.24143302180685358,0.2808889845966761,0.24374715452179918
Sandeep Sharma,middle,1,287.0,642.0,0.4470404984423676,0.4414331678151601,0.44671162274575715
Sandeep Sharma,middle,2,54.0,642.0,0.08411214953271028,0.06664217673287394,0.08308751769694275
Sandeep Sharma,middle,3,3.0,642.0,0.004672897196261682,0.002286430887717876,0.004532928497813365
Sandeep Sharma,middle,4,61.0,642.0,0.09501557632398754,0.08739739562221321,0.09456876220658143
Sandeep Sharma,middle,6,25.0,642.0,0.03894080996884735,0.048281059991892986,0.03948862521946586
Sandeep Sharma,middle,W,26.0,642.0,0.040498442367601244,0.04221980137819214,0.040599401840363175
Sandeep Sharma,middle,Wd,31.0,642.0,0.048286604361370715,0.028171868666396434,0.04710685446723733
Sandeep Sharma,middle,Nb,0.0,642.0,0.0,0.002679114308877179,0.00015713280403971722
Sandeep Sharma,powerplay,0,733.0,1678.0,0.4368295589988081,0.4228881521678736,0.43650496279785506
Sandeep Sharma,powerplay,1,466.0,1678.0,0.27771156138259834,0.25764450947345025,0.2772443424790093
Sandeep Sharma,powerplay,2,73.0,1678.0,0.043504171632896306,0.04384827662845184,0.0435121833906508
Sandeep Sharma,powerplay,3,7.0,1678.0,0.004171632896305125,0.005028429611245902,0.004191581597467891
Sandeep Sharma,powerplay,4,242.0,1678.0,0.14421930870083433,0.15223269683107069,0.1444058835117828
Sandeep Sharma,powerplay,6,45.0,1678.0,0.026817640047675805,0.040523771600022226,0.027136758360885267
Sandeep Sharma,powerplay,W,62.0,1678.0,0.03694874851013111,0.03919952586446391,0.037001153105109756
Sandeep Sharma,powerplay,Wd,43.0,1678.0,0.02562574493444577,0.03486563072990943,0.025840876152035144
Sandeep Sharma,powerplay,Nb,7.0,1678.0,0.004171632896305125,0.003769007093512122,0.004162258605204008
Shahbaz Ahmed,death,0,5.0,46.0,0.10869565217391304,0.21696977459016392,0.15905570911170416
Shahbaz Ahmed,death,1,24.0,46.0,0.5217391304347826,0.37083760245901637,0.4515523732367518
Shahbaz Ahmed,death,2,2.0,46.0,0.043478260869565216,0.08837090163934426,0.0643585589020206
Shahbaz Ahmed,death,3,0.0,46.0,0.0,0.002651127049180328,0.0012330823484559665
Shahbaz Ahmed,death,4,3.0,46.0,0.06521739130434782,0.11151383196721311,0.086750619519634
Shahbaz Ahmed,death,6,4.0,46.0,0.08695652173913043,0.07952100409836066,0.08349814144109799
Shahbaz Ahmed,death,W,5.0,46.0,0.10869565217391304,0.08016137295081967,0.09542389439573008
Shahbaz Ahmed,death,Wd,3.0,46.0,0.06521739130434782,0.04340420081967213,0.05507172131147541
Shahbaz Ahmed,death,Nb,0.0,46.0,0.0,0.006570184426229508,0.0030558997331300037
Shahbaz Ahmed,middle,0,85.0,406.0,0.20935960591133004,0.2808889845966761,0.21577479682481399
Shahbaz Ahmed,middle,1,189.0,406.0,0.46551724137931033,0.4414331678151601,0.46335723478162866
Shahbaz Ahmed,middle,2,32.0,406.0,0.07881773399014778,0.06664217673287394,0.07772575576079586
Shahbaz Ahmed,middle,3,2.0,406.0,0.0049261083743842365,0.002286430887717876,0.004689365998898464
Shahbaz Ahmed,middle,4,40.0,406.0,0.09852216748768473,0.08739739562221321,0.09752443010064693
Shahbaz Ahmed,middle,6,31.0,406.0,0.07635467980295567,0.048281059991892986,0.07383686636698591
Shahbaz Ahmed,middle,W,16.0,406.0,0.03940886699507389,0.04221980137819214,0.039660968733470144
Shahbaz Ahmed,middle,Wd,9.0,406.0,0.022167487684729065,0.028171868666396434,0.022705997189811342
Shahbaz Ahmed,middle,Nb,2.0,406.0,0.0049261083743842365,0.002679114308877179,0.004724584242948626
Shahbaz Ahmed,powerplay,0,46.0,149.0,0.3087248322147651,0.4228881521678736,0.3328863814111902
Shahbaz Ahmed,powerplay,1,59.0,149.0,0.3959731543624161,0.25764450947345025,0.3666972506822117
Shahbaz Ahmed,powerplay,2,6.0,149.0,0.040268456375838924,0.04384827662845184,0.04102609029173584
Shahbaz Ahmed,powerplay,3,0.0,149.0,0.0,0.005028429611245902,0.00106421790714199
Shahbaz Ahmed,powerplay,4,19.0,149.0,0.12751677852348994,0.15223269683107069,0.1327476607049885
Shahbaz Ahmed,powerplay,6,14.0,149.0,0.09395973154362416,0.040523771600022226,0.08265053367196237
Shahbaz Ahmed,powerplay,W,2.0,149.0,0.013422818791946308,0.03919952586446391,0.018878206532161674
Shahbaz Ahmed,powerplay,Wd,3.0,149.0,0.020134228187919462,0.03486563072990943,0.02325198533966337
Shahbaz Ahmed,powerplay,Nb,0.0,149.0,0.0,0.003769007093512122,0.0007976734589443645
Shahid Afridi,death,0,28.0,128.0,0.21875,0.21696977459016392,0.2183261368071819
Shahid Afridi,death,1,49.0,128.0,0.3828125,0.37083760245901637,0.3799613339188134
Shahid Afridi,death,2,15.0,128.0,0.1171875,0.08837090163934426,0.11032640515222483
Shahid Afridi,death,3,0.0,128.0,0.0,0.002651127049180328,0.0006312207259953162
Shahid Afridi,death,4,10.0,128.0,0.078125,0.11151383196721311,0.0860747218969555
Shahid Afridi,death,6,14.0,128.0,0.109375,0.07952100409836066,0.10226690573770492
Shahid Afridi,death,W,7.0,128.0,0.0546875,0.08016137295081967,0.060752707845433254
Shahid Afridi,death,Wd,5.0,128.0,0.0390625,0.04340420081967213,0.04009623829039813
Shahid Afridi,death,Nb,0.0,128.0,0.0,0.006570184426229508,0.00156432962529274
Shahid Afridi,middle,0,449.0,1423.0,0.3155305692199578,0.2808889845966761,0.31458343088439306
Shahid Afridi,middle,1,626.0,1423.0,0.4399156711173577,0.4414331678151601,0.43995716111593053
Shahid Afridi,middle,2,112.0,1423.0,0.07870695713281799,0.06664217673287394,0.07837709300705055
Shahid Afridi,middle,3,5.0,1423.0,0.0035137034434293743,0.002286430887717876,0.003480148486335417
Shahid Afridi,middle,4,120.0,1423.0,0.084328882642305,0.08739739562221321,0.08441277910108581
Shahid Afridi,middle,6,37.0,1423.0,0.02600140548137737,0.048281059991892986,0.02661055529711259
Shahid Afridi,middle,W,54.0,1423.0,0.03794799718903725,0.04221980137819214,0.03806479292900047
Shahid Afridi,middle,Wd,19.0,1423.0,0.013352073085031623,0.028171868666396434,0.013757262301200177
Shahid Afridi,middle,Nb,1.0,1423.0,0.0007027406886858749,0.002679114308877179,0.0007567768778913788
Shahid Afridi,powerplay,0,28.0,72.0,0.3888888888888889,0.4228881521678736,0.4010314829170977
Shahid Afridi,powerplay,1,25.0,72.0,0.3472222222222222,0.25764450947345025,0.3152301819548037
Shahid Afridi,powerplay,2,2.0,72.0,0.027777777777777776,0.04384827662845184,0.03351724165301851
Shahid Afridi,powerplay,3,0.0,72.0,0.0,0.005028429611245902,0.001795867718302108
Shahid Afridi,powerplay,4,5.0,72.0,0.06944444444444445,0.15223269683107069,0.0990116774396681
Shahid Afridi,powerplay,6,1.0,72.0,0.013888888888888888,0.040523771600022226,0.023401347000007938
Shahid Afridi,powerplay,W,7.0,72.0,0.09722222222222222,0.03919952586446391,0.07649983066587997
Shahid Afridi,powerplay,Wd,3.0,72.0,0.041666666666666664,0.03486563072990943,0.039237725260681935
Shahid Afridi,powerplay,Nb,1.0,72.0,0.013888888888888888,0.003769007093512122,0.010274645390540044
Shakib Al Hasan,death,0,89.0,426.0,0.20892018779342722,0.21696977459016392,0.20961113944979948
Shakib Al Hasan,death,1,188.0,426.0,0.4413145539906103,0.37083760245901637,0.4352650302539928
Shakib Al Hasan,death,2,40.0,426.0,0.09389671361502347,0.08837090163934426,0.09342239499050166
Shakib Al Hasan,death,3,0.0,426.0,0.0,0.002651127049180328,0.00022756455357771056
Shakib Al Hasan,death,4,33.0,426.0,0.07746478873239436,0.11151383196721311,0.08038745338774361
Shakib Al Hasan,death,6,34.0,426.0,0.07981220657276995,0.07952100409836066,0.0797872106522198
Shakib Al Hasan,death,W,27.0,426.0,0.06338028169014084,0.08016137295081967,0.06482071870822487
Shakib Al Hasan,death,Wd,15.0,426.0,0.035211267605633804,0.04340420081967213,0.03591452367550834
Shakib Al Hasan,death,Nb,0.0,426.0,0.0,0.006570184426229508,0.0005639643284317175
Shakib Al Hasan,middle,0,421.0,1489.0,0.2827400940228341,0.2808889845966761,0.2826916673537391
Shakib Al Hasan,middle,1,736.0,1489.0,0.49429147078576224,0.4414331678151601,0.4929086505641638
Shakib Al Hasan,middle,2,100.0,1489.0,0.0671591672263264,0.06664217673287394,0.06714564229517002
Shakib Al Hasan,middle,3,5.0,1489.0,0.0033579583613163196,0.002286430887717876,0.0033299262495151832
Shakib Al Hasan,middle,4,68.0,1489.0,0.04566823371390195,0.08739739562221321,0.046759905706271115
Shakib Al Hasan,middle,6,66.0,1489.0,0.04432505036937542,0.048281059991892986,0.04442854309985332
Shakib Al Hasan,middle,W,68.0,1489.0,0.04566823371390195,0.04221980137819214,0.04557801965672184
Shakib Al Hasan,middle,Wd,23.0,1489.0,0.01544660846205507,0.028171868666396434,0.015779512587740914
Shakib Al Hasan,middle,Nb,2.0,1489.0,0.001343183344526528,0.002679114308877179,0.0013781324868247793
Shakib Al Hasan,powerplay,0,298.0,751.0,0.3968042609853529,0.4228881521678736,0.3981232946734702
Shakib Al Hasan,powerplay,1,240.0,751.0,0.3195739014647137,0.25764450947345025,0.31644220022621744
Shakib Al Hasan,powerplay,2,25.0,751.0,0.033288948069241014,0.04384827662845184,0.03382292170055382
Shakib Al Hasan,powerplay,3,0.0,751.0,0.0,0.005028429611245902,0.0002542821548038383
Shakib Al Hasan,powerplay,4,104.0,751.0,0.1384820239680426,0.15223269683107069,0.1391773803707242
Shakib Al Hasan,powerplay,6,43.0,751.0,0.05725699067909454,0.040523771600022226,0.05641081019469139
Shakib Al Hasan,powerplay,W,32.0,751.0,0.0426098535286285,0.03919952586446391,0.042437397009580984
Shakib Al Hasan,powerplay,Wd,9.0,751.0,0.011984021304926764,0.03486563072990943,0.013141119126670514
Shakib Al Hasan,powerplay,Nb,0.0,751.0,0.0,0.003769007093512122,0.00019059454328759152
Shashank Singh,death,0,3.0,18.0,0.16666666666666666,0.21696977459016392,0.20135846523459583
Shashank Singh,death,1,7.0,18.0,0.3888888888888889,0.37083760245901637,0.3764397258338044
Shashank Singh,death,2,0.0,18.0,0.0,0.08837090163934426,0.060945449406444314
Shashank Singh,death,3,0.0,18.0,0.0,0.002651127049180328,0.0018283634821933295
Shashank Singh,death,4,3.0,18.0,0.16666666666666666,0.11151383196721311,0.1286302289429056
Shashank Singh,death,6,4.0,18.0,0.2222222222222222,0.07952100409836066,0.12380758903335219
Shashank Singh,death,W,1.0,18.0,0.05555555555555555,0.08016137295081967,0.07252508479366873
Shashank Singh,death,Wd,0.0,18.0,0.0,0.04340420081967213,0.029933931599773887
Shashank Singh,death,Nb,0.0,18.0,0.0,0.006570184426229508,0.00453116167326173
Shashank Singh,middle,0,13.0,72.0,0.18055555555555555,0.2808889845966761,0.21638892307024146
Shashank Singh,middle,1,35.0,72.0,0.4861111111111111,0.4414331678151601,0.47015470279112864
Shashank Singh,middle,2,8.0,72.0,0.1111111111111111,0.06664217673287394,0.09522934883316926
Shashank Singh,middle,3,0.0,72.0,0.0,0.002286430887717876,0.0008165824598992415
Shashank Singh,middle,4,9.0,72.0,0.125,0.08739739562221321,0.11157049843650471
Shashank Singh,middle,6,1.0,72.0,0.013888888888888888,0.048281059991892986,0.02617180713996178
Shashank Singh,middle,W,3.0,72.0,0.041666666666666664,0.04221980137819214,0.04186421477792577
Shashank Singh,middle,Wd,3.0,72.0,0.041666666666666664,0.028171868666396434,0.036847095952284435
Shashank Singh,middle,Nb,0.0,72.0,0.0,0.002679114308877179,0.0009568265388847067
Shivam Mavi,death,0,43.0,224.0,0.19196428571428573,0.21696977459016392,0.19575299615002484
Shivam Mavi,death,1,74.0,224.0,0.33035714285714285,0.37083760245901637,0.3364905458271237
Shivam Mavi,death,2,22.0,224.0,0.09821428571428571,0.08837090163934426,0.09672286388474913
Shivam Mavi,death,3,0.0,224.0,0.0,0.002651127049180328,0.0004016859165424739
Shivam Mavi,death,4,24.0,224.0,0.10714285714285714,0.11151383196721311,0.10780512605563836
Shivam Mavi,death,6,22.0,224.0,0.09821428571428571,0.07952100409836066,0.09538197031793344
Shivam Mavi,death,W,16.0,224.0,0.07142857142857142,0.08016137295081967,0.07275172317436662
Shivam Mavi,death,Wd,19.0,224.0,0.08482142857142858,0.04340420081967213,0.07854609103328365
Shivam Mavi,death,Nb,4.0,224.0,0.017857142857142856,0.006570184426229508,0.016146997640337803
Shivam Mavi,middle,0,71.0,189.0,0.37566137566137564,0.2808889845966761,0.35910724621776
Shivam Mavi,middle,1,61.0,189.0,0.32275132275132273,0.4414331678151601,0.34348177603758256
Shivam Mavi,middle,2,16.0,189.0,0.08465608465608465,0.06664217673287394,0.08150955052102601
Shivam Mavi,middle,3,0.0,189.0,0.0,0.002286430887717876,0.0003993765742738648
Shivam Mavi,middle,4,17.0,189.0,0.08994708994708994,0.08739739562221321,0.089501728492963
Shivam Mavi,middle,6,7.0,189.0,0.037037037037037035,0.048281059991892986,0.03900105851386777
Shivam Mavi,middle,W,11.0,189.0,0.0582010582010582,0.04221980137819214,0.05540957229313399
Shivam Mavi,middle,Wd,6.0,189.0,0.031746031746031744,0.028171868666396434,0.031121723784523395
Shivam Mavi,middle,Nb,0.0,189.0,0.0,0.002679114308877179,0.0004679675648693762
Shivam Mavi,powerplay,0,135.0,327.0,0.41284403669724773,0.4228881521678736,0.4139387631790598
Shivam Mavi,powerplay,1,86.0,327.0,0.26299694189602446,0.25764450947345025,0.26241357051481745
Shivam Mavi,powerplay,2,14.0,327.0,0.04281345565749235,0.04384827662845184,0.04292624268429993
Shivam Mavi,powerplay,3,1.0,327.0,0.0030581039755351682,0.005028429611245902,0.003272853363623531
Shivam Mavi,powerplay,4,57.0,327.0,0.1743119266055046,0.15223269683107069,0.1719054710442584
Shivam Mavi,powerplay,6,12.0,327.0,0.03669724770642202,0.040523771600022226,0.03711430753133757
Shivam Mavi,powerplay,W,10.0,327.0,0.03058103975535168,0.03919952586446391,0.03152038429040479
Shivam Mavi,powerplay,Wd,9.0,327.0,0.027522935779816515,0.03486563072990943,0.028323229507347076
Shivam Mavi,powerplay,Nb,3.0,327.0,0.009174311926605505,0.003769007093512122,0.008585177884851457
Shoaib Akhtar,death,0,4.0,29.0,0.13793103448275862,0.21696977459016392,0.18375059396531243
Shoaib Akhtar,death,1,7.0,29.0,0.2413793103448276,0.37083760245901637,0.3164275956284153
Shoaib Akhtar,death,2,3.0,29.0,0.10344827586206896,0.08837090163934426,0.09470776906628653
Shoaib Akhtar,death,3,0.0,29.0,0.0,0.002651127049180328,0.0015368852459016393
Shoaib Akhtar,death,4,6.0,29.0,0.20689655172413793,0.11151383196721311,0.1516022214302685
Shoaib Akhtar,death,6,5.0,29.0,0.1724137931034483,0.07952100409836066,0.11856290092658589
Shoaib Akhtar,death,W,3.0,29.0,0.10344827586206896,0.08016137295081967,0.08994862200047517
Shoaib Akhtar,death,Wd,1.0,29.0,0.034482758620689655,0.04340420081967213,0.039654609170824424
Shoaib Akhtar,death,Nb,0.0,29.0,0.0,0.006570184426229508,0.00380880256593015
Shoaib Akhtar,middle,0,5.0,22.0,0.22727272727272727,0.2808889845966761,0.2618638610301136
Shoaib Akhtar,middle,1,8.0,22.0,0.36363636363636365,0.4414331678151601,0.41382785020332913
Shoaib Akhtar,middle,2,3.0,22.0,0.13636363636363635,0.06664217673287394,0.09138204950507996
Shoaib Akhtar,middle,3,0.0,22.0,0.0,0.002286430887717876,0.0014751167017534683
Shoaib Akhtar,middle,4,2.0,22.0,0.09090909090909091,0.08739739562221321,0.08864348104658916
Shoaib Akhtar,middle,6,1.0,22.0,0.045454545454545456,0.048281059991892986,0.047278103220576115
Shoaib Akhtar,middle,W,0.0,22.0,0.0,0.04221980137819214,0.027238581534317508
Shoaib Akhtar,middle,Wd,1.0,22.0,0.045454545454545456,0.028171868666396434,0.03430443139767511
Shoaib Akhtar,middle,Nb,2.0,22.0,0.09090909090909091,0.002679114308877179,0.03398652536056593
Shoaib Akhtar,powerplay,0,78.0,179.0,0.43575418994413406,0.4228881521678736,0.43340422870646095
Shoaib Akhtar,powerplay,1,33.0,179.0,0.18435754189944134,0.25764450947345025,0.19774328940154343
Shoaib Akhtar,powerplay,2,9.0,179.0,0.05027932960893855,0.04384827662845184,0.0491047080599912
Shoaib Akhtar,powerplay,3,1.0,179.0,0.00558659217877095,0.005028429611245902,0.0054846446778531325
Shoaib Akhtar,powerplay,4,29.0,179.0,0.16201117318435754,0.15223269683107069,0.16022515010613164
Shoaib Akhtar,powerplay,6,8.0,179.0,0.0446927374301676,0.040523771600022226,0.043931282484022324
Shoaib Akhtar,powerplay,W,12.0,179.0,0.0670391061452514,0.03919952586446391,0.06195425129944546
Shoaib Akhtar,powerplay,Wd,7.0,179.0,0.03910614525139665,0.03486563072990943,0.03833162205112501
Shoaib Akhtar,powerplay,Nb,2.0,179.0,0.0111731843575419,0.003769007093512122,0.009820823213426871
Shoaib Malik,death,0,14.0,36.0,0.3888888888888889,0.21696977459016392,0.2984051445211389
Shoaib Malik,death,1,10.0,36.0,0.2777777777777778,0.37083760245901637,0.32675663287316653
Shoaib Malik,death,2,6.0,36.0,0.16666666666666666,0.08837090163934426,0.12545836928386542
Shoaib Malik,death,3,0.0,36.0,0.0,0.002651127049180328,0.0013953300258843831
Shoaib Malik,death,4,4.0,36.0,0.1111111111111111,0.11151383196721311,0.11132306945642796
Shoaib Malik,death,6,0.0,36.0,0.0,0.07952100409836066,0.04185316005176877
Shoaib Malik,death,W,2.0,36.0,0.05555555555555555,0.08016137295081967,0.0685059857635893
Shoaib Malik,death,Wd,0.0,36.0,0.0,0.04340420081967213,0.02284431622088007
Shoaib Malik,death,Nb,0.0,36.0,0.0,0.006570184426229508,0.0034579918032786885
Shoaib Malik,middle,0,79.0,293.0,0.2696245733788396,0.2808889845966761,0.2709776558074085
Shoaib Malik,middle,1,129.0,293.0,0.4402730375426621,0.4414331678151601,0.44041239253034953
Shoaib Malik,middle,2,20.0,293.0,0.06825938566552901,0.06664217673287394,0.06806512633427915
Shoaib Malik,middle,3,0.0,293.0,0.0,0.002286430887717876,0.00027464635287902415
Shoaib Malik,middle,4,18.0,293.0,0.06143344709897611,0.08739739562221321,0.06455223971437997
Shoaib Malik,middle,6,13.0,293.0,0.04436860068259386,0.048281059991892986,0.04483856576479195
Shoaib Malik,middle,W,11.0,293.0,0.03754266211604096,0.04221980137819214,0.03810448064602908
Shoaib Malik,middle,Wd,21.0,293.0,0.07167235494880546,0.028171868666396434,0.06644707131127885
Shoaib Malik,middle,Nb,2.0,293.0,0.006825938566552901,0.002679114308877179,0.006327821538603866
Shoaib Malik,powerplay,0,4.0,12.0,0.3333333333333333,0.4228881521678736,0.40222165551374894
Shoaib Malik,powerplay,1,4.0,12.0,0.3333333333333333,0.25764450947345025,0.27511116113342327
Shoaib Malik,powerplay,2,1.0,12.0,0.08333333333333333,0.04384827662845184,0.0529602127911168
Shoaib Malik,powerplay,3,0.0,12.0,0.0,0.005028429611245902,0.0038680227778814633
Shoaib Malik,powerplay,4,2.0,12.0,0.16666666666666666,0.15223269683107069,0.15556361294697746
Shoaib Malik,powerplay,6,0.0,12.0,0.0,0.040523771600022226,0.0311721320000171
Shoaib Malik,powerplay,W,1.0,12.0,0.08333333333333333,0.03919952586446391,0.04938425066497224
Shoaib Malik,powerplay,Wd,0.0,12.0,0.0,0.03486563072990943,0.02681971594608418
Shoaib Malik,powerplay,Nb,0.0,12.0,0.0,0.003769007093512122,0.0028992362257785555
Sikandar Raza,death,0,13.0,55.0,0.23636363636363636,0.21696977459016392,0.22819779982743746
Sikandar Raza,death,1,23.0,55.0,0.41818181818181815,0.37083760245901637,0.39824741156169113
Sikandar Raza,death,2,6.0,55.0,0.10909090909090909,0.08837090163934426,0.10036669542709233
Sikandar Raza,death,3,0.0,55.0,0.0,0.002651127049180328,0.0011162640207075065
Sikandar Raza,death,4,2.0,55.0,0.03636363636363636,0.11151383196721311,0.068005823986195
Sikandar Raza,death,6,5.0,55.0,0.09090909090909091,0.07952100409836066,0.08611410698878344
Sikandar Raza,death,W,1.0,55.0,0.01818181818181818,0.08016137295081967,0.044278472821397755
Sikandar Raza,death,Wd,3.0,55.0,0.05454545454545454,0.04340420081967213,0.04985440034512511
Sikandar Raza,death,Nb,2.0,55.0,0.03636363636363636,0.006570184426229508,0.02381902502157032
Sikandar Raza,middle,0,124.0,490.0,0.2530612244897959,0.2808889845966761,0.2551614327997491
Sikandar Raza,middle,1,239.0,490.0,0.48775510204081635,0.4414331678151601,0.4842591070049177
Sikandar Raza,middle,2,34.0,490.0,0.06938775510204082,0.06664217673287394,0.06918054164021689
Sikandar Raza,middle,3,1.0,490.0,0.0020408163265306124,0.002286430887717876,0.0020593532745447453
Sikandar Raza,middle,4,41.0,490.0,0.0836734693877551,0.08739739562221321,0.08395452042431797
Sikandar Raza,middle,6,21.0,490.0,0.04285714285714286,0.048281059991892986,0.04326649509372777
Sikandar Raza,middle,W,19.0,490.0,0.03877551020408163,0.04221980137819214,0.03903545670778809
Sikandar Raza,middle,Wd,10.0,490.0,0.02040816326530612,0.028171868666396434,0.02099410329557709
Sikandar Raza,middle,Nb,1.0,490.0,0.0020408163265306124,0.002679114308877179,0.0020889897591605416
Sikandar Raza,powerplay,0,16.0,58.0,0.27586206896551724,0.4228881521678736,0.3358727151705607
Sikandar Raza,powerplay,1,19.0,58.0,0.3275862068965517,0.25764450947345025,0.2990385752952858
Sikandar Raza,powerplay,2,3.0,58.0,0.05172413793103448,0.04384827662845184,0.048509500664674216
Sikandar Raza,powerplay,3,1.0,58.0,0.017241379310344827,0.005028429611245902,0.012256501882141183
Sikandar Raza,powerplay,4,7.0,58.0,0.1206896551724138,0.15223269683107069,0.13356436605349822
Sikandar Raza,powerplay,6,6.0,58.0,0.10344827586206896,0.040523771600022226,0.07776480473470294
Sikandar Raza,powerplay,W,3.0,58.0,0.05172413793103448,0.03919952586446391,0.04661205137325058
Sikandar Raza,powerplay,Wd,1.0,58.0,0.017241379310344827,0.03486563072990943,0.024434951318330383
Sikandar Raza,powerplay,Nb,2.0,58.0,0.034482758620689655,0.003769007093512122,0.021946533507555967
Sohail Tanvir,death,0,67.0,322.0,0.2080745341614907,0.21696977459016392,0.20905743365637172
Sohail Tanvir,death,1,127.0,322.0,0.3944099378881988,0.37083760245901637,0.3918052599402228
Sohail Tanvir,death,2,38.0,322.0,0.11801242236024845,0.08837090163934426,0.11473711620324246
Sohail Tanvir,death,3,1.0,322.0,0.003105590062111801,0.002651127049180328,0.003055373154605561
Sohail Tanvir,death,4,29.0,322.0,0.09006211180124224,0.11151383196721311,0.09243246762068652
Sohail Tanvir,death,6,16.0,322.0,0.049689440993788817,0.07952100409836066,0.05298574630921112
Sohail Tanvir,death,W,34.0,322.0,0.10559006211180125,0.08016137295081967,0.10278026220451048
Sohail Tanvir,death,Wd,8.0,322.0,0.024844720496894408,0.04340420081967213,0.026895491803278687
Sohail Tanvir,death,Nb,2.0,322.0,0.006211180124223602,0.006570184426229508,0.006250849107870664
Sohail Tanvir,middle,0,32.0,80.0,0.4,0.2808889845966761,0.360296328198892
Sohail Tanvir,middle,1,28.0,80.0,0.35,0.4414331678151601,0.38047772260505336
Sohail Tanvir,middle,2,3.0,80.0,0.0375,0.06664217673287394,0.04721405891095798
Sohail Tanvir,middle,3,0.0,80.0,0.0,0.002286430887717876,0.000762143629239292
Sohail Tanvir,middle,4,6.0,80.0,0.075,0.08739739562221321,0.0791324652074044
Sohail Tanvir,middle,6,5.0,80.0,0.0625,0.048281059991892986,0.057760353330630995
Sohail Tanvir,middle,W,2.0,80.0,0.025,0.04221980137819214,0.030739933792730715
Sohail Tanvir,middle,Wd,2.0,80.0,0.025,0.028171868666396434,0.026057289555465477
Sohail Tanvir,middle,Nb,2.0,80.0,0.025,0.002679114308877179,0.017559704769625727
Sohail Tanvir,powerplay,0,277.0,649.0,0.4268104776579353,0.4228881521678736,0.42658276645386783
Sohail Tanvir,powerplay,1,164.0,649.0,0.2526964560862866,0.25764450947345025,0.25298371607973585
Sohail Tanvir,powerplay,2,33.0,649.0,0.05084745762711865,0.04384827662845184,0.05044111910760243
Sohail Tanvir,powerplay,3,3.0,649.0,0.004622496147919877,0.005028429611245902,0.004646062676995408
Sohail Tanvir,powerplay,4,88.0,649.0,0.13559322033898305,0.15223269683107069,0.13655922768250048
Sohail Tanvir,powerplay,6,9.0,649.0,0.01386748844375963,0.040523771600022226,0.015415023024674731
Sohail Tanvir,powerplay,W,25.0,649.0,0.03852080123266564,0.03919952586446391,0.038560204694598775
Sohail Tanvir,powerplay,Wd,46.0,649.0,0.07087827426810478,0.03486563072990943,0.06878755475935613
Sohail Tanvir,powerplay,Nb,4.0,649.0,0.0061633281972265025,0.003769007093512122,0.006024325520668339
T Henderson,death,0,3.0,13.0,0.23076923076923078,0.21696977459016392,0.22035454686050107
T Henderson,death,1,4.0,13.0,0.3076923076923077,0.37083760245901637,0.35534913393133316
T Henderson,death,2,3.0,13.0,0.23076923076923078,0.08837090163934426,0.12329879369007114
T Henderson,death,3,0.0,13.0,0.0,0.002651127049180328,0.0020008506031549645
T Henderson,death,4,3.0,13.0,0.23076923076923078,0.11151383196721311,0.14076515620167027
T Henderson,death,6,0.0,13.0,0.0,0.07952100409836066,0.06001585214970616
T Henderson,death,W,0.0,13.0,0.0,0.08016137295081967,0.06049914939684503
T Henderson,death,Wd,0.0,13.0,0.0,0.04340420081967213,0.03275788741107331
T Henderson,death,Nb,0.0,13.0,0.0,0.006570184426229508,0.004958629755644912
T Henderson,middle,0,10.0,25.0,0.4,0.2808889845966761,0.32670091359795456
T Henderson,middle,1,9.0,25.0,0.36,0.4414331678151601,0.41011271865548315
T Henderson,middle,2,1.0,25.0,0.04,0.06664217673287394,0.05639518568176858
T Henderson,middle,3,0.0,25.0,0.0,0.002286430887717876,0.0014070343924417698
T Henderson,middle,4,3.0,25.0,0.12,0.08739739562221321,0.0999368588444389
T Henderson,middle,6,1.0,25.0,0.04,0.048281059991892986,0.04509603691808799
T Henderson,middle,W,1.0,25.0,0.04,0.04221980137819214,0.04136603161734901
T Henderson,middle,Wd,0.0,25.0,0.0,0.028171868666396434,0.017336534563936266
T Henderson,middle,Nb,0.0,25.0,0.0,0.002679114308877179,0.0016486857285398023
T Natarajan,death,0,116.0,639.0,0.18153364632237873,0.21696977459016392,0.18362119437939112
T Natarajan,death,1,249.0,639.0,0.38967136150234744,0.37083760245901637,0.38856186170598034
T Natarajan,death,2,46.0,639.0,0.07198748043818466,0.08837090163934426,0.07295263043530746
T Natarajan,death,3,3.0,639.0,0.004694835680751174,0.002651127049180328,0.004574440474178517
T Natarajan,death,4,93.0,639.0,0.14553990610328638,0.11151383196721311,0.14353542456360607
T Natarajan,death,6,47.0,639.0,0.07355242566510173,0.07952100409836066,0.0739040355875323
T Natarajan,death,W,55.0,639.0,0.08607198748043818,0.08016137295081967,0.0857237922209614
T Natarajan,death,Wd,30.0,639.0,0.046948356807511735,0.04340420081967213,0.0467395700041044
T Natarajan,death,Nb,0.0,639.0,0.0,0.006570184426229508,0.0003870506289384099
T Natarajan,middle,0,121.0,559.0,0.21645796064400716,0.2808889845966761,0.22076053319510358
T Natarajan,middle,1,279.0,559.0,0.4991055456171735,0.4414331678151601,0.49525430169049484
T Natarajan,middle,2,45.0,559.0,0.08050089445438283,0.06664217673287394,0.07957543751137722
T Natarajan,middle,3,0.0,559.0,0.0,0.002286430887717876,0.00015268319784426552
T Natarajan,middle,4,44.0,559.0,0.07871198568872988,0.08739739562221321,0.07929197967427133
T Natarajan,middle,6,30.0,559.0,0.05366726296958855,0.048281059991892986,0.05330758330496781
T Natarajan,middle,W,12.0,559.0,0.02146690518783542,0.04221980137819214,0.022852741327425184
T Natarajan,middle,Wd,27.0,559.0,0.04830053667262969,0.028171868666396434,0.04695638521979275
T Natarajan,middle,Nb,1.0,559.0,0.0017889087656529517,0.002679114308877179,0.0018483548787230168
T Natarajan,powerplay,0,159.0,394.0,0.4035532994923858,0.4228881521678736,0.4053353135638593
T Natarajan,powerplay,1,109.0,394.0,0.2766497461928934,0.25764450947345025,0.2748981114722074
T Natarajan,powerplay,2,13.0,394.0,0.03299492385786802,0.04384827662845184,0.03399523286898174
T Natarajan,powerplay,3,2.0,394.0,0.005076142131979695,0.005028429611245902,0.005071744664630958
T Natarajan,powerplay,4,70.0,394.0,0.17766497461928935,0.15223269683107069,0.175320985883048
T Natarajan,powerplay,6,15.0,394.0,0.03807106598984772,0.040523771600022226,0.038297121806453664
T Natarajan,powerplay,W,17.0,394.0,0.04314720812182741,0.03919952586446391,0.0427833664391211
T Natarajan,powerplay,Wd,9.0,394.0,0.02284263959390863,0.03486563072990943,0.023950749376028518
T Natarajan,powerplay,Nb,0.0,394.0,0.0,0.003769007093512122,0.00034737392566932
T Shamsi,death,0,35.0,122.0,0.28688524590163933,0.21696977459016392,0.2696221665654726
T Shamsi,death,1,46.0,122.0,0.3770491803278688,0.37083760245901637,0.375515457397288
T Shamsi,death,2,5.0,122.0,0.040983606557377046,0.08837090163934426,0.05268417324428253
T Shamsi,death,3,1.0,122.0,0.00819672131147541,0.002651127049180328,0.00682743877757539
T Shamsi,death,4,12.0,122.0,0.09836065573770492,0.11151383196721311,0.1016083535721514
T Shamsi,death,6,10.0,122.0,0.08196721311475409,0.07952100409836066,0.08136321088848411
T Shamsi,death,W,8.0,122.0,0.06557377049180328,0.08016137295081967,0.06917564764217769
T Shamsi,death,Wd,5.0,122.0,0.040983606557377046,0.04340420081967213,0.041581284153005466
T Shamsi,death,Nb,0.0,122.0,0.0,0.006570184426229508,0.0016222677595628416
T Shamsi,middle,0,270.0,955.0,0.28272251308900526,0.2808889845966761,0.2826488034008714
T Shamsi,middle,1,439.0,955.0,0.45968586387434557,0.4414331678151601,0.4589520871483481
T Shamsi,middle,2,58.0,955.0,0.060732984293193716,0.06664217673287394,0.06097053976815574
T Shamsi,middle,3,6.0,955.0,0.0062827225130890054,0.002286430887717876,0.006122067573375593
T Shamsi,middle,4,58.0,955.0,0.060732984293193716,0.08739739562221321,0.061804920427023645
T Shamsi,middle,6,53.0,955.0,0.05549738219895288,0.048281059991892986,0.055207278793643934
T Shamsi,middle,W,45.0,955.0,0.04712041884816754,0.04221980137819214,0.046923409100630836
T Shamsi,middle,Wd,26.0,955.0,0.027225130890052355,0.028171868666396434,0.02726319070015664
T Shamsi,middle,Nb,0.0,955.0,0.0,0.002679114308877179,0.00010770308779405745
T Shamsi,powerplay,0,9.0,20.0,0.45,0.4228881521678736,0.4319254347785824
T Shamsi,powerplay,1,6.0,20.0,0.3,0.25764450947345025,0.2717630063156335
T Shamsi,powerplay,2,0.0,20.0,0.0,0.04384827662845184,0.029232184418967893
T Shamsi,powerplay,3,0.0,20.0,0.0,0.005028429611245902,0.003352286407497268
T Shamsi,powerplay,4,1.0,20.0,0.05,0.15223269683107069,0.11815513122071379
T Shamsi,powerplay,6,3.0,20.0,0.15,0.040523771600022226,0.07701584773334816
T Shamsi,powerplay,W,0.0,20.0,0.0,0.03919952586446391,0.02613301724297594
T Shamsi,powerplay,Wd,1.0,20.0,0.05,0.03486563072990943,0.03991042048660629
T Shamsi,powerplay,Nb,0.0,20.0,0.0,0.003769007093512122,0.0025126713956747483
T Stubbs,death,0,1.0,13.0,0.07692307692307693,0.21696977459016392,0.1826186978038973
T Stubbs,death,1,8.0,13.0,0.6153846153846154,0.37083760245901637,0.4308208320445407
T Stubbs,death,2,2.0,13.0,0.15384615384615385,0.08837090163934426,0.10443086916176926
T Stubbs,death,3,0.0,13.0,0.0,0.002651127049180328,0.0020008506031549645
T Stubbs,death,4,0.0,13.0,0.0,0.11151383196721311,0.08416138261676462
T Stubbs,death,6,1.0,13.0,0.07692307692307693,0.07952100409836066,0.07888377667800806
T Stubbs,death,W,0.0,13.0,0.0,0.08016137295081967,0.06049914939684503
T Stubbs,death,Wd,0.0,13.0,0.0,0.04340420081967213,0.03275788741107331
T Stubbs,death,Nb,1.0,13.0,0.07692307692307693,0.006570184426229508,0.0238265542839468
T Stubbs,middle,0,8.0,34.0,0.23529411764705882,0.2808889845966761,0.259939991673879
T Stubbs,middle,1,8.0,34.0,0.23529411764705882,0.4414331678151601,0.3467206312514379
T Stubbs,middle,2,2.0,34.0,0.058823529411764705,0.06664217673287394,0.06304982526101294
T Stubbs,middle,3,0.0,34.0,0.0,0.002286430887717876,0.0012359085879556087
T Stubbs,middle,4,5.0,34.0,0.14705882352941177,0.08739739562221321,0.11480940303903417
T Stubbs,middle,6,8.0,34.0,0.23529411764705882,0.048281059991892986,0.1342059783739962
T Stubbs,middle,W,2.0,34.0,0.058823529411764705,0.04221980137819214,0.049848541285509265
T Stubbs,middle,Wd,1.0,34.0,0.029411764705882353,0.028171868666396434,0.028741550630484555
T Stubbs,middle,Nb,0.0,34.0,0.0,0.002679114308877179,0.001448169896690367
T Taibu,death,0,1.0,6.0,0.16666666666666666,0.21696977459016392,0.21040849964362082
T Taibu,death,1,3.0,6.0,0.5,0.37083760245901637,0.38768487170349253
T Taibu,death,2,0.0,6.0,0.0,0.08837090163934426,0.07684426229508197
T Taibu,death,3,0.0,6.0,0.0,0.002651127049180328,0.002305327868852459
T Taibu,death,4,1.0,6.0,0.16666666666666666,0.11151383196721311,0.11870767997148966
T Taibu,death,6,1.0,6.0,0.16666666666666666,0.07952100409836066,0.0908878296507484
T Taibu,death,W,0.0,6.0,0.0,0.08016137295081967,0.06970554169636492
T Taibu,death,Wd,0.0,6.0,0.0,0.04340420081967213,0.03774278332145403
T Taibu,death,Nb,0.0,6.0,0.0,0.006570184426229508,0.005713203848895225
T Taibu,middle,0,3.0,18.0,0.16666666666666666,0.2808889845966761,0.24544067903219044
T Taibu,middle,1,10.0,18.0,0.5555555555555556,0.4414331678151601,0.4768504605621794
T Taibu,middle,2,2.0,18.0,0.1111111111111111,0.06664217673287394,0.0804428805054303
T Taibu,middle,3,0.0,18.0,0.0,0.002286430887717876,0.0015768488880812939
T Taibu,middle,4,2.0,18.0,0.1111111111111111,0.08739739562221321,0.09475682456704358
T Taibu,middle,6,1.0,18.0,0.05555555555555555,0.048281059991892986,0.05053866206337447
T Taibu,middle,W,0.0,18.0,0.0,0.04221980137819214,0.0291171043987532
T Taibu,middle,Wd,0.0,18.0,0.0,0.028171868666396434,0.019428874942342366
T Taibu,middle,Nb,0.0,18.0,0.0,0.002679114308877179,0.001847665040604951
T Thushara,death,0,11.0,56.0,0.19642857142857142,0.21696977459016392,0.20498740607923496
T Thushara,death,1,18.0,56.0,0.32142857142857145,0.37083760245901637,0.34201566769125685
T Thushara,death,2,8.0,56.0,0.14285714285714285,0.08837090163934426,0.12015454234972678
T Thushara,death,3,0.0,56.0,0.0,0.002651127049180328,0.0011046362704918032
T Thushara,death,4,6.0,56.0,0.10714285714285714,0.11151383196721311,0.10896409665300548
T Thushara,death,6,3.0,56.0,0.05357142857142857,0.07952100409836066,0.06438375170765027
T Thushara,death,W,6.0,56.0,0.10714285714285714,0.08016137295081967,0.09590057206284153
T Thushara,death,Wd,3.0,56.0,0.05357142857142857,0.04340420081967213,0.04933508367486339
T Thushara,death,Nb,1.0,56.0,0.017857142857142856,0.006570184426229508,0.013154243510928962
T Thushara,middle,0,19.0,63.0,0.30158730158730157,0.2808889845966761,0.29354912023171886
T Thushara,middle,1,31.0,63.0,0.49206349206349204,0.4414331678151601,0.47240123021947966
T Thushara,middle,2,2.0,63.0,0.031746031746031744,0.06664217673287394,0.045297932711795705
T Thushara,middle,3,0.0,63.0,0.0,0.002286430887717876,0.0008879343253273305
T Thushara,middle,4,3.0,63.0,0.047619047619047616,0.08739739562221321,0.06306694975619931
T Thushara,middle,6,1.0,63.0,0.015873015873015872,0.048281059991892986,0.028458664074521547
T Thushara,middle,W,1.0,63.0,0.015873015873015872,0.04221980137819214,0.026104777234249376
T Thushara,middle,Wd,5.0,63.0,0.07936507936507936,0.028171868666396434,0.059484220841319
T Thushara,middle,Nb,1.0,63.0,0.015873015873015872,0.002679114308877179,0.010749170605389196
T Thushara,powerplay,0,43.0,106.0,0.4056603773584906,0.4228881521678736,0.41038031566243116
T Thushara,powerplay,1,28.0,106.0,0.2641509433962264,0.25764450947345025,0.2623683587598494
T Thushara,powerplay,2,5.0,106.0,0.04716981132075472,0.04384827662845184,0.046259801816014204
T Thushara,powerplay,3,0.0,106.0,0.0,0.005028429611245902,0.0013776519482865486
T Thushara,powerplay,4,18.0,106.0,0.16981132075471697,0.15223269683107069,0.16499525940577278
T Thushara,powerplay,6,2.0,106.0,0.018867924528301886,0.040523771600022226,0.024801033315074585
T Thushara,powerplay,W,4.0,106.0,0.03773584905660377,0.03919952586446391,0.03813685640122299
T Thushara,powerplay,Wd,6.0,106.0,0.05660377358490566,0.03486563072990943,0.05064811800819436
T Thushara,powerplay,Nb,0.0,106.0,0.0,0.003769007093512122,0.0010326046831540061
TA Boult,death,0,186.0,929.0,0.20021528525296017,0.21696977459016392,0.20090690503984163
TA Boult,death,1,346.0,929.0,0.37244348762109797,0.37083760245901637,0.3723771972119305
TA Boult,death,2,69.0,929.0,0.07427341227125941,0.08837090163934426,0.07485535197685632
TA Boult,death,3,2.0,929.0,0.002152852529601722,0.002651127049180328,0.002173421137221066
TA Boult,death,4,132.0,929.0,0.14208826695371368,0.11151383196721311,0.14082616437429157
TA Boult,death,6,74.0,929.0,0.07965554359526372,0.07952100409836066,0.07964998984926153
TA Boult,death,W,79.0,929.0,0.08503767491926803,0.08016137295081967,0.08483638278434756
TA Boult,death,Wd,39.0,929.0,0.04198062432723358,0.04340420081967213,0.04203938909472331
TA Boult,death,Nb,2.0,929.0,0.002152852529601722,0.006570184426229508,0.0023351985315265018
TA Boult,middle,0,114.0,522.0,0.21839080459770116,0.2808889845966761,0.2228390736367741
TA Boult,middle,1,243.0,522.0,0.46551724137931033,0.4414331678151601,0.46380307244236013
TA Boult,middle,2,31.0,522.0,0.05938697318007663,0.06664217673287394,0.05990335777458177
TA Boult,middle,3,1.0,522.0,0.0019157088122605363,0.002286430887717876,0.0019420947251044753
TA Boult,middle,4,65.0,522.0,0.12452107279693486,0.08739739562221321,0.12187881819375185
TA Boult,middle,6,18.0,522.0,0.034482758620689655,0.048281059991892986,0.035464844127536865
TA Boult,middle,W,25.0,522.0,0.04789272030651341,0.04221980137819214,0.04748895383474677
TA Boult,middle,Wd,25.0,522.0,0.04789272030651341,0.028171868666396434,0.046489100972697255
TA Boult,middle,Nb,0.0,522.0,0.0,0.002679114308877179,0.00019068429244677428
TA Boult,powerplay,0,991.0,2085.0,0.4752997601918465,0.4228881521678736,0.4743131887466894
TA Boult,powerplay,1,421.0,2085.0,0.20191846522781776,0.25764450947345025,0.20296742606067672
TA Boult,powerplay,2,95.0,2085.0,0.045563549160671464,0.04384827662845184,0.045531261677712036
TA Boult,powerplay,3,7.0,2085.0,0.003357314148681055,0.005028429611245902,0.003388770439741099
TA Boult,powerplay,4,332.0,2085.0,0.1592326139088729,0.15223269683107069,0.15910085076387898
TA Boult,powerplay,6,82.0,2085.0,0.039328537170263786,0.040523771600022226,0.0393510357007063
TA Boult,powerplay,W,89.0,2085.0,0.04268585131894485,0.03919952586446391,0.042620226369213435
TA Boult,powerplay,Wd,65.0,2085.0,0.03117505995203837,0.03486563072990943,0.031244529519621825
TA Boult,powerplay,Nb,3.0,2085.0,0.0014388489208633094,0.003769007093512122,0.0014827107217602281
TG Southee,death,0,170.0,935.0,0.18181818181818182,0.21696977459016392,0.18326029844472466
TG Southee,death,1,355.0,935.0,0.37967914438502676,0.37083760245901637,0.3793164144598571
TG Southee,death,2,97.0,935.0,0.10374331550802139,0.08837090163934426,0.10311265237494746
TG Southee,death,3,3.0,935.0,0.0032085561497326204,0.002651127049180328,0.0031856872635561157
TG Southee,death,4,110.0,935.0,0.11764705882352941,0.11151383196721311,0.11739543926019336
TG Southee,death,6,81.0,935.0,0.08663101604278074,0.07952100409836066,0.08633932324506094
TG Southee,death,W,71.0,935.0,0.07593582887700535,0.08016137295081967,0.07610918453131568
TG Southee,death,Wd,43.0,935.0,0.045989304812834225,0.04340420081967213,0.045883249264396804
TG Southee,death,Nb,5.0,935.0,0.0053475935828877,0.006570184426229508,0.005397751155947877
TG Southee,middle,0,147.0,504.0,0.2916666666666667,0.2808889845966761,0.2908741900438732
TG Southee,middle,1,201.0,504.0,0.39880952380952384,0.4414331678151601,0.40194361528052647
TG Southee,middle,2,34.0,504.0,0.06746031746031746,0.06664217673287394,0.06740016005388778
TG Southee,middle,3,3.0,504.0,0.005952380952380952,0.002286430887717876,0.005682825800567491
TG Southee,middle,4,50.0,504.0,0.0992063492063492,0.08739739562221321,0.09833804379575097
TG Southee,middle,6,28.0,504.0,0.05555555555555555,0.048281059991892986,0.05502066617587448
TG Southee,middle,W,20.0,504.0,0.03968253968253968,0.04221980137819214,0.03986910304251413
TG Southee,middle,Wd,20.0,504.0,0.03968253968253968,0.028171868666396434,0.03883616681370562
TG Southee,middle,Nb,1.0,504.0,0.001984126984126984,0.002679114308877179,0.0020352289932997927
TG Southee,powerplay,0,623.0,1546.0,0.40297542043984474,0.4228881521678736,0.40347763309376733
TG Southee,powerplay,1,413.0,1546.0,0.26714100905562743,0.25764450947345025,0.2669015008694439
TG Southee,powerplay,2,76.0,1546.0,0.04915912031047866,0.04384827662845184,0.049025177216354396
TG Southee,powerplay,3,13.0,1546.0,0.008408796895213453,0.005028429611245902,0.008323541730422343
TG Southee,powerplay,4,234.0,1546.0,0.15135834411384216,0.15223269683107069,0.15138039588476848
TG Southee,powerplay,6,63.0,1546.0,0.0407503234152652,0.040523771600022226,0.04074460962421241
TG Southee,powerplay,W,61.0,1546.0,0.03945666235446313,0.03919952586446391,0.0394501771970861
TG Southee,powerplay,Wd,61.0,1546.0,0.03945666235446313,0.03486563072990943,0.0393408734105904
TG Southee,powerplay,Nb,2.0,1546.0,0.00129366106080207,0.003769007093512122,0.0013560909733546563
TH David,middle,0,0.0,2.0,0.0,0.2808889845966761,0.2675133186635011
TH David,middle,1,1.0,2.0,0.5,0.4414331678151601,0.44422206458586677
TH David,middle,2,0.0,2.0,0.0,0.06664217673287394,0.06346873974559422
TH David,middle,3,0.0,2.0,0.0,0.002286430887717876,0.0021775532263979772
TH David,middle,4,1.0,2.0,0.5,0.08739739562221321,0.1070451386878221
TH David,middle,6,0.0,2.0,0.0,0.048281059991892986,0.045981961897040936
TH David,middle,W,0.0,2.0,0.0,0.04221980137819214,0.04020933464589728
TH David,middle,Wd,0.0,2.0,0.0,0.028171868666396434,0.026830351110853745
TH David,middle,Nb,0.0,2.0,0.0,0.002679114308877179,0.0025515374370258847
TK Curran,death,0,32.0,270.0,0.11851851851851852,0.21696977459016392,0.13122190639873085
TK Curran,death,1,112.0,270.0,0.4148148148148148,0.37083760245901637,0.4091403358011634
TK Curran,death,2,31.0,270.0,0.11481481481481481,0.08837090163934426,0.11140269698572185
TK Curran,death,3,1.0,270.0,0.003703703703703704,0.002651127049180328,0.0035678873611845584
TK Curran,death,4,29.0,270.0,0.10740740740740741,0.11151383196721311,0.10793726864093071
TK Curran,death,6,32.0,270.0,0.11851851851851852,0.07952100409836066,0.11348658117398203
TK Curran,death,W,19.0,270.0,0.07037037037037037,0.08016137295081967,0.07163372554204124
TK Curran,death,Wd,11.0,270.0,0.040740740740740744,0.04340420081967213,0.041084413008989955
TK Curran,death,Nb,3.0,270.0,0.011111111111111112,0.006570184426229508,0.010525185087255421
TK Curran,middle,0,36.0,181.0,0.19889502762430938,0.2808889845966761,0.2137355628229278
TK Curran,middle,1,87.0,181.0,0.48066298342541436,0.4414331678151601,0.4735625643104362
TK Curran,middle,2,17.0,181.0,0.09392265193370165,0.06664217673287394,0.08898500936341609
TK Curran,middle,3,1.0,181.0,0.0055248618784530384,0.002286430887717876,0.004938720522663869
TK Curran,middle,4,13.0,181.0,0.0718232044198895,0.08739739562221321,0.07464206255605668
TK Curran,middle,6,10.0,181.0,0.055248618784530384,0.048281059991892986,0.05398752217047837
TK Curran,middle,W,10.0,181.0,0.055248618784530384,0.04221980137819214,0.05289046178790808
TK Curran,middle,Wd,6.0,181.0,0.03314917127071823,0.028171868666396434,0.032248302021067224
TK Curran,middle,Nb,1.0,181.0,0.0055248618784530384,0.002679114308877179,0.005009794445045643
TK Curran,powerplay,0,73.0,199.0,0.36683417085427134,0.4228881521678736,0.37621559032098306
TK Curran,powerplay,1,56.0,199.0,0.2814070351758794,0.25764450947345025,0.2774300434265189
TK Curran,powerplay,2,6.0,199.0,0.03015075376884422,0.04384827662845184,0.032443226213966836
TK Curran,powerplay,3,1.0,199.0,0.005025125628140704,0.005028429611245902,0.005025678596024419
TK Curran,powerplay,4,33.0,199.0,0.1658291457286432,0.15223269683107069,0.16355358942779427
TK Curran,powerplay,6,20.0,199.0,0.10050251256281408,0.040523771600022226,0.09046422955648907
TK Curran,powerplay,W,6.0,199.0,0.03015075376884422,0.03919952586446391,0.0316651926132994
TK Curran,powerplay,Wd,4.0,199.0,0.020100502512562814,0.03486563072990943,0.022571653678645928
TK Curran,powerplay,Nb,0.0,199.0,0.0,0.003769007093512122,0.0006307961662781795
TM Dilshan,death,0,11.0,43.0,0.2558139534883721,0.21696977459016392,0.23709386727236817
TM Dilshan,death,1,18.0,43.0,0.4186046511627907,0.37083760245901637,0.39558438672723684
TM Dilshan,death,2,2.0,43.0,0.046511627906976744,0.08837090163934426,0.06668477187438278
TM Dilshan,death,3,1.0,43.0,0.023255813953488372,0.002651127049180328,0.013325844361050762
TM Dilshan,death,4,4.0,43.0,0.09302325581395349,0.11151383196721311,0.10193437685166898
TM Dilshan,death,6,3.0,43.0,0.06976744186046512,0.07952100409836066,0.07446795378234249
TM Dilshan,death,W,4.0,43.0,0.09302325581395349,0.08016137295081967,0.08682475804858779
TM Dilshan,death,Wd,0.0,43.0,0.0,0.04340420081967213,0.020917687142010668
TM Dilshan,death,Nb,0.0,43.0,0.0,0.006570184426229508,0.0031663539403515703
TM Dilshan,middle,0,77.0,308.0,0.25,0.2808889845966761,0.25355045799961795
TM Dilshan,middle,1,161.0,308.0,0.5227272727272727,0.4414331678151601,0.5133831227373747
TM Dilshan,middle,2,20.0,308.0,0.06493506493506493,0.06664217673287394,0.06513128468193953
TM Dilshan,middle,3,2.0,308.0,0.006493506493506494,0.002286430887717876,0.006009934584795157
TM Dilshan,middle,4,23.0,308.0,0.07467532467532467,0.08739739562221321,0.07613763168071416
TM Dilshan,middle,6,14.0,308.0,0.045454545454545456,0.048281059991892986,0.045779432182976205
TM Dilshan,middle,W,7.0,308.0,0.022727272727272728,0.04221980137819214,0.024967793261861163
TM Dilshan,middle,Wd,4.0,308.0,0.012987012987012988,0.028171868666396434,0.014732398697286946
TM Dilshan,middle,Nb,0.0,308.0,0.0,0.002679114308877179,0.00030794417343415846
TM Dilshan,powerplay,0,16.0,51.0,0.3137254901960784,0.4228881521678736,0.36170907787598844
TM Dilshan,powerplay,1,22.0,51.0,0.43137254901960786,0.25764450947345025,0.35500857559272536
TM Dilshan,powerplay,2,4.0,51.0,0.0784313725490196,0.04384827662845184,0.06323001170481399
TM Dilshan,powerplay,3,0.0,51.0,0.0,0.005028429611245902,0.002210298730217979
TM Dilshan,powerplay,4,7.0,51.0,0.13725490196078433,0.15223269683107069,0.14383854805761348
TM Dilshan,powerplay,6,1.0,51.0,0.0196078431372549,0.040523771600022226,0.028801657846163616
TM Dilshan,powerplay,W,0.0,51.0,0.0,0.03919952586446391,0.017230560819544573
TM Dilshan,powerplay,Wd,1.0,51.0,0.0196078431372549,0.03486563072990943,0.02631456295820195
TM Dilshan,powerplay,Nb,0.0,51.0,0.0,0.003769007093512122,0.0016567064147306031
TM Head,death,0,2.0,24.0,0.08333333333333333,0.21696977459016392,0.16685610911885246
TM Head,death,1,13.0,24.0,0.5416666666666666,0.37083760245901637,0.43489850153688525
TM Head,death,2,2.0,24.0,0.08333333333333333,0.08837090163934426,0.08648181352459017
TM Head,death,3,0.0,24.0,0.0,0.002651127049180328,0.001656954405737705
TM Head,death,4,1.0,24.0,0.041666666666666664,0.11151383196721311,0.0853211449795082
TM Head,death,6,2.0,24.0,0.08333333333333333,0.07952100409836066,0.08095062756147542
TM Head,death,W,4.0,24.0,0.16666666666666666,0.08016137295081967,0.11260085809426229
TM Head,death,Wd,0.0,24.0,0.0,0.04340420081967213,0.027127625512295084
TM Head,death,Nb,0.0,24.0,0.0,0.006570184426229508,0.004106365266393443
TM Head,middle,0,8.0,56.0,0.14285714285714285,0.2808889845966761,0.20037041024861504
TM Head,middle,1,25.0,56.0,0.44642857142857145,0.4414331678151601,0.44434715325631674
TM Head,middle,2,6.0,56.0,0.10714285714285714,0.06664217673287394,0.09026757363869747
TM Head,middle,3,0.0,56.0,0.0,0.002286430887717876,0.000952679536549115
TM Head,middle,4,9.0,56.0,0.16071428571428573,0.08739739562221321,0.1301655815092555
TM Head,middle,6,7.0,56.0,0.125,0.048281059991892986,0.09303377499662208
TM Head,middle,W,0.0,56.0,0.0,0.04221980137819214,0.017591583907580057
TM Head,middle,Wd,1.0,56.0,0.017857142857142856,0.028171868666396434,0.022154945277665178
TM Head,middle,Nb,0.0,56.0,0.0,0.002679114308877179,0.0011162976286988246
TS Mills,death,0,30.0,168.0,0.17857142857142858,0.21696977459016392,0.18595572588272385
TS Mills,death,1,68.0,168.0,0.40476190476190477,0.37083760245901637,0.3982380004728877
TS Mills,death,2,9.0,168.0,0.05357142857142857,0.08837090163934426,0.06026363493064313
TS Mills,death,3,0.0,168.0,0.0,0.002651127049180328,0.0005098321248423707
TS Mills,death,4,25.0,168.0,0.1488095238095238,0.11151383196721311,0.14163727537831022
TS Mills,death,6,15.0,168.0,0.08928571428571429,0.07952100409836066,0.0874078854035309
TS Mills,death,W,15.0,168.0,0.08928571428571429,0.08016137295081967,0.08753103325977302
TS Mills,death,Wd,6.0,168.0,0.03571428571428571,0.04340420081967213,0.037193115542244644
TS Mills,death,Nb,0.0,168.0,0.0,0.006570184426229508,0.0012634970050441363
TS Mills,middle,0,46.0,158.0,0.2911392405063291,0.2808889845966761,0.28906848173670224
TS Mills,middle,1,57.0,158.0,0.36075949367088606,0.4414331678151601,0.3770572056192243
TS Mills,middle,2,11.0,158.0,0.06962025316455696,0.06664217673287394,0.06901862156219675
TS Mills,middle,3,0.0,158.0,0.0,0.002286430887717876,0.00046190522984199513
TS Mills,middle,4,24.0,158.0,0.1518987341772152,0.08739739562221321,0.13886816073176025
TS Mills,middle,6,10.0,158.0,0.06329113924050633,0.048281059991892986,0.06025879999836222
TS Mills,middle,W,2.0,158.0,0.012658227848101266,0.04221980137819214,0.018630262904685283
TS Mills,middle,Wd,7.0,158.0,0.04430379746835443,0.028171868666396434,0.04104482195280736
TS Mills,middle,Nb,1.0,158.0,0.006329113924050633,0.002679114308877179,0.0055917402644196324
TS Mills,powerplay,0,58.0,147.0,0.3945578231292517,0.4228881521678736,0.400617786559973
TS Mills,powerplay,1,34.0,147.0,0.23129251700680273,0.25764450947345025,0.23692930683924068
TS Mills,powerplay,2,6.0,147.0,0.04081632653061224,0.04384827662845184,0.04146487200608595
TS Mills,powerplay,3,1.0,147.0,0.006802721088435374,0.005028429611245902,0.006423193499731743
TS Mills,powerplay,4,19.0,147.0,0.1292517006802721,0.15223269683107069,0.1341674217820472
TS Mills,powerplay,6,10.0,147.0,0.06802721088435375,0.040523771600022226,0.06214412226738444
TS Mills,powerplay,W,6.0,147.0,0.04081632653061224,0.03919952586446391,0.04047048681592811
TS Mills,powerplay,Wd,13.0,147.0,0.08843537414965986,0.03486563072990943,0.07697660550372394
TS Mills,powerplay,Nb,0.0,147.0,0.0,0.003769007093512122,0.0008062047258849459
TU Deshpande,death,0,66.0,354.0,0.1864406779661017,0.21696977459016392,0.18954007863859534
TU Deshpande,death,1,106.0,354.0,0.2994350282485876,0.37083760245901637,0.30668402055421484
TU Deshpande,death,2,28.0,354.0,0.07909604519774012,0.08837090163934426,0.08003765498876592
TU Deshpande,death,3,0.0,354.0,0.0,0.002651127049180328,0.0002691499542315054
TU Deshpande,death,4,51.0,354.0,0.1440677966101695,0.11151383196721311,0.14076282558042771
TU Deshpande,death,6,36.0,354.0,0.1016949152542373,0.07952100409836066,0.09944375676125489
TU Deshpande,death,W,28.0,354.0,0.07909604519774012,0.08016137295081967,0.0792042002995756
TU Deshpande,death,Wd,38.0,354.0,0.10734463276836158,0.04340420081967213,0.10085321835732712
TU Deshpande,death,Nb,1.0,354.0,0.002824858757062147,0.006570184426229508,0.003205094865607057
TU Deshpande,middle,0,40.0,236.0,0.1694915254237288,0.2808889845966761,0.18563608472415594
TU Deshpande,middle,1,96.0,236.0,0.4067796610169492,0.4414331678151601,0.4118019083790087
TU Deshpande,middle,2,19.0,236.0,0.08050847457627118,0.06664217673287394,0.07849886619317013
TU Deshpande,middle,3,1.0,236.0,0.00423728813559322,0.002286430887717876,0.003954555201118533
TU Deshpande,middle,4,31.0,236.0,0.13135593220338984,0.08739739562221321,0.12498512980032075
TU Deshpande,middle,6,15.0,236.0,0.0635593220338983,0.048281059991892986,0.06134508115824535
TU Deshpande,middle,W,9.0,236.0,0.038135593220338986,0.04221980137819214,0.0387275074461148
TU Deshpande,middle,Wd,23.0,236.0,0.09745762711864407,0.028171868666396434,0.08741621285020239
TU Deshpande,middle,Nb,2.0,236.0,0.00847457627118644,0.002679114308877179,0.00763465424766336
TU Deshpande,powerplay,0,211.0,503.0,0.4194831013916501,0.4228881521678736,0.4197339338613535
TU Deshpande,powerplay,1,117.0,503.0,0.23260437375745527,0.25764450947345025,0.23444895097410315
TU Deshpande,powerplay,2,28.0,503.0,0.055666003976143144,0.04384827662845184,0.05479545315863365
TU Deshpande,powerplay,3,1.0,503.0,0.0019880715705765406,0.005028429611245902,0.0022120390137197717
TU Deshpande,powerplay,4,90.0,503.0,0.17892644135188868,0.15223269683107069,0.17696005133193893
TU Deshpande,powerplay,6,25.0,503.0,0.04970178926441352,0.040523771600022226,0.049025692198896666
TU Deshpande,powerplay,W,13.0,503.0,0.02584493041749503,0.03919952586446391,0.02682869435465664
TU Deshpande,powerplay,Wd,15.0,503.0,0.02982107355864811,0.03486563072990943,0.030192679980103828
TU Deshpande,powerplay,Nb,3.0,503.0,0.005964214711729622,0.003769007093512122,0.0058025051265938946
Tilak Varma,death,0,1.0,7.0,0.14285714285714285,0.21696977459016392,0.20593172305545868
Tilak Varma,death,1,3.0,7.0,0.42857142857142855,0.37083760245901637,0.3794362574119289
Tilak Varma,death,2,1.0,7.0,0.14285714285714285,0.08837090163934426,0.09648587373561214
Tilak Varma,death,3,0.0,7.0,0.0,0.002651127049180328,0.0022562783397279385
Tilak Varma,death,4,1.0,7.0,0.14285714285714285,0.11151383196721311,0.11618198465294734
Tilak Varma,death,6,0.0,7.0,0.0,0.07952100409836066,0.06767745029647716
Tilak Varma,death,W,1.0,7.0,0.14285714285714285,0.08016137295081967,0.08949904080920823
Tilak Varma,death,Wd,0.0,7.0,0.0,0.04340420081967213,0.03693974537844437
Tilak Varma,death,Nb,0.0,7.0,0.0,0.006570184426229508,0.0055916463201953264
Tilak Varma,middle,0,10.0,23.0,0.43478260869565216,0.2808889845966761,0.3370723711724928
Tilak Varma,middle,1,7.0,23.0,0.30434782608695654,0.4414331678151601,0.39138613829533975
Tilak Varma,middle,2,2.0,23.0,0.08695652173913043,0.06664217673287394,0.07405852490976123
Tilak Varma,middle,3,0.0,23.0,0.0,0.002286430887717876,0.0014517021509319848
Tilak Varma,middle,4,2.0,23.0,0.08695652173913043,0.08739739562221321,0.08723644166489727
Tilak Varma,middle,6,0.0,23.0,0.0,0.048281059991892986,0.030654641264693958
Tilak Varma,middle,W,1.0,23.0,0.043478260869565216,0.04221980137819214,0.042679238970280725
Tilak Varma,middle,Wd,1.0,23.0,0.043478260869565216,0.028171868666396434,0.03375991661358503
Tilak Varma,middle,Nb,0.0,23.0,0.0,0.002679114308877179,0.0017010249580172564
Tilak Varma,powerplay,0,2.0,6.0,0.3333333333333333,0.4228881521678736,0.4112070888416292
Tilak Varma,powerplay,1,3.0,6.0,0.5,0.25764450947345025,0.28925609519430456
Tilak Varma,powerplay,2,0.0,6.0,0.0,0.04384827662845184,0.03812893619865377
Tilak Varma,powerplay,3,0.0,6.0,0.0,0.005028429611245902,0.004372547488039915
Tilak Varma,powerplay,4,1.0,6.0,0.16666666666666666,0.15223269683107069,0.15411538854875712
Tilak Varma,powerplay,6,0.0,6.0,0.0,0.040523771600022226,0.035238062260888894
Tilak Varma,powerplay,W,0.0,6.0,0.0,0.03919952586446391,0.03408654422996862
Tilak Varma,powerplay,Wd,0.0,6.0,0.0,0.03486563072990943,0.03031793976513864
Tilak Varma,powerplay,Nb,0.0,6.0,0.0,0.003769007093512122,0.0032773974726192368
UT Yadav,death,0,158.0,748.0,0.21122994652406418,0.21696977459016392,0.21152130835483066
UT Yadav,death,1,266.0,748.0,0.35561497326203206,0.37083760245901637,0.35638769555629524
UT Yadav,death,2,59.0,748.0,0.07887700534759358,0.08837090163934426,0.07935892901722559
UT Yadav,death,3,3.0,748.0,0.004010695187165776,0.002651127049180328,0.003941681576100524
UT Yadav,death,4,95.0,748.0,0.1270053475935829,0.11151383196721311,0.12621897624199052
UT Yadav,death,6,64.0,748.0,0.0855614973262032,0.07952100409836066,0.0852548733044853
UT Yadav,death,W,64.0,748.0,0.0855614973262032,0.08016137295081967,0.08528737933760507
UT Yadav,death,Wd,27.0,748.0,0.03609625668449198,0.04340420081967213,0.0364672183157194
UT Yadav,death,Nb,12.0,748.0,0.016042780748663103,0.006570184426229508,0.015561938295747691
UT Yadav,middle,0,266.0,890.0,0.298876404494382,0.2808889845966761,0.2981027520256635
UT Yadav,middle,1,353.0,890.0,0.39662921348314606,0.4414331678151601,0.3985562652823725
UT Yadav,middle,2,51.0,890.0,0.05730337078651685,0.06664217673287394,0.057705039859478446
UT Yadav,middle,3,0.0,890.0,0.0,0.002286430887717876,9.834111345023122e-05
UT Yadav,middle,4,119.0,890.0,0.13370786516853933,0.08739739562221321,0.13171601701600918
UT Yadav,middle,6,34.0,890.0,0.038202247191011236,0.048281059991892986,0.03863574451578034
UT Yadav,middle,W,37.0,890.0,0.04157303370786517,0.04221980137819214,0.041600851672180306
UT Yadav,middle,Wd,27.0,890.0,0.030337078651685393,0.028171868666396434,0.03024395134049017
UT Yadav,middle,Nb,3.0,890.0,0.0033707865168539327,0.002679114308877179,0.0033410371745753627
UT Yadav,powerplay,0,687.0,1543.0,0.44523655217109526,0.4228881521678736,0.44467184212679406
UT Yadav,powerplay,1,352.0,1543.0,0.22812702527543746,0.25764450947345025,0.22887288716294255
UT Yadav,powerplay,2,54.0,1543.0,0.03499675955930007,0.04384827662845184,0.03522042391985981
UT Yadav,powerplay,3,6.0,1543.0,0.0038885288399222295,0.005028429611245902,0.003917332396999265
UT Yadav,powerplay,4,271.0,1543.0,0.17563188593648738,0.15223269683107069,0.17504062405132206
UT Yadav,powerplay,6,54.0,1543.0,0.03499675955930007,0.040523771600022226,0.03513641873910353
UT Yadav,powerplay,W,61.0,1543.0,0.03953337653920933,0.03919952586446391,0.03952494064092139
UT Yadav,powerplay,Wd,52.0,1543.0,0.033700583279325985,0.03486563072990943,0.033730022254703965
UT Yadav,powerplay,Nb,6.0,1543.0,0.0038885288399222295,0.003769007093512122,0.0038855087073534334
Umar Gul,death,0,114.0,490.0,0.23265306122448978,0.21696977459016392,0.23146941695020107
Umar Gul,death,1,172.0,490.0,0.3510204081632653,0.37083760245901637,0.35251604546860504
Umar Gul,death,2,54.0,490.0,0.11020408163265306,0.08837090163934426,0.10855629446334673
Umar Gul,death,3,0.0,490.0,0.0,0.002651127049180328,0.00020008506031549643
Umar Gul,death,4,58.0,490.0,0.11836734693877551,0.11151383196721311,0.1178501005258274
Umar Gul,death,6,19.0,490.0,0.03877551020408163,0.07952100409836066,0.0418506418187442
Umar Gul,death,W,47.0,490.0,0.09591836734693877,0.08016137295081967,0.09472916022270338
Umar Gul,death,Wd,17.0,490.0,0.03469387755102041,0.04340420081967213,0.03535126043922054
Umar Gul,death,Nb,9.0,490.0,0.018367346938775512,0.006570184426229508,0.017476995051036188
Umar Gul,middle,0,107.0,302.0,0.3543046357615894,0.2808889845966761,0.3457180098943481
Umar Gul,middle,1,105.0,302.0,0.347682119205298,0.4414331678151601,0.3586471541304281
Umar Gul,middle,2,17.0,302.0,0.056291390728476824,0.06664217673287394,0.05750200897460513
Umar Gul,middle,3,2.0,302.0,0.006622516556291391,0.002286430887717876,0.006115372033651213
Umar Gul,middle,4,28.0,302.0,0.09271523178807947,0.08739739562221321,0.09209326264587289
Umar Gul,middle,6,10.0,302.0,0.033112582781456956,0.048281059991892986,0.034886673683262336
Umar Gul,middle,W,18.0,302.0,0.059602649006622516,0.04221980137819214,0.05756956741265405
Umar Gul,middle,Wd,13.0,302.0,0.04304635761589404,0.028171868666396434,0.04130665130601128
Umar Gul,middle,Nb,2.0,302.0,0.006622516556291391,0.002679114308877179,0.006161299919166922
Umar Gul,powerplay,0,92.0,233.0,0.3948497854077253,0.4228881521678736,0.39895797101360786
Umar Gul,powerplay,1,69.0,233.0,0.296137339055794,0.25764450947345025,0.290497364025414
Umar Gul,powerplay,2,12.0,233.0,0.05150214592274678,0.04384827662845184,0.050380699872300636
Umar Gul,powerplay,3,4.0,233.0,0.017167381974248927,0.005028429611245902,0.015388780895420645
Umar Gul,powerplay,4,26.0,233.0,0.11158798283261803,0.15223269683107069,0.11754325228294077
Umar Gul,powerplay,6,5.0,233.0,0.02145922746781116,0.040523771600022226,0.024252567267402523
Umar Gul,powerplay,W,11.0,233.0,0.04721030042918455,0.03919952586446391,0.04603656056622182
Umar Gul,powerplay,Wd,9.0,233.0,0.03862660944206009,0.03486563072990943,0.03807555029009662
Umar Gul,powerplay,Nb,5.0,233.0,0.02145922746781116,0.003769007093512122,0.018867253786595185
Umran Malik,death,0,28.0,94.0,0.2978723404255319,0.21696977459016392,0.2737223207731833
Umran Malik,death,1,22.0,94.0,0.23404255319148937,0.37083760245901637,0.2748768962564228
Umran Malik,death,2,4.0,94.0,0.0425531914893617,0.08837090163934426,0.05623011989234157
Umran Malik,death,3,0.0,94.0,0.0,0.002651127049180328,0.0007913812087105457
Umran Malik,death,4,19.0,94.0,0.20212765957446807,0.11151383196721311,0.1750787558111084
Umran Malik,death,6,8.0,94.0,0.0851063829787234,0.07952100409836066,0.08343910570100319
Umran Malik,death,W,9.0,94.0,0.09574468085106383,0.08016137295081967,0.09109294714949841
Umran Malik,death,Wd,3.0,94.0,0.031914893617021274,0.04340420081967213,0.03534453755811109
Umran Malik,death,Nb,1.0,94.0,0.010638297872340425,0.006570184426229508,0.00942393564962075
Umran Malik,middle,0,163.0,446.0,0.3654708520179372,0.2808889845966761,0.3585093814482861
Umran Malik,middle,1,122.0,446.0,0.273542600896861,0.4414331678151601,0.28736075455268806
Umran Malik,middle,2,19.0,446.0,0.042600896860986545,0.06664217673287394,0.0445796030232818
Umran Malik,middle,3,3.0,446.0,0.006726457399103139,0.002286430887717876,0.006361023118330689
Umran Malik,middle,4,71.0,446.0,0.1591928251121076,0.08739739562221321,0.15328373626520275
Umran Malik,middle,6,20.0,446.0,0.04484304932735426,0.048281059991892986,0.04512601316805703
Umran Malik,middle,W,26.0,446.0,0.05829596412556054,0.04221980137819214,0.05697282315869894
Umran Malik,middle,Wd,19.0,446.0,0.042600896860986545,0.028171868666396434,0.04141332252398325
Umran Malik,middle,Nb,3.0,446.0,0.006726457399103139,0.002679114308877179,0.006393342741471373
Umran Malik,powerplay,0,13.0,49.0,0.2653061224489796,0.4228881521678736,0.33612950659230273
Umran Malik,powerplay,1,7.0,49.0,0.14285714285714285,0.25764450947345025,0.1944469705498653
Umran Malik,powerplay,2,3.0,49.0,0.061224489795918366,0.04384827662845184,0.053414955788068236
Umran Malik,powerplay,3,0.0,49.0,0.0,0.005028429611245902,0.0022599683646049
Umran Malik,powerplay,4,14.0,49.0,0.2857142857142857,0.15223269683107069,0.2257225603735149
Umran Malik,powerplay,6,6.0,49.0,0.12244897959183673,0.040523771600022226,0.08562866139326841
Umran Malik,powerplay,W,1.0,49.0,0.02040816326530612,0.03919952586446391,0.0288537194896467
Umran Malik,powerplay,Wd,4.0,49.0,0.08163265306122448,0.03486563072990943,0.06061376662018401
Umran Malik,powerplay,Nb,1.0,49.0,0.02040816326530612,0.003769007093512122,0.012929890828544774
V Kohli,death,0,10.0,42.0,0.23809523809523808,0.21696977459016392,0.22779013394642142
V Kohli,death,1,15.0,42.0,0.35714285714285715,0.37083760245901637,0.3638232207117153
V Kohli,death,2,4.0,42.0,0.09523809523809523,0.08837090163934426,0.09188824470211915
V Kohli,death,3,0.0,42.0,0.0,0.002651127049180328,0.0012932327069172331
V Kohli,death,4,8.0,42.0,0.19047619047619047,0.11151383196721311,0.1519579668132747
V Kohli,death,6,4.0,42.0,0.09523809523809523,0.07952100409836066,0.08757122151139544
V Kohli,death,W,0.0,42.0,0.0,0.08016137295081967,0.0391031087564974
V Kohli,death,Wd,0.0,42.0,0.0,0.04340420081967213,0.021172780887644942
V Kohli,death,Nb,1.0,42.0,0.023809523809523808,0.006570184426229508,0.015400089964014395
V Kohli,middle,0,65.0,309.0,0.21035598705501618,0.2808889845966761,0.21843999823457605
V Kohli,middle,1,160.0,309.0,0.517799352750809,0.4414331678151601,0.5090467814114796
V Kohli,middle,2,28.0,309.0,0.09061488673139159,0.06664217673287394,0.08786729819287953
V Kohli,middle,3,0.0,309.0,0.0,0.002286430887717876,0.0002620551160708167
V Kohli,middle,4,31.0,309.0,0.10032362459546926,0.08739739562221321,0.09884210838076943
V Kohli,middle,6,8.0,309.0,0.025889967637540454,0.048281059991892986,0.0284562819474949
V Kohli,middle,W,6.0,309.0,0.019417475728155338,0.04221980137819214,0.022030922794062137
V Kohli,middle,Wd,8.0,309.0,0.025889967637540454,0.028171868666396434,0.02615150357207982
V Kohli,middle,Nb,3.0,309.0,0.009708737864077669,0.002679114308877179,0.008903050350587643
V Sehwag,death,0,1.0,18.0,0.05555555555555555,0.21696977459016392,0.16687570661390616
V Sehwag,death,1,8.0,18.0,0.4444444444444444,0.37083760245901637,0.3936811051441492
V Sehwag,death,2,0.0,18.0,0.0,0.08837090163934426,0.060945449406444314
V Sehwag,death,3,0.0,18.0,0.0,0.002651127049180328,0.0018283634821933295
V Sehwag,death,4,3.0,18.0,0.16666666666666666,0.11151383196721311,0.1286302289429056
V Sehwag,death,6,4.0,18.0,0.2222222222222222,0.07952100409836066,0.12380758903335219
V Sehwag,death,W,2.0,18.0,0.1111111111111111,0.08016137295081967,0.08976646410401357
V Sehwag,death,Wd,0.0,18.0,0.0,0.04340420081967213,0.029933931599773887
V Sehwag,death,Nb,0.0,18.0,0.0,0.006570184426229508,0.00453116167326173
V Sehwag,middle,0,33.0,100.0,0.33,0.2808889845966761,0.315968281313336
V Sehwag,middle,1,40.0,100.0,0.4,0.4414331678151601,0.4118380479471886
V Sehwag,middle,2,3.0,100.0,0.03,0.06664217673287394,0.040469193352249695
V Sehwag,middle,3,0.0,100.0,0.0,0.002286430887717876,0.0006532659679193932
V Sehwag,middle,4,10.0,100.0,0.1,0.08739739562221321,0.09639925589206091
V Sehwag,middle,6,9.0,100.0,0.09,0.048281059991892986,0.07808030285482656
V Sehwag,middle,W,4.0,100.0,0.04,0.04221980137819214,0.040634228965197756
V Sehwag,middle,Wd,0.0,100.0,0.0,0.028171868666396434,0.008049105333256123
V Sehwag,middle,Nb,1.0,100.0,0.01,0.002679114308877179,0.007908318373964909
V Sehwag,powerplay,0,1.0,13.0,0.07692307692307693,0.4228881521678736,0.3380287940889612
V Sehwag,powerplay,1,2.0,13.0,0.15384615384615385,0.25764450947345025,0.23218453545166057
V Sehwag,powerplay,2,1.0,13.0,0.07692307692307693,0.04384827662845184,0.0519609634931712
V Sehwag,powerplay,3,0.0,13.0,0.0,0.005028429611245902,0.003795041216034643
V Sehwag,powerplay,4,3.0,13.0,0.23076923076923078,0.15223269683107069,0.1714963749668458
V Sehwag,powerplay,6,4.0,13.0,0.3076923076923077,0.040523771600022226,0.10605567667926206
V Sehwag,powerplay,W,0.0,13.0,0.0,0.03919952586446391,0.029584547822236913
V Sehwag,powerplay,Wd,1.0,13.0,0.07692307692307693,0.03486563072990943,0.045181608098044855
V Sehwag,powerplay,Nb,1.0,13.0,0.07692307692307693,0.003769007093512122,0.021712458183782733
V Shankar,death,0,13.0,54.0,0.24074074074074073,0.21696977459016392,0.23062543599581445
V Shankar,death,1,19.0,54.0,0.35185185185185186,0.37083760245901637,0.3599308946634112
V Shankar,death,2,7.0,54.0,0.12962962962962962,0.08837090163934426,0.11207272410184863
V Shankar,death,3,0.0,54.0,0.0,0.002651127049180328,0.0011281391698639693
V Shankar,death,4,4.0,54.0,0.07407407407407407,0.11151383196721311,0.09000588594349496
V Shankar,death,6,1.0,54.0,0.018518518518518517,0.07952100409836066,0.04447702302057901
V Shankar,death,W,3.0,54.0,0.05555555555555555,0.08016137295081967,0.06602611614928497
V Shankar,death,Wd,6.0,54.0,0.1111111111111111,0.04340420081967213,0.08229965992326474
V Shankar,death,Nb,1.0,54.0,0.018518518518518517,0.006570184426229508,0.013434121032438089
V Shankar,middle,0,64.0,238.0,0.2689075630252101,0.2808889845966761,0.2706315085750613
V Shankar,middle,1,95.0,238.0,0.39915966386554624,0.4414331678151601,0.4052421824194475
V Shankar,middle,2,13.0,238.0,0.0546218487394958,0.06664217673287394,0.056351392335665315
V Shankar,middle,3,1.0,238.0,0.004201680672268907,0.002286430887717876,0.003926105163700414
V Shankar,middle,4,27.0,238.0,0.1134453781512605,0.08739739562221321,0.1096974669960019
V Shankar,middle,6,13.0,238.0,0.0546218487394958,0.048281059991892986,0.05370950503480475
V Shankar,middle,W,10.0,238.0,0.04201680672268908,0.04221980137819214,0.042046014586790234
V Shankar,middle,Wd,12.0,238.0,0.05042016806722689,0.028171868666396434,0.04721897390883402
V Shankar,middle,Nb,3.0,238.0,0.012605042016806723,0.002679114308877179,0.011176850979694558
V Shankar,powerplay,0,9.0,23.0,0.391304347826087,0.4228881521678736,0.4113575569319832
V Shankar,powerplay,1,7.0,23.0,0.30434782608695654,0.25764450947345025,0.2746949266498097
V Shankar,powerplay,2,0.0,23.0,0.0,0.04384827662845184,0.027840175637112278
V Shankar,powerplay,3,0.0,23.0,0.0,0.005028429611245902,0.0031926537214259695
V Shankar,powerplay,4,3.0,23.0,0.13043478260869565,0.15223269683107069,0.14427472814671155
V Shankar,powerplay,6,0.0,23.0,0.0,0.040523771600022226,0.02572937879366491
V Shankar,powerplay,W,1.0,23.0,0.043478260869565216,0.03919952586446391,0.04076160372346915
V Shankar,powerplay,Wd,1.0,23.0,0.043478260869565216,0.03486563072990943,0.03800992427295837
V Shankar,powerplay,Nb,2.0,23.0,0.08695652173913043,0.003769007093512122,0.03413905212286484
V Viyaskanth,middle,0,18.0,56.0,0.32142857142857145,0.2808889845966761,0.3045370769152817
V Viyaskanth,middle,1,25.0,56.0,0.44642857142857145,0.4414331678151601,0.44434715325631674
V Viyaskanth,middle,2,3.0,56.0,0.05357142857142857,0.06664217673287394,0.059017573638697474
V Viyaskanth,middle,3,0.0,56.0,0.0,0.002286430887717876,0.000952679536549115
V Viyaskanth,middle,4,3.0,56.0,0.05357142857142857,0.08739739562221321,0.0676655815092555
V Viyaskanth,middle,6,6.0,56.0,0.10714285714285714,0.048281059991892986,0.0826171083299554
V Viyaskanth,middle,W,1.0,56.0,0.017857142857142856,0.04221980137819214,0.02800825057424673
V Viyaskanth,middle,Wd,0.0,56.0,0.0,0.028171868666396434,0.011738278610998513
V Viyaskanth,middle,Nb,0.0,56.0,0.0,0.002679114308877179,0.0011162976286988246
VR Aaron,death,0,50.0,218.0,0.22935779816513763,0.21696977459016392,0.2274371743550642
VR Aaron,death,1,63.0,218.0,0.2889908256880734,0.37083760245901637,0.3016802484432583
VR Aaron,death,2,14.0,218.0,0.06422018348623854,0.08837090163934426,0.06796448087431695
VR Aaron,death,3,1.0,218.0,0.0045871559633027525,0.002651127049180328,0.004286996441733385
VR Aaron,death,4,32.0,218.0,0.14678899082568808,0.11151383196721311,0.14131997394840512
VR Aaron,death,6,20.0,218.0,0.09174311926605505,0.07952100409836066,0.08984821768966832
VR Aaron,death,W,15.0,218.0,0.06880733944954129,0.08016137295081967,0.07056765472105732
VR Aaron,death,Wd,20.0,218.0,0.09174311926605505,0.04340420081967213,0.08424871330537552
VR Aaron,death,Nb,3.0,218.0,0.013761467889908258,0.006570184426229508,0.012646540221120854
VR Aaron,middle,0,127.0,384.0,0.3307291666666667,0.2808889845966761,0.32602726269779964
VR Aaron,middle,1,134.0,384.0,0.3489583333333333,0.4414331678151601,0.35768237432218486
VR Aaron,middle,2,17.0,384.0,0.044270833333333336,0.06664217673287394,0.046381337427629614
VR Aaron,middle,3,2.0,384.0,0.005208333333333333,0.002286430887717876,0.004932682159218667
VR Aaron,middle,4,55.0,384.0,0.14322916666666666,0.08739739562221321,0.13796201845492578
VR Aaron,middle,6,13.0,384.0,0.033854166666666664,0.048281059991892986,0.03521519433885783
VR Aaron,middle,W,13.0,384.0,0.033854166666666664,0.04221980137819214,0.03464337748850869
VR Aaron,middle,Wd,22.0,384.0,0.057291666666666664,0.028171868666396434,0.05454451591192419
VR Aaron,middle,Nb,1.0,384.0,0.0026041666666666665,0.002679114308877179,0.0026112371989506773
VR Aaron,powerplay,0,156.0,375.0,0.416,0.4228881521678736,0.41666391828124083
VR Aaron,powerplay,1,86.0,375.0,0.22933333333333333,0.25764450947345025,0.23206212139503135
VR Aaron,powerplay,2,18.0,375.0,0.048,0.04384827662845184,0.04759983389189897
VR Aaron,powerplay,3,3.0,375.0,0.008,0.005028429611245902,0.007713583576987556
VR Aaron,powerplay,4,61.0,375.0,0.16266666666666665,0.15223269683107069,0.16166098282709115
VR Aaron,powerplay,6,17.0,375.0,0.04533333333333334,0.040523771600022226,0.04486976111807443
VR Aaron,powerplay,W,15.0,375.0,0.04,0.03919952586446391,0.03992284586645435
VR Aaron,powerplay,Wd,16.0,375.0,0.042666666666666665,0.03486563072990943,0.041914759588425006
VR Aaron,powerplay,Nb,3.0,375.0,0.008,0.003769007093512122,0.007592193454796349
VR Iyer,death,0,9.0,47.0,0.19148936170212766,0.21696977459016392,0.2032044940644432
VR Iyer,death,1,19.0,47.0,0.40425531914893614,0.37083760245901637,0.3888908517052949
VR Iyer,death,2,3.0,47.0,0.06382978723404255,0.08837090163934426,0.07511305822498587
VR Iyer,death,3,0.0,47.0,0.0,0.002651127049180328,0.0012189089881288863
VR Iyer,death,4,7.0,47.0,0.14893617021276595,0.11151383196721311,0.13173049745618995
VR Iyer,death,6,3.0,47.0,0.06382978723404255,0.07952100409836066,0.07104413981533823
VR Iyer,death,W,3.0,47.0,0.06382978723404255,0.08016137295081967,0.07133856227623893
VR Iyer,death,Wd,3.0,47.0,0.06382978723404255,0.04340420081967213,0.05443871302053891
VR Iyer,death,Nb,0.0,47.0,0.0,0.006570184426229508,0.0030207744488411534
VR Iyer,middle,0,16.0,74.0,0.21621621621621623,0.2808889845966761,0.23890841564795653
VR Iyer,middle,1,36.0,74.0,0.4864864864864865,0.4414331678151601,0.4706783044965474
VR Iyer,middle,2,4.0,74.0,0.05405405405405406,0.06664217673287394,0.058470939204517174
VR Iyer,middle,3,0.0,74.0,0.0,0.002286430887717876,0.0008022564518308337
VR Iyer,middle,4,8.0,74.0,0.10810810810810811,0.08739739562221321,0.1008411914463906
VR Iyer,middle,6,5.0,74.0,0.06756756756756757,0.048281059991892986,0.06080037192697999
VR Iyer,middle,W,4.0,74.0,0.05405405405405406,0.04221980137819214,0.049901684694102506
VR Iyer,middle,Wd,0.0,74.0,0.0,0.028171868666396434,0.00988486619873559
VR Iyer,middle,Nb,1.0,74.0,0.013513513513513514,0.002679114308877179,0.00971196993293936
VR Iyer,powerplay,0,0.0,1.0,0.0,0.4228881521678736,0.4125738069930474
VR Iyer,powerplay,1,0.0,1.0,0.0,0.25764450947345025,0.25136049704726854
VR Iyer,powerplay,2,0.0,1.0,0.0,0.04384827662845184,0.04277880646678228
VR Iyer,powerplay,3,0.0,1.0,0.0,0.005028429611245902,0.004905784986581368
VR Iyer,powerplay,4,0.0,1.0,0.0,0.15223269683107069,0.1485197042254348
VR Iyer,powerplay,6,1.0,1.0,1.0,0.040523771600022226,0.06392563082928998
VR Iyer,powerplay,W,0.0,1.0,0.0,0.03919952586446391,0.038243439867769666
VR Iyer,powerplay,Wd,0.0,1.0,0.0,0.03486563072990943,0.034015249492594574
VR Iyer,powerplay,Nb,0.0,1.0,0.0,0.003769007093512122,0.003677080091231339
W O'Rourke,death,0,1.0,16.0,0.0625,0.21696977459016392,0.17283555327868852
W O'Rourke,death,1,7.0,16.0,0.4375,0.37083760245901637,0.3898840017564403
W O'Rourke,death,2,0.0,16.0,0.0,0.08837090163934426,0.0631220725995316
W O'Rourke,death,3,0.0,16.0,0.0,0.002651127049180328,0.0018936621779859484
W O'Rourke,death,4,3.0,16.0,0.1875,0.11151383196721311,0.1332241656908665
W O'Rourke,death,6,2.0,16.0,0.125,0.07952100409836066,0.09251500292740047
W O'Rourke,death,W,2.0,16.0,0.125,0.08016137295081967,0.09297240925058547
W O'Rourke,death,Wd,1.0,16.0,0.0625,0.04340420081967213,0.048860143442622954
W O'Rourke,death,Nb,0.0,16.0,0.0,0.006570184426229508,0.00469298887587822
W O'Rourke,middle,0,14.0,48.0,0.2916666666666667,0.2808889845966761,0.28676772027121644
W O'Rourke,middle,1,15.0,48.0,0.3125,0.4414331678151601,0.37110598537052736
W O'Rourke,middle,2,2.0,48.0,0.041666666666666664,0.06664217673287394,0.053019171242215425
W O'Rourke,middle,3,1.0,48.0,0.020833333333333332,0.002286430887717876,0.012402923130780853
W O'Rourke,middle,4,8.0,48.0,0.16666666666666666,0.08739739562221321,0.13063517982827874
W O'Rourke,middle,6,2.0,48.0,0.041666666666666664,0.048281059991892986,0.04467320908722408
W O'Rourke,middle,W,3.0,48.0,0.0625,0.04221980137819214,0.05328172789917825
W O'Rourke,middle,Wd,3.0,48.0,0.0625,0.028171868666396434,0.046896303939271106
W O'Rourke,middle,Nb,0.0,48.0,0.0,0.002679114308877179,0.0012177792313078086
W O'Rourke,powerplay,0,7.0,21.0,0.3333333333333333,0.4228881521678736,0.392057804700245
W O'Rourke,powerplay,1,3.0,21.0,0.14285714285714285,0.25764450947345025,0.2181275471957051
W O'Rourke,powerplay,2,0.0,21.0,0.0,0.04384827662845184,0.028752968280952026
W O'Rourke,powerplay,3,0.0,21.0,0.0,0.005028429611245902,0.0032973308926202635
W O'Rourke,powerplay,4,7.0,21.0,0.3333333333333333,0.15223269683107069,0.2145788175941447
W O'Rourke,powerplay,6,2.0,21.0,0.09523809523809523,0.040523771600022226,0.059359850229522775
W O'Rourke,powerplay,W,1.0,21.0,0.047619047619047616,0.03919952586446391,0.042098049747189455
W O'Rourke,powerplay,Wd,1.0,21.0,0.047619047619047616,0.03486563072990943,0.03925615129830127
W O'Rourke,powerplay,Nb,0.0,21.0,0.0,0.003769007093512122,0.0024714800613194242
WD Parnell,death,0,106.0,439.0,0.24145785876993167,0.21696977459016392,0.2394129248091995
WD Parnell,death,1,176.0,439.0,0.4009111617312073,0.37083760245901637,0.3983997997878093
WD Parnell,death,2,36.0,439.0,0.08200455580865604,0.08837090163934426,0.08253619220370308
WD Parnell,death,3,0.0,439.0,0.0,0.002651127049180328,0.000221388480098566
WD Parnell,death,4,57.0,439.0,0.12984054669703873,0.11151383196721311,0.12831013210582154
WD Parnell,death,6,14.0,439.0,0.03189066059225513,0.07952100409836066,0.03586814230466477
WD Parnell,death,W,32.0,439.0,0.07289293849658314,0.08016137295081967,0.07349990588315823
WD Parnell,death,Wd,14.0,439.0,0.03189066059225513,0.04340420081967213,0.03285212532940895
WD Parnell,death,Nb,4.0,439.0,0.009111617312072893,0.006570184426229508,0.008899389096136075
WD Parnell,middle,0,89.0,319.0,0.27899686520376177,0.2808889845966761,0.2792076863060363
WD Parnell,middle,1,133.0,319.0,0.4169278996865204,0.4414331678151601,0.41965829167856933
WD Parnell,middle,2,18.0,319.0,0.05642633228840126,0.06664217673287394,0.05756458793681046
WD Parnell,middle,3,1.0,319.0,0.003134796238244514,0.002286430887717876,0.0030402708509992063
WD Parnell,middle,4,32.0,319.0,0.10031347962382445,0.08739739562221321,0.09887436162921595
WD Parnell,middle,6,21.0,319.0,0.06583072100313479,0.048281059991892986,0.06387532701859532
WD Parnell,middle,W,12.0,319.0,0.03761755485893417,0.04221980137819214,0.03813033998642809
WD Parnell,middle,Wd,10.0,319.0,0.03134796238244514,0.028171868666396434,0.0309940800742503
WD Parnell,middle,Nb,3.0,319.0,0.009404388714733543,0.002679114308877179,0.008655054519094952
WD Parnell,powerplay,0,304.0,683.0,0.445095168374817,0.4228881521678736,0.4438665644352903
WD Parnell,powerplay,1,173.0,683.0,0.25329428989751096,0.25764450947345025,0.25353496594597236
WD Parnell,powerplay,2,23.0,683.0,0.03367496339677892,0.04384827662845184,0.03423780230309553
WD Parnell,powerplay,3,1.0,683.0,0.0014641288433382138,0.005028429611245902,0.001661323906569621
WD Parnell,powerplay,4,103.0,683.0,0.15080527086383602,0.15223269683107069,0.15088424325483102
WD Parnell,powerplay,6,24.0,683.0,0.03513909224011713,0.040523771600022226,0.03543699981189611
WD Parnell,powerplay,W,26.0,683.0,0.03806734992679356,0.03919952586446391,0.038129987599693715
WD Parnell,powerplay,Wd,25.0,683.0,0.036603221083455345,0.03486563072990943,0.036507088837062766
WD Parnell,powerplay,Nb,4.0,683.0,0.005856515373352855,0.003769007093512122,0.0057410239055885
WG Jacks,death,0,8.0,23.0,0.34782608695652173,0.21696977459016392,0.2647427140255009
WG Jacks,death,1,5.0,23.0,0.21739130434782608,0.37083760245901637,0.31481752537080404
WG Jacks,death,2,2.0,23.0,0.08695652173913043,0.08837090163934426,0.08785454072339319
WG Jacks,death,3,0.0,23.0,0.0,0.002651127049180328,0.001683255269320843
WG Jacks,death,4,2.0,23.0,0.08695652173913043,0.11151383196721311,0.1025484647410877
WG Jacks,death,6,2.0,23.0,0.08695652173913043,0.07952100409836066,0.08223555815768932
WG Jacks,death,W,3.0,23.0,0.13043478260869565,0.08016137295081967,0.09851515742909185
WG Jacks,death,Wd,1.0,23.0,0.043478260869565216,0.04340420081967213,0.04343123861566485
WG Jacks,death,Nb,0.0,23.0,0.0,0.006570184426229508,0.004171545667447307
WG Jacks,middle,0,46.0,178.0,0.25842696629213485,0.2808889845966761,0.26254843754067453
WG Jacks,middle,1,78.0,178.0,0.43820224719101125,0.4414331678151601,0.4387950766633321
WG Jacks,middle,2,6.0,178.0,0.033707865168539325,0.06664217673287394,0.03975085811612366
WG Jacks,middle,3,0.0,178.0,0.0,0.002286430887717876,0.00041952860325098645
WG Jacks,middle,4,15.0,178.0,0.08426966292134831,0.08739739562221321,0.0848435588297639
WG Jacks,middle,6,11.0,178.0,0.06179775280898876,0.048281059991892986,0.05931762568658587
WG Jacks,middle,W,12.0,178.0,0.06741573033707865,0.04221980137819214,0.0627926241060903
WG Jacks,middle,Wd,10.0,178.0,0.056179775280898875,0.028171868666396434,0.05104070984704522
WG Jacks,middle,Nb,0.0,178.0,0.0,0.002679114308877179,0.0004915806071334273
WG Jacks,powerplay,0,30.0,96.0,0.3125,0.4228881521678736,0.3449671035787864
WG Jacks,powerplay,1,27.0,96.0,0.28125,0.25764450947345025,0.2743072086686618
WG Jacks,powerplay,2,3.0,96.0,0.03125,0.04384827662845184,0.03495537547895642
WG Jacks,powerplay,3,2.0,96.0,0.020833333333333332,0.005028429611245902,0.016184832238601735
WG Jacks,powerplay,4,12.0,96.0,0.125,0.15223269683107069,0.1330096167150208
WG Jacks,powerplay,6,15.0,96.0,0.15625,0.040523771600022226,0.12221287400000654
WG Jacks,powerplay,W,4.0,96.0,0.041666666666666664,0.03919952586446391,0.04094103701895997
WG Jacks,powerplay,Wd,3.0,96.0,0.03125,0.03486563072990943,0.032313420802914536
WG Jacks,powerplay,Nb,0.0,96.0,0.0,0.003769007093512122,0.0011085314980918007
WPUJC Vaas,death,0,8.0,44.0,0.18181818181818182,0.21696977459016392,0.19855703551912568
WPUJC Vaas,death,1,19.0,44.0,0.4318181818181818,0.37083760245901637,0.4027798106947697
WPUJC Vaas,death,2,2.0,44.0,0.045454545454545456,0.08837090163934426,0.06589090554254488
WPUJC Vaas,death,3,0.0,44.0,0.0,0.002651127049180328,0.0012624414519906324
WPUJC Vaas,death,4,5.0,44.0,0.11363636363636363,0.11151383196721311,0.1126256342701015
WPUJC Vaas,death,6,6.0,44.0,0.13636363636363635,0.07952100409836066,0.1092957162373146
WPUJC Vaas,death,W,3.0,44.0,0.06818181818181818,0.08016137295081967,0.07388636807181889
WPUJC Vaas,death,Wd,1.0,44.0,0.022727272727272728,0.04340420081967213,0.032573428961748634
WPUJC Vaas,death,Nb,0.0,44.0,0.0,0.006570184426229508,0.00312865925058548
WPUJC Vaas,middle,0,11.0,51.0,0.21568627450980393,0.2808889845966761,0.2443468064161214
WPUJC Vaas,middle,1,27.0,51.0,0.5294117647058824,0.4414331678151601,0.4907398539846858
WPUJC Vaas,middle,2,2.0,51.0,0.0392156862745098,0.06664217673287394,0.051271286475988546
WPUJC Vaas,middle,3,0.0,51.0,0.0,0.002286430887717876,0.0010050245660298356
WPUJC Vaas,middle,4,3.0,51.0,0.058823529411764705,0.08739739562221321,0.07138347060317064
WPUJC Vaas,middle,6,3.0,51.0,0.058823529411764705,0.048281059991892986,0.054189476919513396
WPUJC Vaas,middle,W,2.0,51.0,0.0392156862745098,0.04221980137819214,0.04053617642997457
WPUJC Vaas,middle,Wd,2.0,51.0,0.0392156862745098,0.028171868666396434,0.03436126095226216
WPUJC Vaas,middle,Nb,1.0,51.0,0.0196078431372549,0.002679114308877179,0.012166643652253705
WPUJC Vaas,powerplay,0,105.0,233.0,0.45064377682403434,0.4228881521678736,0.4465770186326555
WPUJC Vaas,powerplay,1,56.0,233.0,0.24034334763948498,0.25764450947345025,0.24287831640636634
WPUJC Vaas,powerplay,2,14.0,233.0,0.060085836909871244,0.04384827662845184,0.05770670719830796
WPUJC Vaas,powerplay,3,0.0,233.0,0.0,0.005028429611245902,0.000736766243405993
WPUJC Vaas,powerplay,4,35.0,233.0,0.15021459227467812,0.15223269683107069,0.15051028524997373
WPUJC Vaas,powerplay,6,5.0,233.0,0.02145922746781116,0.040523771600022226,0.024252567267402523
WPUJC Vaas,powerplay,W,16.0,233.0,0.06866952789699571,0.03919952586446391,0.06435157888124013
WPUJC Vaas,powerplay,Wd,0.0,233.0,0.0,0.03486563072990943,0.005108517323063654
WPUJC Vaas,powerplay,Nb,2.0,233.0,0.008583690987124463,0.003769007093512122,0.007878242797584194
Washington Sundar,death,0,28.0,127.0,0.2204724409448819,0.21696977459016392,0.21963347894375188
Washington Sundar,death,1,59.0,127.0,0.4645669291338583,0.37083760245901637,0.4421167910081476
Washington Sundar,death,2,13.0,127.0,0.10236220472440945,0.08837090163934426,0.09901099440463336
Washington Sundar,death,3,0.0,127.0,0.0,0.002651127049180328,0.0006350004908216354
Washington Sundar,death,4,6.0,127.0,0.047244094488188976,0.11151383196721311,0.06263804358496124
Washington Sundar,death,6,12.0,127.0,0.09448818897637795,0.07952100409836066,0.09090323451457741
Washington Sundar,death,W,9.0,127.0,0.07086614173228346,0.08016137295081967,0.073092544419358
Washington Sundar,death,Wd,0.0,127.0,0.0,0.04340420081967213,0.01039621576519093
Washington Sundar,death,Nb,0.0,127.0,0.0,0.006570184426229508,0.001573696868557966
Washington Sundar,middle,0,257.0,953.0,0.2696747114375656,0.2808889845966761,0.2701264444953344
Washington Sundar,middle,1,493.0,953.0,0.5173137460650578,0.4414331678151601,0.514257126598798
Washington Sundar,middle,2,54.0,953.0,0.05666316894018888,0.06664217673287394,0.05706514307081063
Washington Sundar,middle,3,0.0,953.0,0.0,0.002286430887717876,9.210194915278453e-05
Washington Sundar,middle,4,54.0,953.0,0.05666316894018888,0.08739739562221321,0.057901204254671226
Washington Sundar,middle,6,50.0,953.0,0.05246589716684155,0.048281059991892986,0.05229732366533305
Washington Sundar,middle,W,31.0,953.0,0.03252885624344176,0.04221980137819214,0.03291922664161902
Washington Sundar,middle,Wd,14.0,953.0,0.014690451206715634,0.028171868666396434,0.01523350931183873
Washington Sundar,middle,Nb,0.0,953.0,0.0,0.002679114308877179,0.00010792001244218243
Washington Sundar,powerplay,0,251.0,620.0,0.40483870967741936,0.4228881521678736,0.40593261528290137
Washington Sundar,powerplay,1,179.0,620.0,0.2887096774193548,0.25764450947345025,0.2868269399680879
Washington Sundar,powerplay,2,28.0,620.0,0.04516129032258064,0.04384827662845184,0.045081713735057684
Washington Sundar,powerplay,3,1.0,620.0,0.0016129032258064516,0.005028429611245902,0.001819904824923994
Washington Sundar,powerplay,4,86.0,620.0,0.13870967741935483,0.15223269683107069,0.13952925435339822
Washington Sundar,powerplay,6,34.0,620.0,0.054838709677419356,0.040523771600022226,0.05397113767272862
Washington Sundar,powerplay,W,26.0,620.0,0.041935483870967745,0.03919952586446391,0.04176966823420993
Washington Sundar,powerplay,Wd,13.0,620.0,0.020967741935483872,0.03486563072990943,0.021810038226055116
Washington Sundar,powerplay,Nb,2.0,620.0,0.0032258064516129032,0.003769007093512122,0.003258727702637098
XC Bartlett,death,0,23.0,97.0,0.23711340206185566,0.21696977459016392,0.23123205097523034
XC Bartlett,death,1,30.0,97.0,0.30927835051546393,0.37083760245901637,0.3272518547325595
XC Bartlett,death,2,12.0,97.0,0.12371134020618557,0.08837090163934426,0.1133929639822903
XC Bartlett,death,3,0.0,97.0,0.0,0.002651127049180328,0.0007740516931913366
XC Bartlett,death,4,13.0,97.0,0.13402061855670103,0.11151383196721311,0.12744929400502572
XC Bartlett,death,6,8.0,97.0,0.08247422680412371,0.07952100409836066,0.08161197199952136
XC Bartlett,death,W,6.0,97.0,0.061855670103092786,0.08016137295081967,0.06720040086155318
XC Bartlett,death,Wd,5.0,97.0,0.05154639175257732,0.04340420081967213,0.04916910972837143
XC Bartlett,death,Nb,0.0,97.0,0.0,0.006570184426229508,0.0019183020222567908
XC Bartlett,middle,0,33.0,107.0,0.308411214953271,0.2808889845966761,0.3009221726793676
XC Bartlett,middle,1,42.0,107.0,0.3925233644859813,0.4414331678151601,0.4058321545075266
XC Bartlett,middle,2,5.0,107.0,0.04672897196261682,0.06664217673287394,0.05214753108377522
XC Bartlett,middle,3,0.0,107.0,0.0,0.002286430887717876,0.0006221580646851363
XC Bartlett,middle,4,17.0,107.0,0.1588785046728972,0.08739739562221321,0.13942786275434374
XC Bartlett,middle,6,5.0,107.0,0.04672897196261682,0.048281059991892986,0.047151308841331424
XC Bartlett,middle,W,3.0,107.0,0.028037383177570093,0.04221980137819214,0.03189654459270535
XC Bartlett,middle,Wd,2.0,107.0,0.018691588785046728,0.028171868666396434,0.021271256779971815
XC Bartlett,middle,Nb,0.0,107.0,0.0,0.002679114308877179,0.0007290106962931099
XC Bartlett,powerplay,0,78.0,215.0,0.3627906976744186,0.4228881521678736,0.37221774935966645
XC Bartlett,powerplay,1,51.0,215.0,0.2372093023255814,0.25764450947345025,0.24041482501544317
XC Bartlett,powerplay,2,15.0,215.0,0.06976744186046512,0.04384827662845184,0.06570169045152185
XC Bartlett,powerplay,3,2.0,215.0,0.009302325581395349,0.005028429611245902,0.008631910527254259
XC Bartlett,powerplay,4,41.0,215.0,0.19069767441860466,0.15223269683107069,0.18466395244408954
XC Bartlett,powerplay,6,15.0,215.0,0.06976744186046512,0.040523771600022226,0.06518019946667016
XC Bartlett,powerplay,W,7.0,215.0,0.03255813953488372,0.03919952586446391,0.03359992562579826
XC Bartlett,powerplay,Wd,3.0,215.0,0.013953488372093023,0.03486563072990943,0.017233824428221085
XC Bartlett,powerplay,Nb,3.0,215.0,0.013953488372093023,0.003769007093512122,0.012355922681335235
Y Venugopal Rao,death,0,4.0,24.0,0.16666666666666666,0.21696977459016392,0.19810610911885246
Y Venugopal Rao,death,1,9.0,24.0,0.375,0.37083760245901637,0.37239850153688525
Y Venugopal Rao,death,2,2.0,24.0,0.08333333333333333,0.08837090163934426,0.08648181352459017
Y Venugopal Rao,death,3,0.0,24.0,0.0,0.002651127049180328,0.001656954405737705
Y Venugopal Rao,death,4,4.0,24.0,0.16666666666666666,0.11151383196721311,0.1321961449795082
Y Venugopal Rao,death,6,4.0,24.0,0.16666666666666666,0.07952100409836066,0.11220062756147542
Y Venugopal Rao,death,W,1.0,24.0,0.041666666666666664,0.08016137295081967,0.06572585809426229
Y Venugopal Rao,death,Wd,0.0,24.0,0.0,0.04340420081967213,0.027127625512295084
Y Venugopal Rao,death,Nb,0.0,24.0,0.0,0.006570184426229508,0.004106365266393443
Y Venugopal Rao,middle,0,27.0,140.0,0.19285714285714287,0.2808889845966761,0.2124197743548169
Y Venugopal Rao,middle,1,72.0,140.0,0.5142857142857142,0.4414331678151601,0.49809625951448006
Y Venugopal Rao,middle,2,10.0,140.0,0.07142857142857142,0.06664217673287394,0.07036492816286087
Y Venugopal Rao,middle,3,0.0,140.0,0.0,0.002286430887717876,0.0005080957528261947
Y Venugopal Rao,middle,4,17.0,140.0,0.12142857142857143,0.08739739562221321,0.11386608791604738
Y Venugopal Rao,middle,6,6.0,140.0,0.04285714285714286,0.048281059991892986,0.04406245777597622
Y Venugopal Rao,middle,W,3.0,140.0,0.02142857142857143,0.04221980137819214,0.026048844750709364
Y Venugopal Rao,middle,Wd,5.0,140.0,0.03571428571428571,0.028171868666396434,0.034038193036976985
Y Venugopal Rao,middle,Nb,0.0,140.0,0.0,0.002679114308877179,0.0005953587353060397
Y Venugopal Rao,powerplay,0,15.0,41.0,0.36585365853658536,0.4228881521678736,0.3940188405767277
Y Venugopal Rao,powerplay,1,11.0,41.0,0.2682926829268293,0.25764450947345025,0.26303432566590135
Y Venugopal Rao,powerplay,2,3.0,41.0,0.07317073170731707,0.04384827662845184,0.05869050697701325
Y Venugopal Rao,powerplay,3,0.0,41.0,0.0,0.005028429611245902,0.002483175116664643
Y Venugopal Rao,powerplay,4,8.0,41.0,0.1951219512195122,0.15223269683107069,0.1739420725091707
Y Venugopal Rao,powerplay,6,3.0,41.0,0.07317073170731707,0.040523771600022226,0.057048776098776406
Y Venugopal Rao,powerplay,W,1.0,41.0,0.024390243902439025,0.03919952586446391,0.031703469562698226
Y Venugopal Rao,powerplay,Wd,0.0,41.0,0.0,0.03486563072990943,0.0172175954221775
Y Venugopal Rao,powerplay,Nb,0.0,41.0,0.0,0.003769007093512122,0.001861238070870184
YA Abdulla,death,0,10.0,58.0,0.1724137931034483,0.21696977459016392,0.19059990799598528
YA Abdulla,death,1,15.0,58.0,0.25862068965517243,0.37083760245901637,0.3044235112077618
YA Abdulla,death,2,9.0,58.0,0.15517241379310345,0.08837090163934426,0.12790649046503846
YA Abdulla,death,3,0.0,58.0,0.0,0.002651127049180328,0.0010820926731348276
YA Abdulla,death,4,8.0,58.0,0.13793103448275862,0.11151383196721311,0.12714850284376047
YA Abdulla,death,6,7.0,58.0,0.1206896551724138,0.07952100409836066,0.10388612412177986
YA Abdulla,death,W,5.0,58.0,0.08620689655172414,0.08016137295081967,0.08373933589829374
YA Abdulla,death,Wd,4.0,58.0,0.06896551724137931,0.04340420081967213,0.0585323268651723
YA Abdulla,death,Nb,0.0,58.0,0.0,0.006570184426229508,0.0026817079290732686
YA Abdulla,middle,0,24.0,70.0,0.34285714285714286,0.2808889845966761,0.320323267126064
YA Abdulla,middle,1,27.0,70.0,0.38571428571428573,0.4414331678151601,0.40597569738733097
YA Abdulla,middle,2,3.0,70.0,0.04285714285714286,0.06664217673287394,0.051506246084681434
YA Abdulla,middle,3,0.0,70.0,0.0,0.002286430887717876,0.0008314294137155913
YA Abdulla,middle,4,10.0,70.0,0.14285714285714285,0.08739739562221321,0.12268996204444116
YA Abdulla,middle,6,2.0,70.0,0.02857142857142857,0.048281059991892986,0.03573856726977927
YA Abdulla,middle,W,1.0,70.0,0.014285714285714285,0.04221980137819214,0.024443564137524416
YA Abdulla,middle,Wd,2.0,70.0,0.02857142857142857,0.028171868666396434,0.028426134060507792
YA Abdulla,middle,Nb,1.0,70.0,0.014285714285714285,0.002679114308877179,0.010065132475955337
YA Abdulla,powerplay,0,46.0,104.0,0.4423076923076923,0.4228881521678736,0.4369133756021871
YA Abdulla,powerplay,1,21.0,104.0,0.20192307692307693,0.25764450947345025,0.21740125263151397
YA Abdulla,powerplay,2,4.0,104.0,0.038461538461538464,0.04384827662845184,0.039957854619014396
YA Abdulla,powerplay,3,0.0,104.0,0.0,0.005028429611245902,0.0013967860031238618
YA Abdulla,powerplay,4,13.0,104.0,0.125,0.15223269683107069,0.13256463800863075
YA Abdulla,powerplay,6,5.0,104.0,0.04807692307692308,0.040523771600022226,0.045978825444450616
YA Abdulla,powerplay,W,7.0,104.0,0.0673076923076923,0.03919952586446391,0.05949986829568442
YA Abdulla,powerplay,Wd,8.0,104.0,0.07692307692307693,0.03486563072990943,0.0652404529805304
YA Abdulla,powerplay,Nb,0.0,104.0,0.0,0.003769007093512122,0.0010469464148644785
YBK Jaiswal,death,0,0.0,4.0,0.0,0.21696977459016392,0.19724524962742176
YBK Jaiswal,death,1,1.0,4.0,0.25,0.37083760245901637,0.35985236587183306
YBK Jaiswal,death,2,1.0,4.0,0.25,0.08837090163934426,0.10306445603576751
YBK Jaiswal,death,3,0.0,4.0,0.0,0.002651127049180328,0.0024101154992548436
YBK Jaiswal,death,4,0.0,4.0,0.0,0.11151383196721311,0.10137621087928465
YBK Jaiswal,death,6,2.0,4.0,0.5,0.07952100409836066,0.11774636736214607
YBK Jaiswal,death,W,0.0,4.0,0.0,0.08016137295081967,0.07287397540983606
YBK Jaiswal,death,Wd,0.0,4.0,0.0,0.04340420081967213,0.039458364381520124
YBK Jaiswal,death,Nb,0.0,4.0,0.0,0.006570184426229508,0.005972894932935916
YK Pathan,death,0,23.0,98.0,0.23469387755102042,0.21696977459016392,0.22955645640294606
YK Pathan,death,1,37.0,98.0,0.37755102040816324,0.37083760245901637,0.37560510216203374
YK Pathan,death,2,8.0,98.0,0.08163265306122448,0.08837090163934426,0.08358576859111429
YK Pathan,death,3,2.0,98.0,0.02040816326530612,0.002651127049180328,0.015261196246139225
YK Pathan,death,4,4.0,98.0,0.04081632653061224,0.11151383196721311,0.06130835709194584
YK Pathan,death,6,16.0,98.0,0.16326530612244897,0.07952100409836066,0.13899159539082917
YK Pathan,death,W,6.0,98.0,0.061224489795918366,0.08016137295081967,0.0667134414350202
YK Pathan,death,Wd,2.0,98.0,0.02040816326530612,0.04340420081967213,0.027073681397006416
YK Pathan,death,Nb,0.0,98.0,0.0,0.006570184426229508,0.001904401282965075
YK Pathan,middle,0,229.0,846.0,0.2706855791962175,0.2808889845966761,0.27114622955289736
YK Pathan,middle,1,416.0,846.0,0.491725768321513,0.4414331678151601,0.48945522202325775
YK Pathan,middle,2,42.0,846.0,0.04964539007092199,0.06664217673287394,0.05041273935588596
YK Pathan,middle,3,2.0,846.0,0.002364066193853428,0.002286430887717876,0.0023605612138924547
YK Pathan,middle,4,62.0,846.0,0.07328605200945626,0.08739739562221321,0.0739231329852015
YK Pathan,middle,6,46.0,846.0,0.054373522458628844,0.048281059991892986,0.054098467719724284
YK Pathan,middle,W,31.0,846.0,0.03664302600472813,0.04221980137819214,0.036894799159286326
YK Pathan,middle,Wd,18.0,846.0,0.02127659574468085,0.028171868666396434,0.021587894747918574
YK Pathan,middle,Nb,0.0,846.0,0.0,0.002679114308877179,0.00012095324193576429
YK Pathan,powerplay,0,154.0,374.0,0.4117647058823529,0.4228881521678736,0.4128394349920651
YK Pathan,powerplay,1,119.0,374.0,0.3181818181818182,0.25764450947345025,0.31233280284767634
YK Pathan,powerplay,2,17.0,374.0,0.045454545454545456,0.04384827662845184,0.04529935039888423
YK Pathan,powerplay,3,3.0,374.0,0.008021390374331552,0.005028429611245902,0.007732215421376415
YK Pathan,powerplay,4,42.0,374.0,0.11229946524064172,0.15223269683107069,0.1161577484860938
YK Pathan,powerplay,6,10.0,374.0,0.026737967914438502,0.040523771600022226,0.028069929623190555
YK Pathan,powerplay,W,13.0,374.0,0.034759358288770054,0.03919952586446391,0.03518835998690473
YK Pathan,powerplay,Wd,16.0,374.0,0.0427807486631016,0.03486563072990943,0.04201600296907338
YK Pathan,powerplay,Nb,0.0,374.0,0.0,0.003769007093512122,0.00036415527473547077
YS Chahal,death,0,142.0,774.0,0.1834625322997416,0.21696977459016392,0.1851090798324405
YS Chahal,death,1,319.0,774.0,0.41214470284237725,0.37083760245901637,0.41011486989970597
YS Chahal,death,2,70.0,774.0,0.09043927648578812,0.08837090163934426,0.09033763644419382
YS Chahal,death,3,3.0,774.0,0.003875968992248062,0.002651127049180328,0.00381578019897692
YS Chahal,death,4,56.0,774.0,0.07235142118863049,0.11151383196721311,0.07427586397873283
YS Chahal,death,6,74.0,774.0,0.09560723514211886,0.07952100409836066,0.0948167569581504
YS Chahal,death,W,73.0,774.0,0.09431524547803617,0.08016137295081967,0.09361972348652677
YS Chahal,death,Wd,34.0,774.0,0.04392764857881137,0.04340420081967213,0.04390192633020502
YS Chahal,death,Nb,3.0,774.0,0.003875968992248062,0.006570184426229508,0.004008362871067789
YS Chahal,middle,0,1050.0,3821.0,0.2747971735147867,0.2808889845966761,0.2748602847407063
YS Chahal,middle,1,1720.0,3821.0,0.45014394137660296,0.4414331678151601,0.4500536976722627
YS Chahal,middle,2,248.0,3821.0,0.06490447526825438,0.06664217673287394,0.06492247787343045
YS Chahal,middle,3,12.0,3821.0,0.003140539125883277,0.002286430887717876,0.003131690555687313
YS Chahal,middle,4,259.0,3821.0,0.06778330280031405,0.08739739562221321,0.06798650500515113
YS Chahal,middle,6,231.0,3821.0,0.060455378173253076,0.048281059991892986,0.06032925211076812
YS Chahal,middle,W,185.0,3821.0,0.04841664485736718,0.04221980137819214,0.04835244549472357
YS Chahal,middle,Wd,108.0,3821.0,0.028264852132949488,0.028171868666396434,0.02826388882327269
YS Chahal,middle,Nb,8.0,3821.0,0.002093692750588851,0.002679114308877179,0.0020997577239976915
YS Chahal,powerplay,0,217.0,593.0,0.36593591905564926,0.4228881521678736,0.3695347963455212
YS Chahal,powerplay,1,203.0,593.0,0.342327150084317,0.25764450947345025,0.33697595636483096
YS Chahal,powerplay,2,22.0,593.0,0.03709949409780776,0.04384827662845184,0.03752595744887531
YS Chahal,powerplay,3,1.0,593.0,0.0016863406408094434,0.005028429611245902,0.00189753109707715
YS Chahal,powerplay,4,75.0,593.0,0.12647554806070826,0.15223269683107069,0.12810317199564428
YS Chahal,powerplay,6,40.0,593.0,0.06745362563237774,0.040523771600022226,0.06575189709952747
YS Chahal,powerplay,W,26.0,593.0,0.04384485666104553,0.03919952586446391,0.043551312850835
YS Chahal,powerplay,Wd,6.0,593.0,0.01011804384485666,0.03486563072990943,0.011681872399994277
YS Chahal,powerplay,Nb,3.0,593.0,0.00505902192242833,0.003769007093512122,0.004977504397694289
Yuvraj Singh,death,0,32.0,129.0,0.24806201550387597,0.21696977459016392,0.24070290522844118
Yuvraj Singh,death,1,58.0,129.0,0.4496124031007752,0.37083760245901637,0.4309674798719565
Yuvraj Singh,death,2,12.0,129.0,0.09302325581395349,0.08837090163934426,0.09192210689688622
Yuvraj Singh,death,3,0.0,129.0,0.0,0.002651127049180328,0.0006274856921136871
Yuvraj Singh,death,4,8.0,129.0,0.06201550387596899,0.11151383196721311,0.07373108448928122
Yuvraj Singh,death,6,10.0,129.0,0.07751937984496124,0.07952100409836066,0.07799313706470075
Yuvraj Singh,death,W,8.0,129.0,0.06201550387596899,0.08016137295081967,0.06631038413037152
Yuvraj Singh,death,Wd,1.0,129.0,0.007751937984496124,0.04340420081967213,0.01619034338927151
Yuvraj Singh,death,Nb,0.0,129.0,0.0,0.006570184426229508,0.0015550732369773983
Yuvraj Singh,middle,0,270.0,1011.0,0.26706231454005935,0.2808889845966761,0.2675885436573426
Yuvraj Singh,middle,1,471.0,1011.0,0.4658753709198813,0.4414331678151601,0.46494512532122395
Yuvraj Singh,middle,2,87.0,1011.0,0.08605341246290801,0.06664217673287394,0.08531464040848236
Yuvraj Singh,middle,3,4.0,1011.0,0.003956478733926805,0.002286430887717876,0.003892918397249015
Yuvraj Singh,middle,4,66.0,1011.0,0.06528189910979229,0.08739739562221321,0.06612359260217748
Yuvraj Singh,middle,6,43.0,1011.0,0.04253214638971316,0.048281059991892986,0.042750944243269
Yuvraj Singh,middle,W,52.0,1011.0,0.051434223541048464,0.04221980137819214,0.05108353192685793
Yuvraj Singh,middle,Wd,15.0,1011.0,0.01483679525222552,0.028171868666396434,0.015344314697103576
Yuvraj Singh,middle,Nb,3.0,1011.0,0.002967359050445104,0.002679114308877179,0.002956388746294089
Z Khan,death,0,110.0,588.0,0.1870748299319728,0.21696977459016392,0.18897896653440535
Z Khan,death,1,246.0,588.0,0.41836734693877553,0.37083760245901637,0.41533997467891826
Z Khan,death,2,66.0,588.0,0.11224489795918367,0.08837090163934426,0.11072426125091364
Z Khan,death,3,1.0,588.0,0.0017006802721088435,0.002651127049180328,0.0017612182833872821
Z Khan,death,4,70.0,588.0,0.11904761904761904,0.11151383196721311,0.11856775999791166
Z Khan,death,6,35.0,588.0,0.05952380952380952,0.07952100409836066,0.06079751618460896
Z Khan,death,W,46.0,588.0,0.0782312925170068,0.08016137295081967,0.07835422757648533
Z Khan,death,Wd,12.0,588.0,0.02040816326530612,0.04340420081967213,0.021872879033100135
Z Khan,death,Nb,2.0,588.0,0.003401360544217687,0.006570184426229508,0.0036031964602693954
Z Khan,middle,0,87.0,332.0,0.2620481927710843,0.2808889845966761,0.264074084365234
Z Khan,middle,1,135.0,332.0,0.4066265060240964,0.4414331678151601,0.41036915782958705
Z Khan,middle,2,21.0,332.0,0.06325301204819277,0.06664217673287394,0.06361743835837354
Z Khan,middle,3,4.0,332.0,0.012048192771084338,0.002286430887717876,0.010998540955668589
Z Khan,middle,4,48.0,332.0,0.14457831325301204,0.08739739562221321,0.13842982748625948
Z Khan,middle,6,9.0,332.0,0.02710843373493976,0.048281059991892986,0.02938506021418204
Z Khan,middle,W,16.0,332.0,0.04819277108433735,0.04221980137819214,0.04755051627722496
Z Khan,middle,Wd,11.0,332.0,0.03313253012048193,0.028171868666396434,0.03259912566305338
Z Khan,middle,Nb,1.0,332.0,0.0030120481927710845,0.002679114308877179,0.002976248850416901
Z Khan,powerplay,0,630.0,1373.0,0.4588492352512746,0.4228881521678736,0.4578312286530184
Z Khan,powerplay,1,343.0,1373.0,0.2498179169701384,0.25764450947345025,0.250039476559758
Z Khan,powerplay,2,64.0,1373.0,0.04661325564457393,0.04384827662845184,0.04653498306096113
Z Khan,powerplay,3,3.0,1373.0,0.0021849963583394027,0.005028429611245902,0.0022654898686835356
Z Khan,powerplay,4,202.0,1373.0,0.14712308812818645,0.15223269683107069,0.14726773380979677
Z Khan,powerplay,6,22.0,1373.0,0.016023306627822288,0.040523771600022226,0.016716879592357316
Z Khan,powerplay,W,55.0,1373.0,0.04005826656955572,0.03919952586446391,0.04003395685391264
Z Khan,powerplay,Wd,54.0,1373.0,0.03932993445010925,0.03486563072990943,0.03920355642547514
Z Khan,powerplay,Nb,0.0,1373.0,0.0,0.003769007093512122,0.0001066951760371443
