venue,phase,outcome,n,total_n,probability_raw,fallback_probability,probability
AMI Stadium,death,0,21.0,110.0,0.19090909090909092,0.21696977459016392,0.20331894028103045
AMI Stadium,death,1,46.0,110.0,0.41818181818181815,0.37083760245901637,0.39563695355191253
AMI Stadium,death,2,5.0,110.0,0.045454545454545456,0.08837090163934426,0.06589090554254488
AMI Stadium,death,3,1.0,110.0,0.00909090909090909,0.002651127049180328,0.006024346213895394
AMI Stadium,death,4,16.0,110.0,0.14545454545454545,0.11151383196721311,0.12929230093676816
AMI Stadium,death,6,13.0,110.0,0.11818181818181818,0.07952100409836066,0.09977190671350508
AMI Stadium,death,W,4.0,110.0,0.03636363636363636,0.08016137295081967,0.05721970140515222
AMI Stadium,death,Wd,3.0,110.0,0.02727272727272727,0.04340420081967213,0.03495438134270101
AMI Stadium,death,Nb,1.0,110.0,0.00909090909090909,0.006570184426229508,0.007890564012490242
AMI Stadium,middle,0,69.0,231.0,0.2987012987012987,0.2808889845966761,0.2933199349234671
AMI Stadium,middle,1,100.0,231.0,0.4329004329004329,0.4414331678151601,0.4354782984335831
AMI Stadium,middle,2,6.0,231.0,0.025974025974025976,0.06664217673287394,0.03826047635434258
AMI Stadium,middle,3,0.0,231.0,0.0,0.002286430887717876,0.0006907646186458839
AMI Stadium,middle,4,16.0,231.0,0.06926406926406926,0.08739739562221321,0.07474241559583482
AMI Stadium,middle,6,16.0,231.0,0.06926406926406926,0.048281059991892986,0.06292479153833624
AMI Stadium,middle,W,15.0,231.0,0.06493506493506493,0.04221980137819214,0.058072447546281616
AMI Stadium,middle,Wd,6.0,231.0,0.025974025974025976,0.028171868666396434,0.026638026787430946
AMI Stadium,middle,Nb,3.0,231.0,0.012987012987012988,0.002679114308877179,0.009872844202077697
AMI Stadium,powerplay,0,55.0,137.0,0.40145985401459855,0.4228881521678736,0.41050133002863864
AMI Stadium,powerplay,1,34.0,137.0,0.24817518248175183,0.25764450947345025,0.2521706791027216
AMI Stadium,powerplay,2,4.0,137.0,0.029197080291970802,0.04384827662845184,0.03537901967445225
AMI Stadium,powerplay,3,1.0,137.0,0.0072992700729927005,0.005028429611245902,0.006341109540610085
AMI Stadium,powerplay,4,22.0,137.0,0.16058394160583941,0.15223269683107069,0.15706020963336317
AMI Stadium,powerplay,6,11.0,137.0,0.08029197080291971,0.040523771600022226,0.0635121399156212
AMI Stadium,powerplay,W,3.0,137.0,0.021897810218978103,0.03919952586446391,0.029198112179098692
AMI Stadium,powerplay,Wd,4.0,137.0,0.029197080291970802,0.03486563072990943,0.031588873725700184
AMI Stadium,powerplay,Nb,3.0,137.0,0.021897810218978103,0.003769007093512122,0.014248526199794146
Adelaide Oval,death,0,61.0,308.0,0.19805194805194806,0.21696977459016392,0.20268867024268725
Adelaide Oval,death,1,119.0,308.0,0.38636363636363635,0.37083760245901637,0.3825582358968177
Adelaide Oval,death,2,38.0,308.0,0.12337662337662338,0.08837090163934426,0.11479678961748634
Adelaide Oval,death,3,1.0,308.0,0.003246753246753247,0.002651127049180328,0.0031007664336226296
Adelaide Oval,death,4,32.0,308.0,0.1038961038961039,0.11151383196721311,0.10576319410961106
Adelaide Oval,death,6,22.0,308.0,0.07142857142857142,0.07952100409836066,0.07341201080842173
Adelaide Oval,death,W,22.0,308.0,0.07142857142857142,0.08016137295081967,0.07356896395853424
Adelaide Oval,death,Wd,11.0,308.0,0.03571428571428571,0.04340420081967213,0.03759906882835101
Adelaide Oval,death,Nb,2.0,308.0,0.006493506493506494,0.006570184426229508,0.006512300104468016
Adelaide Oval,middle,0,159.0,602.0,0.26411960132890366,0.2808889845966761,0.26650840236419887
Adelaide Oval,middle,1,248.0,602.0,0.4119601328903654,0.4414331678151601,0.4161585709138405
Adelaide Oval,middle,2,48.0,602.0,0.07973421926910298,0.06664217673287394,0.07786925594485385
Adelaide Oval,middle,3,4.0,602.0,0.006644518272425249,0.002286430887717876,0.006023708103663514
Adelaide Oval,middle,4,65.0,602.0,0.1079734219269103,0.08739739562221321,0.10504236404874831
Adelaide Oval,middle,6,29.0,602.0,0.04817275747508306,0.048281059991892986,0.04818818518403034
Adelaide Oval,middle,W,25.0,602.0,0.04152823920265781,0.04221980137819214,0.041626752333075806
Adelaide Oval,middle,Wd,23.0,602.0,0.03820598006644518,0.028171868666396434,0.03677661946814764
Adelaide Oval,middle,Nb,1.0,602.0,0.0016611295681063123,0.002679114308877179,0.0018061416394411936
Adelaide Oval,powerplay,0,165.0,402.0,0.41044776119402987,0.4228881521678736,0.41292592672666806
Adelaide Oval,powerplay,1,95.0,402.0,0.236318407960199,0.25764450947345025,0.24056663535327694
Adelaide Oval,powerplay,2,24.0,402.0,0.05970149253731343,0.04384827662845184,0.05654348140009
Adelaide Oval,powerplay,3,6.0,402.0,0.014925373134328358,0.005028429611245902,0.012953870440487231
Adelaide Oval,powerplay,4,62.0,402.0,0.15422885572139303,0.15223269683107069,0.1538312145081814
Adelaide Oval,powerplay,6,20.0,402.0,0.04975124378109453,0.040523771600022226,0.047913101912355024
Adelaide Oval,powerplay,W,12.0,402.0,0.029850746268656716,0.03919952586446391,0.031713052961048586
Adelaide Oval,powerplay,Wd,17.0,402.0,0.04228855721393035,0.03486563072990943,0.04080988659958355
Adelaide Oval,powerplay,Nb,1.0,402.0,0.0024875621890547263,0.003769007093512122,0.0027428300983091875
"Arnos Vale Ground, Kingstown",death,0,6.0,16.0,0.375,0.21696977459016392,0.23876704706048613
"Arnos Vale Ground, Kingstown",death,1,3.0,16.0,0.1875,0.37083760245901637,0.3455496572922555
"Arnos Vale Ground, Kingstown",death,2,2.0,16.0,0.125,0.08837090163934426,0.09342319106840023
"Arnos Vale Ground, Kingstown",death,3,0.0,16.0,0.0,0.002651127049180328,0.002285454352741662
"Arnos Vale Ground, Kingstown",death,4,0.0,16.0,0.0,0.11151383196721311,0.09613261376483888
"Arnos Vale Ground, Kingstown",death,6,1.0,16.0,0.0625,0.07952100409836066,0.0771732793951385
"Arnos Vale Ground, Kingstown",death,W,2.0,16.0,0.125,0.08016137295081967,0.0863460111644997
"Arnos Vale Ground, Kingstown",death,Wd,1.0,16.0,0.0625,0.04340420081967213,0.04603810415488977
"Arnos Vale Ground, Kingstown",death,Nb,1.0,16.0,0.0625,0.006570184426229508,0.014284641746749576
"Arnos Vale Ground, Kingstown",middle,0,18.0,57.0,0.3157894736842105,0.2808889845966761,0.29355986280043067
"Arnos Vale Ground, Kingstown",middle,1,28.0,57.0,0.49122807017543857,0.4414331678151601,0.45951157185678987
"Arnos Vale Ground, Kingstown",middle,2,4.0,57.0,0.07017543859649122,0.06664217673287394,0.06792495333304072
"Arnos Vale Ground, Kingstown",middle,3,0.0,57.0,0.0,0.002286430887717876,0.00145632540618973
"Arnos Vale Ground, Kingstown",middle,4,1.0,57.0,0.017543859649122806,0.08739739562221321,0.06203655772115492
"Arnos Vale Ground, Kingstown",middle,6,4.0,57.0,0.07017543859649122,0.048281059991892986,0.056229974517129286
"Arnos Vale Ground, Kingstown",middle,W,1.0,57.0,0.017543859649122806,0.04221980137819214,0.03326101998610964
"Arnos Vale Ground, Kingstown",middle,Wd,1.0,57.0,0.017543859649122806,0.028171868666396434,0.02431329214420155
"Arnos Vale Ground, Kingstown",middle,Nb,0.0,57.0,0.0,0.002679114308877179,0.0017064422349536172
"Arnos Vale Ground, Kingstown",powerplay,0,26.0,51.0,0.5098039215686274,0.4228881521678736,0.4522438093826977
"Arnos Vale Ground, Kingstown",powerplay,1,13.0,51.0,0.2549019607843137,0.25764450947345025,0.25671821819433793
"Arnos Vale Ground, Kingstown",powerplay,2,1.0,51.0,0.0196078431372549,0.04384827662845184,0.035661110349968106
"Arnos Vale Ground, Kingstown",powerplay,3,1.0,51.0,0.0196078431372549,0.005028429611245902,0.009952602391553577
"Arnos Vale Ground, Kingstown",powerplay,4,5.0,51.0,0.09803921568627451,0.15223269683107069,0.13392893829872232
"Arnos Vale Ground, Kingstown",powerplay,6,0.0,51.0,0.0,0.040523771600022226,0.026836934834451806
"Arnos Vale Ground, Kingstown",powerplay,W,5.0,51.0,0.09803921568627451,0.03919952586446391,0.05907253368507543
"Arnos Vale Ground, Kingstown",powerplay,Wd,0.0,51.0,0.0,0.03486563072990943,0.02308982167543671
"Arnos Vale Ground, Kingstown",powerplay,Nb,0.0,51.0,0.0,0.003769007093512122,0.002496031187756372
"Arnos Vale Ground, Kingstown, St Vincent",powerplay,0,11.0,19.0,0.5789473684210527,0.4228881521678736,0.44780516988896946
"Arnos Vale Ground, Kingstown, St Vincent",powerplay,1,3.0,19.0,0.15789473684210525,0.25764450947345025,0.24171807518777333
"Arnos Vale Ground, Kingstown, St Vincent",powerplay,2,0.0,19.0,0.0,0.04384827662845184,0.03684729128441331
"Arnos Vale Ground, Kingstown, St Vincent",powerplay,3,0.0,19.0,0.0,0.005028429611245902,0.004225571101887312
"Arnos Vale Ground, Kingstown, St Vincent",powerplay,4,2.0,19.0,0.10526315789473684,0.15223269683107069,0.14473335868157203
"Arnos Vale Ground, Kingstown, St Vincent",powerplay,6,0.0,19.0,0.0,0.040523771600022226,0.034053589579850614
"Arnos Vale Ground, Kingstown, St Vincent",powerplay,W,3.0,19.0,0.15789473684210525,0.03919952586446391,0.05815086207097807
"Arnos Vale Ground, Kingstown, St Vincent",powerplay,Wd,0.0,19.0,0.0,0.03486563072990943,0.02929884935286507
"Arnos Vale Ground, Kingstown, St Vincent",powerplay,Nb,0.0,19.0,0.0,0.003769007093512122,0.003167232851690859
Arun Jaitley Stadium,death,0,179.0,778.0,0.2300771208226221,0.21696977459016392,0.2285842567870346
Arun Jaitley Stadium,death,1,298.0,778.0,0.38303341902313626,0.37083760245901637,0.38164437385638
Arun Jaitley Stadium,death,2,52.0,778.0,0.06683804627249357,0.08837090163934426,0.06929053549423056
Arun Jaitley Stadium,death,3,3.0,778.0,0.0038560411311053984,0.002651127049180328,0.003718807181000037
Arun Jaitley Stadium,death,4,78.0,778.0,0.10025706940874037,0.11151383196721311,0.10153916081631129
Arun Jaitley Stadium,death,6,71.0,778.0,0.09125964010282776,0.07952100409836066,0.08992266561484745
Arun Jaitley Stadium,death,W,57.0,778.0,0.07326478149100257,0.08016137295081967,0.0740502702677471
Arun Jaitley Stadium,death,Wd,38.0,778.0,0.04884318766066838,0.04340420081967213,0.0482237130774114
Arun Jaitley Stadium,death,Nb,2.0,778.0,0.002570694087403599,0.006570184426229508,0.0030262169050375293
Arun Jaitley Stadium,middle,0,387.0,1419.0,0.2727272727272727,0.2808889845966761,0.2732645809477733
Arun Jaitley Stadium,middle,1,668.0,1419.0,0.47075405214940097,0.4414331678151601,0.46882377668302566
Arun Jaitley Stadium,middle,2,74.0,1419.0,0.05214940098661029,0.06664217673287394,0.05310350077240777
Arun Jaitley Stadium,middle,3,1.0,1419.0,0.0007047216349541931,0.002286430887717876,0.0008088499596917627
Arun Jaitley Stadium,middle,4,113.0,1419.0,0.07963354474982381,0.08739739562221321,0.08014466067295675
Arun Jaitley Stadium,middle,6,73.0,1419.0,0.05144467935165609,0.048281059991892986,0.0512364094793873
Arun Jaitley Stadium,middle,W,63.0,1419.0,0.04439746300211417,0.04221980137819214,0.044254101473218704
Arun Jaitley Stadium,middle,Wd,35.0,1419.0,0.02466525722339676,0.028171868666396434,0.02489610721964427
Arun Jaitley Stadium,middle,Nb,5.0,1419.0,0.0035236081747709656,0.002679114308877179,0.003468012791894482
Arun Jaitley Stadium,powerplay,0,393.0,971.0,0.4047373841400618,0.4228881521678736,0.40643213372249054
Arun Jaitley Stadium,powerplay,1,281.0,971.0,0.2893923789907312,0.25764450947345025,0.2864280587743651
Arun Jaitley Stadium,powerplay,2,36.0,971.0,0.037075180226570546,0.04384827662845184,0.037707588854197185
Arun Jaitley Stadium,powerplay,3,2.0,971.0,0.0020597322348094747,0.005028429611245902,0.0023369215323292155
Arun Jaitley Stadium,powerplay,4,155.0,971.0,0.1596292481977343,0.15223269683107069,0.1589386271550953
Arun Jaitley Stadium,powerplay,6,49.0,971.0,0.05046343975283213,0.040523771600022226,0.049535366162467065
Arun Jaitley Stadium,powerplay,W,35.0,971.0,0.03604531410916581,0.03919952586446391,0.036339825010687575
Arun Jaitley Stadium,powerplay,Wd,18.0,971.0,0.018537590113285273,0.03486563072990943,0.020062150394949525
Arun Jaitley Stadium,powerplay,Nb,2.0,971.0,0.0020597322348094747,0.003769007093512122,0.002219328393418499
"Arun Jaitley Stadium, Delhi",death,0,247.0,1304.0,0.18941717791411042,0.21696977459016392,0.19137961357479802
"Arun Jaitley Stadium, Delhi",death,1,493.0,1304.0,0.37806748466257667,0.37083760245901637,0.3775525357876792
"Arun Jaitley Stadium, Delhi",death,2,77.0,1304.0,0.059049079754601226,0.08837090163934426,0.0611375286067909
"Arun Jaitley Stadium, Delhi",death,3,2.0,1304.0,0.0015337423312883436,0.002651127049180328,0.001613328137406006
"Arun Jaitley Stadium, Delhi",death,4,169.0,1304.0,0.12960122699386503,0.11151383196721311,0.12831295099481574
"Arun Jaitley Stadium, Delhi",death,6,141.0,1304.0,0.10812883435582822,0.07952100409836066,0.10609123960814536
"Arun Jaitley Stadium, Delhi",death,W,88.0,1304.0,0.06748466257668712,0.08016137295081967,0.06838756217598431
"Arun Jaitley Stadium, Delhi",death,Wd,77.0,1304.0,0.059049079754601226,0.04340420081967213,0.05793477213815328
"Arun Jaitley Stadium, Delhi",death,Nb,10.0,1304.0,0.007668711656441718,0.006570184426229508,0.007590468976227172
"Arun Jaitley Stadium, Delhi",middle,0,601.0,2501.0,0.24030387844862056,0.2808889845966761,0.24186424392913017
"Arun Jaitley Stadium, Delhi",middle,1,1155.0,2501.0,0.4618152738904438,0.4414331678151601,0.46103164812822606
"Arun Jaitley Stadium, Delhi",middle,2,127.0,2501.0,0.0507796881247501,0.06664217673287394,0.05138954927846497
"Arun Jaitley Stadium, Delhi",middle,3,2.0,2501.0,0.0007996801279488205,0.002286430887717876,0.0008568408645796954
"Arun Jaitley Stadium, Delhi",middle,4,247.0,2501.0,0.09876049580167932,0.08739739562221321,0.09832362151565603
"Arun Jaitley Stadium, Delhi",middle,6,186.0,2501.0,0.0743702518992403,0.048281059991892986,0.07336720722767755
"Arun Jaitley Stadium, Delhi",middle,W,98.0,2501.0,0.039184326269492205,0.04221980137819214,0.0393010304259205
"Arun Jaitley Stadium, Delhi",middle,Wd,79.0,2501.0,0.03158736505397841,0.028171868666396434,0.03145605031397141
"Arun Jaitley Stadium, Delhi",middle,Nb,6.0,2501.0,0.0023990403838464614,0.002679114308877179,0.0024098083163735943
"Arun Jaitley Stadium, Delhi",powerplay,0,702.0,1834.0,0.38276990185387133,0.4228881521678736,0.38484426846783215
"Arun Jaitley Stadium, Delhi",powerplay,1,481.0,1834.0,0.26226826608506,0.25764450947345025,0.2620291887007989
"Arun Jaitley Stadium, Delhi",powerplay,2,53.0,1834.0,0.028898582333696837,0.04384827662845184,0.0296715758339427
"Arun Jaitley Stadium, Delhi",powerplay,3,0.0,1834.0,0.0,0.005028429611245902,0.00026000153108820585
"Arun Jaitley Stadium, Delhi",powerplay,4,354.0,1834.0,0.193020719738277,0.15223269683107069,0.1909117216562084
"Arun Jaitley Stadium, Delhi",powerplay,6,112.0,1834.0,0.061068702290076333,0.040523771600022226,0.06000639977249339
"Arun Jaitley Stadium, Delhi",powerplay,W,68.0,1834.0,0.03707742639040349,0.03919952586446391,0.0371871523197758
"Arun Jaitley Stadium, Delhi",powerplay,Wd,58.0,1834.0,0.03162486368593239,0.03486563072990943,0.03179243178541414
"Arun Jaitley Stadium, Delhi",powerplay,Nb,6.0,1834.0,0.003271537622682661,0.003769007093512122,0.0032972599324463353
Barabati Stadium,death,0,64.0,355.0,0.18028169014084508,0.21696977459016392,0.18834500540443164
Barabati Stadium,death,1,129.0,355.0,0.36338028169014086,0.37083760245901637,0.3650192532876959
Barabati Stadium,death,2,43.0,355.0,0.12112676056338029,0.08837090163934426,0.11392767068996577
Barabati Stadium,death,3,1.0,355.0,0.0028169014084507044,0.002651127049180328,0.002780467483336336
Barabati Stadium,death,4,47.0,355.0,0.1323943661971831,0.11151383196721311,0.1278052377949919
Barabati Stadium,death,6,29.0,355.0,0.08169014084507042,0.07952100409836066,0.0812134074941452
Barabati Stadium,death,W,29.0,355.0,0.08169014084507042,0.08016137295081967,0.08135414790127905
Barabati Stadium,death,Wd,10.0,355.0,0.028169014084507043,0.04340420081967213,0.031517406773554316
Barabati Stadium,death,Nb,3.0,355.0,0.008450704225352112,0.006570184426229508,0.008037403170599892
Barabati Stadium,middle,0,225.0,845.0,0.26627218934911245,0.2808889845966761,0.2678189401689604
Barabati Stadium,middle,1,410.0,845.0,0.48520710059171596,0.4414331678151601,0.48057493839313864
Barabati Stadium,middle,2,56.0,845.0,0.06627218934911243,0.06664217673287394,0.06631134145321417
Barabati Stadium,middle,3,4.0,845.0,0.004733727810650888,0.002286430887717876,0.004474754591292897
Barabati Stadium,middle,4,78.0,845.0,0.09230769230769231,0.08739739562221321,0.09178808419282679
Barabati Stadium,middle,6,19.0,845.0,0.022485207100591716,0.048281059991892986,0.025214926983269097
Barabati Stadium,middle,W,34.0,845.0,0.040236686390532544,0.04221980137819214,0.040446539828380125
Barabati Stadium,middle,Wd,18.0,845.0,0.021301775147928994,0.028171868666396434,0.022028769171047242
Barabati Stadium,middle,Nb,1.0,845.0,0.001183431952662722,0.002679114308877179,0.001341705217870601
Barabati Stadium,powerplay,0,245.0,541.0,0.45286506469500926,0.4228881521678736,0.4481884792773594
Barabati Stadium,powerplay,1,144.0,541.0,0.266173752310536,0.25764450947345025,0.2648431372033464
Barabati Stadium,powerplay,2,22.0,541.0,0.04066543438077634,0.04384827662845184,0.04116197763314381
Barabati Stadium,powerplay,3,1.0,541.0,0.0018484288354898336,0.005028429611245902,0.002344528800506381
Barabati Stadium,powerplay,4,80.0,541.0,0.1478743068391867,0.15223269683107069,0.14855424287536204
Barabati Stadium,powerplay,6,12.0,541.0,0.022181146025878003,0.040523771600022226,0.025042710078006587
Barabati Stadium,powerplay,W,19.0,541.0,0.03512014787430684,0.03919952586446391,0.035756556297108257
Barabati Stadium,powerplay,Wd,17.0,541.0,0.031423290203327174,0.03486563072990943,0.03196031680653813
Barabati Stadium,powerplay,Nb,1.0,541.0,0.0018484288354898336,0.003769007093512122,0.0021480510286290364
"Barabati Stadium, Cuttack",death,0,20.0,78.0,0.2564102564102564,0.21696977459016392,0.2342526823540247
"Barabati Stadium, Cuttack",death,1,32.0,78.0,0.41025641025641024,0.37083760245901637,0.38811101261742487
"Barabati Stadium, Cuttack",death,2,3.0,78.0,0.038461538461538464,0.08837090163934426,0.06650050653895745
"Barabati Stadium, Cuttack",death,3,0.0,78.0,0.0,0.002651127049180328,0.0014893972186406338
"Barabati Stadium, Cuttack",death,4,9.0,78.0,0.11538461538461539,0.11151383196721311,0.1132100179591085
"Barabati Stadium, Cuttack",death,6,6.0,78.0,0.07692307692307693,0.07952100409836066,0.07838258657211274
"Barabati Stadium, Cuttack",death,W,4.0,78.0,0.05128205128205128,0.08016137295081967,0.0675063892982133
"Barabati Stadium, Cuttack",death,Wd,4.0,78.0,0.05128205128205128,0.04340420081967213,0.046856292595321425
"Barabati Stadium, Cuttack",death,Nb,0.0,78.0,0.0,0.006570184426229508,0.003691114846196353
"Barabati Stadium, Cuttack",middle,0,58.0,181.0,0.32044198895027626,0.2808889845966761,0.30636618668920856
"Barabati Stadium, Cuttack",middle,1,71.0,181.0,0.39226519337016574,0.4414331678151601,0.40976269317265485
"Barabati Stadium, Cuttack",middle,2,5.0,181.0,0.027624309392265192,0.06664217673287394,0.041509671435186454
"Barabati Stadium, Cuttack",middle,3,1.0,181.0,0.0055248618784530384,0.002286430887717876,0.004372395333707429
"Barabati Stadium, Cuttack",middle,4,16.0,181.0,0.08839779005524862,0.08739739562221321,0.08804177780149937
"Barabati Stadium, Cuttack",middle,6,10.0,181.0,0.055248618784530384,0.048281059991892986,0.05276906049533558
"Barabati Stadium, Cuttack",middle,W,11.0,181.0,0.06077348066298342,0.04221980137819214,0.054170747821420694
"Barabati Stadium, Cuttack",middle,Wd,9.0,181.0,0.049723756906077346,0.028171868666396434,0.04205404578875318
"Barabati Stadium, Cuttack",middle,Nb,0.0,181.0,0.0,0.002679114308877179,0.0009534214622338716
"Barabati Stadium, Cuttack",powerplay,0,60.0,118.0,0.5084745762711864,0.4228881521678736,0.46921474870085944
"Barabati Stadium, Cuttack",powerplay,1,26.0,118.0,0.22033898305084745,0.25764450947345025,0.23745160985020655
"Barabati Stadium, Cuttack",powerplay,2,3.0,118.0,0.025423728813559324,0.04384827662845184,0.03387535625158341
"Barabati Stadium, Cuttack",powerplay,3,1.0,118.0,0.00847457627118644,0.005028429611245902,0.00689377505103023
"Barabati Stadium, Cuttack",powerplay,4,12.0,118.0,0.1016949152542373,0.15223269683107069,0.12487738386746362
"Barabati Stadium, Cuttack",powerplay,6,7.0,118.0,0.059322033898305086,0.040523771600022226,0.05069897779817534
"Barabati Stadium, Cuttack",powerplay,W,8.0,118.0,0.06779661016949153,0.03919952586446391,0.05467868158920362
"Barabati Stadium, Cuttack",powerplay,Wd,1.0,118.0,0.00847457627118644,0.03486563072990943,0.020580564555004326
"Barabati Stadium, Cuttack",powerplay,Nb,0.0,118.0,0.0,0.003769007093512122,0.0017289023364734505
Barsapara Cricket Stadium,death,0,8.0,37.0,0.21621621621621623,0.21696977459016392,0.21676625882493716
Barsapara Cricket Stadium,death,1,16.0,37.0,0.43243243243243246,0.37083760245901637,0.38747270252482946
Barsapara Cricket Stadium,death,2,2.0,37.0,0.05405405405405406,0.08837090163934426,0.07910284791193012
Barsapara Cricket Stadium,death,3,1.0,37.0,0.02702702702702703,0.002651127049180328,0.009234399305971043
Barsapara Cricket Stadium,death,4,2.0,37.0,0.05405405405405406,0.11151383196721311,0.09599549778628694
Barsapara Cricket Stadium,death,6,1.0,37.0,0.02702702702702703,0.07952100409836066,0.06534379861194209
Barsapara Cricket Stadium,death,W,3.0,37.0,0.08108108108108109,0.08016137295081967,0.08040976127797056
Barsapara Cricket Stadium,death,Wd,4.0,37.0,0.10810810810810811,0.04340420081967213,0.06087897870049061
Barsapara Cricket Stadium,death,Nb,0.0,37.0,0.0,0.006570184426229508,0.004795755055641977
Barsapara Cricket Stadium,middle,0,40.0,110.0,0.36363636363636365,0.2808889845966761,0.324232849807941
Barsapara Cricket Stadium,middle,1,41.0,110.0,0.37272727272727274,0.4414331678151601,0.4054443656262667
Barsapara Cricket Stadium,middle,2,10.0,110.0,0.09090909090909091,0.06664217673287394,0.07935341749184473
Barsapara Cricket Stadium,middle,3,1.0,110.0,0.00909090909090909,0.002286430887717876,0.005850681375103751
Barsapara Cricket Stadium,middle,4,9.0,110.0,0.08181818181818182,0.08739739562221321,0.08447495029629201
Barsapara Cricket Stadium,middle,6,4.0,110.0,0.03636363636363636,0.048281059991892986,0.042038599996139514
Barsapara Cricket Stadium,middle,W,3.0,110.0,0.02727272727272727,0.04221980137819214,0.03439038160866292
Barsapara Cricket Stadium,middle,Wd,1.0,110.0,0.00909090909090909,0.028171868666396434,0.018177080317331635
Barsapara Cricket Stadium,middle,Nb,1.0,110.0,0.00909090909090909,0.002679114308877179,0.006037673480417704
Barsapara Cricket Stadium,powerplay,0,38.0,73.0,0.5205479452054794,0.4228881521678736,0.464097197784898
Barsapara Cricket Stadium,powerplay,1,14.0,73.0,0.1917808219178082,0.25764450947345025,0.22985231761471114
Barsapara Cricket Stadium,powerplay,2,3.0,73.0,0.0410958904109589,0.04384827662845184,0.04268686510315135
Barsapara Cricket Stadium,powerplay,3,1.0,73.0,0.0136986301369863,0.005028429611245902,0.008686953532512082
Barsapara Cricket Stadium,powerplay,4,8.0,73.0,0.1095890410958904,0.15223269683107069,0.13423855308154375
Barsapara Cricket Stadium,powerplay,6,2.0,73.0,0.0273972602739726,0.040523771600022226,0.034984839075157356
Barsapara Cricket Stadium,powerplay,W,6.0,73.0,0.0821917808219178,0.03919952586446391,0.05734076639564387
Barsapara Cricket Stadium,powerplay,Wd,1.0,73.0,0.0136986301369863,0.03486563072990943,0.02593389059532337
Barsapara Cricket Stadium,powerplay,Nb,0.0,73.0,0.0,0.003769007093512122,0.00217861681705903
"Barsapara Cricket Stadium, Guwahati",death,0,94.0,477.0,0.1970649895178197,0.21696977459016392,0.2005146923033213
"Barsapara Cricket Stadium, Guwahati",death,1,179.0,477.0,0.3752620545073375,0.37083760245901637,0.37449525172599935
"Barsapara Cricket Stadium, Guwahati",death,2,41.0,477.0,0.0859538784067086,0.08837090163934426,0.08637277324771998
"Barsapara Cricket Stadium, Guwahati",death,3,0.0,477.0,0.0,0.002651127049180328,0.0004594674262010967
"Barsapara Cricket Stadium, Guwahati",death,4,56.0,477.0,0.11740041928721175,0.11151383196721311,0.11638021351251528
"Barsapara Cricket Stadium, Guwahati",death,6,49.0,477.0,0.10272536687631027,0.07952100409836066,0.09870381353524448
"Barsapara Cricket Stadium, Guwahati",death,W,29.0,477.0,0.06079664570230608,0.08016137295081967,0.06415275094468278
"Barsapara Cricket Stadium, Guwahati",death,Wd,23.0,477.0,0.04821802935010482,0.04340420081967213,0.047383743642924116
"Barsapara Cricket Stadium, Guwahati",death,Nb,6.0,477.0,0.012578616352201259,0.006570184426229508,0.011537293661391595
"Barsapara Cricket Stadium, Guwahati",middle,0,213.0,919.0,0.23177366702937977,0.2808889845966761,0.23659361968564044
"Barsapara Cricket Stadium, Guwahati",middle,1,424.0,919.0,0.4613710554951034,0.4414331678151601,0.4594144423763651
"Barsapara Cricket Stadium, Guwahati",middle,2,60.0,919.0,0.06528835690968444,0.06664217673287394,0.06542121459596408
"Barsapara Cricket Stadium, Guwahati",middle,3,1.0,919.0,0.001088139281828074,0.002286430887717876,0.0012057341401097033
"Barsapara Cricket Stadium, Guwahati",middle,4,95.0,919.0,0.10337323177366703,0.08739739562221321,0.10180543627303368
"Barsapara Cricket Stadium, Guwahati",middle,6,50.0,919.0,0.0544069640914037,0.048281059991892986,0.05380579587751649
"Barsapara Cricket Stadium, Guwahati",middle,W,43.0,919.0,0.046789989118607184,0.04221980137819214,0.04634149179373819
"Barsapara Cricket Stadium, Guwahati",middle,Wd,31.0,919.0,0.03373231773667029,0.028171868666396434,0.03318664069346383
"Barsapara Cricket Stadium, Guwahati",middle,Nb,2.0,919.0,0.002176278563656148,0.002679114308877179,0.002225624564168516
"Barsapara Cricket Stadium, Guwahati",powerplay,0,272.0,671.0,0.40536512667660207,0.4228881521678736,0.4076378926287774
"Barsapara Cricket Stadium, Guwahati",powerplay,1,153.0,671.0,0.22801788375558868,0.25764450947345025,0.23186050706529837
"Barsapara Cricket Stadium, Guwahati",powerplay,2,18.0,671.0,0.026825633383010434,0.04384827662845184,0.029033498914196088
"Barsapara Cricket Stadium, Guwahati",powerplay,3,4.0,671.0,0.005961251862891207,0.005028429611245902,0.005840263244000765
"Barsapara Cricket Stadium, Guwahati",powerplay,4,128.0,671.0,0.19076005961251863,0.15223269683107069,0.18576299569793395
"Barsapara Cricket Stadium, Guwahati",powerplay,6,33.0,671.0,0.04918032786885246,0.040523771600022226,0.0480575579247759
"Barsapara Cricket Stadium, Guwahati",powerplay,W,33.0,671.0,0.04918032786885246,0.03919952586446391,0.04788580102003423
"Barsapara Cricket Stadium, Guwahati",powerplay,Wd,29.0,671.0,0.043219076005961254,0.03486563072990943,0.04213562006873015
"Barsapara Cricket Stadium, Guwahati",powerplay,Nb,1.0,671.0,0.0014903129657228018,0.003769007093512122,0.0017858634362531935
Bay Oval,death,0,53.0,203.0,0.26108374384236455,0.21696977459016392,0.24652467808256237
Bay Oval,death,1,67.0,203.0,0.33004926108374383,0.37083760245901637,0.3435107598874641
Bay Oval,death,2,17.0,203.0,0.08374384236453201,0.08837090163934426,0.08527092463344696
Bay Oval,death,3,0.0,203.0,0.0,0.002651127049180328,0.0008749594221717254
Bay Oval,death,4,20.0,203.0,0.09852216748768473,0.11151383196721311,0.1028098455337337
Bay Oval,death,6,18.0,203.0,0.08866995073891626,0.07952100409836066,0.08565049640209924
Bay Oval,death,W,17.0,203.0,0.08374384236453201,0.08016137295081967,0.08256150922469296
Bay Oval,death,Wd,8.0,203.0,0.03940886699507389,0.04340420081967213,0.04072745901639344
Bay Oval,death,Nb,3.0,203.0,0.014778325123152709,0.006570184426229508,0.01206936779743548
Bay Oval,middle,0,85.0,347.0,0.24495677233429394,0.2808889845966761,0.25299529856748904
Bay Oval,middle,1,152.0,347.0,0.43804034582132567,0.4414331678151601,0.4387993664016018
Bay Oval,middle,2,28.0,347.0,0.08069164265129683,0.06664217673287394,0.07754858539885323
Bay Oval,middle,3,0.0,347.0,0.0,0.002286430887717876,0.0005115057914357664
Bay Oval,middle,4,21.0,347.0,0.06051873198847262,0.08739739562221321,0.06653185584389558
Bay Oval,middle,6,38.0,347.0,0.10951008645533142,0.048281059991892986,0.09581231767156442
Bay Oval,middle,W,11.0,347.0,0.03170028818443804,0.04221980137819214,0.034053646840758865
Bay Oval,middle,Wd,9.0,347.0,0.025936599423631124,0.028171868666396434,0.026436659656911953
Bay Oval,middle,Nb,3.0,347.0,0.008645533141210375,0.002679114308877179,0.0073107638274893015
Bay Oval,powerplay,0,102.0,267.0,0.38202247191011235,0.4228881521678736,0.39315753465064673
Bay Oval,powerplay,1,68.0,267.0,0.2546816479400749,0.25764450947345025,0.2554889671589783
Bay Oval,powerplay,2,9.0,267.0,0.033707865168539325,0.04384827662845184,0.03647092006224845
Bay Oval,powerplay,3,1.0,267.0,0.003745318352059925,0.005028429611245902,0.004094939948568366
Bay Oval,powerplay,4,47.0,267.0,0.1760299625468165,0.15223269683107069,0.16954569395941982
Bay Oval,powerplay,6,15.0,267.0,0.056179775280898875,0.040523771600022226,0.0519138342234393
Bay Oval,powerplay,W,12.0,267.0,0.0449438202247191,0.03919952586446391,0.043378617401761285
Bay Oval,powerplay,Wd,10.0,267.0,0.03745318352059925,0.03486563072990943,0.0367481282642805
Bay Oval,powerplay,Nb,3.0,267.0,0.011235955056179775,0.003769007093512122,0.009201364330657255
"Bay Oval, Mount Maunganui",death,0,40.0,179.0,0.22346368715083798,0.21696977459016392,0.22113611992478996
"Bay Oval, Mount Maunganui",death,1,57.0,179.0,0.31843575418994413,0.37083760245901637,0.33721777865914565
"Bay Oval, Mount Maunganui",death,2,22.0,179.0,0.12290502793296089,0.08837090163934426,0.11052720488865386
"Bay Oval, Mount Maunganui",death,3,0.0,179.0,0.0,0.002651127049180328,0.0009502247488101534
"Bay Oval, Mount Maunganui",death,4,15.0,179.0,0.08379888268156424,0.11151383196721311,0.09373255626064987
"Bay Oval, Mount Maunganui",death,6,13.0,179.0,0.07262569832402235,0.07952100409836066,0.07509713408543393
"Bay Oval, Mount Maunganui",death,W,22.0,179.0,0.12290502793296089,0.08016137295081967,0.10758472148774899
"Bay Oval, Mount Maunganui",death,Wd,9.0,179.0,0.05027932960893855,0.04340420081967213,0.04781512574181797
"Bay Oval, Mount Maunganui",death,Nb,1.0,179.0,0.00558659217877095,0.006570184426229508,0.0059391342029496445
"Bay Oval, Mount Maunganui",middle,0,128.0,493.0,0.25963488843813387,0.2808889845966761,0.263219053051716
"Bay Oval, Mount Maunganui",middle,1,223.0,493.0,0.45233265720081134,0.4414331678151601,0.4504946320093019
"Bay Oval, Mount Maunganui",middle,2,29.0,493.0,0.058823529411764705,0.06664217673287394,0.06014201968513895
"Bay Oval, Mount Maunganui",middle,3,1.0,493.0,0.002028397565922921,0.002286430887717876,0.0020719107736455102
"Bay Oval, Mount Maunganui",middle,4,49.0,493.0,0.09939148073022312,0.08739739562221321,0.09736886941352668
"Bay Oval, Mount Maunganui",middle,6,26.0,493.0,0.05273833671399594,0.048281059991892986,0.051986688025614326
"Bay Oval, Mount Maunganui",middle,W,25.0,493.0,0.05070993914807302,0.04221980137819214,0.049278212711330885
"Bay Oval, Mount Maunganui",middle,Wd,10.0,493.0,0.02028397565922921,0.028171868666396434,0.02161414311406348
"Bay Oval, Mount Maunganui",middle,Nb,2.0,493.0,0.004056795131845842,0.002679114308877179,0.0038244712156622557
"Bay Oval, Mount Maunganui",powerplay,0,120.0,272.0,0.4411764705882353,0.4228881521678736,0.4362602559591058
"Bay Oval, Mount Maunganui",powerplay,1,68.0,272.0,0.25,0.25764450947345025,0.252054975664906
"Bay Oval, Mount Maunganui",powerplay,2,15.0,272.0,0.05514705882352941,0.04384827662845184,0.05210975178184189
"Bay Oval, Mount Maunganui",powerplay,3,1.0,272.0,0.003676470588235294,0.005028429611245902,0.004039900433130619
"Bay Oval, Mount Maunganui",powerplay,4,38.0,272.0,0.13970588235294118,0.15223269683107069,0.14307330559975018
"Bay Oval, Mount Maunganui",powerplay,6,8.0,272.0,0.029411764705882353,0.040523771600022226,0.03239886333333931
"Bay Oval, Mount Maunganui",powerplay,W,11.0,272.0,0.04044117647058824,0.03919952586446391,0.04010739942593116
"Bay Oval, Mount Maunganui",powerplay,Wd,11.0,272.0,0.04044117647058824,0.03486563072990943,0.03894237385212619
"Bay Oval, Mount Maunganui",powerplay,Nb,0.0,272.0,0.0,0.003769007093512122,0.00101317394986885
"Beausejour Stadium, Gros Islet",death,0,37.0,221.0,0.167420814479638,0.21696977459016392,0.18285662759818191
"Beausejour Stadium, Gros Islet",death,1,99.0,221.0,0.4479638009049774,0.37083760245901637,0.4239369478065471
"Beausejour Stadium, Gros Islet",death,2,17.0,221.0,0.07692307692307693,0.08837090163934426,0.08048937745773965
"Beausejour Stadium, Gros Islet",death,3,1.0,221.0,0.004524886877828055,0.002651127049180328,0.003941161074511006
"Beausejour Stadium, Gros Islet",death,4,21.0,221.0,0.09502262443438914,0.11151383196721311,0.10016007226392933
"Beausejour Stadium, Gros Islet",death,6,19.0,221.0,0.08597285067873303,0.07952100409836066,0.08396292962565753
"Beausejour Stadium, Gros Islet",death,W,21.0,221.0,0.09502262443438914,0.08016137295081967,0.09039295107502171
"Beausejour Stadium, Gros Islet",death,Wd,5.0,221.0,0.02262443438914027,0.04340420081967213,0.02909788187528727
"Beausejour Stadium, Gros Islet",death,Nb,1.0,221.0,0.004524886877828055,0.006570184426229508,0.005162051223124457
"Beausejour Stadium, Gros Islet",middle,0,207.0,758.0,0.27308707124010556,0.2808889845966761,0.27399638515112773
"Beausejour Stadium, Gros Islet",middle,1,345.0,758.0,0.4551451187335092,0.4414331678151601,0.4535469892558462
"Beausejour Stadium, Gros Islet",middle,2,67.0,758.0,0.08839050131926121,0.06664217673287394,0.08585573155394802
"Beausejour Stadium, Gros Islet",middle,3,2.0,758.0,0.002638522427440633,0.002286430887717876,0.002597486117449636
"Beausejour Stadium, Gros Islet",middle,4,62.0,758.0,0.08179419525065963,0.08739739562221321,0.08244724890701785
"Beausejour Stadium, Gros Islet",middle,6,42.0,758.0,0.055408970976253295,0.048281059991892986,0.05457821212026725
"Beausejour Stadium, Gros Islet",middle,W,22.0,758.0,0.029023746701846966,0.04221980137819214,0.03056174841237671
"Beausejour Stadium, Gros Islet",middle,Wd,9.0,758.0,0.011873350923482849,0.028171868666396434,0.01377294506601357
"Beausejour Stadium, Gros Islet",middle,Nb,2.0,758.0,0.002638522427440633,0.002679114308877179,0.002643253415953051
"Beausejour Stadium, Gros Islet",powerplay,0,171.0,391.0,0.4373401534526854,0.4228881521678736,0.4343967723356158
"Beausejour Stadium, Gros Islet",powerplay,1,83.0,391.0,0.21227621483375958,0.25764450947345025,0.22151619337544812
"Beausejour Stadium, Gros Islet",powerplay,2,29.0,391.0,0.0741687979539642,0.04384827662845184,0.06799353902819792
"Beausejour Stadium, Gros Islet",powerplay,3,6.0,391.0,0.015345268542199489,0.005028429611245902,0.013244079350559245
"Beausejour Stadium, Gros Islet",powerplay,4,57.0,391.0,0.14578005115089515,0.15223269683107069,0.1470942356071427
"Beausejour Stadium, Gros Islet",powerplay,6,7.0,391.0,0.017902813299232736,0.040523771600022226,0.02250993311609414
"Beausejour Stadium, Gros Islet",powerplay,W,15.0,391.0,0.03836317135549872,0.03919952586446391,0.03853350832270141
"Beausejour Stadium, Gros Islet",powerplay,Wd,21.0,391.0,0.05370843989769821,0.03486563072990943,0.0498708005559897
"Beausejour Stadium, Gros Islet",powerplay,Nb,2.0,391.0,0.005115089514066497,0.003769007093512122,0.004840938308250942
Bellerive Oval,death,0,20.0,104.0,0.19230769230769232,0.21696977459016392,0.20439694832851174
Bellerive Oval,death,1,37.0,104.0,0.3557692307692308,0.37083760245901637,0.36315568747990995
Bellerive Oval,death,2,13.0,104.0,0.125,0.08837090163934426,0.10704455962712954
Bellerive Oval,death,3,1.0,104.0,0.009615384615384616,0.002651127049180328,0.006201532867245259
Bellerive Oval,death,4,10.0,104.0,0.09615384615384616,0.11151383196721311,0.10368325096432016
Bellerive Oval,death,6,10.0,104.0,0.09615384615384616,0.07952100409836066,0.08800049220507876
Bellerive Oval,death,W,9.0,104.0,0.08653846153846154,0.08016137295081967,0.08341243772099004
Bellerive Oval,death,Wd,3.0,104.0,0.028846153846153848,0.04340420081967213,0.03598245138219222
Bellerive Oval,death,Nb,1.0,104.0,0.009615384615384616,0.006570184426229508,0.008122639424622309
Bellerive Oval,middle,0,51.0,197.0,0.25888324873096447,0.2808889845966761,0.26629258740628825
Bellerive Oval,middle,1,81.0,197.0,0.41116751269035534,0.4414331678151601,0.4213579689613334
Bellerive Oval,middle,2,13.0,197.0,0.06598984771573604,0.06664217673287394,0.06620948711544576
Bellerive Oval,middle,3,1.0,197.0,0.005076142131979695,0.002286430887717876,0.004136845416740025
Bellerive Oval,middle,4,17.0,197.0,0.08629441624365482,0.08739739562221321,0.08666578977178897
Bellerive Oval,middle,6,13.0,197.0,0.06598984771573604,0.048281059991892986,0.060027292926563294
Bellerive Oval,middle,W,13.0,197.0,0.06598984771573604,0.04221980137819214,0.057986465110502414
Bellerive Oval,middle,Wd,7.0,197.0,0.03553299492385787,0.028171868666396434,0.03305450123447691
Bellerive Oval,middle,Nb,1.0,197.0,0.005076142131979695,0.002679114308877179,0.0042690620568610034
Bellerive Oval,powerplay,0,53.0,151.0,0.3509933774834437,0.4228881521678736,0.379636714011105
Bellerive Oval,powerplay,1,40.0,151.0,0.26490066225165565,0.25764450947345025,0.2620097647304583
Bellerive Oval,powerplay,2,5.0,151.0,0.033112582781456956,0.04384827662845184,0.037389751644801524
Bellerive Oval,powerplay,3,1.0,151.0,0.006622516556291391,0.005028429611245902,0.005987422155874861
Bellerive Oval,powerplay,4,32.0,151.0,0.2119205298013245,0.15223269683107069,0.18814051666576523
Bellerive Oval,powerplay,6,6.0,151.0,0.039735099337748346,0.040523771600022226,0.040049311394431165
Bellerive Oval,powerplay,W,9.0,151.0,0.059602649006622516,0.03919952586446391,0.05147391468703741
Bellerive Oval,powerplay,Wd,5.0,151.0,0.033112582781456956,0.03486563072990943,0.03381100825892806
Bellerive Oval,powerplay,Nb,0.0,151.0,0.0,0.003769007093512122,0.001501596451598455
"Bellerive Oval, Hobart",death,0,24.0,138.0,0.17391304347826086,0.21696977459016392,0.19200410697065712
"Bellerive Oval, Hobart",death,1,51.0,138.0,0.3695652173913043,0.37083760245901637,0.3700998329659732
"Bellerive Oval, Hobart",death,2,13.0,138.0,0.09420289855072464,0.08837090163934426,0.09175247968039675
"Bellerive Oval, Hobart",death,3,1.0,138.0,0.007246376811594203,0.002651127049180328,0.005315599600495937
"Bellerive Oval, Hobart",death,4,21.0,138.0,0.15217391304347827,0.11151383196721311,0.13508984536437527
"Bellerive Oval, Hobart",death,6,11.0,138.0,0.07971014492753623,0.07952100409836066,0.07963067399090784
"Bellerive Oval, Hobart",death,W,9.0,138.0,0.06521739130434782,0.08016137295081967,0.07149637518942004
"Bellerive Oval, Hobart",death,Wd,7.0,138.0,0.050724637681159424,0.04340420081967213,0.04764882387381182
"Bellerive Oval, Hobart",death,Nb,1.0,138.0,0.007246376811594203,0.006570184426229508,0.006962262363961978
"Bellerive Oval, Hobart",middle,0,48.0,211.0,0.22748815165876776,0.2808889845966761,0.24465883749089262
"Bellerive Oval, Hobart",middle,1,90.0,211.0,0.4265402843601896,0.4414331678151601,0.43132899286661097
"Bellerive Oval, Hobart",middle,2,15.0,211.0,0.07109004739336493,0.06664217673287394,0.06965986390124564
"Bellerive Oval, Hobart",middle,3,1.0,211.0,0.004739336492890996,0.002286430887717876,0.0039506208642179665
"Bellerive Oval, Hobart",middle,4,19.0,211.0,0.09004739336492891,0.08739739562221321,0.08919530405858947
"Bellerive Oval, Hobart",middle,6,17.0,211.0,0.08056872037914692,0.048281059991892986,0.07018683601025498
"Bellerive Oval, Hobart",middle,W,15.0,211.0,0.07109004739336493,0.04221980137819214,0.06180701008945085
"Bellerive Oval, Hobart",middle,Wd,5.0,211.0,0.023696682464454975,0.028171868666396434,0.02513564908887345
"Bellerive Oval, Hobart",middle,Nb,1.0,211.0,0.004739336492890996,0.002679114308877179,0.004076885629864045
"Bellerive Oval, Hobart",powerplay,0,45.0,139.0,0.3237410071942446,0.4228881521678736,0.3652251682710768
"Bellerive Oval, Hobart",powerplay,1,41.0,139.0,0.2949640287769784,0.25764450947345025,0.27934916714370306
"Bellerive Oval, Hobart",powerplay,2,8.0,139.0,0.05755395683453238,0.04384827662845184,0.05181936260604679
"Bellerive Oval, Hobart",powerplay,3,1.0,139.0,0.007194244604316547,0.005028429611245902,0.0062880458624459835
"Bellerive Oval, Hobart",powerplay,4,25.0,139.0,0.17985611510791366,0.15223269683107069,0.16829819951090824
"Bellerive Oval, Hobart",powerplay,6,8.0,139.0,0.05755395683453238,0.040523771600022226,0.05042835631800093
"Bellerive Oval, Hobart",powerplay,W,6.0,139.0,0.04316546762589928,0.03919952586446391,0.04150607776755812
"Bellerive Oval, Hobart",powerplay,Wd,2.0,139.0,0.014388489208633094,0.03486563072990943,0.022956330849334492
"Bellerive Oval, Hobart",powerplay,Nb,3.0,139.0,0.02158273381294964,0.003769007093512122,0.014129291670925576
Bharat Ratna Shri Atal Bihari Vajpayee Ekana Cricket Stadium,death,0,12.0,44.0,0.2727272727272727,0.21696977459016392,0.2340067879098361
Bharat Ratna Shri Atal Bihari Vajpayee Ekana Cricket Stadium,death,1,16.0,44.0,0.36363636363636365,0.37083760245901637,0.36863722392987247
Bharat Ratna Shri Atal Bihari Vajpayee Ekana Cricket Stadium,death,2,4.0,44.0,0.09090909090909091,0.08837090163934426,0.08914645947176686
Bharat Ratna Shri Atal Bihari Vajpayee Ekana Cricket Stadium,death,3,0.0,44.0,0.0,0.002651127049180328,0.0018410604508196722
Bharat Ratna Shri Atal Bihari Vajpayee Ekana Cricket Stadium,death,4,7.0,44.0,0.1590909090909091,0.11151383196721311,0.12605127219945356
Bharat Ratna Shri Atal Bihari Vajpayee Ekana Cricket Stadium,death,6,4.0,44.0,0.09090909090909091,0.07952100409836066,0.08300069729052824
Bharat Ratna Shri Atal Bihari Vajpayee Ekana Cricket Stadium,death,W,1.0,44.0,0.022727272727272728,0.08016137295081967,0.06261206454918032
Bharat Ratna Shri Atal Bihari Vajpayee Ekana Cricket Stadium,death,Wd,0.0,44.0,0.0,0.04340420081967213,0.030141806124772314
Bharat Ratna Shri Atal Bihari Vajpayee Ekana Cricket Stadium,death,Nb,0.0,44.0,0.0,0.006570184426229508,0.004562628073770492
Bharat Ratna Shri Atal Bihari Vajpayee Ekana Cricket Stadium,middle,0,37.0,97.0,0.38144329896907214,0.2808889845966761,0.33040049979526703
Bharat Ratna Shri Atal Bihari Vajpayee Ekana Cricket Stadium,middle,1,31.0,97.0,0.31958762886597936,0.4414331678151601,0.3814381562513503
Bharat Ratna Shri Atal Bihari Vajpayee Ekana Cricket Stadium,middle,2,9.0,97.0,0.09278350515463918,0.06664217673287394,0.07951379529587509
Bharat Ratna Shri Atal Bihari Vajpayee Ekana Cricket Stadium,middle,3,0.0,97.0,0.0,0.002286430887717876,0.0011606248161004447
Bharat Ratna Shri Atal Bihari Vajpayee Ekana Cricket Stadium,middle,4,8.0,97.0,0.08247422680412371,0.08739739562221321,0.08497329727015901
Bharat Ratna Shri Atal Bihari Vajpayee Ekana Cricket Stadium,middle,6,3.0,97.0,0.030927835051546393,0.048281059991892986,0.039736578676087805
Bharat Ratna Shri Atal Bihari Vajpayee Ekana Cricket Stadium,middle,W,5.0,97.0,0.05154639175257732,0.04221980137819214,0.04681208191786403
Bharat Ratna Shri Atal Bihari Vajpayee Ekana Cricket Stadium,middle,Wd,4.0,97.0,0.041237113402061855,0.028171868666396434,0.03460500947532814
Bharat Ratna Shri Atal Bihari Vajpayee Ekana Cricket Stadium,middle,Nb,0.0,97.0,0.0,0.002679114308877179,0.0013599565019681112
Bharat Ratna Shri Atal Bihari Vajpayee Ekana Cricket Stadium,powerplay,0,30.0,62.0,0.4838709677419355,0.4228881521678736,0.4462272544246133
Bharat Ratna Shri Atal Bihari Vajpayee Ekana Cricket Stadium,powerplay,1,16.0,62.0,0.25806451612903225,0.25764450947345025,0.25780525276138905
Bharat Ratna Shri Atal Bihari Vajpayee Ekana Cricket Stadium,powerplay,2,0.0,62.0,0.0,0.04384827662845184,0.02706683742497027
Bharat Ratna Shri Atal Bihari Vajpayee Ekana Cricket Stadium,powerplay,3,0.0,62.0,0.0,0.005028429611245902,0.0031039688958308036
Bharat Ratna Shri Atal Bihari Vajpayee Ekana Cricket Stadium,powerplay,4,8.0,62.0,0.12903225806451613,0.15223269683107069,0.14335351656238932
Bharat Ratna Shri Atal Bihari Vajpayee Ekana Cricket Stadium,powerplay,6,2.0,62.0,0.03225806451612903,0.040523771600022226,0.0373603528395199
Bharat Ratna Shri Atal Bihari Vajpayee Ekana Cricket Stadium,powerplay,W,2.0,62.0,0.03225806451612903,0.03919952586446391,0.03654291720028636
Bharat Ratna Shri Atal Bihari Vajpayee Ekana Cricket Stadium,powerplay,Wd,2.0,62.0,0.03225806451612903,0.03486563072990943,0.033867673290067554
Bharat Ratna Shri Atal Bihari Vajpayee Ekana Cricket Stadium,powerplay,Nb,2.0,62.0,0.03225806451612903,0.003769007093512122,0.01467222660093341
"Bharat Ratna Shri Atal Bihari Vajpayee Ekana Cricket Stadium, Lucknow",death,0,237.0,1080.0,0.21944444444444444,0.21696977459016392,0.2192347266601834
"Bharat Ratna Shri Atal Bihari Vajpayee Ekana Cricket Stadium, Lucknow",death,1,391.0,1080.0,0.36203703703703705,0.37083760245901637,0.36278284766601837
"Bharat Ratna Shri Atal Bihari Vajpayee Ekana Cricket Stadium, Lucknow",death,2,92.0,1080.0,0.08518518518518518,0.08837090163934426,0.08545516115587663
"Bharat Ratna Shri Atal Bihari Vajpayee Ekana Cricket Stadium, Lucknow",death,3,5.0,1080.0,0.004629629629629629,0.002651127049180328,0.004461959919422062
"Bharat Ratna Shri Atal Bihari Vajpayee Ekana Cricket Stadium, Lucknow",death,4,120.0,1080.0,0.1111111111111111,0.11151383196721311,0.11114523999722144
"Bharat Ratna Shri Atal Bihari Vajpayee Ekana Cricket Stadium, Lucknow",death,6,80.0,1080.0,0.07407407407407407,0.07952100409836066,0.0745356783134204
"Bharat Ratna Shri Atal Bihari Vajpayee Ekana Cricket Stadium, Lucknow",death,W,82.0,1080.0,0.07592592592592592,0.08016137295081967,0.07628486211447624
"Bharat Ratna Shri Atal Bihari Vajpayee Ekana Cricket Stadium, Lucknow",death,Wd,68.0,1080.0,0.06296296296296296,0.04340420081967213,0.061305440747429836
"Bharat Ratna Shri Atal Bihari Vajpayee Ekana Cricket Stadium, Lucknow",death,Nb,5.0,1080.0,0.004629629629629629,0.006570184426229508,0.0047940834259516535
"Bharat Ratna Shri Atal Bihari Vajpayee Ekana Cricket Stadium, Lucknow",middle,0,628.0,2276.0,0.2759226713532513,0.2808889845966761,0.27613169127090387
"Bharat Ratna Shri Atal Bihari Vajpayee Ekana Cricket Stadium, Lucknow",middle,1,986.0,2276.0,0.43321616871704743,0.4414331678151601,0.43356200201242256
"Bharat Ratna Shri Atal Bihari Vajpayee Ekana Cricket Stadium, Lucknow",middle,2,163.0,2276.0,0.07161687170474516,0.06664217673287394,0.07140749902074385
"Bharat Ratna Shri Atal Bihari Vajpayee Ekana Cricket Stadium, Lucknow",middle,3,3.0,2276.0,0.0013181019332161687,0.002286430887717876,0.0013588565188433449
"Bharat Ratna Shri Atal Bihari Vajpayee Ekana Cricket Stadium, Lucknow",middle,4,206.0,2276.0,0.09050966608084358,0.08739739562221321,0.09037867826692816
"Bharat Ratna Shri Atal Bihari Vajpayee Ekana Cricket Stadium, Lucknow",middle,6,111.0,2276.0,0.048769771528998244,0.048281059991892986,0.04874920286161166
"Bharat Ratna Shri Atal Bihari Vajpayee Ekana Cricket Stadium, Lucknow",middle,W,102.0,2276.0,0.04481546572934974,0.04221980137819214,0.04470622059672526
"Bharat Ratna Shri Atal Bihari Vajpayee Ekana Cricket Stadium, Lucknow",middle,Wd,73.0,2276.0,0.0320738137082601,0.028171868666396434,0.031909590432087395
"Bharat Ratna Shri Atal Bihari Vajpayee Ekana Cricket Stadium, Lucknow",middle,Nb,4.0,2276.0,0.0017574692442882249,0.002679114308877179,0.001796259019733888
"Bharat Ratna Shri Atal Bihari Vajpayee Ekana Cricket Stadium, Lucknow",powerplay,0,574.0,1402.0,0.4094151212553495,0.4228881521678736,0.4103121273081141
"Bharat Ratna Shri Atal Bihari Vajpayee Ekana Cricket Stadium, Lucknow",powerplay,1,355.0,1402.0,0.25320970042796004,0.25764450947345025,0.2535049606839847
"Bharat Ratna Shri Atal Bihari Vajpayee Ekana Cricket Stadium, Lucknow",powerplay,2,66.0,1402.0,0.047075606276747506,0.04384827662845184,0.04686073745861863
"Bharat Ratna Shri Atal Bihari Vajpayee Ekana Cricket Stadium, Lucknow",powerplay,3,7.0,1402.0,0.004992867332382311,0.005028429611245902,0.004995234994090938
"Bharat Ratna Shri Atal Bihari Vajpayee Ekana Cricket Stadium, Lucknow",powerplay,4,222.0,1402.0,0.15834522111269614,0.15223269683107069,0.15793826210593015
"Bharat Ratna Shri Atal Bihari Vajpayee Ekana Cricket Stadium, Lucknow",powerplay,6,66.0,1402.0,0.047075606276747506,0.040523771600022226,0.046639398908123984
"Bharat Ratna Shri Atal Bihari Vajpayee Ekana Cricket Stadium, Lucknow",powerplay,W,51.0,1402.0,0.03637660485021398,0.03919952586446391,0.03656454899230785
"Bharat Ratna Shri Atal Bihari Vajpayee Ekana Cricket Stadium, Lucknow",powerplay,Wd,58.0,1402.0,0.04136947218259629,0.03486563072990943,0.040936460101858155
"Bharat Ratna Shri Atal Bihari Vajpayee Ekana Cricket Stadium, Lucknow",powerplay,Nb,3.0,1402.0,0.0021398002853067048,0.003769007093512122,0.002248269446971513
"Bir Sreshtho Flight Lieutenant Matiur Rahman Stadium, Chattogram",death,0,6.0,22.0,0.2727272727272727,0.21696977459016392,0.2270244054017737
"Bir Sreshtho Flight Lieutenant Matiur Rahman Stadium, Chattogram",death,1,10.0,22.0,0.45454545454545453,0.37083760245901637,0.38593246103198064
"Bir Sreshtho Flight Lieutenant Matiur Rahman Stadium, Chattogram",death,2,2.0,22.0,0.09090909090909091,0.08837090163934426,0.08882860790110186
"Bir Sreshtho Flight Lieutenant Matiur Rahman Stadium, Chattogram",death,3,0.0,22.0,0.0,0.002651127049180328,0.002173054958344531
"Bir Sreshtho Flight Lieutenant Matiur Rahman Stadium, Chattogram",death,4,0.0,22.0,0.0,0.11151383196721311,0.09140478030099435
"Bir Sreshtho Flight Lieutenant Matiur Rahman Stadium, Chattogram",death,6,1.0,22.0,0.045454545454545456,0.07952100409836066,0.07337787221177104
"Bir Sreshtho Flight Lieutenant Matiur Rahman Stadium, Chattogram",death,W,1.0,22.0,0.045454545454545456,0.08016137295081967,0.07390276471378661
"Bir Sreshtho Flight Lieutenant Matiur Rahman Stadium, Chattogram",death,Wd,2.0,22.0,0.09090909090909091,0.04340420081967213,0.05197065640956732
"Bir Sreshtho Flight Lieutenant Matiur Rahman Stadium, Chattogram",death,Nb,0.0,22.0,0.0,0.006570184426229508,0.005385397070679925
"Bir Sreshtho Flight Lieutenant Matiur Rahman Stadium, Chattogram",middle,0,6.0,22.0,0.2727272727272727,0.2808889845966761,0.27941720048907875
"Bir Sreshtho Flight Lieutenant Matiur Rahman Stadium, Chattogram",middle,1,7.0,22.0,0.3181818181818182,0.4414331678151601,0.41920751460259026
"Bir Sreshtho Flight Lieutenant Matiur Rahman Stadium, Chattogram",middle,2,2.0,22.0,0.09090909090909091,0.06664217673287394,0.07101817764989667
"Bir Sreshtho Flight Lieutenant Matiur Rahman Stadium, Chattogram",middle,3,0.0,22.0,0.0,0.002286430887717876,0.0018741236784572755
"Bir Sreshtho Flight Lieutenant Matiur Rahman Stadium, Chattogram",middle,4,2.0,22.0,0.09090909090909091,0.08739739562221321,0.0880306521493551
"Bir Sreshtho Flight Lieutenant Matiur Rahman Stadium, Chattogram",middle,6,2.0,22.0,0.09090909090909091,0.048281059991892986,0.05596808196056802
"Bir Sreshtho Flight Lieutenant Matiur Rahman Stadium, Chattogram",middle,W,3.0,22.0,0.13636363636363635,0.04221980137819214,0.05919655850671487
"Bir Sreshtho Flight Lieutenant Matiur Rahman Stadium, Chattogram",middle,Wd,0.0,22.0,0.0,0.028171868666396434,0.0230916956281938
"Bir Sreshtho Flight Lieutenant Matiur Rahman Stadium, Chattogram",middle,Nb,0.0,22.0,0.0,0.002679114308877179,0.002195995335145229
"Bir Sreshtho Flight Lieutenant Matiur Rahman Stadium, Chattogram",powerplay,0,9.0,22.0,0.4090909090909091,0.4228881521678736,0.4204001247277653
"Bir Sreshtho Flight Lieutenant Matiur Rahman Stadium, Chattogram",powerplay,1,5.0,22.0,0.22727272727272727,0.25764450947345025,0.25216763071594284
"Bir Sreshtho Flight Lieutenant Matiur Rahman Stadium, Chattogram",powerplay,2,1.0,22.0,0.045454545454545456,0.04384827662845184,0.04413793166266544
"Bir Sreshtho Flight Lieutenant Matiur Rahman Stadium, Chattogram",powerplay,3,0.0,22.0,0.0,0.005028429611245902,0.004121663615775329
"Bir Sreshtho Flight Lieutenant Matiur Rahman Stadium, Chattogram",powerplay,4,3.0,22.0,0.13636363636363635,0.15223269683107069,0.14937106297628747
"Bir Sreshtho Flight Lieutenant Matiur Rahman Stadium, Chattogram",powerplay,6,1.0,22.0,0.045454545454545456,0.040523771600022226,0.04141292754100183
"Bir Sreshtho Flight Lieutenant Matiur Rahman Stadium, Chattogram",powerplay,W,1.0,22.0,0.045454545454545456,0.03919952586446391,0.040327480216773695
"Bir Sreshtho Flight Lieutenant Matiur Rahman Stadium, Chattogram",powerplay,Wd,1.0,22.0,0.045454545454545456,0.03486563072990943,0.03677510715566347
"Bir Sreshtho Flight Lieutenant Matiur Rahman Stadium, Chattogram",powerplay,Nb,1.0,22.0,0.045454545454545456,0.003769007093512122,0.01128607138812469
Boland Park,death,0,16.0,63.0,0.25396825396825395,0.21696977459016392,0.23126980036206377
Boland Park,death,1,22.0,63.0,0.3492063492063492,0.37083760245901637,0.3624770567233229
Boland Park,death,2,6.0,63.0,0.09523809523809523,0.08837090163934426,0.09102509303027256
Boland Park,death,3,0.0,63.0,0.0,0.002651127049180328,0.0016264583123805692
Boland Park,death,4,10.0,63.0,0.15873015873015872,0.11151383196721311,0.12976308709644976
Boland Park,death,6,2.0,63.0,0.031746031746031744,0.07952100409836066,0.061055830735190594
Boland Park,death,W,3.0,63.0,0.047619047619047616,0.08016137295081967,0.06758366438700593
Boland Park,death,Wd,4.0,63.0,0.06349206349206349,0.04340420081967213,0.051168221361762044
Boland Park,death,Nb,0.0,63.0,0.0,0.006570184426229508,0.004030787991551846
Boland Park,middle,0,29.0,99.0,0.29292929292929293,0.2808889845966761,0.2868788867319981
Boland Park,middle,1,52.0,99.0,0.5252525252525253,0.4414331678151601,0.48313224513324626
Boland Park,middle,2,4.0,99.0,0.04040404040404041,0.06664217673287394,0.0535890335341075
Boland Park,middle,3,0.0,99.0,0.0,0.002286430887717876,0.0011489602450843598
Boland Park,middle,4,5.0,99.0,0.050505050505050504,0.08739739562221321,0.0690439173980971
Boland Park,middle,6,2.0,99.0,0.020202020202020204,0.048281059991892986,0.03431209044818743
Boland Park,middle,W,5.0,99.0,0.050505050505050504,0.04221980137819214,0.04634160873275987
Boland Park,middle,Wd,2.0,99.0,0.020202020202020204,0.028171868666396434,0.024206969179093683
Boland Park,middle,Nb,0.0,99.0,0.0,0.002679114308877179,0.001346288597425718
Boland Park,powerplay,0,23.0,57.0,0.40350877192982454,0.4228881521678736,0.41585232622157553
Boland Park,powerplay,1,16.0,57.0,0.2807017543859649,0.25764450947345025,0.26601561112958616
Boland Park,powerplay,2,3.0,57.0,0.05263157894736842,0.04384827662845184,0.04703711887162537
Boland Park,powerplay,3,1.0,57.0,0.017543859649122806,0.005028429611245902,0.009572248160029237
Boland Park,powerplay,4,9.0,57.0,0.15789473684210525,0.15223269683107069,0.15428834193061827
Boland Park,powerplay,6,1.0,57.0,0.017543859649122806,0.040523771600022226,0.032180746242052374
Boland Park,powerplay,W,2.0,57.0,0.03508771929824561,0.03919952586446391,0.03770670437227
Boland Park,powerplay,Wd,2.0,57.0,0.03508771929824561,0.03486563072990943,0.034946261611407285
Boland Park,powerplay,Nb,0.0,57.0,0.0,0.003769007093512122,0.0024006414608357465
"Boland Park, Paarl",death,0,10.0,51.0,0.19607843137254902,0.21696977459016392,0.20991375800673107
"Boland Park, Paarl",death,1,25.0,51.0,0.49019607843137253,0.37083760245901637,0.41115073010530884
"Boland Park, Paarl",death,2,3.0,51.0,0.058823529411764705,0.08837090163934426,0.07839132558896972
"Boland Park, Paarl",death,3,0.0,51.0,0.0,0.002651127049180328,0.0017557132776028662
"Boland Park, Paarl",death,4,4.0,51.0,0.0784313725490196,0.11151383196721311,0.10034028607100205
"Boland Park, Paarl",death,6,3.0,51.0,0.058823529411764705,0.07952100409836066,0.07253046629030507
"Boland Park, Paarl",death,W,2.0,51.0,0.0392156862745098,0.08016137295081967,0.06633203506676799
"Boland Park, Paarl",death,Wd,4.0,51.0,0.0784313725490196,0.04340420081967213,0.055234570079253066
"Boland Park, Paarl",death,Nb,0.0,51.0,0.0,0.006570184426229508,0.004351115514059277
"Boland Park, Paarl",middle,0,17.0,55.0,0.3090909090909091,0.2808889845966761,0.29089611909462976
"Boland Park, Paarl",middle,1,24.0,55.0,0.43636363636363634,0.4414331678151601,0.4396343018162323
"Boland Park, Paarl",middle,2,5.0,55.0,0.09090909090909091,0.06664217673287394,0.07525301724701544
"Boland Park, Paarl",middle,3,0.0,55.0,0.0,0.002286430887717876,0.0014751167017534683
"Boland Park, Paarl",middle,4,4.0,55.0,0.07272727272727272,0.08739739562221321,0.08219186814336336
"Boland Park, Paarl",middle,6,3.0,55.0,0.05454545454545454,0.048281059991892986,0.05050390967218902
"Boland Park, Paarl",middle,W,0.0,55.0,0.0,0.04221980137819214,0.02723858153431751
"Boland Park, Paarl",middle,Wd,1.0,55.0,0.01818181818181818,0.028171868666396434,0.02462701204283641
"Boland Park, Paarl",middle,Nb,1.0,55.0,0.01818181818181818,0.002679114308877179,0.008180073747662697
"Boland Park, Paarl",powerplay,0,4.0,26.0,0.15384615384615385,0.4228881521678736,0.36737154933958227
"Boland Park, Paarl",powerplay,1,11.0,26.0,0.4230769230769231,0.25764450947345025,0.29178135672496053
"Boland Park, Paarl",powerplay,2,1.0,26.0,0.038461538461538464,0.04384827662845184,0.042736727482898286
"Boland Park, Paarl",powerplay,3,0.0,26.0,0.0,0.005028429611245902,0.003990817151782461
"Boland Park, Paarl",powerplay,4,5.0,26.0,0.19230769230769232,0.15223269683107069,0.1605021403421196
"Boland Park, Paarl",powerplay,6,2.0,26.0,0.07692307692307693,0.040523771600022226,0.04803473936509701
"Boland Park, Paarl",powerplay,W,1.0,26.0,0.038461538461538464,0.03919952586446391,0.03904724274957453
"Boland Park, Paarl",powerplay,Wd,2.0,26.0,0.07692307692307693,0.03486563072990943,0.043544151372944
"Boland Park, Paarl",powerplay,Nb,0.0,26.0,0.0,0.003769007093512122,0.0029912754710413668
Brabourne Stadium,death,0,76.0,473.0,0.160676532769556,0.21696977459016392,0.1705008332618087
Brabourne Stadium,death,1,178.0,473.0,0.3763213530655391,0.37083760245901637,0.37536432852687895
Brabourne Stadium,death,2,50.0,473.0,0.10570824524312897,0.08837090163934426,0.1026825308271107
Brabourne Stadium,death,3,5.0,473.0,0.010570824524312896,0.002651127049180328,0.009188678368094299
Brabourne Stadium,death,4,60.0,473.0,0.12684989429175475,0.11151383196721311,0.12417344362429548
Brabourne Stadium,death,6,34.0,473.0,0.07188160676532769,0.07952100409836066,0.07321483492117986
Brabourne Stadium,death,W,41.0,473.0,0.08668076109936575,0.08016137295081967,0.08554299702457586
Brabourne Stadium,death,Wd,26.0,473.0,0.05496828752642706,0.04340420081967213,0.052950122307098106
Brabourne Stadium,death,Nb,3.0,473.0,0.006342494714587738,0.006570184426229508,0.006382231138958029
Brabourne Stadium,middle,0,265.0,990.0,0.2676767676767677,0.2808889845966761,0.26888889766941987
Brabourne Stadium,middle,1,447.0,990.0,0.45151515151515154,0.4414331678151601,0.4505901988821248
Brabourne Stadium,middle,2,75.0,990.0,0.07575757575757576,0.06664217673287394,0.07492130061769486
Brabourne Stadium,middle,3,4.0,990.0,0.00404040404040404,0.002286430887717876,0.0038794890722676947
Brabourne Stadium,middle,4,91.0,990.0,0.09191919191919191,0.08739739562221321,0.0915043482222214
Brabourne Stadium,middle,6,39.0,990.0,0.03939393939393939,0.048281059991892986,0.040209271558889266
Brabourne Stadium,middle,W,43.0,990.0,0.043434343434343436,0.04221980137819214,0.04332291755763231
Brabourne Stadium,middle,Wd,26.0,990.0,0.026262626262626262,0.028171868666396434,0.02643778611618316
Brabourne Stadium,middle,Nb,0.0,990.0,0.0,0.002679114308877179,0.00024579030356671367
Brabourne Stadium,powerplay,0,287.0,682.0,0.4208211143695015,0.4228881521678736,0.4210854414536923
Brabourne Stadium,powerplay,1,159.0,682.0,0.23313782991202345,0.25764450947345025,0.23627167640325453
Brabourne Stadium,powerplay,2,34.0,682.0,0.04985337243401759,0.04384827662845184,0.049085457369367244
Brabourne Stadium,powerplay,3,0.0,682.0,0.0,0.005028429611245902,0.0006430216894176344
Brabourne Stadium,powerplay,4,141.0,682.0,0.20674486803519063,0.15223269683107069,0.19977400215231084
Brabourne Stadium,powerplay,6,12.0,682.0,0.017595307917888565,0.040523771600022226,0.020527336521741973
Brabourne Stadium,powerplay,W,16.0,682.0,0.02346041055718475,0.03919952586446391,0.02547308514890843
Brabourne Stadium,powerplay,Wd,29.0,682.0,0.04252199413489736,0.03486563072990943,0.041542919530678964
Brabourne Stadium,powerplay,Nb,4.0,682.0,0.005865102639296188,0.003769007093512122,0.005597059730628149
"Brabourne Stadium, Mumbai",death,0,187.0,819.0,0.22832722832722832,0.21696977459016392,0.22709137917194383
"Brabourne Stadium, Mumbai",death,1,274.0,819.0,0.33455433455433453,0.37083760245901637,0.3385024594623522
"Brabourne Stadium, Mumbai",death,2,67.0,819.0,0.08180708180708181,0.08837090163934426,0.08252131682691449
"Brabourne Stadium, Mumbai",death,3,1.0,819.0,0.001221001221001221,0.002651127049180328,0.0013766188301610803
"Brabourne Stadium, Mumbai",death,4,108.0,819.0,0.13186813186813187,0.11151383196721311,0.12965330054050198
"Brabourne Stadium, Mumbai",death,6,65.0,819.0,0.07936507936507936,0.07952100409836066,0.07938204614780855
"Brabourne Stadium, Mumbai",death,W,71.0,819.0,0.08669108669108669,0.08016137295081967,0.08598056288909897
"Brabourne Stadium, Mumbai",death,Wd,43.0,819.0,0.052503052503052504,0.04340420081967213,0.05151297070943113
"Brabourne Stadium, Mumbai",death,Nb,3.0,819.0,0.003663003663003663,0.006570184426229508,0.003979345421787759
"Brabourne Stadium, Mumbai",middle,0,417.0,1572.0,0.2652671755725191,0.2808889845966761,0.2662014942940596
"Brabourne Stadium, Mumbai",middle,1,661.0,1572.0,0.42048346055979646,0.4414331678151601,0.4217364334817679
"Brabourne Stadium, Mumbai",middle,2,112.0,1572.0,0.07124681933842239,0.06664217673287394,0.07097142205340155
"Brabourne Stadium, Mumbai",middle,3,8.0,1572.0,0.005089058524173028,0.002286430887717876,0.004921437254050112
"Brabourne Stadium, Mumbai",middle,4,166.0,1572.0,0.10559796437659033,0.08739739562221321,0.10450941361376874
"Brabourne Stadium, Mumbai",middle,6,85.0,1572.0,0.05407124681933842,0.048281059991892986,0.05372494377941944
"Brabourne Stadium, Mumbai",middle,W,63.0,1572.0,0.04007633587786259,0.04221980137819214,0.04020453357525073
"Brabourne Stadium, Mumbai",middle,Wd,53.0,1572.0,0.03371501272264631,0.028171868666396434,0.033383484968085915
"Brabourne Stadium, Mumbai",middle,Nb,7.0,1572.0,0.004452926208651399,0.002679114308877179,0.004346836980196004
"Brabourne Stadium, Mumbai",powerplay,0,444.0,1047.0,0.42406876790830944,0.4228881521678736,0.4239658371550021
"Brabourne Stadium, Mumbai",powerplay,1,236.0,1047.0,0.22540592168099333,0.25764450947345025,0.2282166093699608
"Brabourne Stadium, Mumbai",powerplay,2,38.0,1047.0,0.03629417382999045,0.04384827662845184,0.036952770412245144
"Brabourne Stadium, Mumbai",powerplay,3,5.0,1047.0,0.004775549188156638,0.005028429611245902,0.0047975963043806365
"Brabourne Stadium, Mumbai",powerplay,4,189.0,1047.0,0.18051575931232092,0.15223269683107069,0.1780499299765537
"Brabourne Stadium, Mumbai",powerplay,6,47.0,1047.0,0.044890162368672396,0.040523771600022226,0.044509483138624434
"Brabourne Stadium, Mumbai",powerplay,W,38.0,1047.0,0.03629417382999045,0.03919952586446391,0.03654747392017994
"Brabourne Stadium, Mumbai",powerplay,Wd,46.0,1047.0,0.04393505253104107,0.03486563072990943,0.0431443444402711
"Brabourne Stadium, Mumbai",powerplay,Nb,4.0,1047.0,0.0038204393505253103,0.003769007093512122,0.0038159552827822254
"Brian Lara Stadium, Tarouba, Trinidad",death,0,73.0,287.0,0.25435540069686413,0.21696977459016392,0.2446950321938408
"Brian Lara Stadium, Tarouba, Trinidad",death,1,106.0,287.0,0.3693379790940767,0.37083760245901637,0.36972547867158045
"Brian Lara Stadium, Tarouba, Trinidad",death,2,16.0,287.0,0.05574912891986063,0.08837090163934426,0.06417852755538611
"Brian Lara Stadium, Tarouba, Trinidad",death,3,1.0,287.0,0.003484320557491289,0.002651127049180328,0.0032690250773075784
"Brian Lara Stadium, Tarouba, Trinidad",death,4,24.0,287.0,0.08362369337979095,0.11151383196721311,0.09083044753674757
"Brian Lara Stadium, Tarouba, Trinidad",death,6,23.0,287.0,0.08013937282229965,0.07952100409836066,0.07997958762231541
"Brian Lara Stadium, Tarouba, Trinidad",death,W,27.0,287.0,0.09407665505226481,0.08016137295081967,0.09048097492269243
"Brian Lara Stadium, Tarouba, Trinidad",death,Wd,13.0,287.0,0.04529616724738676,0.04340420081967213,0.04480728703350701
"Brian Lara Stadium, Tarouba, Trinidad",death,Nb,4.0,287.0,0.013937282229965157,0.006570184426229508,0.012033639386622611
"Brian Lara Stadium, Tarouba, Trinidad",middle,0,177.0,553.0,0.32007233273056057,0.2808889845966761,0.31407181999949096
"Brian Lara Stadium, Tarouba, Trinidad",middle,1,227.0,553.0,0.4104882459312839,0.4414331678151601,0.4152271313652619
"Brian Lara Stadium, Tarouba, Trinidad",middle,2,31.0,553.0,0.05605786618444846,0.06664217673287394,0.0576787406941614
"Brian Lara Stadium, Tarouba, Trinidad",middle,3,1.0,553.0,0.0018083182640144665,0.002286430887717876,0.001881536123693396
"Brian Lara Stadium, Tarouba, Trinidad",middle,4,37.0,553.0,0.06690777576853527,0.08739739562221321,0.07004554297430525
"Brian Lara Stadium, Tarouba, Trinidad",middle,6,38.0,553.0,0.06871609403254973,0.048281059991892986,0.06558668606307702
"Brian Lara Stadium, Tarouba, Trinidad",middle,W,25.0,553.0,0.045207956600361664,0.04221980137819214,0.044750352431576136
"Brian Lara Stadium, Tarouba, Trinidad",middle,Wd,15.0,553.0,0.027124773960216998,0.028171868666396434,0.027285125370045397
"Brian Lara Stadium, Tarouba, Trinidad",middle,Nb,2.0,553.0,0.003616636528028933,0.002679114308877179,0.0034730649783885417
"Brian Lara Stadium, Tarouba, Trinidad",powerplay,0,135.0,346.0,0.3901734104046243,0.4228881521678736,0.3975085542977295
"Brian Lara Stadium, Tarouba, Trinidad",powerplay,1,93.0,346.0,0.26878612716763006,0.25764450947345025,0.2662880066083969
"Brian Lara Stadium, Tarouba, Trinidad",powerplay,2,18.0,346.0,0.05202312138728324,0.04384827662845184,0.05019019655346454
"Brian Lara Stadium, Tarouba, Trinidad",powerplay,3,0.0,346.0,0.0,0.005028429611245902,0.001127450585481144
"Brian Lara Stadium, Tarouba, Trinidad",powerplay,4,42.0,346.0,0.12138728323699421,0.15223269683107069,0.1283032952536033
"Brian Lara Stadium, Tarouba, Trinidad",powerplay,6,29.0,346.0,0.0838150289017341,0.040523771600022226,0.07410846896861485
"Brian Lara Stadium, Tarouba, Trinidad",powerplay,W,18.0,346.0,0.05202312138728324,0.03919952586446391,0.049147875754364106
"Brian Lara Stadium, Tarouba, Trinidad",powerplay,Wd,9.0,346.0,0.02601156069364162,0.03486563072990943,0.027996778190562652
"Brian Lara Stadium, Tarouba, Trinidad",powerplay,Nb,2.0,346.0,0.005780346820809248,0.003769007093512122,0.005329373787782987
"Brisbane Cricket Ground, Woolloongabba",death,0,26.0,139.0,0.18705035971223022,0.21696977459016392,0.19956894334316483
"Brisbane Cricket Ground, Woolloongabba",death,1,41.0,139.0,0.2949640287769784,0.37083760245901637,0.3267102939159064
"Brisbane Cricket Ground, Woolloongabba",death,2,25.0,139.0,0.17985611510791366,0.08837090163934426,0.14157778311269634
"Brisbane Cricket Ground, Woolloongabba",death,3,2.0,139.0,0.014388489208633094,0.002651127049180328,0.009477459016393443
"Brisbane Cricket Ground, Woolloongabba",death,4,16.0,139.0,0.11510791366906475,0.11151383196721311,0.11360411379381302
"Brisbane Cricket Ground, Woolloongabba",death,6,11.0,139.0,0.07913669064748201,0.07952100409836066,0.07929749125454422
"Brisbane Cricket Ground, Woolloongabba",death,W,13.0,139.0,0.09352517985611511,0.08016137295081967,0.08793362884971535
"Brisbane Cricket Ground, Woolloongabba",death,Wd,5.0,139.0,0.03597122302158273,0.04340420081967213,0.039081255573084575
"Brisbane Cricket Ground, Woolloongabba",death,Nb,0.0,139.0,0.0,0.006570184426229508,0.002749031140681803
"Brisbane Cricket Ground, Woolloongabba",middle,0,79.0,387.0,0.2041343669250646,0.2808889845966761,0.21989506870568296
"Brisbane Cricket Ground, Woolloongabba",middle,1,164.0,387.0,0.42377260981912146,0.4414331678151601,0.42739900776491996
"Brisbane Cricket Ground, Woolloongabba",middle,2,43.0,387.0,0.1111111111111111,0.06664217673287394,0.10197991308683244
"Brisbane Cricket Ground, Woolloongabba",middle,3,3.0,387.0,0.007751937984496124,0.002286430887717876,0.0066296572664718435
"Brisbane Cricket Ground, Woolloongabba",middle,4,43.0,387.0,0.1111111111111111,0.08739739562221321,0.10624176501482818
"Brisbane Cricket Ground, Woolloongabba",middle,6,17.0,387.0,0.04392764857881137,0.048281059991892986,0.04482157289361252
"Brisbane Cricket Ground, Woolloongabba",middle,W,21.0,387.0,0.05426356589147287,0.04221980137819214,0.05179051363001892
"Brisbane Cricket Ground, Woolloongabba",middle,Wd,14.0,387.0,0.03617571059431524,0.028171868666396434,0.03453221122513274
"Brisbane Cricket Ground, Woolloongabba",middle,Nb,3.0,387.0,0.007751937984496124,0.002679114308877179,0.006710290412500447
"Brisbane Cricket Ground, Woolloongabba",powerplay,0,91.0,229.0,0.39737991266375544,0.4228881521678736,0.40513317695072143
"Brisbane Cricket Ground, Woolloongabba",powerplay,1,73.0,229.0,0.31877729257641924,0.25764450947345025,0.3001958995360031
"Brisbane Cricket Ground, Woolloongabba",powerplay,2,15.0,229.0,0.06550218340611354,0.04384827662845184,0.05892044882323764
"Brisbane Cricket Ground, Woolloongabba",powerplay,3,5.0,229.0,0.021834061135371178,0.005028429611245902,0.016725966447187202
"Brisbane Cricket Ground, Woolloongabba",powerplay,4,24.0,229.0,0.10480349344978165,0.15223269683107069,0.11921966469029505
"Brisbane Cricket Ground, Woolloongabba",powerplay,6,7.0,229.0,0.03056768558951965,0.040523771600022226,0.03359385155015873
"Brisbane Cricket Ground, Woolloongabba",powerplay,W,7.0,229.0,0.03056768558951965,0.03919952586446391,0.033191345247557416
"Brisbane Cricket Ground, Woolloongabba",powerplay,Wd,7.0,229.0,0.03056768558951965,0.03486563072990943,0.031874051893589495
"Brisbane Cricket Ground, Woolloongabba",powerplay,Nb,0.0,229.0,0.0,0.003769007093512122,0.0011455948612498852
"Brisbane Cricket Ground, Woolloongabba, Brisbane",death,0,36.0,138.0,0.2608695652173913,0.21696977459016392,0.24242427503788402
"Brisbane Cricket Ground, Woolloongabba, Brisbane",death,1,38.0,138.0,0.2753623188405797,0.37083760245901637,0.31547798422647744
"Brisbane Cricket Ground, Woolloongabba, Brisbane",death,2,18.0,138.0,0.13043478260869565,0.08837090163934426,0.11276088304174128
"Brisbane Cricket Ground, Woolloongabba, Brisbane",death,3,3.0,138.0,0.021739130434782608,0.002651127049180328,0.01371896094503375
"Brisbane Cricket Ground, Woolloongabba, Brisbane",death,4,11.0,138.0,0.07971014492753623,0.11151383196721311,0.09307303864168619
"Brisbane Cricket Ground, Woolloongabba, Brisbane",death,6,8.0,138.0,0.057971014492753624,0.07952100409836066,0.06702563197410112
"Brisbane Cricket Ground, Woolloongabba, Brisbane",death,W,15.0,138.0,0.10869565217391304,0.08016137295081967,0.09670645922303348
"Brisbane Cricket Ground, Woolloongabba, Brisbane",death,Wd,8.0,138.0,0.057971014492753624,0.04340420081967213,0.05185050454608073
"Brisbane Cricket Ground, Woolloongabba, Brisbane",death,Nb,1.0,138.0,0.007246376811594203,0.006570184426229508,0.006962262363961978
"Brisbane Cricket Ground, Woolloongabba, Brisbane",middle,0,52.0,201.0,0.25870646766169153,0.2808889845966761,0.2660760746168359
"Brisbane Cricket Ground, Woolloongabba, Brisbane",middle,1,82.0,201.0,0.4079601990049751,0.4414331678151601,0.41908078664955484
"Brisbane Cricket Ground, Woolloongabba, Brisbane",middle,2,25.0,201.0,0.12437810945273632,0.06664217673287394,0.10519673645610429
"Brisbane Cricket Ground, Woolloongabba, Brisbane",middle,3,0.0,201.0,0.0,0.002286430887717876,0.0007596115906039455
"Brisbane Cricket Ground, Woolloongabba, Brisbane",middle,4,22.0,201.0,0.10945273631840796,0.08739739562221321,0.10212538060538646
"Brisbane Cricket Ground, Woolloongabba, Brisbane",middle,6,6.0,201.0,0.029850746268656716,0.048281059991892986,0.03597377408368537
"Brisbane Cricket Ground, Woolloongabba, Brisbane",middle,W,9.0,201.0,0.04477611940298507,0.04221980137819214,0.04392684431169174
"Brisbane Cricket Ground, Woolloongabba, Brisbane",middle,Wd,5.0,201.0,0.024875621890547265,0.028171868666396434,0.025970720487174893
"Brisbane Cricket Ground, Woolloongabba, Brisbane",middle,Nb,0.0,201.0,0.0,0.002679114308877179,0.000890071198962518
"Brisbane Cricket Ground, Woolloongabba, Brisbane",powerplay,0,75.0,168.0,0.44642857142857145,0.4228881521678736,0.4376448328984603
"Brisbane Cricket Ground, Woolloongabba, Brisbane",powerplay,1,37.0,168.0,0.22023809523809523,0.25764450947345025,0.23419571249009338
"Brisbane Cricket Ground, Woolloongabba, Brisbane",powerplay,2,15.0,168.0,0.08928571428571429,0.04384827662845184,0.07233144650315367
"Brisbane Cricket Ground, Woolloongabba, Brisbane",powerplay,3,2.0,168.0,0.011904761904761904,0.005028429611245902,0.009338966272852947
"Brisbane Cricket Ground, Woolloongabba, Brisbane",powerplay,4,25.0,168.0,0.1488095238095238,0.15223269683107069,0.15008682717577265
"Brisbane Cricket Ground, Woolloongabba, Brisbane",powerplay,6,5.0,168.0,0.02976190476190476,0.040523771600022226,0.033777526716426205
"Brisbane Cricket Ground, Woolloongabba, Brisbane",powerplay,W,6.0,168.0,0.03571428571428571,0.03919952586446391,0.03701474845688952
"Brisbane Cricket Ground, Woolloongabba, Brisbane",powerplay,Wd,3.0,168.0,0.017857142857142856,0.03486563072990943,0.024203593555936355
"Brisbane Cricket Ground, Woolloongabba, Brisbane",powerplay,Nb,0.0,168.0,0.0,0.003769007093512122,0.001406345930414971
Buffalo Park,death,0,30.0,188.0,0.1595744680851064,0.21696977459016392,0.17950339395491804
Buffalo Park,death,1,74.0,188.0,0.39361702127659576,0.37083760245901637,0.3857075008538251
Buffalo Park,death,2,13.0,188.0,0.06914893617021277,0.08837090163934426,0.07582322973588343
Buffalo Park,death,3,0.0,188.0,0.0,0.002651127049180328,0.0009205302254098361
Buffalo Park,death,4,32.0,188.0,0.1702127659574468,0.11151383196721311,0.14983119165528233
Buffalo Park,death,6,8.0,188.0,0.0425531914893617,0.07952100409836066,0.05538923753415301
Buffalo Park,death,W,22.0,188.0,0.11702127659574468,0.08016137295081967,0.10422269894125684
Buffalo Park,death,Wd,5.0,188.0,0.026595744680851064,0.04340420081967213,0.03243201417349727
Buffalo Park,death,Nb,4.0,188.0,0.02127659574468085,0.006570184426229508,0.016170202925774133
Buffalo Park,middle,0,111.0,346.0,0.3208092485549133,0.2808889845966761,0.31185851672571213
Buffalo Park,middle,1,164.0,346.0,0.47398843930635837,0.4414331678151601,0.4666890510796323
Buffalo Park,middle,2,17.0,346.0,0.049132947976878616,0.06664217673287394,0.05305878402082375
Buffalo Park,middle,3,1.0,346.0,0.002890173410404624,0.002286430887717876,0.0027548051317753085
Buffalo Park,middle,4,19.0,346.0,0.05491329479768786,0.08739739562221321,0.06219672547583256
Buffalo Park,middle,6,8.0,346.0,0.023121387283236993,0.048281059991892986,0.028762569504908738
Buffalo Park,middle,W,12.0,346.0,0.03468208092485549,0.04221980137819214,0.036372152775379404
Buffalo Park,middle,Wd,12.0,346.0,0.03468208092485549,0.028171868666396434,0.03322239207766736
Buffalo Park,middle,Nb,2.0,346.0,0.005780346820809248,0.002679114308877179,0.005085003208268425
Buffalo Park,powerplay,0,120.0,271.0,0.44280442804428044,0.4228881521678736,0.4374361596139821
Buffalo Park,powerplay,1,68.0,271.0,0.25092250922509224,0.25764450947345025,0.25273436913031005
Buffalo Park,powerplay,2,14.0,271.0,0.05166051660516605,0.04384827662845184,0.0495547915440571
Buffalo Park,powerplay,3,1.0,271.0,0.0036900369003690036,0.005028429611245902,0.004050789652626927
Buffalo Park,powerplay,4,28.0,271.0,0.1033210332103321,0.15223269683107069,0.11650477003532902
Buffalo Park,powerplay,6,15.0,271.0,0.055350553505535055,0.040523771600022226,0.051354116334237795
Buffalo Park,powerplay,W,10.0,271.0,0.03690036900369004,0.03919952586446391,0.03752008783408731
Buffalo Park,powerplay,Wd,13.0,271.0,0.04797047970479705,0.03486563072990943,0.04443817539889742
Buffalo Park,powerplay,Nb,2.0,271.0,0.007380073800738007,0.003769007093512122,0.006406740456472271
Carrara Oval,death,0,29.0,115.0,0.25217391304347825,0.21696977459016392,0.23579989515821578
Carrara Oval,death,1,34.0,115.0,0.2956521739130435,0.37083760245901637,0.33062214067861223
Carrara Oval,death,2,15.0,115.0,0.13043478260869565,0.08837090163934426,0.11087018680899734
Carrara Oval,death,3,1.0,115.0,0.008695652173913044,0.002651127049180328,0.0058842451391536415
Carrara Oval,death,4,10.0,115.0,0.08695652173913043,0.11151383196721311,0.0983785264963782
Carrara Oval,death,6,4.0,115.0,0.034782608695652174,0.07952100409836066,0.055591164696911936
Carrara Oval,death,W,14.0,115.0,0.12173913043478261,0.08016137295081967,0.1024006385817766
Carrara Oval,death,Wd,7.0,115.0,0.06086956521739131,0.04340420081967213,0.052746139916126575
Carrara Oval,death,Nb,1.0,115.0,0.008695652173913044,0.006570184426229508,0.007707062523827678
Carrara Oval,middle,0,68.0,227.0,0.29955947136563876,0.2808889845966761,0.2938498423843046
Carrara Oval,middle,1,81.0,227.0,0.3568281938325991,0.4414331678151601,0.382701274561211
Carrara Oval,middle,2,24.0,227.0,0.10572687224669604,0.06664217673287394,0.09377436597335594
Carrara Oval,middle,3,0.0,227.0,0.0,0.002286430887717876,0.000699214338751644
Carrara Oval,middle,4,17.0,227.0,0.07488986784140969,0.08739739562221321,0.07871479988446888
Carrara Oval,middle,6,8.0,227.0,0.03524229074889868,0.048281059991892986,0.03922968195470733
Carrara Oval,middle,W,17.0,227.0,0.07488986784140969,0.04221980137819214,0.06489902182819332
Carrara Oval,middle,Wd,11.0,227.0,0.048458149779735685,0.028171868666396434,0.042254394087583004
Carrara Oval,middle,Nb,1.0,227.0,0.004405286343612335,0.002679114308877179,0.003877404987424214
Carrara Oval,powerplay,0,68.0,185.0,0.3675675675675676,0.4228881521678736,0.3869782990062714
Carrara Oval,powerplay,1,50.0,185.0,0.2702702702702703,0.25764450947345025,0.2658401787626141
Carrara Oval,powerplay,2,14.0,185.0,0.07567567567567568,0.04384827662845184,0.06450816723805328
Carrara Oval,powerplay,3,3.0,185.0,0.016216216216216217,0.005028429611245902,0.012290677056577508
Carrara Oval,powerplay,4,31.0,185.0,0.16756756756756758,0.15223269683107069,0.16218691116879674
Carrara Oval,powerplay,6,6.0,185.0,0.032432432432432434,0.040523771600022226,0.03527149880702534
Carrara Oval,powerplay,W,8.0,185.0,0.043243243243243246,0.03919952586446391,0.041824395040162776
Carrara Oval,powerplay,Wd,5.0,185.0,0.02702702702702703,0.03486563072990943,0.02977741429119629
Carrara Oval,powerplay,Nb,0.0,185.0,0.0,0.003769007093512122,0.001322458629302499
"Cazaly's Stadium, Cairns",death,0,19.0,54.0,0.35185185185185186,0.21696977459016392,0.2642660873962104
"Cazaly's Stadium, Cairns",death,1,12.0,54.0,0.2222222222222222,0.37083760245901637,0.31872571588247817
"Cazaly's Stadium, Cairns",death,2,8.0,54.0,0.14814814814814814,0.08837090163934426,0.1093317543112625
"Cazaly's Stadium, Cairns",death,3,0.0,54.0,0.0,0.002651127049180328,0.0017215110708963168
"Cazaly's Stadium, Cairns",death,4,7.0,54.0,0.12962962962962962,0.11151383196721311,0.1178661246540345
"Cazaly's Stadium, Cairns",death,6,1.0,54.0,0.018518518518518517,0.07952100409836066,0.058130522141792644
"Cazaly's Stadium, Cairns",death,W,4.0,54.0,0.07407407407407407,0.08016137295081967,0.0780268655524803
"Cazaly's Stadium, Cairns",death,Wd,2.0,54.0,0.037037037037037035,0.04340420081967213,0.041171558973813076
"Cazaly's Stadium, Cairns",death,Nb,1.0,54.0,0.018518518518518517,0.006570184426229508,0.010759860017032148
"Cazaly's Stadium, Cairns",middle,0,17.0,82.0,0.2073170731707317,0.2808889845966761,0.24774120032784402
"Cazaly's Stadium, Cairns",middle,1,41.0,82.0,0.5,0.4414331678151601,0.46782042187646156
"Cazaly's Stadium, Cairns",middle,2,4.0,82.0,0.04878048780487805,0.06664217673287394,0.05859460260048018
"Cazaly's Stadium, Cairns",middle,3,1.0,82.0,0.012195121951219513,0.002286430887717876,0.0067507862020427896
"Cazaly's Stadium, Cairns",middle,4,9.0,82.0,0.10975609756097561,0.08739739562221321,0.09747109649572155
"Cazaly's Stadium, Cairns",middle,6,3.0,82.0,0.036585365853658534,0.048281059991892986,0.043011571424117025
"Cazaly's Stadium, Cairns",middle,W,7.0,82.0,0.08536585365853659,0.04221980137819214,0.061659231526479195
"Cazaly's Stadium, Cairns",middle,Wd,0.0,82.0,0.0,0.028171868666396434,0.01547904871780024
"Cazaly's Stadium, Cairns",middle,Nb,0.0,82.0,0.0,0.002679114308877179,0.0014720408290533951
"Cazaly's Stadium, Cairns",powerplay,0,30.0,68.0,0.4411764705882353,0.4228881521678736,0.4302905667665914
"Cazaly's Stadium, Cairns",powerplay,1,17.0,68.0,0.25,0.25764450947345025,0.2545503032580061
"Cazaly's Stadium, Cairns",powerplay,2,2.0,68.0,0.029411764705882353,0.04384827662845184,0.03800492656455466
"Cazaly's Stadium, Cairns",powerplay,3,1.0,68.0,0.014705882352941176,0.005028429611245902,0.008945493816217799
"Cazaly's Stadium, Cairns",powerplay,4,10.0,68.0,0.14705882352941177,0.15223269683107069,0.15013851001849446
"Cazaly's Stadium, Cairns",powerplay,6,4.0,68.0,0.058823529411764705,0.040523771600022226,0.04793081642858466
"Cazaly's Stadium, Cairns",powerplay,W,2.0,68.0,0.029411764705882353,0.03919952586446391,0.035237813014561845
"Cazaly's Stadium, Cairns",powerplay,Wd,2.0,68.0,0.029411764705882353,0.03486563072990943,0.032658113529707995
"Cazaly's Stadium, Cairns",powerplay,Nb,0.0,68.0,0.0,0.003769007093512122,0.002243456603281025
Central Broward Regional Park Stadium Turf Ground,death,0,84.0,342.0,0.24561403508771928,0.21696977459016392,0.23913343316519547
Central Broward Regional Park Stadium Turf Ground,death,1,130.0,342.0,0.38011695906432746,0.37083760245901637,0.3780175571174245
Central Broward Regional Park Stadium Turf Ground,death,2,28.0,342.0,0.08187134502923976,0.08837090163934426,0.08334183295007788
Central Broward Regional Park Stadium Turf Ground,death,3,1.0,342.0,0.0029239766081871343,0.002651127049180328,0.0028622459387285812
Central Broward Regional Park Stadium Turf Ground,death,4,23.0,342.0,0.06725146198830409,0.11151383196721311,0.07726557284326088
Central Broward Regional Park Stadium Turf Ground,death,6,29.0,342.0,0.0847953216374269,0.07952100409836066,0.08360203712632594
Central Broward Regional Park Stadium Turf Ground,death,W,32.0,342.0,0.0935672514619883,0.08016137295081967,0.0905342472739411
Central Broward Regional Park Stadium Turf Ground,death,Wd,11.0,342.0,0.03216374269005848,0.04340420081967213,0.034706832764631705
Central Broward Regional Park Stadium Turf Ground,death,Nb,4.0,342.0,0.011695906432748537,0.006570184426229508,0.010536240820413916
Central Broward Regional Park Stadium Turf Ground,middle,0,204.0,680.0,0.3,0.2808889845966761,0.2975498698200867
Central Broward Regional Park Stadium Turf Ground,middle,1,283.0,680.0,0.4161764705882353,0.4414331678151601,0.41941450869425134
Central Broward Regional Park Stadium Turf Ground,middle,2,52.0,680.0,0.07647058823529412,0.06664217673287394,0.07521053547857358
Central Broward Regional Park Stadium Turf Ground,middle,3,3.0,680.0,0.004411764705882353,0.002286430887717876,0.004139286011245882
Central Broward Regional Park Stadium Turf Ground,middle,4,47.0,680.0,0.06911764705882353,0.08739739562221321,0.07146120456695042
Central Broward Regional Park Stadium Turf Ground,middle,6,39.0,680.0,0.057352941176470586,0.048281059991892986,0.056189879486140126
Central Broward Regional Park Stadium Turf Ground,middle,W,26.0,680.0,0.03823529411764706,0.04221980137819214,0.038746128381819504
Central Broward Regional Park Stadium Turf Ground,middle,Wd,24.0,680.0,0.03529411764705882,0.028171868666396434,0.03438100880338416
Central Broward Regional Park Stadium Turf Ground,middle,Nb,2.0,680.0,0.0029411764705882353,0.002679114308877179,0.002907578757548356
Central Broward Regional Park Stadium Turf Ground,powerplay,0,196.0,417.0,0.47002398081534774,0.4228881521678736,0.4609067992587763
Central Broward Regional Park Stadium Turf Ground,powerplay,1,86.0,417.0,0.20623501199040767,0.25764450947345025,0.21617882194844298
Central Broward Regional Park Stadium Turf Ground,powerplay,2,24.0,417.0,0.05755395683453238,0.04384827662845184,0.05490295486043556
Central Broward Regional Park Stadium Turf Ground,powerplay,3,0.0,417.0,0.0,0.005028429611245902,0.0009726169460823794
Central Broward Regional Park Stadium Turf Ground,powerplay,4,46.0,417.0,0.11031175059952038,0.15223269683107069,0.11842025083773128
Central Broward Regional Park Stadium Turf Ground,powerplay,6,15.0,417.0,0.03597122302158273,0.040523771600022226,0.036851793346232536
Central Broward Regional Park Stadium Turf Ground,powerplay,W,24.0,417.0,0.05755395683453238,0.03919952586446391,0.054003776762952406
Central Broward Regional Park Stadium Turf Ground,powerplay,Wd,25.0,417.0,0.05995203836930456,0.03486563072990943,0.05509973515085289
Central Broward Regional Park Stadium Turf Ground,powerplay,Nb,1.0,417.0,0.002398081534772182,0.003769007093512122,0.0026632508884936405
"Central Broward Regional Park Stadium Turf Ground, Lauderhill",death,0,33.0,152.0,0.21710526315789475,0.21696977459016392,0.21705149785323966
"Central Broward Regional Park Stadium Turf Ground, Lauderhill",death,1,62.0,152.0,0.40789473684210525,0.37083760245901637,0.39318952478532393
"Central Broward Regional Park Stadium Turf Ground, Lauderhill",death,2,8.0,152.0,0.05263157894736842,0.08837090163934426,0.06681384985688264
"Central Broward Regional Park Stadium Turf Ground, Lauderhill",death,3,0.0,152.0,0.0,0.002651127049180328,0.001052034543325527
"Central Broward Regional Park Stadium Turf Ground, Lauderhill",death,4,7.0,152.0,0.046052631578947366,0.11151383196721311,0.07202929839968775
"Central Broward Regional Park Stadium Turf Ground, Lauderhill",death,6,15.0,152.0,0.09868421052631579,0.07952100409836066,0.09107976353109551
"Central Broward Regional Park Stadium Turf Ground, Lauderhill",death,W,16.0,152.0,0.10526315789473684,0.08016137295081967,0.09530213212334114
"Central Broward Regional Park Stadium Turf Ground, Lauderhill",death,Wd,9.0,152.0,0.05921052631578947,0.04340420081967213,0.05293817492844132
"Central Broward Regional Park Stadium Turf Ground, Lauderhill",death,Nb,2.0,152.0,0.013157894736842105,0.006570184426229508,0.010543723978662503
"Central Broward Regional Park Stadium Turf Ground, Lauderhill",middle,0,106.0,368.0,0.28804347826086957,0.2808889845966761,0.28651474029843504
"Central Broward Regional Park Stadium Turf Ground, Lauderhill",middle,1,154.0,368.0,0.41847826086956524,0.4414331678151601,0.4233831555160598
"Central Broward Regional Park Stadium Turf Ground, Lauderhill",middle,2,19.0,368.0,0.051630434782608696,0.06664217673287394,0.05483807195146879
"Central Broward Regional Park Stadium Turf Ground, Lauderhill",middle,3,1.0,368.0,0.002717391304347826,0.002286430887717876,0.0026253057452388625
"Central Broward Regional Park Stadium Turf Ground, Lauderhill",middle,4,31.0,368.0,0.08423913043478261,0.08739739562221321,0.08491397342354984
"Central Broward Regional Park Stadium Turf Ground, Lauderhill",middle,6,22.0,368.0,0.059782608695652176,0.048281059991892986,0.05732501281878055
"Central Broward Regional Park Stadium Turf Ground, Lauderhill",middle,W,18.0,368.0,0.04891304347826087,0.04221980137819214,0.04748286354234875
"Central Broward Regional Park Stadium Turf Ground, Lauderhill",middle,Wd,16.0,368.0,0.043478260869565216,0.028171868666396434,0.040207664244956504
"Central Broward Regional Park Stadium Turf Ground, Lauderhill",middle,Nb,1.0,368.0,0.002717391304347826,0.002679114308877179,0.0027092124591617905
"Central Broward Regional Park Stadium Turf Ground, Lauderhill",powerplay,0,70.0,207.0,0.33816425120772947,0.4228881521678736,0.3657616130839979
"Central Broward Regional Park Stadium Turf Ground, Lauderhill",powerplay,1,59.0,207.0,0.28502415458937197,0.25764450947345025,0.27610570341154733
"Central Broward Regional Park Stadium Turf Ground, Lauderhill",powerplay,2,7.0,207.0,0.033816425120772944,0.04384827662845184,0.03708412919493545
"Central Broward Regional Park Stadium Turf Ground, Lauderhill",powerplay,3,1.0,207.0,0.004830917874396135,0.005028429611245902,0.004895253945031239
"Central Broward Regional Park Stadium Turf Ground, Lauderhill",powerplay,4,33.0,207.0,0.15942028985507245,0.15223269683107069,0.1570790543423683
"Central Broward Regional Park Stadium Turf Ground, Lauderhill",powerplay,6,19.0,207.0,0.09178743961352658,0.040523771600022226,0.07508917641694535
"Central Broward Regional Park Stadium Turf Ground, Lauderhill",powerplay,W,8.0,207.0,0.03864734299516908,0.03919952586446391,0.03882720712197521
"Central Broward Regional Park Stadium Turf Ground, Lauderhill",powerplay,Wd,8.0,207.0,0.03864734299516908,0.03486563072990943,0.03741551489573597
"Central Broward Regional Park Stadium Turf Ground, Lauderhill",powerplay,Nb,2.0,207.0,0.00966183574879227,0.003769007093512122,0.007742347587463233
"Civil Service Cricket Club, Stormont, Belfast",death,0,8.0,44.0,0.18181818181818182,0.21696977459016392,0.20622901013205827
"Civil Service Cricket Club, Stormont, Belfast",death,1,15.0,44.0,0.3409090909090909,0.37083760245901637,0.36169277948542805
"Civil Service Cricket Club, Stormont, Belfast",death,2,3.0,44.0,0.06818181818181818,0.08837090163934426,0.08220201502732241
"Civil Service Cricket Club, Stormont, Belfast",death,3,0.0,44.0,0.0,0.002651127049180328,0.0018410604508196722
"Civil Service Cricket Club, Stormont, Belfast",death,4,8.0,44.0,0.18181818181818182,0.11151383196721311,0.132995716643898
"Civil Service Cricket Club, Stormont, Belfast",death,6,5.0,44.0,0.11363636363636363,0.07952100409836066,0.08994514173497269
"Civil Service Cricket Club, Stormont, Belfast",death,W,5.0,44.0,0.11363636363636363,0.08016137295081967,0.0903898423269581
"Civil Service Cricket Club, Stormont, Belfast",death,Wd,0.0,44.0,0.0,0.04340420081967213,0.030141806124772314
"Civil Service Cricket Club, Stormont, Belfast",death,Nb,0.0,44.0,0.0,0.006570184426229508,0.004562628073770492
"Civil Service Cricket Club, Stormont, Belfast",middle,0,10.0,28.0,0.35714285714285715,0.2808889845966761,0.2975695192161532
"Civil Service Cricket Club, Stormont, Belfast",middle,1,13.0,28.0,0.4642857142857143,0.4414331678151601,0.44643216235559385
"Civil Service Cricket Club, Stormont, Belfast",middle,2,1.0,28.0,0.03571428571428571,0.06664217673287394,0.05987670057255776
"Civil Service Cricket Club, Stormont, Belfast",middle,3,0.0,28.0,0.0,0.002286430887717876,0.0017862741310295906
"Civil Service Cricket Club, Stormont, Belfast",middle,4,2.0,28.0,0.07142857142857142,0.08739739562221321,0.08390421532985408
"Civil Service Cricket Club, Stormont, Belfast",middle,6,1.0,28.0,0.03571428571428571,0.048281059991892986,0.04553207811866639
"Civil Service Cricket Club, Stormont, Belfast",middle,W,1.0,28.0,0.03571428571428571,0.04221980137819214,0.04079671982671261
"Civil Service Cricket Club, Stormont, Belfast",middle,Wd,0.0,28.0,0.0,0.028171868666396434,0.022009272395622215
"Civil Service Cricket Club, Stormont, Belfast",middle,Nb,0.0,28.0,0.0,0.002679114308877179,0.002093058053810296
"Civil Service Cricket Club, Stormont, Belfast",powerplay,0,11.0,27.0,0.4074074074074074,0.4228881521678736,0.4195969702109241
"Civil Service Cricket Club, Stormont, Belfast",powerplay,1,8.0,27.0,0.2962962962962963,0.25764450947345025,0.2658618184830317
"Civil Service Cricket Club, Stormont, Belfast",powerplay,2,0.0,27.0,0.0,0.04384827662845184,0.03452620206964711
"Civil Service Cricket Club, Stormont, Belfast",powerplay,3,0.0,27.0,0.0,0.005028429611245902,0.003959393394681812
"Civil Service Cricket Club, Stormont, Belfast",powerplay,4,6.0,27.0,0.2222222222222222,0.15223269683107069,0.1671123597095045
"Civil Service Cricket Club, Stormont, Belfast",powerplay,6,0.0,27.0,0.0,0.040523771600022226,0.03190848157482065
"Civil Service Cricket Club, Stormont, Belfast",powerplay,W,2.0,27.0,0.07407407407407407,0.03919952586446391,0.046613799893278664
"Civil Service Cricket Club, Stormont, Belfast",powerplay,Wd,0.0,27.0,0.0,0.03486563072990943,0.027453252543235773
"Civil Service Cricket Club, Stormont, Belfast",powerplay,Nb,0.0,27.0,0.0,0.003769007093512122,0.002967722120875687
"Coolidge Cricket Ground, Antigua",death,0,19.0,70.0,0.2714285714285714,0.21696977459016392,0.2393939850530376
"Coolidge Cricket Ground, Antigua",death,1,24.0,70.0,0.34285714285714286,0.37083760245901637,0.35931623674059787
"Coolidge Cricket Ground, Antigua",death,2,7.0,70.0,0.1,0.08837090163934426,0.09315935390549662
"Coolidge Cricket Ground, Antigua",death,3,1.0,70.0,0.014285714285714285,0.002651127049180328,0.0074418394406943105
"Coolidge Cricket Ground, Antigua",death,4,5.0,70.0,0.07142857142857142,0.11151383196721311,0.09500813645130184
"Coolidge Cricket Ground, Antigua",death,6,6.0,70.0,0.08571428571428572,0.07952100409836066,0.08207117888138862
"Coolidge Cricket Ground, Antigua",death,W,5.0,70.0,0.07142857142857142,0.08016137295081967,0.07656551350048216
"Coolidge Cricket Ground, Antigua",death,Wd,2.0,70.0,0.02857142857142857,0.04340420081967213,0.0372965887174542
"Coolidge Cricket Ground, Antigua",death,Nb,1.0,70.0,0.014285714285714285,0.006570184426229508,0.00974716730954677
"Coolidge Cricket Ground, Antigua",middle,0,61.0,156.0,0.391025641025641,0.2808889845966761,0.3480035096080766
"Coolidge Cricket Ground, Antigua",middle,1,61.0,156.0,0.391025641025641,0.4414331678151601,0.4107160811777969
"Coolidge Cricket Ground, Antigua",middle,2,6.0,156.0,0.038461538461538464,0.06664217673287394,0.04946960028627888
"Coolidge Cricket Ground, Antigua",middle,3,0.0,156.0,0.0,0.002286430887717876,0.0008931370655147953
"Coolidge Cricket Ground, Antigua",middle,4,5.0,156.0,0.03205128205128205,0.08739739562221321,0.05367085766492704
"Coolidge Cricket Ground, Antigua",middle,6,3.0,156.0,0.019230769230769232,0.048281059991892986,0.030578539059333196
"Coolidge Cricket Ground, Antigua",middle,W,13.0,156.0,0.08333333333333333,0.04221980137819214,0.06727335991335631
"Coolidge Cricket Ground, Antigua",middle,Wd,7.0,156.0,0.04487179487179487,0.028171868666396434,0.038348386197811106
"Coolidge Cricket Ground, Antigua",middle,Nb,0.0,156.0,0.0,0.002679114308877179,0.001046529026905148
"Coolidge Cricket Ground, Antigua",powerplay,0,60.0,142.0,0.4225352112676056,0.4228881521678736,0.4226810546148238
"Coolidge Cricket Ground, Antigua",powerplay,1,30.0,142.0,0.2112676056338028,0.25764450947345025,0.2304316154848968
"Coolidge Cricket Ground, Antigua",powerplay,2,5.0,142.0,0.035211267605633804,0.04384827662845184,0.038780279598533814
"Coolidge Cricket Ground, Antigua",powerplay,3,0.0,142.0,0.0,0.005028429611245902,0.0020778634757214467
"Coolidge Cricket Ground, Antigua",powerplay,4,20.0,142.0,0.14084507042253522,0.15223269683107069,0.14555070116986393
"Coolidge Cricket Ground, Antigua",powerplay,6,15.0,142.0,0.1056338028169014,0.040523771600022226,0.07872883123967861
"Coolidge Cricket Ground, Antigua",powerplay,W,7.0,142.0,0.04929577464788732,0.03919952586446391,0.04512377101837351
"Coolidge Cricket Ground, Antigua",powerplay,Wd,2.0,142.0,0.014084507042253521,0.03486563072990943,0.022671748235499768
"Coolidge Cricket Ground, Antigua",powerplay,Nb,3.0,142.0,0.02112676056338028,0.003769007093512122,0.013954135162608315
County Ground,death,0,28.0,116.0,0.2413793103448276,0.21696977459016392,0.23007859934729813
County Ground,death,1,49.0,116.0,0.4224137931034483,0.37083760245901637,0.3985359270643594
County Ground,death,2,5.0,116.0,0.04310344827586207,0.08837090163934426,0.06406060261080754
County Ground,death,3,0.0,116.0,0.0,0.002651127049180328,0.0012273736338797815
County Ground,death,4,15.0,116.0,0.12931034482758622,0.11151383196721311,0.1210712185033394
County Ground,death,6,6.0,116.0,0.05172413793103448,0.07952100409836066,0.06459305745294476
County Ground,death,W,10.0,116.0,0.08620689655172414,0.08016137295081967,0.08340804303278689
County Ground,death,Wd,3.0,116.0,0.02586206896551724,0.04340420081967213,0.03398342630540377
County Ground,death,Nb,0.0,116.0,0.0,0.006570184426229508,0.0030417520491803278
County Ground,middle,0,65.0,232.0,0.2801724137931034,0.2808889845966761,0.28038824837249277
County Ground,middle,1,96.0,232.0,0.41379310344827586,0.4414331678151601,0.42211842404071087
County Ground,middle,2,16.0,232.0,0.06896551724137931,0.06664217673287394,0.06826571588339576
County Ground,middle,3,0.0,232.0,0.0,0.002286430887717876,0.0006886840023246615
County Ground,middle,4,21.0,232.0,0.09051724137931035,0.08739739562221321,0.08957752880187146
County Ground,middle,6,18.0,232.0,0.07758620689655173,0.048281059991892986,0.06875935541924487
County Ground,middle,W,10.0,232.0,0.04310344827586207,0.04221980137819214,0.04283728957174462
County Ground,middle,Wd,3.0,232.0,0.01293103448275862,0.028171868666396434,0.017521647188673623
County Ground,middle,Nb,3.0,232.0,0.01293103448275862,0.002679114308877179,0.009843106719541318
County Ground,powerplay,0,50.0,120.0,0.4166666666666667,0.4228881521678736,0.4194946146217607
County Ground,powerplay,1,26.0,120.0,0.21666666666666667,0.25764450947345025,0.23529295885156828
County Ground,powerplay,2,5.0,120.0,0.041666666666666664,0.04384827662845184,0.0426583075583872
County Ground,powerplay,3,0.0,120.0,0.0,0.005028429611245902,0.0022856498232935916
County Ground,powerplay,4,25.0,120.0,0.20833333333333334,0.15223269683107069,0.18283304401412304
County Ground,powerplay,6,9.0,120.0,0.075,0.040523771600022226,0.059328987090919195
County Ground,powerplay,W,3.0,120.0,0.025,0.03919952586446391,0.031454329938392686
County Ground,powerplay,Wd,2.0,120.0,0.016666666666666666,0.03486563072990943,0.024938923059049743
County Ground,powerplay,Nb,0.0,120.0,0.0,0.003769007093512122,0.00171318504250551
"County Ground, Bristol",death,0,14.0,99.0,0.1414141414141414,0.21696977459016392,0.1793817962764643
"County Ground, Bristol",death,1,34.0,99.0,0.3434343434343434,0.37083760245901637,0.3572048253562896
"County Ground, Bristol",death,2,8.0,99.0,0.08080808080808081,0.08837090163934426,0.08460849328610265
"County Ground, Bristol",death,3,0.0,99.0,0.0,0.002651127049180328,0.0013322246478293105
"County Ground, Bristol",death,4,11.0,99.0,0.1111111111111111,0.11151383196721311,0.1113134834006096
"County Ground, Bristol",death,6,13.0,99.0,0.13131313131313133,0.07952100409836066,0.10528693673284456
"County Ground, Bristol",death,W,10.0,99.0,0.10101010101010101,0.08016137295081967,0.09053335324161793
"County Ground, Bristol",death,Wd,6.0,99.0,0.06060606060606061,0.04340420081967213,0.05196190995963424
"County Ground, Bristol",death,Nb,3.0,99.0,0.030303030303030304,0.006570184426229508,0.01837697709860779
"County Ground, Bristol",middle,0,30.0,152.0,0.19736842105263158,0.2808889845966761,0.2305115018240778
"County Ground, Bristol",middle,1,77.0,152.0,0.506578947368421,0.4414331678151601,0.48072744754569846
"County Ground, Bristol",middle,2,7.0,152.0,0.046052631578947366,0.06664217673287394,0.0542230860051087
"County Ground, Bristol",middle,3,0.0,152.0,0.0,0.002286430887717876,0.0009073138443324905
"County Ground, Bristol",middle,4,12.0,152.0,0.07894736842105263,0.08739739562221321,0.08230055381833859
"County Ground, Bristol",middle,6,15.0,152.0,0.09868421052631579,0.048281059991892986,0.07868296031424324
"County Ground, Bristol",middle,W,5.0,152.0,0.03289473684210526,0.04221980137819214,0.03659515927706038
"County Ground, Bristol",middle,Wd,6.0,152.0,0.039473684210526314,0.028171868666396434,0.03498883677237954
"County Ground, Bristol",middle,Nb,0.0,152.0,0.0,0.002679114308877179,0.0010631405987607853
"County Ground, Bristol",powerplay,0,24.0,73.0,0.3287671232876712,0.4228881521678736,0.38317234229356856
"County Ground, Bristol",powerplay,1,27.0,73.0,0.3698630136986301,0.25764450947345025,0.30499682628523134
"County Ground, Bristol",powerplay,2,3.0,73.0,0.0410958904109589,0.04384827662845184,0.04268686510315135
"County Ground, Bristol",powerplay,3,1.0,73.0,0.0136986301369863,0.005028429611245902,0.008686953532512082
"County Ground, Bristol",powerplay,4,7.0,73.0,0.0958904109589041,0.15223269683107069,0.1284582062607345
"County Ground, Bristol",powerplay,6,4.0,73.0,0.0547945205479452,0.040523771600022226,0.046545532716775855
"County Ground, Bristol",powerplay,W,5.0,73.0,0.0684931506849315,0.03919952586446391,0.05156041957483463
"County Ground, Bristol",powerplay,Wd,1.0,73.0,0.0136986301369863,0.03486563072990943,0.02593389059532337
"County Ground, Bristol",powerplay,Nb,1.0,73.0,0.0136986301369863,0.003769007093512122,0.007958963637868278
"Daren Sammy National Cricket Stadium, Gros Islet, St Lucia",death,0,109.0,439.0,0.24829157175398633,0.21696977459016392,0.24248047766051276
"Daren Sammy National Cricket Stadium, Gros Islet, St Lucia",death,1,160.0,439.0,0.36446469248291574,0.37083760245901637,0.3656470505489826
"Daren Sammy National Cricket Stadium, Gros Islet, St Lucia",death,2,36.0,439.0,0.08200455580865604,0.08837090163934426,0.0831856960369841
"Daren Sammy National Cricket Stadium, Gros Islet, St Lucia",death,3,1.0,439.0,0.002277904328018223,0.002651127049180328,0.00234714787554366
"Daren Sammy National Cricket Stadium, Gros Islet, St Lucia",death,4,34.0,439.0,0.0774487471526196,0.11151383196721311,0.08376879999391709
"Daren Sammy National Cricket Stadium, Gros Islet, St Lucia",death,6,37.0,439.0,0.08428246013667426,0.07952100409836066,0.08339907311657897
"Daren Sammy National Cricket Stadium, Gros Islet, St Lucia",death,W,35.0,439.0,0.07972665148063782,0.08016137295081967,0.07980730481462332
"Daren Sammy National Cricket Stadium, Gros Islet, St Lucia",death,Wd,26.0,439.0,0.05922551252847381,0.04340420081967213,0.056290204233705406
"Daren Sammy National Cricket Stadium, Gros Islet, St Lucia",death,Nb,1.0,439.0,0.002277904328018223,0.006570184426229508,0.0030742457191520424
"Daren Sammy National Cricket Stadium, Gros Islet, St Lucia",middle,0,217.0,739.0,0.2936400541271989,0.2808889845966761,0.29212026038101024
"Daren Sammy National Cricket Stadium, Gros Islet, St Lucia",middle,1,297.0,739.0,0.401894451962111,0.4414331678151601,0.406607052182975
"Daren Sammy National Cricket Stadium, Gros Islet, St Lucia",middle,2,44.0,739.0,0.05953991880920163,0.06664217673287394,0.06038643346041406
"Daren Sammy National Cricket Stadium, Gros Islet, St Lucia",middle,3,1.0,739.0,0.0013531799729364006,0.002286430887717876,0.0014644136934109507
"Daren Sammy National Cricket Stadium, Gros Islet, St Lucia",middle,4,74.0,739.0,0.10013531799729364,0.08739739562221321,0.09861709125413745
"Daren Sammy National Cricket Stadium, Gros Islet, St Lucia",middle,6,48.0,739.0,0.06495263870094722,0.048281059991892986,0.06296556138163206
"Daren Sammy National Cricket Stadium, Gros Islet, St Lucia",middle,W,24.0,739.0,0.03247631935047361,0.04221980137819214,0.033637640211941856
"Daren Sammy National Cricket Stadium, Gros Islet, St Lucia",middle,Wd,32.0,739.0,0.04330175913396482,0.028171868666396434,0.04149843488276477
"Daren Sammy National Cricket Stadium, Gros Islet, St Lucia",middle,Nb,2.0,739.0,0.0027063599458728013,0.002679114308877179,0.002703112551713609
"Daren Sammy National Cricket Stadium, Gros Islet, St Lucia",powerplay,0,229.0,627.0,0.3652312599681021,0.4228881521678736,0.37316205669434305
"Daren Sammy National Cricket Stadium, Gros Islet, St Lucia",powerplay,1,162.0,627.0,0.2583732057416268,0.25764450947345025,0.2582729724172559
"Daren Sammy National Cricket Stadium, Gros Islet, St Lucia",powerplay,2,33.0,627.0,0.05263157894736842,0.04384827662845184,0.05142342181959447
"Daren Sammy National Cricket Stadium, Gros Islet, St Lucia",powerplay,3,4.0,627.0,0.006379585326953748,0.005028429611245902,0.006193731720941664
"Daren Sammy National Cricket Stadium, Gros Islet, St Lucia",powerplay,4,92.0,627.0,0.1467304625199362,0.15223269683107069,0.14748730355310463
"Daren Sammy National Cricket Stadium, Gros Islet, St Lucia",powerplay,6,48.0,627.0,0.07655502392344497,0.040523771600022226,0.07159886817056701
"Daren Sammy National Cricket Stadium, Gros Islet, St Lucia",powerplay,W,23.0,627.0,0.03668261562998405,0.03919952586446391,0.03702882061409407
"Daren Sammy National Cricket Stadium, Gros Islet, St Lucia",powerplay,Wd,29.0,627.0,0.046251993620414676,0.03486563072990943,0.04468578139338507
"Daren Sammy National Cricket Stadium, Gros Islet, St Lucia",powerplay,Nb,7.0,627.0,0.011164274322169059,0.003769007093512122,0.010147043616714185
"Darren Sammy National Cricket Stadium, St Lucia",death,0,10.0,49.0,0.20408163265306123,0.21696977459016392,0.21273139234239188
"Darren Sammy National Cricket Stadium, St Lucia",death,1,19.0,49.0,0.3877551020408163,0.37083760245901637,0.3764010754758499
"Darren Sammy National Cricket Stadium, St Lucia",death,2,5.0,49.0,0.10204081632653061,0.08837090163934426,0.09286637693915722
"Darren Sammy National Cricket Stadium, St Lucia",death,3,0.0,49.0,0.0,0.002651127049180328,0.0017792798987787436
"Darren Sammy National Cricket Stadium, St Lucia",death,4,3.0,49.0,0.061224489795918366,0.11151383196721311,0.09497572615249202
"Darren Sammy National Cricket Stadium, St Lucia",death,6,3.0,49.0,0.061224489795918366,0.07952100409836066,0.07350402959621521
"Darren Sammy National Cricket Stadium, St Lucia",death,W,5.0,49.0,0.10204081632653061,0.08016137295081967,0.0873566261414897
"Darren Sammy National Cricket Stadium, St Lucia",death,Wd,4.0,49.0,0.08163265306122448,0.04340420081967213,0.05597597370447794
"Darren Sammy National Cricket Stadium, St Lucia",death,Nb,0.0,49.0,0.0,0.006570184426229508,0.004409519749147321
"Darren Sammy National Cricket Stadium, St Lucia",middle,0,36.0,96.0,0.375,0.2808889845966761,0.32698417581463063
"Darren Sammy National Cricket Stadium, St Lucia",middle,1,34.0,96.0,0.3541666666666667,0.4414331678151601,0.3986903917424286
"Darren Sammy National Cricket Stadium, St Lucia",middle,2,3.0,96.0,0.03125,0.06664217673287394,0.049307233026976496
"Darren Sammy National Cricket Stadium, St Lucia",middle,3,0.0,96.0,0.0,0.002286430887717876,0.0011665463712846307
"Darren Sammy National Cricket Stadium, St Lucia",middle,4,9.0,96.0,0.09375,0.08739739562221321,0.09050887531745573
"Darren Sammy National Cricket Stadium, St Lucia",middle,6,5.0,96.0,0.052083333333333336,0.048281059991892986,0.050143397955047436
"Darren Sammy National Cricket Stadium, St Lucia",middle,W,3.0,96.0,0.03125,0.04221980137819214,0.036846837437853136
"Darren Sammy National Cricket Stadium, St Lucia",middle,Wd,6.0,96.0,0.0625,0.028171868666396434,0.04498564727877369
"Darren Sammy National Cricket Stadium, St Lucia",middle,Nb,0.0,96.0,0.0,0.002679114308877179,0.0013668950555495811
"Darren Sammy National Cricket Stadium, St Lucia",powerplay,0,29.0,72.0,0.4027777777777778,0.4228881521678736,0.4144698559115544
"Darren Sammy National Cricket Stadium, St Lucia",powerplay,1,19.0,72.0,0.2638888888888889,0.25764450947345025,0.26025843574037805
"Darren Sammy National Cricket Stadium, St Lucia",powerplay,2,1.0,72.0,0.013888888888888888,0.04384827662845184,0.0313071375746813
"Darren Sammy National Cricket Stadium, St Lucia",powerplay,3,0.0,72.0,0.0,0.005028429611245902,0.002923505587933664
"Darren Sammy National Cricket Stadium, St Lucia",powerplay,4,8.0,72.0,0.1111111111111111,0.15223269683107069,0.1350190097855062
"Darren Sammy National Cricket Stadium, St Lucia",powerplay,6,4.0,72.0,0.05555555555555555,0.040523771600022226,0.04681614627908269
"Darren Sammy National Cricket Stadium, St Lucia",powerplay,W,5.0,72.0,0.06944444444444445,0.03919952586446391,0.051860189456083665
"Darren Sammy National Cricket Stadium, St Lucia",powerplay,Wd,6.0,72.0,0.08333333333333333,0.03486563072990943,0.05515443647087758
"Darren Sammy National Cricket Stadium, St Lucia",powerplay,Nb,0.0,72.0,0.0,0.003769007093512122,0.0021912831939023968
De Beers Diamond Oval,death,0,27.0,144.0,0.1875,0.21696977459016392,0.19957777647137867
De Beers Diamond Oval,death,1,62.0,144.0,0.4305555555555556,0.37083760245901637,0.40608098461435094
De Beers Diamond Oval,death,2,17.0,144.0,0.11805555555555555,0.08837090163934426,0.1058897137866165
De Beers Diamond Oval,death,3,0.0,144.0,0.0,0.002651127049180328,0.0010865274791722656
De Beers Diamond Oval,death,4,12.0,144.0,0.08333333333333333,0.11151383196721311,0.09488271801934964
De Beers Diamond Oval,death,6,11.0,144.0,0.0763888888888889,0.07952100409836066,0.07767254266326257
De Beers Diamond Oval,death,W,10.0,144.0,0.06944444444444445,0.08016137295081967,0.07383662825853265
De Beers Diamond Oval,death,Wd,4.0,144.0,0.027777777777777776,0.04340420081967213,0.03418204951625907
De Beers Diamond Oval,death,Nb,1.0,144.0,0.006944444444444444,0.006570184426229508,0.006791059191077667
De Beers Diamond Oval,middle,0,77.0,238.0,0.3235294117647059,0.2808889845966761,0.3109139007682474
De Beers Diamond Oval,middle,1,103.0,238.0,0.4327731092436975,0.4414331678151601,0.43533525675004736
De Beers Diamond Oval,middle,2,19.0,238.0,0.07983193277310924,0.06664217673287394,0.07592963808664908
De Beers Diamond Oval,middle,3,2.0,238.0,0.008403361344537815,0.002286430887717876,0.006593618605833691
De Beers Diamond Oval,middle,4,16.0,238.0,0.06722689075630252,0.08739739562221321,0.07319449574621693
De Beers Diamond Oval,middle,6,8.0,238.0,0.03361344537815126,0.048281059991892986,0.03795297632896242
De Beers Diamond Oval,middle,W,8.0,238.0,0.03361344537815126,0.04221980137819214,0.03615970454976099
De Beers Diamond Oval,middle,Wd,5.0,238.0,0.02100840336134454,0.028171868666396434,0.023127771794791845
De Beers Diamond Oval,middle,Nb,0.0,238.0,0.0,0.002679114308877179,0.0007926373694902896
De Beers Diamond Oval,powerplay,0,55.0,117.0,0.4700854700854701,0.4228881521678736,0.4483355539944118
De Beers Diamond Oval,powerplay,1,33.0,117.0,0.28205128205128205,0.25764450947345025,0.2708039214163365
De Beers Diamond Oval,powerplay,2,5.0,117.0,0.042735042735042736,0.04384827662845184,0.04324805374583034
De Beers Diamond Oval,powerplay,3,0.0,117.0,0.0,0.005028429611245902,0.0023172486687769132
De Beers Diamond Oval,powerplay,4,10.0,117.0,0.08547008547008547,0.15223269683107069,0.1162362658207699
De Beers Diamond Oval,powerplay,6,3.0,117.0,0.02564102564102564,0.040523771600022226,0.032499433917060935
De Beers Diamond Oval,powerplay,W,6.0,117.0,0.05128205128205128,0.03919952586446391,0.04571406721864696
De Beers Diamond Oval,powerplay,Wd,4.0,117.0,0.03418803418803419,0.03486563072990943,0.03450029065894444
De Beers Diamond Oval,powerplay,Nb,1.0,117.0,0.008547008547008548,0.003769007093512122,0.006345164559222176
Dr DY Patil Sports Academy,death,0,146.0,592.0,0.24662162162162163,0.21696977459016392,0.2423366726286364
Dr DY Patil Sports Academy,death,1,209.0,592.0,0.3530405405405405,0.37083760245901637,0.3556123702975457
Dr DY Patil Sports Academy,death,2,64.0,592.0,0.10810810810810811,0.08837090163934426,0.10525591064152373
Dr DY Patil Sports Academy,death,3,0.0,592.0,0.0,0.002651127049180328,0.00038311084525727285
Dr DY Patil Sports Academy,death,4,49.0,592.0,0.08277027027027027,0.11151383196721311,0.08692396415711172
Dr DY Patil Sports Academy,death,6,48.0,592.0,0.08108108108108109,0.07952100409836066,0.08085563643039893
Dr DY Patil Sports Academy,death,W,50.0,592.0,0.08445945945945946,0.08016137295081967,0.08383834869231498
Dr DY Patil Sports Academy,death,Wd,24.0,592.0,0.04054054054054054,0.04340420081967213,0.04095436428029944
Dr DY Patil Sports Academy,death,Nb,2.0,592.0,0.0033783783783783786,0.006570184426229508,0.0038396220269117784
Dr DY Patil Sports Academy,middle,0,511.0,1483.0,0.34457181389076197,0.2808889845966761,0.34054889353105977
Dr DY Patil Sports Academy,middle,1,585.0,1483.0,0.3944706675657451,0.4414331678151601,0.3974373447766999
Dr DY Patil Sports Academy,middle,2,85.0,1483.0,0.057316250842886045,0.06664217673287394,0.05790538071591118
Dr DY Patil Sports Academy,middle,3,5.0,1483.0,0.0033715441672285905,0.002286430887717876,0.0033029962658065615
Dr DY Patil Sports Academy,middle,4,114.0,1483.0,0.07687120701281187,0.08739739562221321,0.0775361589148587
Dr DY Patil Sports Academy,middle,6,64.0,1483.0,0.04315576534052596,0.048281059991892986,0.04347953632292439
Dr DY Patil Sports Academy,middle,W,70.0,1483.0,0.04720161834120027,0.04221980137819214,0.046886911015678594
Dr DY Patil Sports Academy,middle,Wd,43.0,1483.0,0.02899527983816588,0.028171868666396434,0.02894326397134532
Dr DY Patil Sports Academy,middle,Nb,6.0,1483.0,0.004045853000674309,0.002679114308877179,0.003959514485715552
Dr DY Patil Sports Academy,powerplay,0,412.0,833.0,0.49459783913565425,0.4228881521678736,0.48691191341563494
Dr DY Patil Sports Academy,powerplay,1,175.0,833.0,0.21008403361344538,0.25764450947345025,0.21518161945053058
Dr DY Patil Sports Academy,powerplay,2,42.0,833.0,0.05042016806722689,0.04384827662845184,0.0497157852763614
Dr DY Patil Sports Academy,powerplay,3,3.0,833.0,0.003601440576230492,0.005028429611245902,0.003754386882234287
Dr DY Patil Sports Academy,powerplay,4,113.0,833.0,0.13565426170468187,0.15223269683107069,0.13743115721662066
Dr DY Patil Sports Academy,powerplay,6,20.0,833.0,0.024009603841536616,0.040523771600022226,0.025779611103968085
Dr DY Patil Sports Academy,powerplay,W,33.0,833.0,0.03961584633853541,0.03919952586446391,0.039571224637134396
Dr DY Patil Sports Academy,powerplay,Wd,31.0,833.0,0.03721488595438175,0.03486563072990943,0.03696309011038687
Dr DY Patil Sports Academy,powerplay,Nb,4.0,833.0,0.004801920768307323,0.003769007093512122,0.004691211907128845
"Dr DY Patil Sports Academy, Mumbai",death,0,243.0,1043.0,0.23298178331735378,0.21696977459016392,0.23158090766318146
"Dr DY Patil Sports Academy, Mumbai",death,1,360.0,1043.0,0.3451581975071908,0.37083760245901637,0.3474048646070881
"Dr DY Patil Sports Academy, Mumbai",death,2,78.0,1043.0,0.07478427612655801,0.08837090163934426,0.07597295727378339
"Dr DY Patil Sports Academy, Mumbai",death,3,1.0,1043.0,0.0009587727708533077,0.002651127049180328,0.0011068352623954793
"Dr DY Patil Sports Academy, Mumbai",death,4,114.0,1043.0,0.10930009587727708,0.11151383196721311,0.10949377357543422
"Dr DY Patil Sports Academy, Mumbai",death,6,84.0,1043.0,0.08053691275167785,0.07952100409836066,0.08044803185462472
"Dr DY Patil Sports Academy, Mumbai",death,W,86.0,1043.0,0.08245445829338446,0.08016137295081967,0.0822538384033963
"Dr DY Patil Sports Academy, Mumbai",death,Wd,72.0,1043.0,0.06903163950143816,0.04340420081967213,0.06678951888186108
"Dr DY Patil Sports Academy, Mumbai",death,Nb,5.0,1043.0,0.004793863854266539,0.006570184426229508,0.004949272478235302
"Dr DY Patil Sports Academy, Mumbai",middle,0,526.0,1841.0,0.2857142857142857,0.2808889845966761,0.2854656869962223
"Dr DY Patil Sports Academy, Mumbai",middle,1,804.0,1841.0,0.4367191743617599,0.4414331678151601,0.43696203852731375
"Dr DY Patil Sports Academy, Mumbai",middle,2,140.0,1841.0,0.07604562737642585,0.06664217673287394,0.07556116314955559
"Dr DY Patil Sports Academy, Mumbai",middle,3,2.0,1841.0,0.0010863661053775121,0.002286430887717876,0.0011481932451168407
"Dr DY Patil Sports Academy, Mumbai",middle,4,141.0,1841.0,0.07658881042911461,0.08739739562221321,0.07714566695632218
"Dr DY Patil Sports Academy, Mumbai",middle,6,96.0,1841.0,0.052145573058120585,0.048281059991892986,0.05194647398206559
"Dr DY Patil Sports Academy, Mumbai",middle,W,64.0,1841.0,0.03476371537208039,0.04221980137819214,0.03514785169387904
"Dr DY Patil Sports Academy, Mumbai",middle,Wd,61.0,1841.0,0.033134166214014125,0.028171868666396434,0.032878509462462464
"Dr DY Patil Sports Academy, Mumbai",middle,Nb,7.0,1841.0,0.0038022813688212928,0.002679114308877179,0.0037444159870621938
"Dr DY Patil Sports Academy, Mumbai",powerplay,0,529.0,1210.0,0.4371900826446281,0.4228881521678736,0.43609833222655525
"Dr DY Patil Sports Academy, Mumbai",powerplay,1,332.0,1210.0,0.2743801652892562,0.25764450947345025,0.2731026343109504
"Dr DY Patil Sports Academy, Mumbai",powerplay,2,51.0,1210.0,0.04214876033057851,0.04384827662845184,0.04227849439911846
"Dr DY Patil Sports Academy, Mumbai",powerplay,3,7.0,1210.0,0.005785123966942148,0.005028429611245902,0.005727361039026405
"Dr DY Patil Sports Academy, Mumbai",powerplay,4,159.0,1210.0,0.13140495867768595,0.15223269683107069,0.13299486235351685
"Dr DY Patil Sports Academy, Mumbai",powerplay,6,44.0,1210.0,0.03636363636363636,0.040523771600022226,0.036681203938932996
"Dr DY Patil Sports Academy, Mumbai",powerplay,W,47.0,1210.0,0.03884297520661157,0.03919952586446391,0.03887019281408122
"Dr DY Patil Sports Academy, Mumbai",powerplay,Wd,36.0,1210.0,0.02975206611570248,0.03486563072990943,0.030142414559535074
"Dr DY Patil Sports Academy, Mumbai",powerplay,Nb,5.0,1210.0,0.004132231404958678,0.003769007093512122,0.004104504358283368
Dr. Y.S. Rajasekhara Reddy ACA-VDCA Cricket Stadium,death,0,162.0,648.0,0.25,0.21696977459016392,0.24558419446392565
Dr. Y.S. Rajasekhara Reddy ACA-VDCA Cricket Stadium,death,1,240.0,648.0,0.37037037037037035,0.37083760245901637,0.37043283455334447
Dr. Y.S. Rajasekhara Reddy ACA-VDCA Cricket Stadium,death,2,43.0,648.0,0.06635802469135803,0.08837090163934426,0.06930092267905671
Dr. Y.S. Rajasekhara Reddy ACA-VDCA Cricket Stadium,death,3,2.0,648.0,0.0030864197530864196,0.002651127049180328,0.003028225541334268
Dr. Y.S. Rajasekhara Reddy ACA-VDCA Cricket Stadium,death,4,63.0,648.0,0.09722222222222222,0.11151383196721311,0.09913286523625844
Dr. Y.S. Rajasekhara Reddy ACA-VDCA Cricket Stadium,death,6,49.0,648.0,0.07561728395061729,0.07952100409836066,0.07613917167090382
Dr. Y.S. Rajasekhara Reddy ACA-VDCA Cricket Stadium,death,W,65.0,648.0,0.10030864197530864,0.08016137295081967,0.0976151568116069
Dr. Y.S. Rajasekhara Reddy ACA-VDCA Cricket Stadium,death,Wd,23.0,648.0,0.035493827160493825,0.04340420081967213,0.036551363745945475
Dr. Y.S. Rajasekhara Reddy ACA-VDCA Cricket Stadium,death,Nb,1.0,648.0,0.0015432098765432098,0.006570184426229508,0.0022152652976242656
Dr. Y.S. Rajasekhara Reddy ACA-VDCA Cricket Stadium,middle,0,449.0,1398.0,0.321173104434907,0.2808889845966761,0.31848391085425076
Dr. Y.S. Rajasekhara Reddy ACA-VDCA Cricket Stadium,middle,1,618.0,1398.0,0.44206008583690987,0.4414331678151601,0.44201823550167957
Dr. Y.S. Rajasekhara Reddy ACA-VDCA Cricket Stadium,middle,2,84.0,1398.0,0.060085836909871244,0.06664217673287394,0.06052350979525194
Dr. Y.S. Rajasekhara Reddy ACA-VDCA Cricket Stadium,middle,3,4.0,1398.0,0.002861230329041488,0.002286430887717876,0.002822859204787575
Dr. Y.S. Rajasekhara Reddy ACA-VDCA Cricket Stadium,middle,4,103.0,1398.0,0.0736766809728183,0.08739739562221321,0.0745926165301878
Dr. Y.S. Rajasekhara Reddy ACA-VDCA Cricket Stadium,middle,6,42.0,1398.0,0.030042918454935622,0.048281059991892986,0.031260417889979505
Dr. Y.S. Rajasekhara Reddy ACA-VDCA Cricket Stadium,middle,W,63.0,1398.0,0.045064377682403435,0.04221980137819214,0.04487448607331056
Dr. Y.S. Rajasekhara Reddy ACA-VDCA Cricket Stadium,middle,Wd,32.0,1398.0,0.022889842632331903,0.028171868666396434,0.023242447841548493
Dr. Y.S. Rajasekhara Reddy ACA-VDCA Cricket Stadium,middle,Nb,3.0,1398.0,0.002145922746781116,0.002679114308877179,0.002181516309003817
Dr. Y.S. Rajasekhara Reddy ACA-VDCA Cricket Stadium,powerplay,0,450.0,992.0,0.4536290322580645,0.4228881521678736,0.4508139333487064
Dr. Y.S. Rajasekhara Reddy ACA-VDCA Cricket Stadium,powerplay,1,286.0,992.0,0.28830645161290325,0.25764450947345025,0.2854985814536127
Dr. Y.S. Rajasekhara Reddy ACA-VDCA Cricket Stadium,powerplay,2,32.0,992.0,0.03225806451612903,0.04384827662845184,0.03331943925168973
Dr. Y.S. Rajasekhara Reddy ACA-VDCA Cricket Stadium,powerplay,3,2.0,992.0,0.0020161290322580645,0.005028429611245902,0.0022919807336305767
Dr. Y.S. Rajasekhara Reddy ACA-VDCA Cricket Stadium,powerplay,4,126.0,992.0,0.12701612903225806,0.15223269683107069,0.12932533853764383
Dr. Y.S. Rajasekhara Reddy ACA-VDCA Cricket Stadium,powerplay,6,33.0,992.0,0.03326612903225806,0.040523771600022226,0.033930748315020354
Dr. Y.S. Rajasekhara Reddy ACA-VDCA Cricket Stadium,powerplay,W,33.0,992.0,0.03326612903225806,0.03919952586446391,0.033809480390518676
Dr. Y.S. Rajasekhara Reddy ACA-VDCA Cricket Stadium,powerplay,Wd,29.0,992.0,0.029233870967741934,0.03486563072990943,0.029749599883691344
Dr. Y.S. Rajasekhara Reddy ACA-VDCA Cricket Stadium,powerplay,Nb,1.0,992.0,0.0010080645161290322,0.003769007093512122,0.001260898085486458
"Dr. Y.S. Rajasekhara Reddy ACA-VDCA Cricket Stadium, Visakhapatnam",death,0,68.0,327.0,0.20795107033639143,0.21696977459016392,0.21006317906092833
"Dr. Y.S. Rajasekhara Reddy ACA-VDCA Cricket Stadium, Visakhapatnam",death,1,120.0,327.0,0.3669724770642202,0.37083760245901637,0.3678776586555073
"Dr. Y.S. Rajasekhara Reddy ACA-VDCA Cricket Stadium, Visakhapatnam",death,2,15.0,327.0,0.045871559633027525,0.08837090163934426,0.05582456712865205
"Dr. Y.S. Rajasekhara Reddy ACA-VDCA Cricket Stadium, Visakhapatnam",death,3,0.0,327.0,0.0,0.002651127049180328,0.0006208728452412946
"Dr. Y.S. Rajasekhara Reddy ACA-VDCA Cricket Stadium, Visakhapatnam",death,4,46.0,327.0,0.14067278287461774,0.11151383196721311,0.1338439887511038
"Dr. Y.S. Rajasekhara Reddy ACA-VDCA Cricket Stadium, Visakhapatnam",death,6,20.0,327.0,0.06116207951070336,0.07952100409836066,0.06546159346565823
"Dr. Y.S. Rajasekhara Reddy ACA-VDCA Cricket Stadium, Visakhapatnam",death,W,31.0,327.0,0.09480122324159021,0.08016137295081967,0.09137268687372826
"Dr. Y.S. Rajasekhara Reddy ACA-VDCA Cricket Stadium, Visakhapatnam",death,Wd,23.0,327.0,0.07033639143730887,0.04340420081967213,0.06402908684301455
"Dr. Y.S. Rajasekhara Reddy ACA-VDCA Cricket Stadium, Visakhapatnam",death,Nb,4.0,327.0,0.012232415902140673,0.006570184426229508,0.010906366376166161
"Dr. Y.S. Rajasekhara Reddy ACA-VDCA Cricket Stadium, Visakhapatnam",middle,0,145.0,561.0,0.25846702317290554,0.2808889845966761,0.2618591504684835
"Dr. Y.S. Rajasekhara Reddy ACA-VDCA Cricket Stadium, Visakhapatnam",middle,1,223.0,561.0,0.39750445632798576,0.4414331678151601,0.4041502523169683
"Dr. Y.S. Rajasekhara Reddy ACA-VDCA Cricket Stadium, Visakhapatnam",middle,2,27.0,561.0,0.0481283422459893,0.06664217673287394,0.0509292249217661
"Dr. Y.S. Rajasekhara Reddy ACA-VDCA Cricket Stadium, Visakhapatnam",middle,3,0.0,561.0,0.0,0.002286430887717876,0.00034590482416306745
"Dr. Y.S. Rajasekhara Reddy ACA-VDCA Cricket Stadium, Visakhapatnam",middle,4,57.0,561.0,0.10160427807486631,0.08739739562221321,0.09945497664481288
"Dr. Y.S. Rajasekhara Reddy ACA-VDCA Cricket Stadium, Visakhapatnam",middle,6,55.0,561.0,0.09803921568627451,0.048281059991892986,0.09051150680664038
"Dr. Y.S. Rajasekhara Reddy ACA-VDCA Cricket Stadium, Visakhapatnam",middle,W,30.0,561.0,0.053475935828877004,0.04221980137819214,0.051773041055702296
"Dr. Y.S. Rajasekhara Reddy ACA-VDCA Cricket Stadium, Visakhapatnam",middle,Wd,22.0,561.0,0.0392156862745098,0.028171868666396434,0.03754491205240491
"Dr. Y.S. Rajasekhara Reddy ACA-VDCA Cricket Stadium, Visakhapatnam",middle,Nb,2.0,561.0,0.0035650623885918,0.002679114308877179,0.0034310309090585744
"Dr. Y.S. Rajasekhara Reddy ACA-VDCA Cricket Stadium, Visakhapatnam",powerplay,0,168.0,411.0,0.40875912408759124,0.4228881521678736,0.4115241002285467
"Dr. Y.S. Rajasekhara Reddy ACA-VDCA Cricket Stadium, Visakhapatnam",powerplay,1,98.0,411.0,0.2384428223844282,0.25764450947345025,0.24220049109069477
"Dr. Y.S. Rajasekhara Reddy ACA-VDCA Cricket Stadium, Visakhapatnam",powerplay,2,19.0,411.0,0.046228710462287104,0.04384827662845184,0.04576287213864028
"Dr. Y.S. Rajasekhara Reddy ACA-VDCA Cricket Stadium, Visakhapatnam",powerplay,3,0.0,411.0,0.0,0.005028429611245902,0.0009840371059189632
"Dr. Y.S. Rajasekhara Reddy ACA-VDCA Cricket Stadium, Visakhapatnam",powerplay,4,69.0,411.0,0.1678832116788321,0.15223269683107069,0.16482048861664786
"Dr. Y.S. Rajasekhara Reddy ACA-VDCA Cricket Stadium, Visakhapatnam",powerplay,6,29.0,411.0,0.0705596107055961,0.040523771600022226,0.0646817556947206
"Dr. Y.S. Rajasekhara Reddy ACA-VDCA Cricket Stadium, Visakhapatnam",powerplay,W,15.0,411.0,0.0364963503649635,0.03919952586446391,0.037025347527292356
"Dr. Y.S. Rajasekhara Reddy ACA-VDCA Cricket Stadium, Visakhapatnam",powerplay,Wd,11.0,411.0,0.0267639902676399,0.03486563072990943,0.028349438499003805
"Dr. Y.S. Rajasekhara Reddy ACA-VDCA Cricket Stadium, Visakhapatnam",powerplay,Nb,2.0,411.0,0.004866180048661801,0.003769007093512122,0.004651469098534662
Dubai International Cricket Stadium,death,0,679.0,3193.0,0.21265267773253993,0.21696977459016392,0.2127837769386627
Dubai International Cricket Stadium,death,1,1202.0,3193.0,0.3764484810523019,0.37083760245901637,0.3762780929990591
Dubai International Cricket Stadium,death,2,321.0,3193.0,0.10053241465706232,0.08837090163934426,0.10016310056602928
Dubai International Cricket Stadium,death,3,6.0,3193.0,0.0018791105543376136,0.002651127049180328,0.0019025547236313492
Dubai International Cricket Stadium,death,4,357.0,3193.0,0.111807077983088,0.11151383196721311,0.11179817285050754
Dubai International Cricket Stadium,death,6,215.0,3193.0,0.06733479486376448,0.07952100409836066,0.06770485891583239
Dubai International Cricket Stadium,death,W,243.0,3193.0,0.07610397745067335,0.08016137295081967,0.07622719018982142
Dubai International Cricket Stadium,death,Wd,148.0,3193.0,0.04635139367366113,0.04340420081967213,0.04626189495352785
Dubai International Cricket Stadium,death,Nb,22.0,3193.0,0.006890072032571249,0.006570184426229508,0.006880357862928318
Dubai International Cricket Stadium,middle,0,1744.0,6172.0,0.2825664290343487,0.2808889845966761,0.2825396840656358
Dubai International Cricket Stadium,middle,1,2863.0,6172.0,0.4638690861957226,0.4414331678151601,0.4635113706603183
Dubai International Cricket Stadium,middle,2,413.0,6172.0,0.0669151004536617,0.06664217673287394,0.06691074899127669
Dubai International Cricket Stadium,middle,3,18.0,6172.0,0.002916396629941672,0.002286430887717876,0.002906352533286318
Dubai International Cricket Stadium,middle,4,465.0,6172.0,0.0753402462734932,0.08739739562221321,0.07553248398632355
Dubai International Cricket Stadium,middle,6,245.0,6172.0,0.03969539857420609,0.048281059991892986,0.03983228730854421
Dubai International Cricket Stadium,middle,W,246.0,6172.0,0.03985742060920285,0.04221980137819214,0.0398950861189125
Dubai International Cricket Stadium,middle,Wd,162.0,6172.0,0.02624756966947505,0.028171868666396434,0.026278250457053516
Dubai International Cricket Stadium,middle,Nb,16.0,6172.0,0.002592352559948153,0.002679114308877179,0.0025937358786491897
Dubai International Cricket Stadium,powerplay,0,1803.0,4275.0,0.42175438596491227,0.4228881521678736,0.42178030062097993
Dubai International Cricket Stadium,powerplay,1,1170.0,4275.0,0.2736842105263158,0.25764450947345025,0.2733175887879646
Dubai International Cricket Stadium,powerplay,2,220.0,4275.0,0.05146198830409357,0.04384827662845184,0.05128796060865033
Dubai International Cricket Stadium,powerplay,3,28.0,4275.0,0.006549707602339181,0.005028429611245902,0.0065149355339713345
Dubai International Cricket Stadium,powerplay,4,597.0,4275.0,0.13964912280701755,0.15223269683107069,0.13993674735613876
Dubai International Cricket Stadium,powerplay,6,129.0,4275.0,0.030175438596491227,0.040523771600022226,0.03041197192228622
Dubai International Cricket Stadium,powerplay,W,181.0,4275.0,0.042339181286549704,0.03919952586446391,0.04226741773404489
Dubai International Cricket Stadium,powerplay,Wd,130.0,4275.0,0.0304093567251462,0.03486563072990943,0.030511214416683644
Dubai International Cricket Stadium,powerplay,Nb,17.0,4275.0,0.003976608187134503,0.003769007093512122,0.003971863019280277
Eden Gardens,death,0,763.0,3411.0,0.2236880680152448,0.21696977459016392,0.2234967181597882
Eden Gardens,death,1,1339.0,3411.0,0.39255350337144534,0.37083760245901637,0.391934992949559
Eden Gardens,death,2,238.0,3411.0,0.06977425974787452,0.08837090163934426,0.07030392770263014
Eden Gardens,death,3,9.0,3411.0,0.002638522427440633,0.002651127049180328,0.002638881431192832
Eden Gardens,death,4,396.0,3411.0,0.11609498680738786,0.11151383196721311,0.11596450674927979
Eden Gardens,death,6,280.0,3411.0,0.08208736440926415,0.07952100409836066,0.08201426955563546
Eden Gardens,death,W,255.0,3411.0,0.07475813544415127,0.08016137295081967,0.07491202999005468
Eden Gardens,death,Wd,120.0,3411.0,0.03518029903254178,0.04340420081967213,0.03541453149586078
Eden Gardens,death,Nb,11.0,3411.0,0.0032248607446496626,0.006570184426229508,0.0033201419659991314
Eden Gardens,middle,0,2251.0,7332.0,0.3070103655210038,0.2808889845966761,0.30665889376475614
Eden Gardens,middle,1,3150.0,7332.0,0.42962356792144024,0.4414331678151601,0.4297824699652202
Eden Gardens,middle,2,408.0,7332.0,0.05564648117839607,0.06664217673287394,0.0557944318720785
Eden Gardens,middle,3,11.0,7332.0,0.0015002727768685215,0.002286430887717876,0.0015108507923535775
Eden Gardens,middle,4,699.0,7332.0,0.0953355155482815,0.08739739562221321,0.09522870553851201
Eden Gardens,middle,6,333.0,7332.0,0.04541734860883797,0.048281059991892986,0.04545588078568209
Eden Gardens,middle,W,309.0,7332.0,0.04214402618657938,0.04221980137819214,0.04214504576666028
Eden Gardens,middle,Wd,151.0,7332.0,0.02059465357337698,0.028171868666396434,0.020696607490129124
Eden Gardens,middle,Nb,20.0,7332.0,0.002727768685215494,0.002679114308877179,0.002727114024608143
Eden Gardens,powerplay,0,2264.0,5040.0,0.4492063492063492,0.4228881521678736,0.44869432202661236
Eden Gardens,powerplay,1,1284.0,5040.0,0.25476190476190474,0.25764450947345025,0.2548179865656313
Eden Gardens,powerplay,2,143.0,5040.0,0.028373015873015873,0.04384827662845184,0.02867409098498934
Eden Gardens,powerplay,3,11.0,5040.0,0.0021825396825396826,0.005028429611245902,0.0022379071908802707
Eden Gardens,powerplay,4,817.0,5040.0,0.1621031746031746,0.15223269683107069,0.16191114196169398
Eden Gardens,powerplay,6,152.0,5040.0,0.03015873015873016,0.040523771600022226,0.03036038466147903
Eden Gardens,powerplay,W,182.0,5040.0,0.03611111111111111,0.03919952586446391,0.03617119700125416
Eden Gardens,powerplay,Wd,173.0,5040.0,0.03432539682539683,0.03486563072990943,0.03433590721264415
Eden Gardens,powerplay,Nb,14.0,5040.0,0.002777777777777778,0.003769007093512122,0.0027970623948154107
"Eden Gardens, Kolkata",death,0,288.0,1370.0,0.21021897810218979,0.21696977459016392,0.21067821595851458
"Eden Gardens, Kolkata",death,1,470.0,1370.0,0.34306569343065696,0.37083760245901637,0.3449549389427902
"Eden Gardens, Kolkata",death,2,77.0,1370.0,0.05620437956204379,0.08837090163934426,0.05839257834281253
"Eden Gardens, Kolkata",death,3,1.0,1370.0,0.00072992700729927,0.002651127049180328,0.0008606208876993421
"Eden Gardens, Kolkata",death,4,175.0,1370.0,0.12773722627737227,0.11151383196721311,0.12663359401137503
"Eden Gardens, Kolkata",death,6,162.0,1370.0,0.11824817518248175,0.07952100409836066,0.1156136737481878
"Eden Gardens, Kolkata",death,W,92.0,1370.0,0.06715328467153285,0.08016137295081967,0.06803818863611018
"Eden Gardens, Kolkata",death,Wd,101.0,1370.0,0.07372262773722628,0.04340420081967213,0.07166014971562396
"Eden Gardens, Kolkata",death,Nb,4.0,1370.0,0.00291970802919708,0.006570184426229508,0.003168039756886361
"Eden Gardens, Kolkata",middle,0,788.0,2883.0,0.2733263961151578,0.2808889845966761,0.2735799190277129
"Eden Gardens, Kolkata",middle,1,1222.0,2883.0,0.42386403052376,0.4414331678151601,0.4244530059609507
"Eden Gardens, Kolkata",middle,2,178.0,2883.0,0.061741241762053416,0.06664217673287394,0.061905537268953204
"Eden Gardens, Kolkata",middle,3,2.0,2883.0,0.000693721817551162,0.002286430887717876,0.0007471146794407602
"Eden Gardens, Kolkata",middle,4,270.0,2883.0,0.09365244536940687,0.08739739562221321,0.09344275546839467
"Eden Gardens, Kolkata",middle,6,180.0,2883.0,0.062434963579604576,0.048281059991892986,0.06196047804196758
"Eden Gardens, Kolkata",middle,W,135.0,2883.0,0.046826222684703434,0.04221980137819214,0.046671800247341334
"Eden Gardens, Kolkata",middle,Wd,94.0,2883.0,0.03260492542490461,0.028171868666396434,0.03245631473906793
"Eden Gardens, Kolkata",middle,Nb,14.0,2883.0,0.004856052722858134,0.002679114308877179,0.004783074566170874
"Eden Gardens, Kolkata",powerplay,0,714.0,1764.0,0.40476190476190477,0.4228881521678736,0.405734342927461
"Eden Gardens, Kolkata",powerplay,1,410.0,1764.0,0.23242630385487528,0.25764450947345025,0.23377921188162287
"Eden Gardens, Kolkata",powerplay,2,57.0,1764.0,0.03231292517006803,0.04384827662845184,0.03293177449723454
"Eden Gardens, Kolkata",powerplay,3,7.0,1764.0,0.003968253968253968,0.005028429611245902,0.004025130343950961
"Eden Gardens, Kolkata",powerplay,4,324.0,1764.0,0.1836734693877551,0.15223269683107069,0.1819867326626111
"Eden Gardens, Kolkata",powerplay,6,120.0,1764.0,0.06802721088435375,0.040523771600022226,0.06655170448497974
"Eden Gardens, Kolkata",powerplay,W,61.0,1764.0,0.03458049886621315,0.03919952586446391,0.03482830074380171
"Eden Gardens, Kolkata",powerplay,Wd,64.0,1764.0,0.036281179138321996,0.03486563072990943,0.03620523770010244
"Eden Gardens, Kolkata",powerplay,Nb,7.0,1764.0,0.003968253968253968,0.003769007093512122,0.003957564758235629
Eden Park,death,0,123.0,490.0,0.2510204081632653,0.21696977459016392,0.2452491143373159
Eden Park,death,1,192.0,490.0,0.39183673469387753,0.37083760245901637,0.38827755973881634
Eden Park,death,2,37.0,490.0,0.07551020408163266,0.08837090163934426,0.07768998332870242
Eden Park,death,3,1.0,490.0,0.0020408163265306124,0.002651127049180328,0.002144258821894971
Eden Park,death,4,40.0,490.0,0.08163265306122448,0.11151383196721311,0.08669725965545985
Eden Park,death,6,41.0,490.0,0.0836734693877551,0.07952100409836066,0.08296966171158655
Eden Park,death,W,30.0,490.0,0.061224489795918366,0.08016137295081967,0.0644341310086135
Eden Park,death,Wd,23.0,490.0,0.04693877551020408,0.04340420081967213,0.046339695054181715
Eden Park,death,Nb,3.0,490.0,0.006122448979591836,0.006570184426229508,0.0061983363434287295
Eden Park,middle,0,344.0,1247.0,0.27586206896551724,0.2808889845966761,0.2762352624050985
Eden Park,middle,1,524.0,1247.0,0.4202085004009623,0.4414331678151601,0.42178419954084334
Eden Park,middle,2,89.0,1247.0,0.07137129109863673,0.06664217673287394,0.07102020614200995
Eden Park,middle,3,0.0,1247.0,0.0,0.002286430887717876,0.0001697424564007332
Eden Park,middle,4,90.0,1247.0,0.07217321571772253,0.08739739562221321,0.07330344436690521
Eden Park,middle,6,96.0,1247.0,0.07698476343223737,0.048281059991892986,0.07485382776480275
Eden Park,middle,W,60.0,1247.0,0.048115477145148355,0.04221980137819214,0.04767778777863342
Eden Park,middle,Wd,36.0,1247.0,0.028869286287089013,0.028171868666396434,0.028817510665656753
Eden Park,middle,Nb,8.0,1247.0,0.006415396952686447,0.002679114308877179,0.006138018879649382
Eden Park,powerplay,0,314.0,844.0,0.37203791469194314,0.4228881521678736,0.3774245923906646
Eden Park,powerplay,1,221.0,844.0,0.2618483412322275,0.25764450947345025,0.2614030200713401
Eden Park,powerplay,2,42.0,844.0,0.04976303317535545,0.04384827662845184,0.049136469981827524
Eden Park,powerplay,3,7.0,844.0,0.008293838862559242,0.005028429611245902,0.007947926865598082
Eden Park,powerplay,4,122.0,844.0,0.14454976303317535,0.15223269683107069,0.14536363313888462
Eden Park,powerplay,6,62.0,844.0,0.07345971563981042,0.040523771600022226,0.06997073851695151
Eden Park,powerplay,W,35.0,844.0,0.041469194312796206,0.03919952586446391,0.041228763333099994
Eden Park,powerplay,Wd,40.0,844.0,0.04739336492890995,0.03486563072990943,0.0460662744417277
Eden Park,powerplay,Nb,1.0,844.0,0.001184834123222749,0.003769007093512122,0.001458581259905945
"Eden Park, Auckland",death,0,38.0,150.0,0.25333333333333335,0.21696977459016392,0.23878790983606557
"Eden Park, Auckland",death,1,53.0,150.0,0.35333333333333333,0.37083760245901637,0.3603350409836065
"Eden Park, Auckland",death,2,9.0,150.0,0.06,0.08837090163934426,0.07134836065573771
"Eden Park, Auckland",death,3,0.0,150.0,0.0,0.002651127049180328,0.0010604508196721313
"Eden Park, Auckland",death,4,14.0,150.0,0.09333333333333334,0.11151383196721311,0.10060553278688525
"Eden Park, Auckland",death,6,13.0,150.0,0.08666666666666667,0.07952100409836066,0.08380840163934426
"Eden Park, Auckland",death,W,15.0,150.0,0.1,0.08016137295081967,0.09206454918032787
"Eden Park, Auckland",death,Wd,7.0,150.0,0.04666666666666667,0.04340420081967213,0.04536168032786885
"Eden Park, Auckland",death,Nb,1.0,150.0,0.006666666666666667,0.006570184426229508,0.006628073770491803
"Eden Park, Auckland",middle,0,103.0,338.0,0.3047337278106509,0.2808889845966761,0.2992897225106566
"Eden Park, Auckland",middle,1,139.0,338.0,0.41124260355029585,0.4414331678151601,0.4181354264418174
"Eden Park, Auckland",middle,2,13.0,338.0,0.038461538461538464,0.06664217673287394,0.044895474139925555
"Eden Park, Auckland",middle,3,1.0,338.0,0.0029585798816568047,0.002286430887717876,0.002805121207241524
"Eden Park, Auckland",middle,4,30.0,338.0,0.08875739644970414,0.08739739562221321,0.08844689397767426
"Eden Park, Auckland",middle,6,25.0,338.0,0.07396449704142012,0.048281059991892986,0.06810069862828606
"Eden Park, Auckland",middle,W,15.0,338.0,0.04437869822485207,0.04221980137819214,0.04388579940141373
"Eden Park, Auckland",middle,Wd,11.0,338.0,0.03254437869822485,0.028171868666396434,0.03154608873662019
"Eden Park, Auckland",middle,Nb,1.0,338.0,0.0029585798816568047,0.002679114308877179,0.002894774956364653
"Eden Park, Auckland",powerplay,0,103.0,245.0,0.4204081632653061,0.4228881521678736,0.42112700062836916
"Eden Park, Auckland",powerplay,1,54.0,245.0,0.22040816326530613,0.25764450947345025,0.2312013070937537
"Eden Park, Auckland",powerplay,2,9.0,245.0,0.036734693877551024,0.04384827662845184,0.038796601921290384
"Eden Park, Auckland",powerplay,3,1.0,245.0,0.004081632653061225,0.005028429611245902,0.004356066553984319
"Eden Park, Auckland",powerplay,4,30.0,245.0,0.12244897959183673,0.15223269683107069,0.13108194111045526
"Eden Park, Auckland",powerplay,6,21.0,245.0,0.08571428571428572,0.040523771600022226,0.07261558597102094
"Eden Park, Auckland",powerplay,W,12.0,245.0,0.04897959183673469,0.03919952586446391,0.04614479010564171
"Eden Park, Auckland",powerplay,Wd,15.0,245.0,0.061224489795918366,0.03486563072990943,0.0535842407912781
"Eden Park, Auckland",powerplay,Nb,0.0,245.0,0.0,0.003769007093512122,0.0010924658242064123
Edgbaston,death,0,24.0,132.0,0.18181818181818182,0.21696977459016392,0.1969697304267948
Edgbaston,death,1,45.0,132.0,0.3409090909090909,0.37083760245901637,0.3538093114047484
Edgbaston,death,2,8.0,132.0,0.06060606060606061,0.08837090163934426,0.07257366449971736
Edgbaston,death,3,0.0,132.0,0.0,0.002651127049180328,0.001142727176370831
Edgbaston,death,4,18.0,132.0,0.13636363636363635,0.11151383196721311,0.1256525137789712
Edgbaston,death,6,17.0,132.0,0.12878787878787878,0.07952100409836066,0.10755215693894857
Edgbaston,death,W,15.0,132.0,0.11363636363636363,0.08016137295081967,0.09920748834087055
Edgbaston,death,Wd,5.0,132.0,0.03787878787878788,0.04340420081967213,0.040260431387789716
Edgbaston,death,Nb,0.0,132.0,0.0,0.006570184426229508,0.002831976045788581
Edgbaston,middle,0,67.0,289.0,0.23183391003460208,0.2808889845966761,0.2444444690479887
Edgbaston,middle,1,123.0,289.0,0.42560553633217996,0.4414331678151601,0.4296743361992699
Edgbaston,middle,2,26.0,289.0,0.08996539792387544,0.06664217673287394,0.08396971124238405
Edgbaston,middle,3,1.0,289.0,0.0034602076124567475,0.002286430887717876,0.0031584655238349295
Edgbaston,middle,4,29.0,289.0,0.10034602076124567,0.08739739562221321,0.09701732535275405
Edgbaston,middle,6,16.0,289.0,0.05536332179930796,0.048281059991892986,0.053542688943931355
Edgbaston,middle,W,18.0,289.0,0.06228373702422145,0.04221980137819214,0.057125912950692075
Edgbaston,middle,Wd,4.0,289.0,0.01384083044982699,0.028171868666396434,0.017524901970795998
Edgbaston,middle,Nb,5.0,289.0,0.01730103806228374,0.002679114308877179,0.01354218876834889
Edgbaston,powerplay,0,92.0,244.0,0.3770491803278688,0.4228881521678736,0.3903744628394981
Edgbaston,powerplay,1,60.0,244.0,0.2459016393442623,0.25764450947345025,0.24931526438181695
Edgbaston,powerplay,2,15.0,244.0,0.06147540983606557,0.04384827662845184,0.0563512432059453
Edgbaston,powerplay,3,0.0,244.0,0.0,0.005028429611245902,0.001461752793966832
Edgbaston,powerplay,4,48.0,244.0,0.19672131147540983,0.15223269683107069,0.18378857466019496
Edgbaston,powerplay,6,6.0,244.0,0.02459016393442623,0.040523771600022226,0.029222026627913438
Edgbaston,powerplay,W,8.0,244.0,0.03278688524590164,0.03919952586446391,0.03465102496059997
Edgbaston,powerplay,Wd,14.0,244.0,0.05737704918032787,0.03486563072990943,0.05083303218892716
Edgbaston,powerplay,Nb,1.0,244.0,0.004098360655737705,0.003769007093512122,0.004002618341137245
"Edgbaston, Birmingham",death,0,11.0,73.0,0.1506849315068493,0.21696977459016392,0.18899986970529709
"Edgbaston, Birmingham",death,1,24.0,73.0,0.3287671232876712,0.37083760245901637,0.3530853193404719
"Edgbaston, Birmingham",death,2,11.0,73.0,0.1506849315068493,0.08837090163934426,0.11466526106320478
"Edgbaston, Birmingham",death,3,0.0,73.0,0.0,0.002651127049180328,0.0015324433810290914
"Edgbaston, Birmingham",death,4,9.0,73.0,0.1232876712328767,0.11151383196721311,0.11648198379607695
"Edgbaston, Birmingham",death,6,6.0,73.0,0.0821917808219178,0.07952100409836066,0.08064797924760732
"Edgbaston, Birmingham",death,W,8.0,73.0,0.1095890410958904,0.08016137295081967,0.09257882829527149
"Edgbaston, Birmingham",death,Wd,4.0,73.0,0.0547945205479452,0.04340420081967213,0.04821052070501279
"Edgbaston, Birmingham",death,Nb,0.0,73.0,0.0,0.006570184426229508,0.0037977944660286178
"Edgbaston, Birmingham",middle,0,55.0,205.0,0.2682926829268293,0.2808889845966761,0.2724226179005495
"Edgbaston, Birmingham",middle,1,85.0,205.0,0.4146341463414634,0.4414331678151601,0.4234207107590689
"Edgbaston, Birmingham",middle,2,14.0,205.0,0.06829268292682927,0.06664217673287394,0.06775153335504064
"Edgbaston, Birmingham",middle,3,0.0,205.0,0.0,0.002286430887717876,0.0007496494713829102
"Edgbaston, Birmingham",middle,4,15.0,205.0,0.07317073170731707,0.08739739562221321,0.07783521167941418
"Edgbaston, Birmingham",middle,6,14.0,205.0,0.06829268292682927,0.048281059991892986,0.061731495079309175
"Edgbaston, Birmingham",middle,W,15.0,205.0,0.07317073170731707,0.04221980137819214,0.06302288569776793
"Edgbaston, Birmingham",middle,Wd,7.0,205.0,0.03414634146341464,0.028171868666396434,0.032187497923408664
"Edgbaston, Birmingham",middle,Nb,0.0,205.0,0.0,0.002679114308877179,0.0008783981340580915
"Edgbaston, Birmingham",powerplay,0,58.0,135.0,0.42962962962962964,0.4228881521678736,0.4267609158161164
"Edgbaston, Birmingham",powerplay,1,40.0,135.0,0.2962962962962963,0.25764450947345025,0.27984872743551076
"Edgbaston, Birmingham",powerplay,2,4.0,135.0,0.02962962962962963,0.04384827662845184,0.03568011771423482
"Edgbaston, Birmingham",powerplay,3,0.0,135.0,0.0,0.005028429611245902,0.0021397572813812347
"Edgbaston, Birmingham",powerplay,4,20.0,135.0,0.14814814814814814,0.15223269683107069,0.14988625397066838
"Edgbaston, Birmingham",powerplay,6,4.0,135.0,0.02962962962962963,0.040523771600022226,0.034265434723413715
"Edgbaston, Birmingham",powerplay,W,6.0,135.0,0.044444444444444446,0.03919952586446391,0.042212564197644215
"Edgbaston, Birmingham",powerplay,Wd,3.0,135.0,0.022222222222222223,0.03486563072990943,0.02760239605528061
"Edgbaston, Birmingham",powerplay,Nb,0.0,135.0,0.0,0.003769007093512122,0.0016038328057498392
Feroz Shah Kotla,death,0,586.0,2698.0,0.21719792438843588,0.21696977459016392,0.2171897703570466
Feroz Shah Kotla,death,1,1077.0,2698.0,0.39918458117123795,0.37083760245901637,0.39817146542026505
Feroz Shah Kotla,death,2,202.0,2698.0,0.0748702742772424,0.08837090163934426,0.07535278419011238
Feroz Shah Kotla,death,3,10.0,2698.0,0.0037064492216456633,0.002651127049180328,0.0036687322033302477
Feroz Shah Kotla,death,4,314.0,2698.0,0.11638250555967383,0.11151383196721311,0.11620850007030784
Feroz Shah Kotla,death,6,186.0,2698.0,0.06893995552260934,0.07952100409836066,0.0693181202322502
Feroz Shah Kotla,death,W,214.0,2698.0,0.0793180133432172,0.08016137295081967,0.07934815485885703
Feroz Shah Kotla,death,Wd,89.0,2698.0,0.032987398072646404,0.04340420081967213,0.03335969266689321
Feroz Shah Kotla,death,Nb,20.0,2698.0,0.007412898443291327,0.006570184426229508,0.007382780000937439
Feroz Shah Kotla,middle,0,1531.0,5482.0,0.2792776358993068,0.2808889845966761,0.2793065027695571
Feroz Shah Kotla,middle,1,2526.0,5482.0,0.46078073695731486,0.4414331678151601,0.46043413055921106
Feroz Shah Kotla,middle,2,306.0,5482.0,0.05581904414447282,0.06664217673287394,0.056012937598224184
Feroz Shah Kotla,middle,3,10.0,5482.0,0.0018241517694272164,0.002286430887717876,0.0018324333731228571
Feroz Shah Kotla,middle,4,506.0,5482.0,0.09230207953301715,0.08739739562221321,0.09221421346510593
Feroz Shah Kotla,middle,6,237.0,5482.0,0.04323239693542503,0.048281059991892986,0.0433228423502668
Feroz Shah Kotla,middle,W,209.0,5482.0,0.03812477198102882,0.04221980137819214,0.03819813331025066
Feroz Shah Kotla,middle,Wd,146.0,5482.0,0.02663261583363736,0.028171868666396434,0.026660191126234262
Feroz Shah Kotla,middle,Nb,11.0,5482.0,0.002006566946369938,0.002679114308877179,0.00201861544802718
Feroz Shah Kotla,powerplay,0,1588.0,3766.0,0.42166755177907594,0.4228881521678736,0.4216991244740784
Feroz Shah Kotla,powerplay,1,1014.0,3766.0,0.26925119490175253,0.25764450947345025,0.26895097023987197
Feroz Shah Kotla,powerplay,2,137.0,3766.0,0.036378120021242695,0.04384827662845184,0.03657134704160507
Feroz Shah Kotla,powerplay,3,11.0,3766.0,0.0029208709506107276,0.005028429611245902,0.002975386177217949
Feroz Shah Kotla,powerplay,4,632.0,3766.0,0.16781731279872544,0.15223269683107069,0.167414192882335
Feroz Shah Kotla,powerplay,6,110.0,3766.0,0.029208709506107277,0.040523771600022226,0.029501390884635856
Feroz Shah Kotla,powerplay,W,141.0,3766.0,0.03744025491237387,0.03919952586446391,0.03748576114496802
Feroz Shah Kotla,powerplay,Wd,118.0,3766.0,0.031332979288369624,0.03486563072990943,0.03142435671831116
Feroz Shah Kotla,powerplay,Nb,15.0,3766.0,0.003983005841741901,0.003769007093512122,0.003977470436976516
Gaddafi Stadium,death,0,1.0,20.0,0.05,0.21696977459016392,0.1891414788251366
Gaddafi Stadium,death,1,8.0,20.0,0.4,0.37083760245901637,0.3756980020491803
Gaddafi Stadium,death,2,4.0,20.0,0.2,0.08837090163934426,0.10697575136612023
Gaddafi Stadium,death,3,0.0,20.0,0.0,0.002651127049180328,0.0022092725409836064
Gaddafi Stadium,death,4,6.0,20.0,0.3,0.11151383196721311,0.14292819330601095
Gaddafi Stadium,death,6,1.0,20.0,0.05,0.07952100409836066,0.0746008367486339
Gaddafi Stadium,death,W,0.0,20.0,0.0,0.08016137295081967,0.06680114412568305
Gaddafi Stadium,death,Wd,0.0,20.0,0.0,0.04340420081967213,0.03617016734972678
Gaddafi Stadium,death,Nb,0.0,20.0,0.0,0.006570184426229508,0.005475153688524591
Gaddafi Stadium,middle,0,4.0,24.0,0.16666666666666666,0.2808889845966761,0.2587814391908678
Gaddafi Stadium,middle,1,16.0,24.0,0.6666666666666666,0.4414331678151601,0.4850267482380324
Gaddafi Stadium,middle,2,1.0,24.0,0.041666666666666664,0.06664217673287394,0.06180820704264027
Gaddafi Stadium,middle,3,0.0,24.0,0.0,0.002286430887717876,0.0018438958771918356
Gaddafi Stadium,middle,4,1.0,24.0,0.041666666666666664,0.08739739562221321,0.07854628679210744
Gaddafi Stadium,middle,6,0.0,24.0,0.0,0.048281059991892986,0.0389363387031395
Gaddafi Stadium,middle,W,0.0,24.0,0.0,0.04221980137819214,0.03404822691789689
Gaddafi Stadium,middle,Wd,2.0,24.0,0.08333333333333333,0.028171868666396434,0.038848281182577764
Gaddafi Stadium,middle,Nb,0.0,24.0,0.0,0.002679114308877179,0.002160576055546112
Gaddafi Stadium,powerplay,0,2.0,8.0,0.25,0.4228881521678736,0.41008162237766077
Gaddafi Stadium,powerplay,1,2.0,8.0,0.25,0.25764450947345025,0.25707824951245395
Gaddafi Stadium,powerplay,2,1.0,8.0,0.125,0.04384827662845184,0.04985951539671466
Gaddafi Stadium,powerplay,3,0.0,8.0,0.0,0.005028429611245902,0.004655953343746205
Gaddafi Stadium,powerplay,4,2.0,8.0,0.25,0.15223269683107069,0.15947471928802842
Gaddafi Stadium,powerplay,6,0.0,8.0,0.0,0.040523771600022226,0.03752201074076132
Gaddafi Stadium,powerplay,W,1.0,8.0,0.125,0.03919952586446391,0.04555511654117028
Gaddafi Stadium,powerplay,Wd,0.0,8.0,0.0,0.03486563072990943,0.03228299141658281
Gaddafi Stadium,powerplay,Nb,0.0,8.0,0.0,0.003769007093512122,0.0034898213828815946
"Grand Prairie Stadium, Dallas",death,0,4.0,8.0,0.5,0.21696977459016392,0.237934976472374
"Grand Prairie Stadium, Dallas",death,1,1.0,8.0,0.125,0.37083760245901637,0.3526274096842744
"Grand Prairie Stadium, Dallas",death,2,0.0,8.0,0.0,0.08837090163934426,0.08182490892531877
"Grand Prairie Stadium, Dallas",death,3,0.0,8.0,0.0,0.002651127049180328,0.002454747267759563
"Grand Prairie Stadium, Dallas",death,4,0.0,8.0,0.0,0.11151383196721311,0.10325354811778992
"Grand Prairie Stadium, Dallas",death,6,0.0,8.0,0.0,0.07952100409836066,0.07363055935033394
"Grand Prairie Stadium, Dallas",death,W,2.0,8.0,0.25,0.08016137295081967,0.09274201199149969
"Grand Prairie Stadium, Dallas",death,Wd,1.0,8.0,0.125,0.04340420081967213,0.04944833409228901
"Grand Prairie Stadium, Dallas",death,Nb,0.0,8.0,0.0,0.006570184426229508,0.0060835040983606556
"Grand Prairie Stadium, Dallas",middle,0,20.0,41.0,0.4878048780487805,0.2808889845966761,0.34105601744445113
"Grand Prairie Stadium, Dallas",middle,1,13.0,41.0,0.3170731707317073,0.4414331678151601,0.4052717502235178
"Grand Prairie Stadium, Dallas",middle,2,2.0,41.0,0.04878048780487805,0.06664217673287394,0.061448352292818385
"Grand Prairie Stadium, Dallas",middle,3,0.0,41.0,0.0,0.002286430887717876,0.001621582189870834
"Grand Prairie Stadium, Dallas",middle,4,1.0,41.0,0.024390243902439025,0.08739739562221321,0.06907616710795264
"Grand Prairie Stadium, Dallas",middle,6,1.0,41.0,0.024390243902439025,0.048281059991892986,0.04133408510063332
"Grand Prairie Stadium, Dallas",middle,W,2.0,41.0,0.04878048780487805,0.04221980137819214,0.04412751870793769
"Grand Prairie Stadium, Dallas",middle,Wd,2.0,41.0,0.04878048780487805,0.028171868666396434,0.0341644458626925
"Grand Prairie Stadium, Dallas",middle,Nb,0.0,41.0,0.0,0.002679114308877179,0.0019000810701256588
"Grand Prairie Stadium, Dallas",powerplay,0,8.0,25.0,0.32,0.4228881521678736,0.4023105217342989
"Grand Prairie Stadium, Dallas",powerplay,1,9.0,25.0,0.36,0.25764450947345025,0.2781156075787602
"Grand Prairie Stadium, Dallas",powerplay,2,0.0,25.0,0.0,0.04384827662845184,0.035078621302761466
"Grand Prairie Stadium, Dallas",powerplay,3,1.0,25.0,0.04,0.005028429611245902,0.012022743688996721
"Grand Prairie Stadium, Dallas",powerplay,4,6.0,25.0,0.24,0.15223269683107069,0.16978615746485656
"Grand Prairie Stadium, Dallas",powerplay,6,0.0,25.0,0.0,0.040523771600022226,0.03241901728001778
"Grand Prairie Stadium, Dallas",powerplay,W,1.0,25.0,0.04,0.03919952586446391,0.039359620691571125
"Grand Prairie Stadium, Dallas",powerplay,Wd,0.0,25.0,0.0,0.03486563072990943,0.027892504583927547
"Grand Prairie Stadium, Dallas",powerplay,Nb,0.0,25.0,0.0,0.003769007093512122,0.0030152056748096977
Green Park,death,0,49.0,216.0,0.22685185185185186,0.21696977459016392,0.2237246122120772
Green Park,death,1,84.0,216.0,0.3888888888888889,0.37083760245901637,0.38317645647437226
Green Park,death,2,16.0,216.0,0.07407407407407407,0.08837090163934426,0.0785983865947292
Green Park,death,3,0.0,216.0,0.0,0.002651127049180328,0.000838964256069724
Green Park,death,4,31.0,216.0,0.14351851851851852,0.11151383196721311,0.13339045315418135
Green Park,death,6,9.0,216.0,0.041666666666666664,0.07952100409836066,0.053645887372898944
Green Park,death,W,16.0,216.0,0.07407407407407407,0.08016137295081967,0.07600043447810749
Green Park,death,Wd,10.0,216.0,0.046296296296296294,0.04340420081967213,0.045381076208757004
Green Park,death,Nb,1.0,216.0,0.004629629629629629,0.006570184426229508,0.005243729248806807
Green Park,middle,0,145.0,501.0,0.2894211576846307,0.2808889845966761,0.28800149494121063
Green Park,middle,1,230.0,501.0,0.4590818363273453,0.4414331678151601,0.4561452858261498
Green Park,middle,2,23.0,501.0,0.04590818363273453,0.06664217673287394,0.04935809928999566
Green Park,middle,3,2.0,501.0,0.003992015968063872,0.002286430887717876,0.0037082247733307614
Green Park,middle,4,49.0,501.0,0.09780439121756487,0.08739739562221321,0.09607277797374596
Green Park,middle,6,19.0,501.0,0.03792415169660679,0.048281059991892986,0.03964743094707038
Green Park,middle,W,21.0,501.0,0.041916167664670656,0.04221980137819214,0.041966689081229976
Green Park,middle,Wd,11.0,501.0,0.021956087824351298,0.028171868666396434,0.0229903275651242
Green Park,middle,Nb,1.0,501.0,0.001996007984031936,0.002679114308877179,0.0021096696021426255
Green Park,powerplay,0,117.0,320.0,0.365625,0.4228881521678736,0.3792590838494937
Green Park,powerplay,1,89.0,320.0,0.278125,0.25764450947345025,0.2732486927317739
Green Park,powerplay,2,12.0,320.0,0.0375,0.04384827662845184,0.03901149443534567
Green Park,powerplay,3,0.0,320.0,0.0,0.005028429611245902,0.0011972451455347386
Green Park,powerplay,4,60.0,320.0,0.1875,0.15223269683107069,0.17910302305501682
Green Park,powerplay,6,13.0,320.0,0.040625,0.040523771600022226,0.04060089800000529
Green Park,powerplay,W,15.0,320.0,0.046875,0.03919952586446391,0.04504750615820569
Green Park,powerplay,Wd,13.0,320.0,0.040625,0.03486563072990943,0.03925372160235939
Green Park,powerplay,Nb,1.0,320.0,0.003125,0.003769007093512122,0.003278335022264791
Greenfield International Stadium,death,0,7.0,41.0,0.17073170731707318,0.21696977459016392,0.20352466282990347
Greenfield International Stadium,death,1,17.0,41.0,0.4146341463414634,0.37083760245901637,0.38357276770143006
Greenfield International Stadium,death,2,5.0,41.0,0.12195121951219512,0.08837090163934426,0.09813539123357749
Greenfield International Stadium,death,3,0.0,41.0,0.0,0.002651127049180328,0.0018802319497732822
Greenfield International Stadium,death,4,7.0,41.0,0.17073170731707318,0.11151383196721311,0.12873321416114406
Greenfield International Stadium,death,6,2.0,41.0,0.04878048780487805,0.07952100409836066,0.07058227241018487
Greenfield International Stadium,death,W,1.0,41.0,0.024390243902439025,0.08016137295081967,0.0639442361353331
Greenfield International Stadium,death,Wd,2.0,41.0,0.04878048780487805,0.04340420081967213,0.04496751831182421
Greenfield International Stadium,death,Nb,0.0,41.0,0.0,0.006570184426229508,0.004659705266829439
Greenfield International Stadium,middle,0,33.0,105.0,0.3142857142857143,0.2808889845966761,0.2979946266325249
Greenfield International Stadium,middle,1,33.0,105.0,0.3142857142857143,0.4414331678151601,0.3763088623488586
Greenfield International Stadium,middle,2,10.0,105.0,0.09523809523809523,0.06664217673287394,0.08128886669896289
Greenfield International Stadium,middle,3,0.0,105.0,0.0,0.002286430887717876,0.0011153321403501834
Greenfield International Stadium,middle,4,5.0,105.0,0.047619047619047616,0.08739739562221321,0.06702311981571377
Greenfield International Stadium,middle,6,14.0,105.0,0.13333333333333333,0.048281059991892986,0.09184441950824047
Greenfield International Stadium,middle,W,4.0,105.0,0.0380952380952381,0.04221980137819214,0.04010722018448397
Greenfield International Stadium,middle,Wd,5.0,105.0,0.047619047619047616,0.028171868666396434,0.038132618861656795
Greenfield International Stadium,middle,Nb,1.0,105.0,0.009523809523809525,0.002679114308877179,0.00618493380920838
Greenfield International Stadium,powerplay,0,49.0,128.0,0.3828125,0.4228881521678736,0.4003895404245059
Greenfield International Stadium,powerplay,1,38.0,128.0,0.296875,0.25764450947345025,0.27966864450589923
Greenfield International Stadium,powerplay,2,10.0,128.0,0.078125,0.04384827662845184,0.06309134939844378
Greenfield International Stadium,powerplay,3,0.0,128.0,0.0,0.005028429611245902,0.0022054515838797815
Greenfield International Stadium,powerplay,4,12.0,128.0,0.09375,0.15223269683107069,0.11940030562766259
Greenfield International Stadium,powerplay,6,6.0,128.0,0.046875,0.040523771600022226,0.04408937350878168
Greenfield International Stadium,powerplay,W,8.0,128.0,0.0625,0.03919952586446391,0.05228049380020347
Greenfield International Stadium,powerplay,Wd,5.0,128.0,0.0390625,0.03486563072990943,0.037221767863995364
Greenfield International Stadium,powerplay,Nb,0.0,128.0,0.0,0.003769007093512122,0.0016530732866281237
"Greenfield International Stadium, Thiruvananthapuram",death,0,30.0,166.0,0.18072289156626506,0.21696977459016392,0.19434953931961052
"Greenfield International Stadium, Thiruvananthapuram",death,1,56.0,166.0,0.3373493975903614,0.37083760245901637,0.34993894829286326
"Greenfield International Stadium, Thiruvananthapuram",death,2,13.0,166.0,0.0783132530120482,0.08837090163934426,0.08209432392456552
"Greenfield International Stadium, Thiruvananthapuram",death,3,0.0,166.0,0.0,0.002651127049180328,0.0009966643042031308
"Greenfield International Stadium, Thiruvananthapuram",death,4,18.0,166.0,0.10843373493975904,0.11151383196721311,0.10959166615308764
"Greenfield International Stadium, Thiruvananthapuram",death,6,23.0,166.0,0.13855421686746988,0.07952100409836066,0.11636127973622581
"Greenfield International Stadium, Thiruvananthapuram",death,W,14.0,166.0,0.08433734939759036,0.08016137295081967,0.08276743344015777
"Greenfield International Stadium, Thiruvananthapuram",death,Wd,11.0,166.0,0.06626506024096386,0.04340420081967213,0.05767075218784667
"Greenfield International Stadium, Thiruvananthapuram",death,Nb,1.0,166.0,0.006024096385542169,0.006570184426229508,0.006229392641439665
"Greenfield International Stadium, Thiruvananthapuram",middle,0,89.0,299.0,0.2976588628762542,0.2808889845966761,0.2934558858638286
"Greenfield International Stadium, Thiruvananthapuram",middle,1,120.0,299.0,0.4013377926421405,0.4414331678151601,0.4113867588509173
"Greenfield International Stadium, Thiruvananthapuram",middle,2,12.0,299.0,0.04013377926421405,0.06664217673287394,0.04677748790297592
"Greenfield International Stadium, Thiruvananthapuram",middle,3,0.0,299.0,0.0,0.002286430887717876,0.0005730403227363098
"Greenfield International Stadium, Thiruvananthapuram",middle,4,23.0,299.0,0.07692307692307693,0.08739739562221321,0.07954821945418879
"Greenfield International Stadium, Thiruvananthapuram",middle,6,35.0,299.0,0.11705685618729098,0.048281059991892986,0.09981981453430902
"Greenfield International Stadium, Thiruvananthapuram",middle,W,10.0,299.0,0.033444816053511704,0.04221980137819214,0.035644060495787507
"Greenfield International Stadium, Thiruvananthapuram",middle,Wd,7.0,299.0,0.023411371237458192,0.028171868666396434,0.024604478362505372
"Greenfield International Stadium, Thiruvananthapuram",middle,Nb,3.0,299.0,0.010033444816053512,0.002679114308877179,0.008190254212751172
"Greenfield International Stadium, Thiruvananthapuram",powerplay,0,100.0,227.0,0.44052863436123346,0.4228881521678736,0.43513399148864634
"Greenfield International Stadium, Thiruvananthapuram",powerplay,1,41.0,227.0,0.18061674008810572,0.25764450947345025,0.20417263286649856
"Greenfield International Stadium, Thiruvananthapuram",powerplay,2,7.0,227.0,0.030837004405286344,0.04384827662845184,0.03481598673652961
"Greenfield International Stadium, Thiruvananthapuram",powerplay,3,1.0,227.0,0.004405286343612335,0.005028429611245902,0.004595850034020153
"Greenfield International Stadium, Thiruvananthapuram",powerplay,4,39.0,227.0,0.17180616740088106,0.15223269683107069,0.1658203965844253
"Greenfield International Stadium, Thiruvananthapuram",powerplay,6,12.0,227.0,0.05286343612334802,0.040523771600022226,0.04908983840979273
"Greenfield International Stadium, Thiruvananthapuram",powerplay,W,12.0,227.0,0.05286343612334802,0.03919952586446391,0.04868487029494309
"Greenfield International Stadium, Thiruvananthapuram",powerplay,Wd,15.0,227.0,0.06607929515418502,0.03486563072990943,0.05653383202749524
"Greenfield International Stadium, Thiruvananthapuram",powerplay,Nb,0.0,227.0,0.0,0.003769007093512122,0.001152601557648967
Gymkhana Club Ground,death,0,5.0,19.0,0.2631578947368421,0.21696977459016392,0.22434434839509573
Gymkhana Club Ground,death,1,10.0,19.0,0.5263157894736842,0.37083760245901637,0.3956618508058961
Gymkhana Club Ground,death,2,1.0,19.0,0.05263157894736842,0.08837090163934426,0.08266462322633972
Gymkhana Club Ground,death,3,0.0,19.0,0.0,0.002651127049180328,0.0022278378564540573
Gymkhana Club Ground,death,4,0.0,19.0,0.0,0.11151383196721311,0.09370910249345639
Gymkhana Club Ground,death,6,0.0,19.0,0.0,0.07952100409836066,0.06682437319189971
Gymkhana Club Ground,death,W,3.0,19.0,0.15789473684210525,0.08016137295081967,0.09257258231161317
Gymkhana Club Ground,death,Wd,0.0,19.0,0.0,0.04340420081967213,0.03647411833585894
Gymkhana Club Ground,death,Nb,0.0,19.0,0.0,0.006570184426229508,0.005521163383386141
Gymkhana Club Ground,middle,0,6.0,34.0,0.17647058823529413,0.2808889845966761,0.25439476462438515
Gymkhana Club Ground,middle,1,15.0,34.0,0.4411764705882353,0.4414331678151601,0.4413680356829553
Gymkhana Club Ground,middle,2,8.0,34.0,0.23529411764705882,0.06664217673287394,0.10943446024841338
Gymkhana Club Ground,middle,3,0.0,34.0,0.0,0.002286430887717876,0.0017062917072521464
Gymkhana Club Ground,middle,4,1.0,34.0,0.029411764705882353,0.08739739562221321,0.07268462359866658
Gymkhana Club Ground,middle,6,3.0,34.0,0.08823529411764706,0.048281059991892986,0.0584187014864873
Gymkhana Club Ground,middle,W,1.0,34.0,0.029411764705882353,0.04221980137819214,0.0389700010285016
Gymkhana Club Ground,middle,Wd,0.0,34.0,0.0,0.028171868666396434,0.02102378258686301
Gymkhana Club Ground,middle,Nb,0.0,34.0,0.0,0.002679114308877179,0.001999339036475507
Gymkhana Club Ground,powerplay,0,1.0,6.0,0.16666666666666666,0.4228881521678736,0.4083850492149751
Gymkhana Club Ground,powerplay,1,2.0,6.0,0.3333333333333333,0.25764450947345025,0.26192878252212287
Gymkhana Club Ground,powerplay,2,0.0,6.0,0.0,0.04384827662845184,0.041366298706086636
Gymkhana Club Ground,powerplay,3,1.0,6.0,0.16666666666666666,0.005028429611245902,0.014177763784194247
Gymkhana Club Ground,powerplay,4,2.0,6.0,0.3333333333333333,0.15223269683107069,0.16248367625572707
Gymkhana Club Ground,powerplay,6,0.0,6.0,0.0,0.040523771600022226,0.038229973207568144
Gymkhana Club Ground,powerplay,W,0.0,6.0,0.0,0.03919952586446391,0.03698068477779614
Gymkhana Club Ground,powerplay,Wd,0.0,6.0,0.0,0.03486563072990943,0.03289210446217871
Gymkhana Club Ground,powerplay,Nb,0.0,6.0,0.0,0.003769007093512122,0.003555667069351059
Hagley Oval,death,0,13.0,85.0,0.15294117647058825,0.21696977459016392,0.18755122950819672
Hagley Oval,death,1,38.0,85.0,0.4470588235294118,0.37083760245901637,0.40585816349136017
Hagley Oval,death,2,8.0,85.0,0.09411764705882353,0.08837090163934426,0.09101129818342933
Hagley Oval,death,3,0.0,85.0,0.0,0.002651127049180328,0.0014330416482055827
Hagley Oval,death,4,15.0,85.0,0.17647058823529413,0.11151383196721311,0.14135882809038547
Hagley Oval,death,6,6.0,85.0,0.07058823529411765,0.07952100409836066,0.07541675897208684
Hagley Oval,death,W,3.0,85.0,0.03529411764705882,0.08016137295081967,0.05954668808152414
Hagley Oval,death,Wd,1.0,85.0,0.011764705882352941,0.04340420081967213,0.028867135578201152
Hagley Oval,death,Nb,1.0,85.0,0.011764705882352941,0.006570184426229508,0.008956856446610545
Hagley Oval,middle,0,35.0,148.0,0.23648648648648649,0.2808889845966761,0.2543907195954339
Hagley Oval,middle,1,69.0,148.0,0.46621621621621623,0.4414331678151601,0.456223051538371
Hagley Oval,middle,2,15.0,148.0,0.10135135135135136,0.06664217673287394,0.08735571642454594
Hagley Oval,middle,3,0.0,148.0,0.0,0.002286430887717876,0.0009219479385959178
Hagley Oval,middle,4,14.0,148.0,0.0945945945945946,0.08739739562221321,0.0916924982347634
Hagley Oval,middle,6,4.0,148.0,0.02702702702702703,0.048281059991892986,0.03559720160963426
Hagley Oval,middle,W,7.0,148.0,0.0472972972972973,0.04221980137819214,0.04524991991056135
Hagley Oval,middle,Wd,4.0,148.0,0.02702702702702703,0.028171868666396434,0.027488656720321143
Hagley Oval,middle,Nb,0.0,148.0,0.0,0.002679114308877179,0.001080288027773056
Hagley Oval,powerplay,0,74.0,148.0,0.5,0.4228881521678736,0.46890651297091673
Hagley Oval,powerplay,1,34.0,148.0,0.22972972972972974,0.25764450947345025,0.2409856893038106
Hagley Oval,powerplay,2,4.0,148.0,0.02702702702702703,0.04384827662845184,0.03380978896308542
Hagley Oval,powerplay,3,1.0,148.0,0.006756756756756757,0.005028429611245902,0.0060598506496959284
Hagley Oval,powerplay,4,12.0,148.0,0.08108108108108109,0.15223269683107069,0.10977124872220592
Hagley Oval,powerplay,6,7.0,148.0,0.0472972972972973,0.040523771600022226,0.04456603693549283
Hagley Oval,powerplay,W,10.0,148.0,0.06756756756756757,0.03919952586446391,0.056128841074380605
Hagley Oval,powerplay,Wd,6.0,148.0,0.04054054054054054,0.03486563072990943,0.038252270455608646
Hagley Oval,powerplay,Nb,0.0,148.0,0.0,0.003769007093512122,0.0015197609248032752
"Hagley Oval, Christchurch",death,0,23.0,121.0,0.19008264462809918,0.21696977459016392,0.20224876678287962
"Hagley Oval, Christchurch",death,1,43.0,121.0,0.35537190082644626,0.37083760245901637,0.36236995586380827
"Hagley Oval, Christchurch",death,2,16.0,121.0,0.1322314049586777,0.08837090163934426,0.11238502336621913
"Hagley Oval, Christchurch",death,3,0.0,121.0,0.0,0.002651127049180328,0.0011996049996291077
"Hagley Oval, Christchurch",death,4,15.0,121.0,0.12396694214876033,0.11151383196721311,0.11833205066389733
"Hagley Oval, Christchurch",death,6,7.0,121.0,0.05785123966942149,0.07952100409836066,0.06765656294043469
"Hagley Oval, Christchurch",death,W,10.0,121.0,0.08264462809917356,0.08016137295081967,0.08152098323566502
"Hagley Oval, Christchurch",death,Wd,6.0,121.0,0.049586776859504134,0.04340420081967213,0.046789231140123136
"Hagley Oval, Christchurch",death,Nb,1.0,121.0,0.008264462809917356,0.006570184426229508,0.007497821007343669
"Hagley Oval, Christchurch",middle,0,57.0,213.0,0.2676056338028169,0.2808889845966761,0.2718495158455834
"Hagley Oval, Christchurch",middle,1,88.0,213.0,0.4131455399061033,0.4414331678151601,0.42218312070771885
"Hagley Oval, Christchurch",middle,2,19.0,213.0,0.0892018779342723,0.06664217673287394,0.08199430566545493
"Hagley Oval, Christchurch",middle,3,1.0,213.0,0.004694835680751174,0.002286430887717876,0.0039253772804210465
"Hagley Oval, Christchurch",middle,4,23.0,213.0,0.107981220657277,0.08739739562221321,0.1014049187291416
"Hagley Oval, Christchurch",middle,6,10.0,213.0,0.046948356807511735,0.048281059991892986,0.047374140572489766
"Hagley Oval, Christchurch",middle,W,6.0,213.0,0.028169014084507043,0.04221980137819214,0.03265808350740963
"Hagley Oval, Christchurch",middle,Wd,7.0,213.0,0.03286384976525822,0.028171868666396434,0.031364814270414196
"Hagley Oval, Christchurch",middle,Nb,2.0,213.0,0.009389671361502348,0.002679114308877179,0.00724572342136651
"Hagley Oval, Christchurch",powerplay,0,50.0,127.0,0.3937007874015748,0.4228881521678736,0.4065586573426756
"Hagley Oval, Christchurch",powerplay,1,31.0,127.0,0.2440944881889764,0.25764450947345025,0.25006366056099133
"Hagley Oval, Christchurch",powerplay,2,8.0,127.0,0.06299212598425197,0.04384827662845184,0.05455871217112415
"Hagley Oval, Christchurch",powerplay,3,1.0,127.0,0.007874015748031496,0.005028429611245902,0.00662045357323608
"Hagley Oval, Christchurch",powerplay,4,24.0,127.0,0.1889763779527559,0.15223269683107069,0.1727897342868153
"Hagley Oval, Christchurch",powerplay,6,6.0,127.0,0.047244094488188976,0.040523771600022226,0.04428359982379834
"Hagley Oval, Christchurch",powerplay,W,5.0,127.0,0.03937007874015748,0.03919952586446391,0.03929494531474181
"Hagley Oval, Christchurch",powerplay,Wd,2.0,127.0,0.015748031496062992,0.03486563072990943,0.024169881378814727
"Hagley Oval, Christchurch",powerplay,Nb,0.0,127.0,0.0,0.003769007093512122,0.001660355547802697
Harare Sports Club,death,0,68.0,337.0,0.20178041543026706,0.21696977459016392,0.2052562413249803
Harare Sports Club,death,1,133.0,337.0,0.39465875370919884,0.37083760245901637,0.3892076893498893
Harare Sports Club,death,2,42.0,337.0,0.12462908011869436,0.08837090163934426,0.11633201410511311
Harare Sports Club,death,3,1.0,337.0,0.002967359050445104,0.002651127049180328,0.002894994748096185
Harare Sports Club,death,4,25.0,337.0,0.07418397626112759,0.11151383196721311,0.08272627733803505
Harare Sports Club,death,6,16.0,337.0,0.04747774480712166,0.07952100409836066,0.0548102984206775
Harare Sports Club,death,W,29.0,337.0,0.08605341246290801,0.08016137295081967,0.08470511966837979
Harare Sports Club,death,Wd,21.0,337.0,0.06231454005934718,0.04340420081967213,0.05798723130884946
Harare Sports Club,death,Nb,2.0,337.0,0.005934718100890208,0.006570184426229508,0.006080133735979292
Harare Sports Club,middle,0,194.0,690.0,0.2811594202898551,0.2808889845966761,0.2811251879236299
Harare Sports Club,middle,1,306.0,690.0,0.4434782608695652,0.4414331678151601,0.44321938833103297
Harare Sports Club,middle,2,62.0,690.0,0.08985507246376812,0.06664217673287394,0.08691673123200937
Harare Sports Club,middle,3,2.0,690.0,0.002898550724637681,0.002286430887717876,0.0028210672009769465
Harare Sports Club,middle,4,60.0,690.0,0.08695652173913043,0.08739739562221321,0.08701232855977382
Harare Sports Club,middle,6,22.0,690.0,0.03188405797101449,0.048281059991892986,0.03395962784707506
Harare Sports Club,middle,W,25.0,690.0,0.036231884057971016,0.04221980137819214,0.03698984827572053
Harare Sports Club,middle,Wd,18.0,690.0,0.02608695652173913,0.028171868666396434,0.026350869451442587
Harare Sports Club,middle,Nb,1.0,690.0,0.0014492753623188406,0.002679114308877179,0.0016049511783388835
Harare Sports Club,powerplay,0,191.0,435.0,0.43908045977011495,0.4228881521678736,0.4360538602182941
Harare Sports Club,powerplay,1,103.0,435.0,0.2367816091954023,0.25764450947345025,0.2406812167240094
Harare Sports Club,powerplay,2,25.0,435.0,0.05747126436781609,0.04384827662845184,0.05492491151933679
Harare Sports Club,powerplay,3,5.0,435.0,0.011494252873563218,0.005028429611245902,0.010285687777802971
Harare Sports Club,powerplay,4,62.0,435.0,0.1425287356321839,0.15223269683107069,0.1443425601553403
Harare Sports Club,powerplay,6,7.0,435.0,0.016091954022988506,0.040523771600022226,0.020658648897200416
Harare Sports Club,powerplay,W,20.0,435.0,0.04597701149425287,0.03919952586446391,0.04471019175036709
Harare Sports Club,powerplay,Wd,21.0,435.0,0.04827586206896552,0.03486563072990943,0.045769276771945686
Harare Sports Club,powerplay,Nb,1.0,435.0,0.0022988505747126436,0.003769007093512122,0.0025736461857032004
"Headingley, Leeds",middle,0,1.0,5.0,0.2,0.2808889845966761,0.2770371281873106
"Headingley, Leeds",middle,1,3.0,5.0,0.6,0.4414331678151601,0.44898396934777157
"Headingley, Leeds",middle,2,0.0,5.0,0.0,0.06664217673287394,0.06346873974559422
"Headingley, Leeds",middle,3,0.0,5.0,0.0,0.002286430887717876,0.0021775532263979772
"Headingley, Leeds",middle,4,0.0,5.0,0.0,0.08739739562221321,0.08323561487829831
"Headingley, Leeds",middle,6,0.0,5.0,0.0,0.048281059991892986,0.045981961897040936
"Headingley, Leeds",middle,W,1.0,5.0,0.2,0.04221980137819214,0.049733144169706804
"Headingley, Leeds",middle,Wd,0.0,5.0,0.0,0.028171868666396434,0.02683035111085375
"Headingley, Leeds",middle,Nb,0.0,5.0,0.0,0.002679114308877179,0.0025515374370258847
Himachal Pradesh Cricket Association Stadium,death,0,89.0,406.0,0.21921182266009853,0.21696977459016392,0.21876873015615889
Himachal Pradesh Cricket Association Stadium,death,1,143.0,406.0,0.3522167487684729,0.37083760245901637,0.35589675937925225
Himachal Pradesh Cricket Association Stadium,death,2,37.0,406.0,0.09113300492610837,0.08837090163934426,0.09058713471133285
Himachal Pradesh Cricket Association Stadium,death,3,0.0,406.0,0.0,0.002651127049180328,0.0005239381520119225
Himachal Pradesh Cricket Association Stadium,death,4,51.0,406.0,0.12561576354679804,0.11151383196721311,0.12282882054688006
Himachal Pradesh Cricket Association Stadium,death,6,38.0,406.0,0.09359605911330049,0.07952100409836066,0.09081442768742305
Himachal Pradesh Cricket Association Stadium,death,W,37.0,406.0,0.09113300492610837,0.08016137295081967,0.08896469821162445
Himachal Pradesh Cricket Association Stadium,death,Wd,10.0,406.0,0.024630541871921183,0.04340420081967213,0.028340751150132834
Himachal Pradesh Cricket Association Stadium,death,Nb,1.0,406.0,0.0024630541871921183,0.006570184426229508,0.003274740005183697
Himachal Pradesh Cricket Association Stadium,middle,0,290.0,837.0,0.34647550776583036,0.2808889845966761,0.33947587882568586
Himachal Pradesh Cricket Association Stadium,middle,1,328.0,837.0,0.3918757467144564,0.4414331678151601,0.39716469240289864
Himachal Pradesh Cricket Association Stadium,middle,2,39.0,837.0,0.04659498207885305,0.06664217673287394,0.04873449057981579
Himachal Pradesh Cricket Association Stadium,middle,3,0.0,837.0,0.0,0.002286430887717876,0.00024401610327832188
Himachal Pradesh Cricket Association Stadium,middle,4,89.0,837.0,0.1063321385902031,0.08739739562221321,0.10431135492232797
Himachal Pradesh Cricket Association Stadium,middle,6,37.0,837.0,0.04420549581839905,0.048281059991892986,0.044640454641610774
Himachal Pradesh Cricket Association Stadium,middle,W,31.0,837.0,0.037037037037037035,0.04221980137819214,0.037590160232464476
Himachal Pradesh Cricket Association Stadium,middle,Wd,20.0,837.0,0.023894862604540025,0.028171868666396434,0.024351320028430785
Himachal Pradesh Cricket Association Stadium,middle,Nb,3.0,837.0,0.0035842293906810036,0.002679114308877179,0.0034876322634874255
Himachal Pradesh Cricket Association Stadium,powerplay,0,297.0,593.0,0.5008431703204047,0.4228881521678736,0.4895942499520741
Himachal Pradesh Cricket Association Stadium,powerplay,1,123.0,593.0,0.20741989881956155,0.25764450947345025,0.21466731738433628
Himachal Pradesh Cricket Association Stadium,powerplay,2,19.0,593.0,0.03204047217537943,0.04384827662845184,0.03374434006182566
Himachal Pradesh Cricket Association Stadium,powerplay,3,1.0,593.0,0.0016863406408094434,0.005028429611245902,0.002168604561507345
Himachal Pradesh Cricket Association Stadium,powerplay,4,103.0,593.0,0.1736930860033727,0.15223269683107069,0.17059634874907223
Himachal Pradesh Cricket Association Stadium,powerplay,6,9.0,593.0,0.01517706576728499,0.040523771600022226,0.018834599076482283
Himachal Pradesh Cricket Association Stadium,powerplay,W,19.0,593.0,0.03204047217537943,0.03919952586446391,0.0330735246557668
Himachal Pradesh Cricket Association Stadium,powerplay,Wd,22.0,593.0,0.03709949409780776,0.03486563072990943,0.036777147291473224
Himachal Pradesh Cricket Association Stadium,powerplay,Nb,0.0,593.0,0.0,0.003769007093512122,0.0005438682674620667
"Himachal Pradesh Cricket Association Stadium, Dharamsala",death,0,99.0,513.0,0.19298245614035087,0.21696977459016392,0.1968955586607119
"Himachal Pradesh Cricket Association Stadium, Dharamsala",death,1,164.0,513.0,0.31968810916179335,0.37083760245901637,0.3280322353114219
"Himachal Pradesh Cricket Association Stadium, Dharamsala",death,2,30.0,513.0,0.05847953216374269,0.08837090163934426,0.06335577514508063
"Himachal Pradesh Cricket Association Stadium, Dharamsala",death,3,2.0,513.0,0.003898635477582846,0.002651127049180328,0.0036951267616933646
"Himachal Pradesh Cricket Association Stadium, Dharamsala",death,4,80.0,513.0,0.15594541910331383,0.11151383196721311,0.14869719934212286
"Himachal Pradesh Cricket Association Stadium, Dharamsala",death,6,73.0,513.0,0.14230019493177387,0.07952100409836066,0.1320588913700425
"Himachal Pradesh Cricket Association Stadium, Dharamsala",death,W,34.0,513.0,0.06627680311890838,0.08016137295081967,0.06854182266734415
"Himachal Pradesh Cricket Association Stadium, Dharamsala",death,Wd,27.0,513.0,0.05263157894736842,0.04340420081967213,0.051126297034204266
"Himachal Pradesh Cricket Association Stadium, Dharamsala",death,Nb,4.0,513.0,0.007797270955165692,0.006570184426229508,0.007597093707378386
"Himachal Pradesh Cricket Association Stadium, Dharamsala",middle,0,242.0,912.0,0.26535087719298245,0.2808889845966761,0.2668862633000668
"Himachal Pradesh Cricket Association Stadium, Dharamsala",middle,1,389.0,912.0,0.42653508771929827,0.4414331678151601,0.4280072300212609
"Himachal Pradesh Cricket Association Stadium, Dharamsala",middle,2,50.0,912.0,0.05482456140350877,0.06664217673287394,0.0559923099538413
"Himachal Pradesh Cricket Association Stadium, Dharamsala",middle,3,1.0,912.0,0.0010964912280701754,0.002286430887717876,0.0012140741983910945
"Himachal Pradesh Cricket Association Stadium, Dharamsala",middle,4,102.0,912.0,0.1118421052631579,0.08739739562221321,0.10942662012077205
"Himachal Pradesh Cricket Association Stadium, Dharamsala",middle,6,47.0,912.0,0.051535087719298246,0.048281059991892986,0.05121354347745978
"Himachal Pradesh Cricket Association Stadium, Dharamsala",middle,W,40.0,912.0,0.043859649122807015,0.04221980137819214,0.04369760883183717
"Himachal Pradesh Cricket Association Stadium, Dharamsala",middle,Wd,40.0,912.0,0.043859649122807015,0.028171868666396434,0.0423094731883791
"Himachal Pradesh Cricket Association Stadium, Dharamsala",middle,Nb,1.0,912.0,0.0010964912280701754,0.002679114308877179,0.0012528769079918163
"Himachal Pradesh Cricket Association Stadium, Dharamsala",powerplay,0,237.0,595.0,0.3983193277310924,0.4228881521678736,0.40185441038386677
"Himachal Pradesh Cricket Association Stadium, Dharamsala",powerplay,1,151.0,595.0,0.253781512605042,0.25764450947345025,0.2543373394925828
"Himachal Pradesh Cricket Association Stadium, Dharamsala",powerplay,2,20.0,595.0,0.03361344537815126,0.04384827662845184,0.035086082968122566
"Himachal Pradesh Cricket Association Stadium, Dharamsala",powerplay,3,3.0,595.0,0.005042016806722689,0.005028429611245902,0.0050400618145677555
"Himachal Pradesh Cricket Association Stadium, Dharamsala",powerplay,4,107.0,595.0,0.17983193277310924,0.15223269683107069,0.17586081968792383
"Himachal Pradesh Cricket Association Stadium, Dharamsala",powerplay,6,33.0,595.0,0.05546218487394958,0.040523771600022226,0.05331277289208953
"Himachal Pradesh Cricket Association Stadium, Dharamsala",powerplay,W,24.0,595.0,0.040336134453781515,0.03919952586446391,0.04017259364956315
"Himachal Pradesh Cricket Association Stadium, Dharamsala",powerplay,Wd,18.0,595.0,0.030252100840336135,0.03486563072990943,0.030915918090634452
"Himachal Pradesh Cricket Association Stadium, Dharamsala",powerplay,Nb,2.0,595.0,0.0033613445378151263,0.003769007093512122,0.0034200010206492265
Holkar Cricket Stadium,death,0,73.0,373.0,0.19571045576407506,0.21696977459016392,0.2002050263404152
Holkar Cricket Stadium,death,1,144.0,373.0,0.38605898123324395,0.37083760245901637,0.38284093075243475
Holkar Cricket Stadium,death,2,25.0,373.0,0.06702412868632708,0.08837090163934426,0.07153718850726094
Holkar Cricket Stadium,death,3,0.0,373.0,0.0,0.002651127049180328,0.0005604919765708939
Holkar Cricket Stadium,death,4,45.0,373.0,0.12064343163538874,0.11151383196721311,0.11871328371399854
Holkar Cricket Stadium,death,6,41.0,373.0,0.10991957104557641,0.07952100409836066,0.10349281270578449
Holkar Cricket Stadium,death,W,24.0,373.0,0.064343163538874,0.08016137295081967,0.06768739385852425
Holkar Cricket Stadium,death,Wd,20.0,373.0,0.05361930294906166,0.04340420081967213,0.05145966190690743
Holkar Cricket Stadium,death,Nb,1.0,373.0,0.002680965147453083,0.006570184426229508,0.00350321023810349
Holkar Cricket Stadium,middle,0,233.0,876.0,0.2659817351598174,0.2808889845966761,0.26750911727424964
Holkar Cricket Stadium,middle,1,404.0,876.0,0.4611872146118721,0.4414331678151601,0.459163234407291
Holkar Cricket Stadium,middle,2,30.0,876.0,0.03424657534246575,0.06664217673287394,0.03756579679640102
Holkar Cricket Stadium,middle,3,1.0,876.0,0.001141552511415525,0.002286430887717876,0.0012588556237415856
Holkar Cricket Stadium,middle,4,71.0,876.0,0.08105022831050228,0.08739739562221321,0.0817005528301448
Holkar Cricket Stadium,middle,6,72.0,876.0,0.0821917808219178,0.048281059991892986,0.07871732172048085
Holkar Cricket Stadium,middle,W,36.0,876.0,0.0410958904109589,0.04221980137819214,0.041211045223175424
Holkar Cricket Stadium,middle,Wd,28.0,876.0,0.0319634703196347,0.028171868666396434,0.03157498654368816
Holkar Cricket Stadium,middle,Nb,1.0,876.0,0.001141552511415525,0.002679114308877179,0.0012990895808275798
Holkar Cricket Stadium,powerplay,0,206.0,558.0,0.36917562724014336,0.4228881521678736,0.37733862494952486
Holkar Cricket Stadium,powerplay,1,183.0,558.0,0.3279569892473118,0.25764450947345025,0.3172712020476368
Holkar Cricket Stadium,powerplay,2,15.0,558.0,0.026881720430107527,0.04384827662845184,0.02946022441161882
Holkar Cricket Stadium,powerplay,3,1.0,558.0,0.0017921146953405018,0.005028429611245902,0.0022839558679705017
Holkar Cricket Stadium,powerplay,4,81.0,558.0,0.14516129032258066,0.15223269683107069,0.1462359721627767
Holkar Cricket Stadium,powerplay,6,34.0,558.0,0.06093189964157706,0.040523771600022226,0.05783036042553529
Holkar Cricket Stadium,powerplay,W,22.0,558.0,0.03942652329749104,0.03919952586446391,0.03939202520736534
Holkar Cricket Stadium,powerplay,Wd,14.0,558.0,0.025089605734767026,0.03486563072990943,0.02657532381913517
Holkar Cricket Stadium,powerplay,Nb,2.0,558.0,0.0035842293906810036,0.003769007093512122,0.0036123111084364933
"Holkar Cricket Stadium, Indore",death,0,12.0,62.0,0.1935483870967742,0.21696977459016392,0.20800603369763207
"Holkar Cricket Stadium, Indore",death,1,21.0,62.0,0.3387096774193548,0.37083760245901637,0.35854172991297306
"Holkar Cricket Stadium, Indore",death,2,3.0,62.0,0.04838709677419355,0.08837090163934426,0.07306845780206436
"Holkar Cricket Stadium, Indore",death,3,0.0,62.0,0.0,0.002651127049180328,0.0016364981785063752
"Holkar Cricket Stadium, Indore",death,4,6.0,62.0,0.0967741935483871,0.11151383196721311,0.10587273578223032
"Holkar Cricket Stadium, Indore",death,6,6.0,62.0,0.0967741935483871,0.07952100409836066,0.08612407660392633
"Holkar Cricket Stadium, Indore",death,W,3.0,62.0,0.04838709677419355,0.08016137295081967,0.06800084750050596
"Holkar Cricket Stadium, Indore",death,Wd,8.0,62.0,0.12903225806451613,0.04340420081967213,0.07617543260473589
"Holkar Cricket Stadium, Indore",death,Nb,3.0,62.0,0.04838709677419355,0.006570184426229508,0.02257418791742562
"Holkar Cricket Stadium, Indore",middle,0,30.0,112.0,0.26785714285714285,0.2808889845966761,0.27400423801730006
"Holkar Cricket Stadium, Indore",middle,1,45.0,112.0,0.4017857142857143,0.4414331678151601,0.42048734330903775
"Holkar Cricket Stadium, Indore",middle,2,1.0,112.0,0.008928571428571428,0.06664217673287394,0.03615197015701601
"Holkar Cricket Stadium, Indore",middle,3,0.0,112.0,0.0,0.002286430887717876,0.0010785051357159793
"Holkar Cricket Stadium, Indore",middle,4,13.0,112.0,0.11607142857142858,0.08739739562221321,0.10254594133123265
"Holkar Cricket Stadium, Indore",middle,6,13.0,112.0,0.11607142857142858,0.048281059991892986,0.08409483961881745
"Holkar Cricket Stadium, Indore",middle,W,6.0,112.0,0.05357142857142857,0.04221980137819214,0.04821688744254346
"Holkar Cricket Stadium, Indore",middle,Wd,4.0,112.0,0.03571428571428571,0.028171868666396434,0.0321565418237719
"Holkar Cricket Stadium, Indore",middle,Nb,0.0,112.0,0.0,0.002679114308877179,0.001263733164564707
"Holkar Cricket Stadium, Indore",powerplay,0,27.0,67.0,0.40298507462686567,0.4228881521678736,0.4149030851304632
"Holkar Cricket Stadium, Indore",powerplay,1,15.0,67.0,0.22388059701492538,0.25764450947345025,0.24409850866673669
"Holkar Cricket Stadium, Indore",powerplay,2,1.0,67.0,0.014925373134328358,0.04384827662845184,0.032244477023025055
"Holkar Cricket Stadium, Indore",powerplay,3,0.0,67.0,0.0,0.005028429611245902,0.0030110356953568273
"Holkar Cricket Stadium, Indore",powerplay,4,11.0,67.0,0.16417910447761194,0.15223269683107069,0.15702556696471298
"Holkar Cricket Stadium, Indore",powerplay,6,7.0,67.0,0.1044776119402985,0.040523771600022226,0.06618189916168996
"Holkar Cricket Stadium, Indore",powerplay,W,3.0,67.0,0.04477611940298507,0.03919952586446391,0.04143684183500833
"Holkar Cricket Stadium, Indore",powerplay,Wd,3.0,67.0,0.04477611940298507,0.03486563072990943,0.03884169504784996
"Holkar Cricket Stadium, Indore",powerplay,Nb,0.0,67.0,0.0,0.003769007093512122,0.0022568904751569595
JSCA International Stadium Complex,death,0,89.0,376.0,0.23670212765957446,0.21696977459016392,0.23255667533406807
JSCA International Stadium Complex,death,1,125.0,376.0,0.3324468085106383,0.37083760245901637,0.3405121013569362
JSCA International Stadium Complex,death,2,43.0,376.0,0.11436170212765957,0.08837090163934426,0.108901449924232
JSCA International Stadium Complex,death,3,3.0,376.0,0.007978723404255319,0.002651127049180328,0.006859480472516875
JSCA International Stadium Complex,death,4,34.0,376.0,0.09042553191489362,0.11151383196721311,0.09485584705193553
JSCA International Stadium Complex,death,6,31.0,376.0,0.08244680851063829,0.07952100409836066,0.08183214371814299
JSCA International Stadium Complex,death,W,40.0,376.0,0.10638297872340426,0.08016137295081967,0.10087423801487809
JSCA International Stadium Complex,death,Wd,10.0,376.0,0.026595744680851064,0.04340420081967213,0.03012693294530927
JSCA International Stadium Complex,death,Nb,1.0,376.0,0.0026595744680851063,0.006570184426229508,0.003481131181980989
JSCA International Stadium Complex,middle,0,239.0,770.0,0.3103896103896104,0.2808889845966761,0.3069987338616869
JSCA International Stadium Complex,middle,1,343.0,770.0,0.44545454545454544,0.4414331678151601,0.4449923181396736
JSCA International Stadium Complex,middle,2,50.0,770.0,0.06493506493506493,0.06664217673287394,0.06513128468193953
JSCA International Stadium Complex,middle,3,4.0,770.0,0.005194805194805195,0.002286430887717876,0.0048605092974388356
JSCA International Stadium Complex,middle,4,51.0,770.0,0.06623376623376623,0.08739739562221321,0.06866636731289807
JSCA International Stadium Complex,middle,6,33.0,770.0,0.04285714285714286,0.048281059991892986,0.04348058160826356
JSCA International Stadium Complex,middle,W,30.0,770.0,0.03896103896103896,0.04221980137819214,0.03933560935381519
JSCA International Stadium Complex,middle,Wd,20.0,770.0,0.025974025974025976,0.028171868666396434,0.026226651570850166
JSCA International Stadium Complex,middle,Nb,0.0,770.0,0.0,0.002679114308877179,0.0003079441734341585
JSCA International Stadium Complex,powerplay,0,229.0,506.0,0.4525691699604743,0.4228881521678736,0.4476713122389231
JSCA International Stadium Complex,powerplay,1,145.0,506.0,0.2865612648221344,0.25764450947345025,0.2817895230154209
JSCA International Stadium Complex,powerplay,2,17.0,506.0,0.03359683794466403,0.04384827662845184,0.03528849449314386
JSCA International Stadium Complex,powerplay,3,4.0,506.0,0.007905138339920948,0.005028429611245902,0.007430433929248499
JSCA International Stadium Complex,powerplay,4,66.0,506.0,0.13043478260869565,0.15223269683107069,0.13403179815694236
JSCA International Stadium Complex,powerplay,6,17.0,506.0,0.03359683794466403,0.040523771600022226,0.034739896303634034
JSCA International Stadium Complex,powerplay,W,18.0,506.0,0.03557312252964427,0.03919952586446391,0.0361715389215287
JSCA International Stadium Complex,powerplay,Wd,8.0,506.0,0.015810276679841896,0.03486563072990943,0.018954724542889344
JSCA International Stadium Complex,powerplay,Nb,2.0,506.0,0.003952569169960474,0.003769007093512122,0.003922278398269328
"JSCA International Stadium Complex, Ranchi",death,0,35.0,105.0,0.3333333333333333,0.21696977459016392,0.2765706217512995
"JSCA International Stadium Complex, Ranchi",death,1,29.0,105.0,0.2761904761904762,0.37083760245901637,0.3223598060775689
"JSCA International Stadium Complex, Ranchi",death,2,8.0,105.0,0.0761904761904762,0.08837090163934426,0.08213214714114354
"JSCA International Stadium Complex, Ranchi",death,3,0.0,105.0,0.0,0.002651127049180328,0.0012932327069172331
"JSCA International Stadium Complex, Ranchi",death,4,6.0,105.0,0.05714285714285714,0.11151383196721311,0.08366528388644542
"JSCA International Stadium Complex, Ranchi",death,6,9.0,105.0,0.08571428571428572,0.07952100409836066,0.08269317273090765
"JSCA International Stadium Complex, Ranchi",death,W,11.0,105.0,0.10476190476190476,0.08016137295081967,0.09276164534186326
"JSCA International Stadium Complex, Ranchi",death,Wd,5.0,105.0,0.047619047619047616,0.04340420081967213,0.04556302479008397
"JSCA International Stadium Complex, Ranchi",death,Nb,2.0,105.0,0.01904761904761905,0.006570184426229508,0.01296106557377049
"JSCA International Stadium Complex, Ranchi",middle,0,53.0,206.0,0.25728155339805825,0.2808889845966761,0.26499640019499215
"JSCA International Stadium Complex, Ranchi",middle,1,102.0,206.0,0.49514563106796117,0.4414331678151601,0.4775925385016863
"JSCA International Stadium Complex, Ranchi",middle,2,9.0,206.0,0.043689320388349516,0.06664217673287394,0.051190253834272524
"JSCA International Stadium Complex, Ranchi",middle,3,0.0,206.0,0.0,0.002286430887717876,0.0007471996365091098
"JSCA International Stadium Complex, Ranchi",middle,4,19.0,206.0,0.09223300970873786,0.08739739562221321,0.09065274366738994
"JSCA International Stadium Complex, Ranchi",middle,6,11.0,206.0,0.05339805825242718,0.048281059991892986,0.051725836598657836
"JSCA International Stadium Complex, Ranchi",middle,W,5.0,206.0,0.024271844660194174,0.04221980137819214,0.030137189992873247
"JSCA International Stadium Complex, Ranchi",middle,Wd,7.0,206.0,0.03398058252427184,0.028171868666396434,0.03208231002169818
"JSCA International Stadium Complex, Ranchi",middle,Nb,0.0,206.0,0.0,0.002679114308877179,0.0008755275519206467
"JSCA International Stadium Complex, Ranchi",powerplay,0,60.0,141.0,0.425531914893617,0.4228881521678736,0.42443491791198074
"JSCA International Stadium Complex, Ranchi",powerplay,1,36.0,141.0,0.2553191489361702,0.25764450947345025,0.2562840288271578
"JSCA International Stadium Complex, Ranchi",powerplay,2,6.0,141.0,0.0425531914893617,0.04384827662845184,0.04309057121512524
"JSCA International Stadium Complex, Ranchi",powerplay,3,0.0,141.0,0.0,0.005028429611245902,0.002086485315869669
"JSCA International Stadium Complex, Ranchi",powerplay,4,20.0,141.0,0.14184397163120568,0.15223269683107069,0.14615464598799613
"JSCA International Stadium Complex, Ranchi",powerplay,6,7.0,141.0,0.04964539007092199,0.040523771600022226,0.045860486141088064
"JSCA International Stadium Complex, Ranchi",powerplay,W,5.0,141.0,0.03546099290780142,0.03919952586446391,0.03701225139604311
"JSCA International Stadium Complex, Ranchi",powerplay,Wd,7.0,141.0,0.04964539007092199,0.03486563072990943,0.04351270984643545
"JSCA International Stadium Complex, Ranchi",powerplay,Nb,0.0,141.0,0.0,0.003769007093512122,0.0015639033583037852
Jade Stadium,death,0,2.0,6.0,0.3333333333333333,0.21696977459016392,0.22355639112279616
Jade Stadium,death,1,0.0,6.0,0.0,0.37083760245901637,0.34984679477265695
Jade Stadium,death,2,1.0,6.0,0.16666666666666666,0.08837090163934426,0.0928027373956078
Jade Stadium,death,3,0.0,6.0,0.0,0.002651127049180328,0.0025010632539437055
Jade Stadium,death,4,2.0,6.0,0.3333333333333333,0.11151383196721311,0.12406965279925765
Jade Stadium,death,6,1.0,6.0,0.16666666666666666,0.07952100409836066,0.08445377745128366
Jade Stadium,death,W,0.0,6.0,0.0,0.08016137295081967,0.07562393674605629
Jade Stadium,death,Wd,0.0,6.0,0.0,0.04340420081967213,0.04094735926384164
Jade Stadium,death,Nb,0.0,6.0,0.0,0.006570184426229508,0.00619828719455614
Jade Stadium,middle,0,13.0,45.0,0.28888888888888886,0.2808889845966761,0.28337171351494905
Jade Stadium,middle,1,23.0,45.0,0.5111111111111111,0.4414331678151601,0.4630573571139035
Jade Stadium,middle,2,1.0,45.0,0.022222222222222223,0.06664217673287394,0.05285667360887858
Jade Stadium,middle,3,0.0,45.0,0.0,0.002286430887717876,0.0015768488880812939
Jade Stadium,middle,4,3.0,45.0,0.06666666666666667,0.08739739562221321,0.08096372111876773
Jade Stadium,middle,6,3.0,45.0,0.06666666666666667,0.048281059991892986,0.053986937925443436
Jade Stadium,middle,W,2.0,45.0,0.044444444444444446,0.04221980137819214,0.042910207847029064
Jade Stadium,middle,Wd,0.0,45.0,0.0,0.028171868666396434,0.01942887494234237
Jade Stadium,middle,Nb,0.0,45.0,0.0,0.002679114308877179,0.0018476650406049511
"John Davies Oval, Queenstown",death,0,7.0,24.0,0.2916666666666667,0.21696977459016392,0.23142723757271283
"John Davies Oval, Queenstown",death,1,4.0,24.0,0.16666666666666666,0.37083760245901637,0.33132064714436804
"John Davies Oval, Queenstown",death,2,6.0,24.0,0.25,0.08837090163934426,0.11965395293495505
"John Davies Oval, Queenstown",death,3,0.0,24.0,0.0,0.002651127049180328,0.0021380056848228452
"John Davies Oval, Queenstown",death,4,4.0,24.0,0.16666666666666666,0.11151383196721311,0.12218857416710734
"John Davies Oval, Queenstown",death,6,0.0,24.0,0.0,0.07952100409836066,0.06412984201480698
"John Davies Oval, Queenstown",death,W,2.0,24.0,0.08333333333333333,0.08016137295081967,0.08077530076679006
"John Davies Oval, Queenstown",death,Wd,1.0,24.0,0.041666666666666664,0.04340420081967213,0.04306790388683237
"John Davies Oval, Queenstown",death,Nb,0.0,24.0,0.0,0.006570184426229508,0.0052985358276044425
"John Davies Oval, Queenstown",middle,0,19.0,71.0,0.2676056338028169,0.2808889845966761,0.2753736752027346
"John Davies Oval, Queenstown",middle,1,32.0,71.0,0.4507042253521127,0.4414331678151601,0.4452825542778714
"John Davies Oval, Queenstown",middle,2,4.0,71.0,0.056338028169014086,0.06664217673287394,0.062363846042616335
"John Davies Oval, Queenstown",middle,3,0.0,71.0,0.0,0.002286430887717876,0.0013370940863847228
"John Davies Oval, Queenstown",middle,4,5.0,71.0,0.07042253521126761,0.08739739562221321,0.08034935416503697
"John Davies Oval, Queenstown",middle,6,6.0,71.0,0.08450704225352113,0.048281059991892986,0.06332225730520057
"John Davies Oval, Queenstown",middle,W,1.0,71.0,0.014084507042253521,0.04221980137819214,0.03053789554280242
"John Davies Oval, Queenstown",middle,Wd,4.0,71.0,0.056338028169014086,0.028171868666396434,0.03986658986338973
"John Davies Oval, Queenstown",middle,Nb,0.0,71.0,0.0,0.002679114308877179,0.0015667335139632626
"John Davies Oval, Queenstown",powerplay,0,16.0,25.0,0.64,0.4228881521678736,0.4663105217342989
"John Davies Oval, Queenstown",powerplay,1,3.0,25.0,0.12,0.25764450947345025,0.2301156075787602
"John Davies Oval, Queenstown",powerplay,2,0.0,25.0,0.0,0.04384827662845184,0.035078621302761466
"John Davies Oval, Queenstown",powerplay,3,0.0,25.0,0.0,0.005028429611245902,0.004022743688996721
"John Davies Oval, Queenstown",powerplay,4,3.0,25.0,0.12,0.15223269683107069,0.14578615746485657
"John Davies Oval, Queenstown",powerplay,6,2.0,25.0,0.08,0.040523771600022226,0.04841901728001778
"John Davies Oval, Queenstown",powerplay,W,0.0,25.0,0.0,0.03919952586446391,0.031359620691571125
"John Davies Oval, Queenstown",powerplay,Wd,1.0,25.0,0.04,0.03486563072990943,0.035892504583927544
"John Davies Oval, Queenstown",powerplay,Nb,0.0,25.0,0.0,0.003769007093512122,0.0030152056748096977
Kennington Oval,death,0,48.0,306.0,0.1568627450980392,0.21696977459016392,0.17166743216506503
Kennington Oval,death,1,105.0,306.0,0.3431372549019608,0.37083760245901637,0.34996000060566906
Kennington Oval,death,2,48.0,306.0,0.1568627450980392,0.08837090163934426,0.13999283291609466
Kennington Oval,death,3,2.0,306.0,0.006535947712418301,0.002651127049180328,0.005579095332310425
Kennington Oval,death,4,44.0,306.0,0.1437908496732026,0.11151383196721311,0.13584084531212146
Kennington Oval,death,6,16.0,306.0,0.05228758169934641,0.07952100409836066,0.05899532120649278
Kennington Oval,death,W,25.0,306.0,0.08169934640522876,0.08016137295081967,0.08132053520956149
Kennington Oval,death,Wd,17.0,306.0,0.05555555555555555,0.04340420081967213,0.05256261103932811
Kennington Oval,death,Nb,1.0,306.0,0.0032679738562091504,0.006570184426229508,0.004081326213357022
Kennington Oval,middle,0,195.0,692.0,0.2817919075144509,0.2808889845966761,0.2816779020955399
Kennington Oval,middle,1,271.0,692.0,0.3916184971098266,0.4414331678151601,0.39790822825948996
Kennington Oval,middle,2,78.0,692.0,0.11271676300578035,0.06664217673287394,0.10689926473899924
Kennington Oval,middle,3,4.0,692.0,0.005780346820809248,0.002286430887717876,0.005339195819156297
Kennington Oval,middle,4,71.0,692.0,0.10260115606936417,0.08739739562221321,0.10068148934623904
Kennington Oval,middle,6,16.0,692.0,0.023121387283236993,0.048281059991892986,0.02629811363534002
Kennington Oval,middle,W,28.0,692.0,0.04046242774566474,0.04221980137819214,0.04068431835583234
Kennington Oval,middle,Wd,25.0,692.0,0.036127167630057806,0.028171868666396434,0.03512271069020157
Kennington Oval,middle,Nb,4.0,692.0,0.005780346820809248,0.002679114308877179,0.005388777059201664
Kennington Oval,powerplay,0,145.0,328.0,0.4420731707317073,0.4228881521678736,0.43759068975884896
Kennington Oval,powerplay,1,72.0,328.0,0.21951219512195122,0.25764450947345025,0.22842161436295566
Kennington Oval,powerplay,2,13.0,328.0,0.039634146341463415,0.04384827662845184,0.040618756221600896
Kennington Oval,powerplay,3,1.0,328.0,0.003048780487804878,0.005028429611245902,0.0035113153297303508
Kennington Oval,powerplay,4,60.0,328.0,0.18292682926829268,0.15223269683107069,0.1757553029979137
Kennington Oval,powerplay,6,11.0,328.0,0.03353658536585366,0.040523771600022226,0.035169105514023885
Kennington Oval,powerplay,W,14.0,328.0,0.042682926829268296,0.03919952586446391,0.041869048099173814
Kennington Oval,powerplay,Wd,7.0,328.0,0.021341463414634148,0.03486563072990943,0.024501315591100335
Kennington Oval,powerplay,Nb,5.0,328.0,0.01524390243902439,0.003769007093512122,0.012562852124652366
"Kensington Oval, Bridgetown",death,0,112.0,467.0,0.2398286937901499,0.21696977459016392,0.23579713837569027
"Kensington Oval, Bridgetown",death,1,174.0,467.0,0.37259100642398285,0.37083760245901637,0.3722817641021193
"Kensington Oval, Bridgetown",death,2,37.0,467.0,0.07922912205567452,0.08837090163934426,0.08084142886055455
"Kensington Oval, Bridgetown",death,3,0.0,467.0,0.0,0.002651127049180328,0.00046757090814467865
"Kensington Oval, Bridgetown",death,4,42.0,467.0,0.08993576017130621,0.11151383196721311,0.09374141657270073
"Kensington Oval, Bridgetown",death,6,37.0,467.0,0.07922912205567452,0.07952100409836066,0.07928060037008124
"Kensington Oval, Bridgetown",death,W,43.0,467.0,0.09207708779443255,0.08016137295081967,0.08997555078497702
"Kensington Oval, Bridgetown",death,Wd,17.0,467.0,0.03640256959314775,0.04340420081967213,0.0376374251886547
"Kensington Oval, Bridgetown",death,Nb,5.0,467.0,0.010706638115631691,0.006570184426229508,0.009977104837077514
"Kensington Oval, Bridgetown",middle,0,308.0,1092.0,0.28205128205128205,0.2808889845966761,0.2819537738755601
"Kensington Oval, Bridgetown",middle,1,483.0,1092.0,0.4423076923076923,0.4414331678151601,0.4422343261589899
"Kensington Oval, Bridgetown",middle,2,74.0,1092.0,0.06776556776556776,0.06664217673287394,0.0676713235514156
"Kensington Oval, Bridgetown",middle,3,2.0,1092.0,0.0018315018315018315,0.002286430887717876,0.001869667020781701
"Kensington Oval, Bridgetown",middle,4,79.0,1092.0,0.07234432234432235,0.08739739562221321,0.07360716406226621
"Kensington Oval, Bridgetown",middle,6,59.0,1092.0,0.05402930402930403,0.048281059991892986,0.05354706879126619
"Kensington Oval, Bridgetown",middle,W,52.0,1092.0,0.047619047619047616,0.04221980137819214,0.047166090719646996
"Kensington Oval, Bridgetown",middle,Wd,34.0,1092.0,0.031135531135531136,0.028171868666396434,0.03088690173375809
"Kensington Oval, Bridgetown",middle,Nb,1.0,1092.0,0.0009157509157509158,0.002679114308877179,0.0010636840863151996
"Kensington Oval, Bridgetown",powerplay,0,326.0,691.0,0.4717800289435601,0.4228881521678736,0.4655990078594025
"Kensington Oval, Bridgetown",powerplay,1,168.0,691.0,0.24312590448625182,0.25764450947345025,0.24496137920018335
"Kensington Oval, Bridgetown",powerplay,2,34.0,691.0,0.049204052098408106,0.04384827662845184,0.0485269629113087
"Kensington Oval, Bridgetown",powerplay,3,1.0,691.0,0.001447178002894356,0.005028429611245902,0.0018999278901701518
"Kensington Oval, Bridgetown",powerplay,4,80.0,691.0,0.11577424023154848,0.15223269683107069,0.12038340035791031
"Kensington Oval, Bridgetown",powerplay,6,23.0,691.0,0.03328509406657019,0.040523771600022226,0.03420022396966147
"Kensington Oval, Bridgetown",powerplay,W,33.0,691.0,0.04775687409551375,0.03919952586446391,0.046675034875406314
"Kensington Oval, Bridgetown",powerplay,Wd,24.0,691.0,0.03473227206946455,0.03486563072990943,0.034749131571417124
"Kensington Oval, Bridgetown",powerplay,Nb,2.0,691.0,0.002894356005788712,0.003769007093512122,0.0030049313645400914
"Kensington Oval, Bridgetown, Barbados",death,0,92.0,464.0,0.19827586206896552,0.21696977459016392,0.2015903855656319
"Kensington Oval, Bridgetown, Barbados",death,1,169.0,464.0,0.3642241379310345,0.37083760245901637,0.3653967380246483
"Kensington Oval, Bridgetown, Barbados",death,2,41.0,464.0,0.08836206896551724,0.08837090163934426,0.08836363504243692
"Kensington Oval, Bridgetown, Barbados",death,3,0.0,464.0,0.0,0.002651127049180328,0.00047005798744332054
"Kensington Oval, Bridgetown, Barbados",death,4,47.0,464.0,0.10129310344827586,0.11151383196721311,0.10310528935588885
"Kensington Oval, Bridgetown, Barbados",death,6,46.0,464.0,0.09913793103448276,0.07952100409836066,0.09565975249970933
"Kensington Oval, Bridgetown, Barbados",death,W,36.0,464.0,0.07758620689655173,0.08016137295081967,0.07804279662248575
"Kensington Oval, Bridgetown, Barbados",death,Wd,30.0,464.0,0.06465517241379311,0.04340420081967213,0.06088726964887803
"Kensington Oval, Bridgetown, Barbados",death,Nb,3.0,464.0,0.00646551724137931,0.006570184426229508,0.006484075252877572
"Kensington Oval, Bridgetown, Barbados",middle,0,269.0,892.0,0.3015695067264574,0.2808889845966761,0.29948477667305207
"Kensington Oval, Bridgetown, Barbados",middle,1,356.0,892.0,0.3991031390134529,0.4414331678151601,0.40337027901362504
"Kensington Oval, Bridgetown, Barbados",middle,2,60.0,892.0,0.06726457399103139,0.06664217673287394,0.06720183233194293
"Kensington Oval, Bridgetown, Barbados",middle,3,4.0,892.0,0.004484304932735426,0.002286430887717876,0.004262745049165108
"Kensington Oval, Bridgetown, Barbados",middle,4,45.0,892.0,0.05044843049327354,0.08739739562221321,0.054173124558690854
"Kensington Oval, Bridgetown, Barbados",middle,6,65.0,892.0,0.07286995515695067,0.048281059991892986,0.07039123588627955
"Kensington Oval, Bridgetown, Barbados",middle,W,48.0,892.0,0.053811659192825115,0.04221980137819214,0.052643125138930665
"Kensington Oval, Bridgetown, Barbados",middle,Wd,42.0,892.0,0.04708520179372197,0.028171868666396434,0.04517861579298351
"Kensington Oval, Bridgetown, Barbados",middle,Nb,3.0,892.0,0.0033632286995515697,0.002679114308877179,0.0032942655553303605
"Kensington Oval, Bridgetown, Barbados",powerplay,0,231.0,537.0,0.4301675977653631,0.4228881521678736,0.4290248276558672
"Kensington Oval, Bridgetown, Barbados",powerplay,1,125.0,537.0,0.23277467411545624,0.25764450947345025,0.23667888688751185
"Kensington Oval, Bridgetown, Barbados",powerplay,2,25.0,537.0,0.04655493482309125,0.04384827662845184,0.0461300277281714
"Kensington Oval, Bridgetown, Barbados",powerplay,3,5.0,537.0,0.00931098696461825,0.005028429611245902,0.008638685967228556
"Kensington Oval, Bridgetown, Barbados",powerplay,4,74.0,537.0,0.1378026070763501,0.15223269683107069,0.14006792728902207
"Kensington Oval, Bridgetown, Barbados",powerplay,6,41.0,537.0,0.07635009310986965,0.040523771600022226,0.0707258668131903
"Kensington Oval, Bridgetown, Barbados",powerplay,W,19.0,537.0,0.035381750465549346,0.03919952586446391,0.035981087262867174
"Kensington Oval, Bridgetown, Barbados",powerplay,Wd,15.0,537.0,0.027932960893854747,0.03486563072990943,0.029021292108306035
"Kensington Oval, Bridgetown, Barbados",powerplay,Nb,2.0,537.0,0.0037243947858473,0.003769007093512122,0.0037313982878354984
Kingsmead,death,0,229.0,1085.0,0.2110599078341014,0.21696977459016392,0.21155863076710243
Kingsmead,death,1,395.0,1085.0,0.3640552995391705,0.37083760245901637,0.3646276457771322
Kingsmead,death,2,114.0,1085.0,0.10506912442396313,0.08837090163934426,0.10365999169952271
Kingsmead,death,3,5.0,1085.0,0.004608294930875576,0.002651127049180328,0.004443133084319015
Kingsmead,death,4,117.0,1085.0,0.10783410138248847,0.11151383196721311,0.10814462717022895
Kingsmead,death,6,70.0,1085.0,0.06451612903225806,0.07952100409836066,0.06578236321505153
Kingsmead,death,W,110.0,1085.0,0.10138248847926268,0.08016137295081967,0.09959167704226325
Kingsmead,death,Wd,39.0,1085.0,0.035944700460829496,0.04340420081967213,0.03657419416199765
Kingsmead,death,Nb,6.0,1085.0,0.005529953917050691,0.006570184426229508,0.005617737082382237
Kingsmead,middle,0,651.0,2056.0,0.31663424124513617,0.2808889845966761,0.3149762979868588
Kingsmead,middle,1,903.0,2056.0,0.4392023346303502,0.4414331678151601,0.43930580555728943
Kingsmead,middle,2,131.0,2056.0,0.06371595330739299,0.06664217673287394,0.06385167795607022
Kingsmead,middle,3,1.0,2056.0,0.00048638132295719845,0.002286430887717876,0.0005698715625101056
Kingsmead,middle,4,157.0,2056.0,0.07636186770428016,0.08739739562221321,0.07687371964852566
Kingsmead,middle,6,73.0,2056.0,0.035505836575875485,0.048281059991892986,0.03609837940593196
Kingsmead,middle,W,82.0,2056.0,0.03988326848249027,0.04221980137819214,0.039991641993422644
Kingsmead,middle,Wd,51.0,2056.0,0.02480544747081712,0.028171868666396434,0.02496158945576978
Kingsmead,middle,Nb,7.0,2056.0,0.003404669260700389,0.002679114308877179,0.0033710164336213906
Kingsmead,powerplay,0,579.0,1359.0,0.4260485651214128,0.4228881521678736,0.42583195011431624
Kingsmead,powerplay,1,345.0,1359.0,0.25386313465783666,0.25764450947345025,0.2541223104505449
Kingsmead,powerplay,2,60.0,1359.0,0.04415011037527594,0.04384827662845184,0.04412942266130582
Kingsmead,powerplay,3,4.0,1359.0,0.0029433406916850625,0.005028429611245902,0.0030862528863088348
Kingsmead,powerplay,4,189.0,1359.0,0.1390728476821192,0.15223269683107069,0.1399748250055566
Kingsmead,powerplay,6,58.0,1359.0,0.042678440029433405,0.040523771600022226,0.04253075884852791
Kingsmead,powerplay,W,52.0,1359.0,0.03826342899190582,0.03919952586446391,0.038327589161375186
Kingsmead,powerplay,Wd,66.0,1359.0,0.04856512141280353,0.03486563072990943,0.0476261570068478
Kingsmead,powerplay,Nb,6.0,1359.0,0.004415011037527594,0.003769007093512122,0.004370733865216732
"Kingsmead, Durban",death,0,27.0,131.0,0.20610687022900764,0.21696977459016392,0.2108094262295082
"Kingsmead, Durban",death,1,45.0,131.0,0.3435114503816794,0.37083760245901637,0.3553409534454616
"Kingsmead, Durban",death,2,12.0,131.0,0.0916030534351145,0.08837090163934426,0.09020385352352565
"Kingsmead, Durban",death,3,0.0,131.0,0.0,0.002651127049180328,0.0011476740472642112
"Kingsmead, Durban",death,4,15.0,131.0,0.11450381679389313,0.11151383196721311,0.11320945106805763
"Kingsmead, Durban",death,6,9.0,131.0,0.06870229007633588,0.07952100409836066,0.0733857160598964
"Kingsmead, Durban",death,W,13.0,131.0,0.09923664122137404,0.08016137295081967,0.09097894932935917
"Kingsmead, Durban",death,Wd,8.0,131.0,0.061068702290076333,0.04340420081967213,0.053421731956568026
"Kingsmead, Durban",death,Nb,2.0,131.0,0.015267175572519083,0.006570184426229508,0.011502244340359093
"Kingsmead, Durban",middle,0,80.0,282.0,0.28368794326241137,0.2808889845966761,0.2829552315698105
"Kingsmead, Durban",middle,1,112.0,282.0,0.3971631205673759,0.4414331678151601,0.40875213817150785
"Kingsmead, Durban",middle,2,11.0,282.0,0.03900709219858156,0.06664217673287394,0.04624140752169475
"Kingsmead, Durban",middle,3,1.0,282.0,0.0035460992907801418,0.002286430887717876,0.0032163431643240513
"Kingsmead, Durban",middle,4,37.0,282.0,0.13120567375886524,0.08739739562221321,0.11973753812099823
"Kingsmead, Durban",middle,6,25.0,282.0,0.08865248226950355,0.048281059991892986,0.07808404711829658
"Kingsmead, Durban",middle,W,11.0,282.0,0.03900709219858156,0.04221980137819214,0.03984811554402936
"Kingsmead, Durban",middle,Wd,4.0,282.0,0.014184397163120567,0.028171868666396434,0.017846038917904827
"Kingsmead, Durban",middle,Nb,1.0,282.0,0.0035460992907801418,0.002679114308877179,0.0033191398714338166
"Kingsmead, Durban",powerplay,0,95.0,231.0,0.41125541125541126,0.4228881521678736,0.4147698344918047
"Kingsmead, Durban",powerplay,1,43.0,231.0,0.18614718614718614,0.25764450947345025,0.20774758594364057
"Kingsmead, Durban",powerplay,2,10.0,231.0,0.04329004329004329,0.04384827662845184,0.04345869384545373
"Kingsmead, Durban",powerplay,3,1.0,231.0,0.004329004329004329,0.005028429611245902,0.004540311060799366
"Kingsmead, Durban",powerplay,4,39.0,231.0,0.16883116883116883,0.15223269683107069,0.16381652472237784
"Kingsmead, Durban",powerplay,6,19.0,231.0,0.08225108225108226,0.040523771600022226,0.06964464398792213
"Kingsmead, Durban",powerplay,W,14.0,231.0,0.06060606060606061,0.03919952586446391,0.0541388295663033
"Kingsmead, Durban",powerplay,Wd,9.0,231.0,0.03896103896103896,0.03486563072990943,0.037723755507525505
"Kingsmead, Durban",powerplay,Nb,1.0,231.0,0.004329004329004329,0.003769007093512122,0.004159820874172847
Lord's,death,0,32.0,194.0,0.16494845360824742,0.21696977459016392,0.18264278047284488
Lord's,death,1,78.0,194.0,0.4020618556701031,0.37083760245901637,0.3914413613806178
Lord's,death,2,30.0,194.0,0.15463917525773196,0.08837090163934426,0.1320989461358314
Lord's,death,3,0.0,194.0,0.0,0.002651127049180328,0.0009017438942790231
Lord's,death,4,24.0,194.0,0.12371134020618557,0.11151383196721311,0.11956252788000446
Lord's,death,6,6.0,194.0,0.030927835051546393,0.07952100409836066,0.04745612384297982
Lord's,death,W,14.0,194.0,0.07216494845360824,0.08016137295081967,0.07488482073157132
Lord's,death,Wd,8.0,194.0,0.041237113402061855,0.04340420081967213,0.041974217965874874
Lord's,death,Nb,2.0,194.0,0.010309278350515464,0.006570184426229508,0.009037477695996431
Lord's,middle,0,137.0,442.0,0.30995475113122173,0.2808889845966761,0.30459206357872254
Lord's,middle,1,201.0,442.0,0.45475113122171945,0.4414331678151601,0.45229394240132104
Lord's,middle,2,42.0,442.0,0.09502262443438914,0.06664217673287394,0.08978637947100995
Lord's,middle,3,2.0,442.0,0.004524886877828055,0.002286430887717876,0.004111887617660125
Lord's,middle,4,30.0,442.0,0.06787330316742081,0.08739739562221321,0.07147553424764082
Lord's,middle,6,6.0,442.0,0.013574660633484163,0.048281059991892986,0.019978055349057743
Lord's,middle,W,15.0,442.0,0.033936651583710405,0.04221980137819214,0.035464908003356485
Lord's,middle,Wd,9.0,442.0,0.020361990950226245,0.028171868666396434,0.021802927798228122
Lord's,middle,Nb,0.0,442.0,0.0,0.002679114308877179,0.0004943015330031695
Lord's,powerplay,0,102.0,244.0,0.4180327868852459,0.4228881521678736,0.4194442302813586
Lord's,powerplay,1,67.0,244.0,0.27459016393442626,0.25764450947345025,0.26966410159111925
Lord's,powerplay,2,13.0,244.0,0.05327868852459016,0.04384827662845184,0.05053728971757321
Lord's,powerplay,3,2.0,244.0,0.00819672131147541,0.005028429611245902,0.007275706282338924
Lord's,powerplay,4,33.0,244.0,0.13524590163934427,0.15223269683107069,0.14018392349740427
Lord's,powerplay,6,2.0,244.0,0.00819672131147541,0.040523771600022226,0.017594119651169252
Lord's,powerplay,W,8.0,244.0,0.03278688524590164,0.03919952586446391,0.03465102496059997
Lord's,powerplay,Wd,14.0,244.0,0.05737704918032787,0.03486563072990943,0.05083303218892716
Lord's,powerplay,Nb,3.0,244.0,0.012295081967213115,0.003769007093512122,0.00981657182950934
M Chinnaswamy Stadium,death,0,565.0,2612.0,0.2163093415007657,0.21696977459016392,0.21633369375332462
M Chinnaswamy Stadium,death,1,911.0,2612.0,0.3487748851454824,0.37083760245901637,0.3495884071703177
M Chinnaswamy Stadium,death,2,192.0,2612.0,0.07350689127105667,0.08837090163934426,0.07405497424923836
M Chinnaswamy Stadium,death,3,4.0,2612.0,0.0015313935681470138,0.002651127049180328,0.0015726816758547318
M Chinnaswamy Stadium,death,4,330.0,2612.0,0.12633996937212863,0.11151383196721311,0.1257932828896465
M Chinnaswamy Stadium,death,6,259.0,2612.0,0.09915773353751914,0.07952100409836066,0.09843366534285991
M Chinnaswamy Stadium,death,W,218.0,2612.0,0.08346094946401225,0.08016137295081967,0.08333928366337831
M Chinnaswamy Stadium,death,Wd,112.0,2612.0,0.042879019908116385,0.04340420081967213,0.04289838498597611
M Chinnaswamy Stadium,death,Nb,21.0,2612.0,0.008039816232771823,0.006570184426229508,0.007985626269403743
M Chinnaswamy Stadium,middle,0,1627.0,5557.0,0.29278387619219004,0.2808889845966761,0.29257360764710405
M Chinnaswamy Stadium,middle,1,2430.0,5557.0,0.43728630556055426,0.4414331678151601,0.43735961053235217
M Chinnaswamy Stadium,middle,2,294.0,5557.0,0.052906244376462117,0.06664217673287394,0.05314905739319205
M Chinnaswamy Stadium,middle,3,8.0,5557.0,0.001439625697318697,0.002286430887717876,0.0014545948539458702
M Chinnaswamy Stadium,middle,4,520.0,5557.0,0.09357567032571532,0.08739739562221321,0.09346645564119167
M Chinnaswamy Stadium,middle,6,278.0,5557.0,0.050026992981824725,0.048281059991892986,0.04999612975060797
M Chinnaswamy Stadium,middle,W,241.0,5557.0,0.04336872413172575,0.04221980137819214,0.04334841437826042
M Chinnaswamy Stadium,middle,Wd,150.0,5557.0,0.026992981824725572,0.028171868666396434,0.027013821259791345
M Chinnaswamy Stadium,middle,Nb,9.0,5557.0,0.0016195789094835343,0.002679114308877179,0.0016383085435544844
M Chinnaswamy Stadium,powerplay,0,1852.0,4223.0,0.438550793274923,0.4228881521678736,0.43818848374202807
M Chinnaswamy Stadium,powerplay,1,1099.0,4223.0,0.26024153445417947,0.25764450947345025,0.2601814598536537
M Chinnaswamy Stadium,powerplay,2,160.0,4223.0,0.03788775751835188,0.04384827662845184,0.038025636748287114
M Chinnaswamy Stadium,powerplay,3,14.0,4223.0,0.0033151787828557895,0.005028429611245902,0.003354809845275177
M Chinnaswamy Stadium,powerplay,4,573.0,4223.0,0.1356855316125977,0.15223269683107069,0.13606830203171574
M Chinnaswamy Stadium,powerplay,6,163.0,4223.0,0.03859815297182098,0.040523771600022226,0.03864269654406713
M Chinnaswamy Stadium,powerplay,W,164.0,4223.0,0.038834951456310676,0.03919952586446391,0.03884338482221753
M Chinnaswamy Stadium,powerplay,Wd,183.0,4223.0,0.04333412266161497,0.03486563072990943,0.04313822879319707
M Chinnaswamy Stadium,powerplay,Nb,15.0,4223.0,0.003551977267345489,0.003769007093512122,0.0035569976195584576
"M Chinnaswamy Stadium, Bangalore",powerplay,0,8.0,22.0,0.36363636363636365,0.4228881521678736,0.41220340341628986
"M Chinnaswamy Stadium, Bangalore",powerplay,1,6.0,22.0,0.2727272727272727,0.25764450947345025,0.26036435202741826
"M Chinnaswamy Stadium, Bangalore",powerplay,2,2.0,22.0,0.09090909090909091,0.04384827662845184,0.05233465297414085
"M Chinnaswamy Stadium, Bangalore",powerplay,3,0.0,22.0,0.0,0.005028429611245902,0.004121663615775329
"M Chinnaswamy Stadium, Bangalore",powerplay,4,1.0,22.0,0.045454545454545456,0.15223269683107069,0.13297762035333663
"M Chinnaswamy Stadium, Bangalore",powerplay,6,2.0,22.0,0.09090909090909091,0.040523771600022226,0.049609648852477234
"M Chinnaswamy Stadium, Bangalore",powerplay,W,2.0,22.0,0.09090909090909091,0.03919952586446391,0.0485242015282491
"M Chinnaswamy Stadium, Bangalore",powerplay,Wd,1.0,22.0,0.045454545454545456,0.03486563072990943,0.03677510715566347
"M Chinnaswamy Stadium, Bangalore",powerplay,Nb,0.0,22.0,0.0,0.003769007093512122,0.0030893500766492805
"M Chinnaswamy Stadium, Bengaluru",death,0,196.0,925.0,0.2118918918918919,0.21696977459016392,0.21238729508196721
"M Chinnaswamy Stadium, Bengaluru",death,1,303.0,925.0,0.32756756756756755,0.37083760245901637,0.3317890343862455
"M Chinnaswamy Stadium, Bengaluru",death,2,57.0,925.0,0.061621621621621624,0.08837090163934426,0.06423130747700918
"M Chinnaswamy Stadium, Bengaluru",death,3,0.0,925.0,0.0,0.002651127049180328,0.0002586465413834466
"M Chinnaswamy Stadium, Bengaluru",death,4,112.0,925.0,0.12108108108108108,0.11151383196721311,0.12014769092363055
"M Chinnaswamy Stadium, Bengaluru",death,6,109.0,925.0,0.11783783783783784,0.07952100409836066,0.11409961015593763
"M Chinnaswamy Stadium, Bengaluru",death,W,68.0,925.0,0.07351351351351351,0.08016137295081967,0.07416208516593362
"M Chinnaswamy Stadium, Bengaluru",death,Wd,73.0,925.0,0.07891891891891892,0.04340420081967213,0.07545406837265094
"M Chinnaswamy Stadium, Bengaluru",death,Nb,7.0,925.0,0.0075675675675675675,0.006570184426229508,0.007470261895241903
"M Chinnaswamy Stadium, Bengaluru",middle,0,439.0,1864.0,0.23551502145922748,0.2808889845966761,0.2378253047146984
"M Chinnaswamy Stadium, Bengaluru",middle,1,827.0,1864.0,0.4436695278969957,0.4414331678151601,0.44355566027572096
"M Chinnaswamy Stadium, Bengaluru",middle,2,100.0,1864.0,0.0536480686695279,0.06664217673287394,0.05430968313303839
"M Chinnaswamy Stadium, Bengaluru",middle,3,1.0,1864.0,0.000536480686695279,0.002286430887717876,0.000625582020759566
"M Chinnaswamy Stadium, Bengaluru",middle,4,193.0,1864.0,0.10354077253218884,0.08739739562221321,0.10271880833106993
"M Chinnaswamy Stadium, Bengaluru",middle,6,157.0,1864.0,0.0842274678111588,0.048281059991892986,0.08239720264724505
"M Chinnaswamy Stadium, Bengaluru",middle,W,87.0,1864.0,0.04667381974248927,0.04221980137819214,0.04644703673005052
"M Chinnaswamy Stadium, Bengaluru",middle,Wd,57.0,1864.0,0.0305793991416309,0.028171868666396434,0.030456816123543607
"M Chinnaswamy Stadium, Bengaluru",middle,Nb,3.0,1864.0,0.001609442060085837,0.002679114308877179,0.0016639060238735834
"M Chinnaswamy Stadium, Bengaluru",powerplay,0,507.0,1291.0,0.39271882261812546,0.4228881521678736,0.39488771762529645
"M Chinnaswamy Stadium, Bengaluru",powerplay,1,342.0,1291.0,0.26491092176607284,0.25764450947345025,0.2643885341102409
"M Chinnaswamy Stadium, Bengaluru",powerplay,2,53.0,1291.0,0.041053446940356314,0.04384827662845184,0.04125436927594909
"M Chinnaswamy Stadium, Bengaluru",powerplay,3,3.0,1291.0,0.0023237800154918666,0.005028429611245902,0.0025182192387667793
"M Chinnaswamy Stadium, Bengaluru",powerplay,4,214.0,1291.0,0.16576297443841984,0.15223269683107069,0.16479027295694254
"M Chinnaswamy Stadium, Bengaluru",powerplay,6,86.0,1291.0,0.06661502711076685,0.040523771600022226,0.06473930780733445
"M Chinnaswamy Stadium, Bengaluru",powerplay,W,55.0,1291.0,0.042602633617350893,0.03919952586446391,0.04235798173001178
"M Chinnaswamy Stadium, Bengaluru",powerplay,Wd,29.0,1291.0,0.022463206816421378,0.03486563072990943,0.02335482607691657
"M Chinnaswamy Stadium, Bengaluru",powerplay,Nb,2.0,1291.0,0.001549186676994578,0.003769007093512122,0.00170877117854149
M.Chinnaswamy Stadium,death,0,168.0,825.0,0.20363636363636364,0.21696977459016392,0.2050778134692069
M.Chinnaswamy Stadium,death,1,285.0,825.0,0.34545454545454546,0.37083760245901637,0.34819865972529906
M.Chinnaswamy Stadium,death,2,76.0,825.0,0.09212121212121212,0.08837090163934426,0.09171577315019937
M.Chinnaswamy Stadium,death,3,2.0,825.0,0.0024242424242424242,0.002651127049180328,0.0024487704918032785
M.Chinnaswamy Stadium,death,4,86.0,825.0,0.10424242424242425,0.11151383196721311,0.10502852237483386
M.Chinnaswamy Stadium,death,6,93.0,825.0,0.11272727272727273,0.07952100409836066,0.10913740584847142
M.Chinnaswamy Stadium,death,W,66.0,825.0,0.08,0.08016137295081967,0.08001744572441293
M.Chinnaswamy Stadium,death,Wd,40.0,825.0,0.048484848484848485,0.04340420081967213,0.047935589277802386
M.Chinnaswamy Stadium,death,Nb,9.0,825.0,0.01090909090909091,0.006570184426229508,0.010440019937970757
M.Chinnaswamy Stadium,middle,0,412.0,1507.0,0.2733908427339084,0.2808889845966761,0.27385743525803835
M.Chinnaswamy Stadium,middle,1,691.0,1507.0,0.45852687458526875,0.4414331678151601,0.45746317161264216
M.Chinnaswamy Stadium,middle,2,84.0,1507.0,0.055739880557398806,0.06664217673287394,0.05641830595724169
M.Chinnaswamy Stadium,middle,3,0.0,1507.0,0.0,0.002286430887717876,0.00014227945785425487
M.Chinnaswamy Stadium,middle,4,126.0,1507.0,0.0836098208360982,0.08739739562221321,0.08384551310654718
M.Chinnaswamy Stadium,middle,6,96.0,1507.0,0.06370272063702721,0.048281059991892986,0.06274306533863679
M.Chinnaswamy Stadium,middle,W,57.0,1507.0,0.0378234903782349,0.04221980137819214,0.038097062935792916
M.Chinnaswamy Stadium,middle,Wd,38.0,1507.0,0.025215660252156602,0.028171868666396434,0.025399618460883414
M.Chinnaswamy Stadium,middle,Nb,3.0,1507.0,0.0019907100199071004,0.002679114308877179,0.0020335478723632343
M.Chinnaswamy Stadium,powerplay,0,463.0,1121.0,0.4130240856378234,0.4228881521678736,0.41383195349450236
M.Chinnaswamy Stadium,powerplay,1,304.0,1121.0,0.2711864406779661,0.25764450947345025,0.27007735540323097
M.Chinnaswamy Stadium,powerplay,2,30.0,1121.0,0.026761819803746655,0.04384827662845184,0.028161202017072222
M.Chinnaswamy Stadium,powerplay,3,2.0,1121.0,0.001784121320249777,0.005028429611245902,0.002049830434991474
M.Chinnaswamy Stadium,powerplay,4,179.0,1121.0,0.15967885816235505,0.15223269683107069,0.15906901693948164
M.Chinnaswamy Stadium,powerplay,6,55.0,1121.0,0.04906333630686887,0.040523771600022226,0.04836394525798708
M.Chinnaswamy Stadium,powerplay,W,48.0,1121.0,0.042818911685994644,0.03919952586446391,0.042522483690783285
M.Chinnaswamy Stadium,powerplay,Wd,37.0,1121.0,0.03300624442462088,0.03486563072990943,0.0331585283153079
M.Chinnaswamy Stadium,powerplay,Nb,3.0,1121.0,0.0026761819803746653,0.003769007093512122,0.0027656844466430897
MA Chidambaram Stadium,death,0,112.0,462.0,0.24242424242424243,0.21696977459016392,0.23789497768508253
MA Chidambaram Stadium,death,1,185.0,462.0,0.4004329004329004,0.37083760245901637,0.3951668331777609
MA Chidambaram Stadium,death,2,39.0,462.0,0.08441558441558442,0.08837090163934426,0.08511937751589756
MA Chidambaram Stadium,death,3,0.0,462.0,0.0,0.002651127049180328,0.0004717307916690975
MA Chidambaram Stadium,death,4,35.0,462.0,0.07575757575757576,0.11151383196721311,0.08211989892655037
MA Chidambaram Stadium,death,6,43.0,462.0,0.09307359307359307,0.07952100409836066,0.09066210037337377
MA Chidambaram Stadium,death,W,24.0,462.0,0.05194805194805195,0.08016137295081967,0.056968215827547984
MA Chidambaram Stadium,death,Wd,17.0,462.0,0.0367965367965368,0.04340420081967213,0.03797227772592031
MA Chidambaram Stadium,death,Nb,7.0,462.0,0.015151515151515152,0.006570184426229508,0.01362458797619742
MA Chidambaram Stadium,middle,0,298.0,900.0,0.33111111111111113,0.2808889845966761,0.32608889845966765
MA Chidambaram Stadium,middle,1,396.0,900.0,0.44,0.4414331678151601,0.440143316781516
MA Chidambaram Stadium,middle,2,59.0,900.0,0.06555555555555556,0.06664217673287394,0.0656642176732874
MA Chidambaram Stadium,middle,3,1.0,900.0,0.0011111111111111111,0.002286430887717876,0.0012286430887717876
MA Chidambaram Stadium,middle,4,67.0,900.0,0.07444444444444444,0.08739739562221321,0.07573973956222131
MA Chidambaram Stadium,middle,6,22.0,900.0,0.024444444444444446,0.048281059991892986,0.0268281059991893
MA Chidambaram Stadium,middle,W,38.0,900.0,0.042222222222222223,0.04221980137819214,0.042221980137819214
MA Chidambaram Stadium,middle,Wd,16.0,900.0,0.017777777777777778,0.028171868666396434,0.018817186866639645
MA Chidambaram Stadium,middle,Nb,3.0,900.0,0.0033333333333333335,0.002679114308877179,0.003267911430887718
MA Chidambaram Stadium,powerplay,0,297.0,645.0,0.4604651162790698,0.4228881521678736,0.45542122847890926
MA Chidambaram Stadium,powerplay,1,155.0,645.0,0.24031007751937986,0.25764450947345025,0.24263684690918796
MA Chidambaram Stadium,powerplay,2,30.0,645.0,0.046511627906976744,0.04384827662845184,0.046154131091067356
MA Chidambaram Stadium,powerplay,3,3.0,645.0,0.004651162790697674,0.005028429611245902,0.004701802632382
MA Chidambaram Stadium,powerplay,4,83.0,645.0,0.12868217054263567,0.15223269683107069,0.13184331501088195
MA Chidambaram Stadium,powerplay,6,30.0,645.0,0.046511627906976744,0.040523771600022226,0.04570788880537211
MA Chidambaram Stadium,powerplay,W,32.0,645.0,0.04961240310077519,0.03919952586446391,0.048214701458317306
MA Chidambaram Stadium,powerplay,Wd,12.0,645.0,0.018604651162790697,0.03486563072990943,0.020787332983880462
MA Chidambaram Stadium,powerplay,Nb,3.0,645.0,0.004651162790697674,0.003769007093512122,0.004532752630001627
"MA Chidambaram Stadium, Chepauk",death,0,475.0,2388.0,0.19891122278056952,0.21696977459016392,0.19963704881793265
"MA Chidambaram Stadium, Chepauk",death,1,941.0,2388.0,0.3940536013400335,0.37083760245901637,0.3931204824139476
"MA Chidambaram Stadium, Chepauk",death,2,267.0,2388.0,0.11180904522613065,0.08837090163934426,0.11086699765431447
"MA Chidambaram Stadium, Chepauk",death,3,9.0,2388.0,0.0037688442211055275,0.002651127049180328,0.003723919897475094
"MA Chidambaram Stadium, Chepauk",death,4,243.0,2388.0,0.10175879396984924,0.11151383196721311,0.10215087749064361
"MA Chidambaram Stadium, Chepauk",death,6,156.0,2388.0,0.06532663316582915,0.07952100409836066,0.06589714646697592
"MA Chidambaram Stadium, Chepauk",death,W,189.0,2388.0,0.07914572864321608,0.08016137295081967,0.07918655035975963
"MA Chidambaram Stadium, Chepauk",death,Wd,84.0,2388.0,0.035175879396984924,0.04340420081967213,0.03550659971140161
"MA Chidambaram Stadium, Chepauk",death,Nb,24.0,2388.0,0.010050251256281407,0.006570184426229508,0.009910377187549418
"MA Chidambaram Stadium, Chepauk",middle,0,1268.0,4543.0,0.2791107197886859,0.2808889845966761,0.2791490196983992
"MA Chidambaram Stadium, Chepauk",middle,1,2116.0,4543.0,0.46577151661897426,0.4414331678151601,0.465247322158414
"MA Chidambaram Stadium, Chepauk",middle,2,324.0,4543.0,0.0713185119964781,0.06664217673287394,0.07121779402827641
"MA Chidambaram Stadium, Chepauk",middle,3,10.0,4543.0,0.002201188641866608,0.002286430887717876,0.0022030245722101634
"MA Chidambaram Stadium, Chepauk",middle,4,348.0,4543.0,0.07660136473695796,0.08739739562221321,0.07683388747840218
"MA Chidambaram Stadium, Chepauk",middle,6,172.0,4543.0,0.037860444640105656,0.048281059991892986,0.03808488175730978
"MA Chidambaram Stadium, Chepauk",middle,W,172.0,4543.0,0.037860444640105656,0.04221980137819214,0.0379543355885891
"MA Chidambaram Stadium, Chepauk",middle,Wd,118.0,4543.0,0.025974025974025976,0.028171868666396434,0.02602136266780953
"MA Chidambaram Stadium, Chepauk",middle,Nb,15.0,4543.0,0.003301782962799912,0.002679114308877179,0.0032883720505896444
"MA Chidambaram Stadium, Chepauk",powerplay,0,1311.0,2954.0,0.44380501015572105,0.4228881521678736,0.44312010976319166
"MA Chidambaram Stadium, Chepauk",powerplay,1,760.0,2954.0,0.25727826675693977,0.25764450947345025,0.25729025898734287
"MA Chidambaram Stadium, Chepauk",powerplay,2,134.0,2954.0,0.04536222071767095,0.04384827662845184,0.04531264821966116
"MA Chidambaram Stadium, Chepauk",powerplay,3,30.0,2954.0,0.010155721056194989,0.005028429611245902,0.009987833320603991
"MA Chidambaram Stadium, Chepauk",powerplay,4,434.0,2954.0,0.14691943127962084,0.15223269683107069,0.14709340854063754
"MA Chidambaram Stadium, Chepauk",powerplay,6,82.0,2954.0,0.027758970886932972,0.040523771600022226,0.028176940785855344
"MA Chidambaram Stadium, Chepauk",powerplay,W,98.0,2954.0,0.03317535545023697,0.03919952586446391,0.033372610539111454
"MA Chidambaram Stadium, Chepauk",powerplay,Wd,95.0,2954.0,0.03215978334461747,0.03486563072990943,0.032248383455465275
"MA Chidambaram Stadium, Chepauk",powerplay,Nb,10.0,2954.0,0.003385240352064997,0.003769007093512122,0.0033978063881307174
"MA Chidambaram Stadium, Chepauk, Chennai",death,0,428.0,1813.0,0.23607280750137893,0.21696977459016392,0.2350742171766944
"MA Chidambaram Stadium, Chepauk, Chennai",death,1,650.0,1813.0,0.35852178709321564,0.37083760245901637,0.3591655829826982
"MA Chidambaram Stadium, Chepauk, Chennai",death,2,148.0,1813.0,0.08163265306122448,0.08837090163934426,0.081984887696777
"MA Chidambaram Stadium, Chepauk, Chennai",death,3,4.0,1813.0,0.002206287920573635,0.002651127049180328,0.0022295414035117785
"MA Chidambaram Stadium, Chepauk, Chennai",death,4,183.0,1813.0,0.10093767236624379,0.11151383196721311,0.10149052963759608
"MA Chidambaram Stadium, Chepauk, Chennai",death,6,121.0,1813.0,0.06674020959735245,0.07952100409836066,0.06740831176677264
"MA Chidambaram Stadium, Chepauk, Chennai",death,W,147.0,1813.0,0.08108108108108109,0.08016137295081967,0.08103300433616412
"MA Chidambaram Stadium, Chepauk, Chennai",death,Wd,117.0,1813.0,0.06453392167677882,0.04340420081967213,0.06342938843803828
"MA Chidambaram Stadium, Chepauk, Chennai",death,Nb,15.0,1813.0,0.00827357970215113,0.006570184426229508,0.008184536561747491
"MA Chidambaram Stadium, Chepauk, Chennai",middle,0,979.0,3621.0,0.2703673018503176,0.2808889845966761,0.2706500667722837
"MA Chidambaram Stadium, Chepauk, Chennai",middle,1,1678.0,3621.0,0.46340789837061586,0.4414331678151601,0.4628173385599344
"MA Chidambaram Stadium, Chepauk, Chennai",middle,2,244.0,3621.0,0.06738470035901685,0.06664217673287394,0.06736474541071953
"MA Chidambaram Stadium, Chepauk, Chennai",middle,3,8.0,3621.0,0.0022093344380005524,0.002286430887717876,0.002211406366238051
"MA Chidambaram Stadium, Chepauk, Chennai",middle,4,272.0,3621.0,0.07511737089201878,0.08739739562221321,0.07544739036877757
"MA Chidambaram Stadium, Chepauk, Chennai",middle,6,155.0,3621.0,0.0428058547362607,0.048281059991892986,0.0429529981185674
"MA Chidambaram Stadium, Chepauk, Chennai",middle,W,166.0,3621.0,0.04584368958851146,0.04221980137819214,0.04574629941892481
"MA Chidambaram Stadium, Chepauk, Chennai",middle,Wd,105.0,3621.0,0.02899751449875725,0.028171868666396434,0.028975325683052847
"MA Chidambaram Stadium, Chepauk, Chennai",middle,Nb,14.0,3621.0,0.0038663352665009665,0.002679114308877179,0.003834429301501671
"MA Chidambaram Stadium, Chepauk, Chennai",powerplay,0,914.0,2368.0,0.3859797297297297,0.4228881521678736,0.38747520875882796
"MA Chidambaram Stadium, Chepauk, Chennai",powerplay,1,676.0,2368.0,0.28547297297297297,0.25764450947345025,0.2843454015183732
"MA Chidambaram Stadium, Chepauk, Chennai",powerplay,2,115.0,2368.0,0.048564189189189186,0.04384827662845184,0.04837310683259529
"MA Chidambaram Stadium, Chepauk, Chennai",powerplay,3,7.0,2368.0,0.0029560810810810812,0.005028429611245902,0.003040049822173659
"MA Chidambaram Stadium, Chepauk, Chennai",powerplay,4,387.0,2368.0,0.16342905405405406,0.15223269683107069,0.16297539290239346
"MA Chidambaram Stadium, Chepauk, Chennai",powerplay,6,100.0,2368.0,0.04222972972972973,0.040523771600022226,0.04216060662885017
"MA Chidambaram Stadium, Chepauk, Chennai",powerplay,W,83.0,2368.0,0.03505067567567568,0.03919952586446391,0.03521878143697179
"MA Chidambaram Stadium, Chepauk, Chennai",powerplay,Wd,73.0,2368.0,0.030827702702702704,0.03486563072990943,0.030991314049023885
"MA Chidambaram Stadium, Chepauk, Chennai",powerplay,Nb,13.0,2368.0,0.005489864864864865,0.003769007093512122,0.005420138050790604
"Maharaja Yadavindra Singh International Cricket Stadium, Mullanpur",death,0,68.0,370.0,0.1837837837837838,0.21696977459016392,0.19084463289152426
"Maharaja Yadavindra Singh International Cricket Stadium, Mullanpur",death,1,151.0,370.0,0.4081081081081081,0.37083760245901637,0.40017821328915243
"Maharaja Yadavindra Singh International Cricket Stadium, Mullanpur",death,2,33.0,370.0,0.0891891891891892,0.08837090163934426,0.08901508545517964
"Maharaja Yadavindra Singh International Cricket Stadium, Mullanpur",death,3,1.0,370.0,0.002702702702702703,0.002651127049180328,0.00269172915940007
"Maharaja Yadavindra Singh International Cricket Stadium, Mullanpur",death,4,38.0,370.0,0.10270270270270271,0.11151383196721311,0.10457741105685385
"Maharaja Yadavindra Singh International Cricket Stadium, Mullanpur",death,6,31.0,370.0,0.08378378378378379,0.07952100409836066,0.08287680938262992
"Maharaja Yadavindra Singh International Cricket Stadium, Mullanpur",death,W,31.0,370.0,0.08378378378378379,0.08016137295081967,0.08301305807464249
"Maharaja Yadavindra Singh International Cricket Stadium, Mullanpur",death,Wd,17.0,370.0,0.04594594594594595,0.04340420081967213,0.04540514911056854
"Maharaja Yadavindra Singh International Cricket Stadium, Mullanpur",death,Nb,0.0,370.0,0.0,0.006570184426229508,0.0013979115800488316
"Maharaja Yadavindra Singh International Cricket Stadium, Mullanpur",middle,0,216.0,805.0,0.2683229813664596,0.2808889845966761,0.26971149001068245
"Maharaja Yadavindra Singh International Cricket Stadium, Mullanpur",middle,1,374.0,805.0,0.4645962732919255,0.4414331678151601,0.4620368141232221
"Maharaja Yadavindra Singh International Cricket Stadium, Mullanpur",middle,2,45.0,805.0,0.055900621118012424,0.06664217673287394,0.05708753334064905
"Maharaja Yadavindra Singh International Cricket Stadium, Mullanpur",middle,3,0.0,805.0,0.0,0.002286430887717876,0.0002526442969854007
"Maharaja Yadavindra Singh International Cricket Stadium, Mullanpur",middle,4,70.0,805.0,0.08695652173913043,0.08739739562221321,0.08700523708532742
"Maharaja Yadavindra Singh International Cricket Stadium, Mullanpur",middle,6,38.0,805.0,0.04720496894409938,0.048281059991892986,0.04732387403225337
"Maharaja Yadavindra Singh International Cricket Stadium, Mullanpur",middle,W,41.0,805.0,0.05093167701863354,0.04221980137819214,0.049969038826319576
"Maharaja Yadavindra Singh International Cricket Stadium, Mullanpur",middle,Wd,21.0,805.0,0.02608695652173913,0.028171868666396434,0.02631733355429795
"Maharaja Yadavindra Singh International Cricket Stadium, Mullanpur",middle,Nb,0.0,805.0,0.0,0.002679114308877179,0.0002960347302626717
"Maharaja Yadavindra Singh International Cricket Stadium, Mullanpur",powerplay,0,217.0,546.0,0.3974358974358974,0.4228881521678736,0.4013758749485873
"Maharaja Yadavindra Singh International Cricket Stadium, Mullanpur",powerplay,1,144.0,546.0,0.26373626373626374,0.25764450947345025,0.26279326772034833
"Maharaja Yadavindra Singh International Cricket Stadium, Mullanpur",powerplay,2,27.0,546.0,0.04945054945054945,0.04384827662845184,0.048583324555487896
"Maharaja Yadavindra Singh International Cricket Stadium, Mullanpur",powerplay,3,2.0,546.0,0.003663003663003663,0.005028429611245902,0.0038743699088615944
"Maharaja Yadavindra Singh International Cricket Stadium, Mullanpur",powerplay,4,87.0,546.0,0.15934065934065933,0.15223269683107069,0.15824035554660537
"Maharaja Yadavindra Singh International Cricket Stadium, Mullanpur",powerplay,6,20.0,546.0,0.03663003663003663,0.040523771600022226,0.03723278198142759
"Maharaja Yadavindra Singh International Cricket Stadium, Mullanpur",powerplay,W,30.0,546.0,0.054945054945054944,0.03919952586446391,0.052507666542486675
"Maharaja Yadavindra Singh International Cricket Stadium, Mullanpur",powerplay,Wd,17.0,546.0,0.031135531135531136,0.03486563072990943,0.03171294593342251
"Maharaja Yadavindra Singh International Cricket Stadium, Mullanpur",powerplay,Nb,2.0,546.0,0.003663003663003663,0.003769007093512122,0.0036794128627727746
"Maharaja Yadavindra Singh International Cricket Stadium, New Chandigarh",death,0,68.0,282.0,0.24113475177304963,0.21696977459016392,0.23480884151574974
"Maharaja Yadavindra Singh International Cricket Stadium, New Chandigarh",death,1,91.0,282.0,0.32269503546099293,0.37083760245901637,0.33529780169084195
"Maharaja Yadavindra Singh International Cricket Stadium, New Chandigarh",death,2,19.0,282.0,0.0673758865248227,0.08837090163934426,0.07287196377993306
"Maharaja Yadavindra Singh International Cricket Stadium, New Chandigarh",death,3,0.0,282.0,0.0,0.002651127049180328,0.0006940123165393528
"Maharaja Yadavindra Singh International Cricket Stadium, New Chandigarh",death,4,31.0,282.0,0.1099290780141844,0.11151383196721311,0.11034393506995108
"Maharaja Yadavindra Singh International Cricket Stadium, New Chandigarh",death,6,37.0,282.0,0.13120567375886524,0.07952100409836066,0.11767565552313106
"Maharaja Yadavindra Singh International Cricket Stadium, New Chandigarh",death,W,16.0,282.0,0.05673758865248227,0.08016137295081967,0.06286946935885332
"Maharaja Yadavindra Singh International Cricket Stadium, New Chandigarh",death,Wd,19.0,282.0,0.0673758865248227,0.04340420081967213,0.061100576130804225
"Maharaja Yadavindra Singh International Cricket Stadium, New Chandigarh",death,Nb,1.0,282.0,0.0035460992907801418,0.006570184426229508,0.004337744614196206
"Maharaja Yadavindra Singh International Cricket Stadium, New Chandigarh",middle,0,125.0,570.0,0.21929824561403508,0.2808889845966761,0.22849089322338448
"Maharaja Yadavindra Singh International Cricket Stadium, New Chandigarh",middle,1,253.0,570.0,0.443859649122807,0.4414331678151601,0.44349748773360603
"Maharaja Yadavindra Singh International Cricket Stadium, New Chandigarh",middle,2,38.0,570.0,0.06666666666666667,0.06664217673287394,0.06666301145266776
"Maharaja Yadavindra Singh International Cricket Stadium, New Chandigarh",middle,3,0.0,570.0,0.0,0.002286430887717876,0.00034125834145042923
"Maharaja Yadavindra Singh International Cricket Stadium, New Chandigarh",middle,4,54.0,570.0,0.09473684210526316,0.08739739562221321,0.09364140233167362
"Maharaja Yadavindra Singh International Cricket Stadium, New Chandigarh",middle,6,50.0,570.0,0.08771929824561403,0.048281059991892986,0.08183299402864075
"Maharaja Yadavindra Singh International Cricket Stadium, New Chandigarh",middle,W,24.0,570.0,0.042105263157894736,0.04221980137819214,0.042122358414655545
"Maharaja Yadavindra Singh International Cricket Stadium, New Chandigarh",middle,Wd,25.0,570.0,0.043859649122807015,0.028171868666396434,0.0415181893531935
"Maharaja Yadavindra Singh International Cricket Stadium, New Chandigarh",middle,Nb,1.0,570.0,0.0017543859649122807,0.002679114308877179,0.0018924051207279372
"Maharaja Yadavindra Singh International Cricket Stadium, New Chandigarh",powerplay,0,128.0,409.0,0.31295843520782396,0.4228881521678736,0.3345556291096019
"Maharaja Yadavindra Singh International Cricket Stadium, New Chandigarh",powerplay,1,111.0,409.0,0.2713936430317848,0.25764450947345025,0.2686924380105011
"Maharaja Yadavindra Singh International Cricket Stadium, New Chandigarh",powerplay,2,24.0,409.0,0.05867970660146699,0.04384827662845184,0.05576586967160154
"Maharaja Yadavindra Singh International Cricket Stadium, New Chandigarh",powerplay,3,1.0,409.0,0.0024449877750611247,0.005028429611245902,0.002952540198673065
"Maharaja Yadavindra Singh International Cricket Stadium, New Chandigarh",powerplay,4,82.0,409.0,0.20048899755501223,0.15223269683107069,0.19100838837545592
"Maharaja Yadavindra Singh International Cricket Stadium, New Chandigarh",powerplay,6,34.0,409.0,0.08312958435207823,0.040523771600022226,0.07475909068762716
"Maharaja Yadavindra Singh International Cricket Stadium, New Chandigarh",powerplay,W,11.0,409.0,0.02689486552567237,0.03919952586446391,0.02931228405981609
"Maharaja Yadavindra Singh International Cricket Stadium, New Chandigarh",powerplay,Wd,17.0,409.0,0.04156479217603912,0.03486563072990943,0.040248650438096154
"Maharaja Yadavindra Singh International Cricket Stadium, New Chandigarh",powerplay,Nb,1.0,409.0,0.0024449877750611247,0.003769007093512122,0.002705109448627136
Maharashtra Cricket Association Stadium,death,0,209.0,1090.0,0.19174311926605506,0.21696977459016392,0.19386300626808098
Maharashtra Cricket Association Stadium,death,1,415.0,1090.0,0.38073394495412843,0.37083760245901637,0.37990231953437115
Maharashtra Cricket Association Stadium,death,2,107.0,1090.0,0.0981651376146789,0.08837090163934426,0.0973420925747348
Maharashtra Cricket Association Stadium,death,3,0.0,1090.0,0.0,0.002651127049180328,0.00022278378564540572
Maharashtra Cricket Association Stadium,death,4,124.0,1090.0,0.11376146788990826,0.11151383196721311,0.11357259092161454
Maharashtra Cricket Association Stadium,death,6,94.0,1090.0,0.08623853211009175,0.07952100409836066,0.08567403395784542
Maharashtra Cricket Association Stadium,death,W,86.0,1090.0,0.07889908256880734,0.08016137295081967,0.07900515739082518
Maharashtra Cricket Association Stadium,death,Wd,54.0,1090.0,0.04954128440366973,0.04340420081967213,0.04902556309409009
Maharashtra Cricket Association Stadium,death,Nb,1.0,1090.0,0.0009174311926605505,0.006570184426229508,0.0013924524727923957
Maharashtra Cricket Association Stadium,middle,0,629.0,2219.0,0.28346101847679134,0.2808889845966761,0.2833501071408657
Maharashtra Cricket Association Stadium,middle,1,1001.0,2219.0,0.45110410094637227,0.4414331678151601,0.4506870706259232
Maharashtra Cricket Association Stadium,middle,2,147.0,2219.0,0.06624605678233439,0.06664217673287394,0.06626313828084839
Maharashtra Cricket Association Stadium,middle,3,4.0,2219.0,0.0018026137899954935,0.002286430887717876,0.0018234769679912838
Maharashtra Cricket Association Stadium,middle,4,182.0,2219.0,0.08201892744479496,0.08739739562221321,0.08225085793972459
Maharashtra Cricket Association Stadium,middle,6,86.0,2219.0,0.03875619648490311,0.048281059991892986,0.03916692798585136
Maharashtra Cricket Association Stadium,middle,W,92.0,2219.0,0.04146011716989635,0.04221980137819214,0.04149287629918897
Maharashtra Cricket Association Stadium,middle,Wd,75.0,2219.0,0.0337990085624155,0.028171868666396434,0.03355635483684331
Maharashtra Cricket Association Stadium,middle,Nb,3.0,2219.0,0.0013519603424966202,0.002679114308877179,0.0014091899227631384
Maharashtra Cricket Association Stadium,powerplay,0,624.0,1544.0,0.40414507772020725,0.4228881521678736,0.405285167406805
Maharashtra Cricket Association Stadium,powerplay,1,435.0,1544.0,0.2817357512953368,0.25764450947345025,0.2802703472915724
Maharashtra Cricket Association Stadium,powerplay,2,70.0,1544.0,0.04533678756476684,0.04384827662845184,0.045246245537010454
Maharashtra Cricket Association Stadium,powerplay,3,7.0,1544.0,0.0045336787564766836,0.005028429611245902,0.004563773090708388
Maharashtra Cricket Association Stadium,powerplay,4,234.0,1544.0,0.15155440414507773,0.15223269683107069,0.1515956628242744
Maharashtra Cricket Association Stadium,powerplay,6,54.0,1544.0,0.034974093264248704,0.040523771600022226,0.0353116649391741
Maharashtra Cricket Association Stadium,powerplay,W,61.0,1544.0,0.03950777202072539,0.03919952586446391,0.03948902225452943
Maharashtra Cricket Association Stadium,powerplay,Wd,57.0,1544.0,0.036917098445595854,0.03486563072990943,0.03679231330473902
Maharashtra Cricket Association Stadium,powerplay,Nb,2.0,1544.0,0.0012953367875647669,0.003769007093512122,0.001445803351186869
"Maharashtra Cricket Association Stadium, Pune",death,0,170.0,719.0,0.2364394993045897,0.21696977459016392,0.23406224353970254
"Maharashtra Cricket Association Stadium, Pune",death,1,251.0,719.0,0.34909596662030595,0.37083760245901637,0.35175062301086896
"Maharashtra Cricket Association Stadium, Pune",death,2,54.0,719.0,0.07510431154381085,0.08837090163934426,0.07672416381432776
"Maharashtra Cricket Association Stadium, Pune",death,3,2.0,719.0,0.0027816411682892906,0.002651127049180328,0.0027657053784102964
"Maharashtra Cricket Association Stadium, Pune",death,4,71.0,719.0,0.09874826147426982,0.11151383196721311,0.10030693919013592
"Maharashtra Cricket Association Stadium, Pune",death,6,76.0,719.0,0.10570236439499305,0.07952100409836066,0.10250561710602694
"Maharashtra Cricket Association Stadium, Pune",death,W,58.0,719.0,0.08066759388038942,0.08016137295081967,0.08060578424307932
"Maharashtra Cricket Association Stadium, Pune",death,Wd,29.0,719.0,0.04033379694019471,0.04340420081967213,0.04070869362877559
"Maharashtra Cricket Association Stadium, Pune",death,Nb,8.0,719.0,0.011126564673157162,0.006570184426229508,0.010570230088672711
"Maharashtra Cricket Association Stadium, Pune",middle,0,400.0,1380.0,0.2898550724637681,0.2808889845966761,0.28924925571599164
"Maharashtra Cricket Association Stadium, Pune",middle,1,582.0,1380.0,0.4217391304347826,0.4414331678151601,0.42306980863615945
"Maharashtra Cricket Association Stadium, Pune",middle,2,79.0,1380.0,0.0572463768115942,0.06664217673287394,0.05788122815762662
"Maharashtra Cricket Association Stadium, Pune",middle,3,3.0,1380.0,0.002173913043478261,0.002286430887717876,0.0021815156005214782
"Maharashtra Cricket Association Stadium, Pune",middle,4,119.0,1380.0,0.08623188405797101,0.08739739562221321,0.08631063483933872
"Maharashtra Cricket Association Stadium, Pune",middle,6,83.0,1380.0,0.060144927536231886,0.048281059991892986,0.0593433148643171
"Maharashtra Cricket Association Stadium, Pune",middle,W,78.0,1380.0,0.05652173913043478,0.04221980137819214,0.055555391985012983
"Maharashtra Cricket Association Stadium, Pune",middle,Wd,33.0,1380.0,0.02391304347826087,0.028171868666396434,0.02420080193691868
"Maharashtra Cricket Association Stadium, Pune",middle,Nb,3.0,1380.0,0.002173913043478261,0.002679114308877179,0.002208048264113323
"Maharashtra Cricket Association Stadium, Pune",powerplay,0,374.0,817.0,0.45777233782129745,0.4228881521678736,0.45396817362790337
"Maharashtra Cricket Association Stadium, Pune",powerplay,1,221.0,817.0,0.27050183598531213,0.25764450947345025,0.26909972840495644
"Maharashtra Cricket Association Stadium, Pune",powerplay,2,38.0,817.0,0.046511627906976744,0.04384827662845184,0.04622118610997294
"Maharashtra Cricket Association Stadium, Pune",powerplay,3,2.0,817.0,0.0024479804161566705,0.005028429611245902,0.002729381636995191
"Maharashtra Cricket Association Stadium, Pune",powerplay,4,88.0,817.0,0.10771113831089352,0.15223269683107069,0.11256627010153442
"Maharashtra Cricket Association Stadium, Pune",powerplay,6,32.0,817.0,0.03916768665850673,0.040523771600022226,0.03931556942203078
"Maharashtra Cricket Association Stadium, Pune",powerplay,W,28.0,817.0,0.03427172582619339,0.03919952586446391,0.034809108600268694
"Maharashtra Cricket Association Stadium, Pune",powerplay,Wd,25.0,817.0,0.030599755201958383,0.03486563072990943,0.031064954278070822
"Maharashtra Cricket Association Stadium, Pune",powerplay,Nb,9.0,817.0,0.011015911872705019,0.003769007093512122,0.010225627818267406
"Mahinda Rajapaksa International Cricket Stadium, Sooriyawewa",death,0,34.0,157.0,0.21656050955414013,0.21696977459016392,0.21671975664986926
"Mahinda Rajapaksa International Cricket Stadium, Sooriyawewa",death,1,61.0,157.0,0.3885350318471338,0.37083760245901637,0.3816488725521464
"Mahinda Rajapaksa International Cricket Stadium, Sooriyawewa",death,2,21.0,157.0,0.1337579617834395,0.08837090163934426,0.11609762709702112
"Mahinda Rajapaksa International Cricket Stadium, Sooriyawewa",death,3,1.0,157.0,0.006369426751592357,0.002651127049180328,0.004922617528863941
"Mahinda Rajapaksa International Cricket Stadium, Sooriyawewa",death,4,19.0,157.0,0.12101910828025478,0.11151383196721311,0.11732055718568604
"Mahinda Rajapaksa International Cricket Stadium, Sooriyawewa",death,6,8.0,157.0,0.050955414012738856,0.07952100409836066,0.06207042961025707
"Mahinda Rajapaksa International Cricket Stadium, Sooriyawewa",death,W,7.0,157.0,0.044585987261146494,0.08016137295081967,0.05842854978631115
"Mahinda Rajapaksa International Cricket Stadium, Sooriyawewa",death,Wd,6.0,157.0,0.03821656050955414,0.04340420081967213,0.04023509759520316
"Mahinda Rajapaksa International Cricket Stadium, Sooriyawewa",death,Nb,0.0,157.0,0.0,0.006570184426229508,0.002556491994641832
"Mahinda Rajapaksa International Cricket Stadium, Sooriyawewa",middle,0,84.0,248.0,0.3387096774193548,0.2808889845966761,0.32209453580364256
"Mahinda Rajapaksa International Cricket Stadium, Sooriyawewa",middle,1,96.0,248.0,0.3870967741935484,0.4414331678151601,0.4027106804066552
"Mahinda Rajapaksa International Cricket Stadium, Sooriyawewa",middle,2,25.0,248.0,0.10080645161290322,0.06664217673287394,0.09098913124507871
"Mahinda Rajapaksa International Cricket Stadium, Sooriyawewa",middle,3,1.0,248.0,0.004032258064516129,0.002286430887717876,0.003530583588424677
"Mahinda Rajapaksa International Cricket Stadium, Sooriyawewa",middle,4,17.0,248.0,0.06854838709677419,0.08739739562221321,0.07396476885695782
"Mahinda Rajapaksa International Cricket Stadium, Sooriyawewa",middle,6,7.0,248.0,0.028225806451612902,0.048281059991892986,0.03398881034249798
"Mahinda Rajapaksa International Cricket Stadium, Sooriyawewa",middle,W,12.0,248.0,0.04838709677419355,0.04221980137819214,0.04661488545350349
"Mahinda Rajapaksa International Cricket Stadium, Sooriyawewa",middle,Wd,6.0,248.0,0.024193548387096774,0.028171868666396434,0.025336743869654146
"Mahinda Rajapaksa International Cricket Stadium, Sooriyawewa",middle,Nb,0.0,248.0,0.0,0.002679114308877179,0.0007698604335853962
"Mahinda Rajapaksa International Cricket Stadium, Sooriyawewa",powerplay,0,105.0,218.0,0.481651376146789,0.4228881521678736,0.46317237489555774
"Mahinda Rajapaksa International Cricket Stadium, Sooriyawewa",powerplay,1,42.0,218.0,0.1926605504587156,0.25764450947345025,0.21309575769605354
"Mahinda Rajapaksa International Cricket Stadium, Sooriyawewa",powerplay,2,16.0,218.0,0.07339449541284404,0.04384827662845184,0.06410323164416724
"Mahinda Rajapaksa International Cricket Stadium, Sooriyawewa",powerplay,3,4.0,218.0,0.01834862385321101,0.005028429611245902,0.014159883525549024
"Mahinda Rajapaksa International Cricket Stadium, Sooriyawewa",powerplay,4,29.0,218.0,0.13302752293577982,0.15223269683107069,0.13906688579593418
"Mahinda Rajapaksa International Cricket Stadium, Sooriyawewa",powerplay,6,1.0,218.0,0.0045871559633027525,0.040523771600022226,0.015887978490573027
"Mahinda Rajapaksa International Cricket Stadium, Sooriyawewa",powerplay,W,12.0,218.0,0.05504587155963303,0.03919952586446391,0.050062743982535816
"Mahinda Rajapaksa International Cricket Stadium, Sooriyawewa",powerplay,Wd,9.0,218.0,0.04128440366972477,0.03486563072990943,0.039265921613179065
"Mahinda Rajapaksa International Cricket Stadium, Sooriyawewa",powerplay,Nb,0.0,218.0,0.0,0.003769007093512122,0.0011852223564503528
"Malahide, Dublin",death,0,4.0,8.0,0.5,0.21696977459016392,0.237934976472374
"Malahide, Dublin",death,1,4.0,8.0,0.5,0.37083760245901637,0.3804051874620522
"Malahide, Dublin",death,2,0.0,8.0,0.0,0.08837090163934426,0.08182490892531877
"Malahide, Dublin",death,3,0.0,8.0,0.0,0.002651127049180328,0.002454747267759563
"Malahide, Dublin",death,4,0.0,8.0,0.0,0.11151383196721311,0.10325354811778992
"Malahide, Dublin",death,6,0.0,8.0,0.0,0.07952100409836066,0.07363055935033394
"Malahide, Dublin",death,W,0.0,8.0,0.0,0.08016137295081967,0.07422349347298117
"Malahide, Dublin",death,Wd,0.0,8.0,0.0,0.04340420081967213,0.040189074833029755
"Malahide, Dublin",death,Nb,0.0,8.0,0.0,0.006570184426229508,0.0060835040983606556
"Malahide, Dublin",middle,0,2.0,6.0,0.3333333333333333,0.2808889845966761,0.2838575326383737
"Malahide, Dublin",middle,1,0.0,6.0,0.0,0.4414331678151601,0.41644638473128315
"Malahide, Dublin",middle,2,0.0,6.0,0.0,0.06664217673287394,0.06286997804988108
"Malahide, Dublin",middle,3,0.0,6.0,0.0,0.002286430887717876,0.0021570102714319585
"Malahide, Dublin",middle,4,3.0,6.0,0.5,0.08739739562221321,0.11075226002095587
"Malahide, Dublin",middle,6,1.0,6.0,0.16666666666666666,0.048281059991892986,0.05498213206782357
"Malahide, Dublin",middle,W,0.0,6.0,0.0,0.04221980137819214,0.039830001300181266
"Malahide, Dublin",middle,Wd,0.0,6.0,0.0,0.028171868666396434,0.026577234590940035
"Malahide, Dublin",middle,Nb,0.0,6.0,0.0,0.002679114308877179,0.002527466329129414
"Malahide, Dublin",powerplay,0,11.0,31.0,0.3548387096774194,0.4228881521678736,0.4067848489831096
"Malahide, Dublin",powerplay,1,11.0,31.0,0.3548387096774194,0.25764450947345025,0.28064466372019103
"Malahide, Dublin",powerplay,2,1.0,31.0,0.03225806451612903,0.04384827662845184,0.041105554678207507
"Malahide, Dublin",powerplay,3,0.0,31.0,0.0,0.005028429611245902,0.003838495886447253
"Malahide, Dublin",powerplay,4,5.0,31.0,0.16129032258064516,0.15223269683107069,0.154376104451199
"Malahide, Dublin",powerplay,6,2.0,31.0,0.06451612903225806,0.040523771600022226,0.04620135236642918
"Malahide, Dublin",powerplay,W,0.0,31.0,0.0,0.03919952586446391,0.02992330218661367
"Malahide, Dublin",powerplay,Wd,1.0,31.0,0.03225806451612903,0.03486563072990943,0.03424857307626674
"Malahide, Dublin",powerplay,Nb,0.0,31.0,0.0,0.003769007093512122,0.002877104651535971
Mangaung Oval,middle,0,0.0,12.0,0.0,0.2808889845966761,0.2507937362470322
Mangaung Oval,middle,1,8.0,12.0,0.6666666666666666,0.4414331678151601,0.465565328406393
Mangaung Oval,middle,2,2.0,12.0,0.16666666666666666,0.06664217673287394,0.07735908636863743
Mangaung Oval,middle,3,0.0,12.0,0.0,0.002286430887717876,0.0020414561497481038
Mangaung Oval,middle,4,0.0,12.0,0.0,0.08739739562221321,0.07803338894840466
Mangaung Oval,middle,6,1.0,12.0,0.08333333333333333,0.048281059991892986,0.05203666070704731
Mangaung Oval,middle,W,1.0,12.0,0.08333333333333333,0.04221980137819214,0.046624822659100125
Mangaung Oval,middle,Wd,0.0,12.0,0.0,0.028171868666396434,0.02515345416642539
Mangaung Oval,middle,Nb,0.0,12.0,0.0,0.002679114308877179,0.002392066347211767
Mangaung Oval,powerplay,0,1.0,7.0,0.14285714285714285,0.4228881521678736,0.40456836651203143
Mangaung Oval,powerplay,1,4.0,7.0,0.5714285714285714,0.25764450947345025,0.2781724387602339
Mangaung Oval,powerplay,2,1.0,7.0,0.14285714285714285,0.04384827662845184,0.05032549217612321
Mangaung Oval,powerplay,3,0.0,7.0,0.0,0.005028429611245902,0.004699466926398038
Mangaung Oval,powerplay,4,1.0,7.0,0.14285714285714285,0.15223269683107069,0.15161934283277637
Mangaung Oval,powerplay,6,0.0,7.0,0.0,0.040523771600022226,0.03787268373833853
Mangaung Oval,powerplay,W,0.0,7.0,0.0,0.03919952586446391,0.03663507090136814
Mangaung Oval,powerplay,Wd,0.0,7.0,0.0,0.03486563072990943,0.032584701616737786
Mangaung Oval,powerplay,Nb,0.0,7.0,0.0,0.003769007093512122,0.0035224365359926377
Manuka Oval,death,0,10.0,57.0,0.17543859649122806,0.21696977459016392,0.20189157617207892
Manuka Oval,death,1,21.0,57.0,0.3684210526315789,0.37083760245901637,0.3699602563433225
Manuka Oval,death,2,9.0,57.0,0.15789473684210525,0.08837090163934426,0.11361203926072884
Manuka Oval,death,3,1.0,57.0,0.017543859649122806,0.002651127049180328,0.008058042706484286
Manuka Oval,death,4,6.0,57.0,0.10526315789473684,0.11151383196721311,0.10924447896000836
Manuka Oval,death,6,3.0,57.0,0.05263157894736842,0.07952100409836066,0.06975860133653546
Manuka Oval,death,W,5.0,57.0,0.08771929824561403,0.08016137295081967,0.08290533308969406
Manuka Oval,death,Wd,1.0,57.0,0.017543859649122806,0.04340420081967213,0.03401541453482301
Manuka Oval,death,Nb,1.0,57.0,0.017543859649122806,0.006570184426229508,0.010554257596324527
Manuka Oval,middle,0,29.0,99.0,0.29292929292929293,0.2808889845966761,0.2868788867319981
Manuka Oval,middle,1,49.0,99.0,0.494949494949495,0.4414331678151601,0.46805686824882414
Manuka Oval,middle,2,7.0,99.0,0.0707070707070707,0.06664217673287394,0.06866441041852961
Manuka Oval,middle,3,0.0,99.0,0.0,0.002286430887717876,0.0011489602450843598
Manuka Oval,middle,4,2.0,99.0,0.020202020202020204,0.08739739562221321,0.05396854051367499
Manuka Oval,middle,6,2.0,99.0,0.020202020202020204,0.048281059991892986,0.03431209044818743
Manuka Oval,middle,W,7.0,99.0,0.0707070707070707,0.04221980137819214,0.056391859989041275
Manuka Oval,middle,Wd,3.0,99.0,0.030303030303030304,0.028171868666396434,0.029232094807234387
Manuka Oval,middle,Nb,0.0,99.0,0.0,0.002679114308877179,0.001346288597425718
Manuka Oval,powerplay,0,31.0,73.0,0.4246575342465753,0.4228881521678736,0.4236347700392333
Manuka Oval,powerplay,1,21.0,73.0,0.2876712328767123,0.25764450947345025,0.27031474536037586
Manuka Oval,powerplay,2,5.0,73.0,0.0684931506849315,0.04384827662845184,0.054247558744769844
Manuka Oval,powerplay,3,0.0,73.0,0.0,0.005028429611245902,0.0029066067117028333
Manuka Oval,powerplay,4,12.0,73.0,0.1643835616438356,0.15223269683107069,0.15735994036478074
Manuka Oval,powerplay,6,2.0,73.0,0.0273972602739726,0.040523771600022226,0.034984839075157356
Manuka Oval,powerplay,W,1.0,73.0,0.0136986301369863,0.03919952586446391,0.02843903229159763
Manuka Oval,powerplay,Wd,1.0,73.0,0.0136986301369863,0.03486563072990943,0.02593389059532337
Manuka Oval,powerplay,Nb,0.0,73.0,0.0,0.003769007093512122,0.00217861681705903
"Manuka Oval, Canberra",death,0,23.0,91.0,0.25274725274725274,0.21696977459016392,0.23401558879066175
"Manuka Oval, Canberra",death,1,30.0,91.0,0.32967032967032966,0.37083760245901637,0.35122387563299284
"Manuka Oval, Canberra",death,2,13.0,91.0,0.14285714285714285,0.08837090163934426,0.11433031499442109
"Manuka Oval, Canberra",death,3,0.0,91.0,0.0,0.002651127049180328,0.0013880246330787056
"Manuka Oval, Canberra",death,4,12.0,91.0,0.13186813186813187,0.11151383196721311,0.12121143034932624
"Manuka Oval, Canberra",death,6,5.0,91.0,0.054945054945054944,0.07952100409836066,0.06781204403055532
"Manuka Oval, Canberra",death,W,4.0,91.0,0.04395604395604396,0.08016137295081967,0.06291171358681658
"Manuka Oval, Canberra",death,Wd,3.0,91.0,0.03296703296703297,0.04340420081967213,0.03843151875375504
"Manuka Oval, Canberra",death,Nb,1.0,91.0,0.01098901098901099,0.006570184426229508,0.008675489228392412
"Manuka Oval, Canberra",middle,0,43.0,194.0,0.22164948453608246,0.2808889845966761,0.24179897435261088
"Manuka Oval, Canberra",middle,1,79.0,194.0,0.4072164948453608,0.4414331678151601,0.4188548189847483
"Manuka Oval, Canberra",middle,2,22.0,194.0,0.1134020618556701,0.06664217673287394,0.09749733902478705
"Manuka Oval, Canberra",middle,3,2.0,194.0,0.010309278350515464,0.002286430887717876,0.007580418669291795
"Manuka Oval, Canberra",middle,4,23.0,194.0,0.11855670103092783,0.08739739562221321,0.10795829783068478
"Manuka Oval, Canberra",middle,6,9.0,194.0,0.04639175257731959,0.048281059991892986,0.04703437414690237
"Manuka Oval, Canberra",middle,W,8.0,194.0,0.041237113402061855,0.04221980137819214,0.041571361012990526
"Manuka Oval, Canberra",middle,Wd,7.0,194.0,0.03608247422680412,0.028171868666396434,0.03339179206340015
"Manuka Oval, Canberra",middle,Nb,1.0,194.0,0.005154639175257732,0.002679114308877179,0.004312623914584075
"Manuka Oval, Canberra",powerplay,0,103.0,228.0,0.4517543859649123,0.4228881521678736,0.44295370492922975
"Manuka Oval, Canberra",powerplay,1,54.0,228.0,0.23684210526315788,0.25764450947345025,0.24318430166873484
"Manuka Oval, Canberra",powerplay,2,12.0,228.0,0.05263157894736842,0.04384827662845184,0.049953742874527994
"Manuka Oval, Canberra",powerplay,3,2.0,228.0,0.008771929824561403,0.005028429611245902,0.007630618783916433
"Manuka Oval, Canberra",powerplay,4,30.0,228.0,0.13157894736842105,0.15223269683107069,0.1378758222045947
"Manuka Oval, Canberra",powerplay,6,5.0,228.0,0.021929824561403508,0.040523771600022226,0.027598710853665314
"Manuka Oval, Canberra",powerplay,W,9.0,228.0,0.039473684210526314,0.03919952586446391,0.039390099348921924
"Manuka Oval, Canberra",powerplay,Wd,13.0,228.0,0.05701754385964912,0.03486563072990943,0.050263911807899214
"Manuka Oval, Canberra",powerplay,Nb,0.0,228.0,0.0,0.003769007093512122,0.0011490875285097935
Maple Leaf North-West Ground,death,0,20.0,69.0,0.2898550724637681,0.21696977459016392,0.24672767727228637
Maple Leaf North-West Ground,death,1,27.0,69.0,0.391304347826087,0.37083760245901637,0.37919384760888536
Maple Leaf North-West Ground,death,2,4.0,69.0,0.057971014492753624,0.08837090163934426,0.07595911339606169
Maple Leaf North-West Ground,death,3,0.0,69.0,0.0,0.002651127049180328,0.0015687142302842176
Maple Leaf North-West Ground,death,4,7.0,69.0,0.10144927536231885,0.11151383196721311,0.1074046343001261
Maple Leaf North-West Ground,death,6,0.0,69.0,0.0,0.07952100409836066,0.047053848578911636
Maple Leaf North-West Ground,death,W,7.0,69.0,0.10144927536231885,0.08016137295081967,0.08885288340285187
Maple Leaf North-West Ground,death,Wd,3.0,69.0,0.043478260869565216,0.04340420081967213,0.04343443835483558
Maple Leaf North-West Ground,death,Nb,1.0,69.0,0.014492753623188406,0.006570184426229508,0.009804842855757105
Maple Leaf North-West Ground,middle,0,51.0,130.0,0.3923076923076923,0.2808889845966761,0.34386477591159825
Maple Leaf North-West Ground,middle,1,50.0,130.0,0.38461538461538464,0.4414331678151601,0.409318768615287
Maple Leaf North-West Ground,middle,2,6.0,130.0,0.046153846153846156,0.06664217673287394,0.05506181597081475
Maple Leaf North-West Ground,middle,3,0.0,130.0,0.0,0.002286430887717876,0.0009941003859642939
Maple Leaf North-West Ground,middle,4,7.0,130.0,0.05384615384615385,0.08739739562221321,0.06843365027052749
Maple Leaf North-West Ground,middle,6,3.0,130.0,0.023076923076923078,0.048281059991892986,0.03403524347473608
Maple Leaf North-West Ground,middle,W,4.0,130.0,0.03076923076923077,0.04221980137819214,0.03574773972964876
Maple Leaf North-West Ground,middle,Wd,6.0,130.0,0.046153846153846156,0.028171868666396434,0.038335595072346275
Maple Leaf North-West Ground,middle,Nb,3.0,130.0,0.023076923076923078,0.002679114308877179,0.014208310569077034
Maple Leaf North-West Ground,powerplay,0,34.0,88.0,0.38636363636363635,0.4228881521678736,0.4057915703020604
Maple Leaf North-West Ground,powerplay,1,30.0,88.0,0.3409090909090909,0.25764450947345025,0.2966194199326863
Maple Leaf North-West Ground,powerplay,2,5.0,88.0,0.056818181818181816,0.04384827662845184,0.04991929607896374
Maple Leaf North-West Ground,powerplay,3,0.0,88.0,0.0,0.005028429611245902,0.0026746966017265434
Maple Leaf North-West Ground,powerplay,4,11.0,88.0,0.125,0.15223269683107069,0.13948547703780356
Maple Leaf North-West Ground,powerplay,6,2.0,88.0,0.022727272727272728,0.040523771600022226,0.03219349553192672
Maple Leaf North-West Ground,powerplay,W,3.0,88.0,0.03409090909090909,0.03919952586446391,0.03680825843854463
Maple Leaf North-West Ground,powerplay,Wd,2.0,88.0,0.022727272727272728,0.03486563072990943,0.02918384613293055
Maple Leaf North-West Ground,powerplay,Nb,1.0,88.0,0.011363636363636364,0.003769007093512122,0.007323939943357512
"Marrara Stadium, Darwin",death,0,30.0,101.0,0.297029702970297,0.21696977459016392,0.25719889283092734
"Marrara Stadium, Darwin",death,1,22.0,101.0,0.21782178217821782,0.37083760245901637,0.2939490559497594
"Marrara Stadium, Darwin",death,2,13.0,101.0,0.12871287128712872,0.08837090163934426,0.10864223962156432
"Marrara Stadium, Darwin",death,3,0.0,101.0,0.0,0.002651127049180328,0.0013189686811842427
"Marrara Stadium, Darwin",death,4,11.0,101.0,0.10891089108910891,0.11151383196721311,0.1102058865508523
"Marrara Stadium, Darwin",death,6,4.0,101.0,0.039603960396039604,0.07952100409836066,0.0594631861185874
"Marrara Stadium, Darwin",death,W,13.0,101.0,0.12871287128712872,0.08016137295081967,0.10455789699045755
"Marrara Stadium, Darwin",death,Wd,5.0,101.0,0.04950495049504951,0.04340420081967213,0.04646975165157818
"Marrara Stadium, Darwin",death,Nb,3.0,101.0,0.0297029702970297,0.006570184426229508,0.018194121605089306
"Marrara Stadium, Darwin",middle,0,44.0,195.0,0.22564102564102564,0.2808889845966761,0.24436914732090714
"Marrara Stadium, Darwin",middle,1,77.0,195.0,0.39487179487179486,0.4414331678151601,0.41065531112378306
"Marrara Stadium, Darwin",middle,2,18.0,195.0,0.09230769230769231,0.06664217673287394,0.08360751753656744
"Marrara Stadium, Darwin",middle,3,0.0,195.0,0.0,0.002286430887717876,0.0007750613178704665
"Marrara Stadium, Darwin",middle,4,25.0,195.0,0.1282051282051282,0.08739739562221321,0.11437199851600449
"Marrara Stadium, Darwin",middle,6,13.0,195.0,0.06666666666666667,0.048281059991892986,0.0604342576243705
"Marrara Stadium, Darwin",middle,W,9.0,195.0,0.046153846153846156,0.04221980137819214,0.044820271653624455
"Marrara Stadium, Darwin",middle,Wd,8.0,195.0,0.041025641025641026,0.028171868666396434,0.03666843005640557
"Marrara Stadium, Darwin",middle,Nb,1.0,195.0,0.005128205128205128,0.002679114308877179,0.00429800485046684
"Marrara Stadium, Darwin",powerplay,0,59.0,152.0,0.3881578947368421,0.4228881521678736,0.40193974292375934
"Marrara Stadium, Darwin",powerplay,1,31.0,152.0,0.20394736842105263,0.25764450947345025,0.22525575772755962
"Marrara Stadium, Darwin",powerplay,2,7.0,152.0,0.046052631578947366,0.04384827662845184,0.04517788755097295
"Marrara Stadium, Darwin",powerplay,3,1.0,152.0,0.006578947368421052,0.005028429611245902,0.005963662544145199
"Marrara Stadium, Darwin",powerplay,4,25.0,152.0,0.16447368421052633,0.15223269683107069,0.15961614953613917
"Marrara Stadium, Darwin",powerplay,6,10.0,152.0,0.06578947368421052,0.040523771600022226,0.05576340142858025
"Marrara Stadium, Darwin",powerplay,W,11.0,152.0,0.07236842105263158,0.03919952586446391,0.05920616105732695
"Marrara Stadium, Darwin",powerplay,Wd,8.0,152.0,0.05263157894736842,0.03486563072990943,0.04558159949599581
"Marrara Stadium, Darwin",powerplay,Nb,0.0,152.0,0.0,0.003769007093512122,0.0014956377355206834
McLean Park,death,0,8.0,39.0,0.20512820512820512,0.21696977459016392,0.21364731984903879
McLean Park,death,1,11.0,39.0,0.28205128205128205,0.37083760245901637,0.3459263327043283
McLean Park,death,2,2.0,39.0,0.05128205128205128,0.08837090163934426,0.07796467743837718
McLean Park,death,3,0.0,39.0,0.0,0.002651127049180328,0.0019072856468923224
McLean Park,death,4,4.0,39.0,0.10256410256410256,0.11151383196721311,0.10900275681094468
McLean Park,death,6,9.0,39.0,0.23076923076923078,0.07952100409836066,0.12195755690529544
McLean Park,death,W,3.0,39.0,0.07692307692307693,0.08016137295081967,0.07925278629555371
McLean Park,death,Wd,2.0,39.0,0.05128205128205128,0.04340420081967213,0.0456145329637929
McLean Park,death,Nb,0.0,39.0,0.0,0.006570184426229508,0.004726751385776625
McLean Park,middle,0,25.0,127.0,0.1968503937007874,0.2808889845966761,0.23387179938179564
McLean Park,middle,1,62.0,127.0,0.4881889763779528,0.4414331678151601,0.46759170388333043
McLean Park,middle,2,10.0,127.0,0.07874015748031496,0.06664217673287394,0.07341065054311627
McLean Park,middle,3,1.0,127.0,0.007874015748031496,0.002286430887717876,0.005412524620140033
McLean Park,middle,4,11.0,127.0,0.08661417322834646,0.08739739562221321,0.08695920511991773
McLean Park,middle,6,8.0,127.0,0.06299212598425197,0.048281059991892986,0.05651148017264008
McLean Park,middle,W,5.0,127.0,0.03937007874015748,0.04221980137819214,0.04062546316219918
McLean Park,middle,Wd,4.0,127.0,0.031496062992125984,0.028171868666396434,0.030031660205460983
McLean Park,middle,Nb,1.0,127.0,0.007874015748031496,0.002679114308877179,0.005585512911399639
McLean Park,powerplay,0,31.0,97.0,0.31958762886597936,0.4228881521678736,0.3720244427248089
McLean Park,powerplay,1,32.0,97.0,0.32989690721649484,0.25764450947345025,0.2932205631844925
McLean Park,powerplay,2,7.0,97.0,0.07216494845360824,0.04384827662845184,0.05779100336469636
McLean Park,powerplay,3,2.0,97.0,0.020618556701030927,0.005028429611245902,0.01270478660469335
McLean Park,powerplay,4,12.0,97.0,0.12371134020618557,0.15223269683107069,0.13818918620866533
McLean Park,powerplay,6,4.0,97.0,0.041237113402061855,0.040523771600022226,0.04087501096447829
McLean Park,powerplay,W,4.0,97.0,0.041237113402061855,0.03919952586446391,0.040202805007342086
McLean Park,powerplay,Wd,5.0,97.0,0.05154639175257732,0.03486563072990943,0.043079000370512405
McLean Park,powerplay,Nb,0.0,97.0,0.0,0.003769007093512122,0.001913201570310722
"McLean Park, Napier",death,0,15.0,46.0,0.32608695652173914,0.21696977459016392,0.25134916067819446
"McLean Park, Napier",death,1,10.0,46.0,0.21739130434782608,0.37083760245901637,0.32249150853357283
"McLean Park, Napier",death,2,2.0,46.0,0.043478260869565216,0.08837090163934426,0.07422664495845498
"McLean Park, Napier",death,3,1.0,46.0,0.021739130434782608,0.002651127049180328,0.00866515551313721
"McLean Park, Napier",death,4,5.0,46.0,0.10869565217391304,0.11151383196721311,0.11062591230631036
"McLean Park, Napier",death,6,1.0,46.0,0.021739130434782608,0.07952100409836066,0.061315756231753886
"McLean Park, Napier",death,W,10.0,46.0,0.21739130434782608,0.08016137295081967,0.12339820065124636
"McLean Park, Napier",death,Wd,1.0,46.0,0.021739130434782608,0.04340420081967213,0.03657821973950146
"McLean Park, Napier",death,Nb,1.0,46.0,0.021739130434782608,0.006570184426229508,0.011349441387828431
"McLean Park, Napier",middle,0,27.0,96.0,0.28125,0.2808889845966761,0.2810658084676919
"McLean Park, Napier",middle,1,47.0,96.0,0.4895833333333333,0.4414331678151601,0.4650169223546735
"McLean Park, Napier",middle,2,10.0,96.0,0.10416666666666667,0.06664217673287394,0.08502151874126221
"McLean Park, Napier",middle,3,1.0,96.0,0.010416666666666666,0.002286430887717876,0.006268587187611162
"McLean Park, Napier",middle,4,7.0,96.0,0.07291666666666667,0.08739739562221321,0.08030479368480266
"McLean Park, Napier",middle,6,3.0,96.0,0.03125,0.048281059991892986,0.03993931632239438
"McLean Park, Napier",middle,W,1.0,96.0,0.010416666666666666,0.04221980137819214,0.02664275580520007
"McLean Park, Napier",middle,Wd,0.0,96.0,0.0,0.028171868666396434,0.014373402380814509
"McLean Park, Napier",middle,Nb,0.0,96.0,0.0,0.002679114308877179,0.0013668950555495811
"McLean Park, Napier",powerplay,0,35.0,73.0,0.4794520547945205,0.4228881521678736,0.44675615732247026
"McLean Park, Napier",powerplay,1,11.0,73.0,0.1506849315068493,0.25764450947345025,0.21251127715228338
"McLean Park, Napier",powerplay,2,2.0,73.0,0.0273972602739726,0.04384827662845184,0.0369065182823421
"McLean Park, Napier",powerplay,3,3.0,73.0,0.0410958904109589,0.005028429611245902,0.02024764717413058
"McLean Park, Napier",powerplay,4,9.0,73.0,0.1232876712328767,0.15223269683107069,0.140018899902353
"McLean Park, Napier",powerplay,6,5.0,73.0,0.0684931506849315,0.040523771600022226,0.0523258795375851
"McLean Park, Napier",powerplay,W,4.0,73.0,0.0547945205479452,0.03919952586446391,0.045780072754025375
"McLean Park, Napier",powerplay,Wd,4.0,73.0,0.0547945205479452,0.03486563072990943,0.04327493105775112
"McLean Park, Napier",powerplay,Nb,0.0,73.0,0.0,0.003769007093512122,0.00217861681705903
Melbourne Cricket Ground,death,0,114.0,481.0,0.23700623700623702,0.21696977459016392,0.23355762041138792
Melbourne Cricket Ground,death,1,175.0,481.0,0.36382536382536385,0.37083760245901637,0.3650322895798651
Melbourne Cricket Ground,death,2,54.0,481.0,0.11226611226611227,0.08837090163934426,0.10815333935272707
Melbourne Cricket Ground,death,3,3.0,481.0,0.006237006237006237,0.002651127049180328,0.005619815326881296
Melbourne Cricket Ground,death,4,54.0,481.0,0.11226611226611227,0.11151383196721311,0.11213663200812618
Melbourne Cricket Ground,death,6,16.0,481.0,0.033264033264033266,0.07952100409836066,0.041225646144296156
Melbourne Cricket Ground,death,W,48.0,481.0,0.0997920997920998,0.08016137295081967,0.09641331720323919
Melbourne Cricket Ground,death,Wd,16.0,481.0,0.033264033264033266,0.04340420081967213,0.03500932888462515
Melbourne Cricket Ground,death,Nb,1.0,481.0,0.002079002079002079,0.006570184426229508,0.002852011088851895
Melbourne Cricket Ground,middle,0,298.0,1045.0,0.2851674641148325,0.2808889845966761,0.2847937977813691
Melbourne Cricket Ground,middle,1,461.0,1045.0,0.4411483253588517,0.4414331678151601,0.44117320242927166
Melbourne Cricket Ground,middle,2,100.0,1045.0,0.09569377990430622,0.06664217673287394,0.09315652198540383
Melbourne Cricket Ground,middle,3,7.0,1045.0,0.0066985645933014355,0.002286430887717876,0.006313225405040862
Melbourne Cricket Ground,middle,4,75.0,1045.0,0.07177033492822966,0.08739739562221321,0.07313514372246403
Melbourne Cricket Ground,middle,6,32.0,1045.0,0.03062200956937799,0.048281059991892986,0.032164284715449167
Melbourne Cricket Ground,middle,W,44.0,1045.0,0.042105263157894736,0.04221980137819214,0.04211526649591198
Melbourne Cricket Ground,middle,Wd,27.0,1045.0,0.02583732057416268,0.028171868666396434,0.026041211237239865
Melbourne Cricket Ground,middle,Nb,1.0,1045.0,0.0009569377990430622,0.002679114308877179,0.0011073462278495354
Melbourne Cricket Ground,powerplay,0,334.0,795.0,0.42012578616352203,0.4228881521678736,0.4204344304098183
Melbourne Cricket Ground,powerplay,1,193.0,795.0,0.24276729559748428,0.25764450947345025,0.24442955413111178
Melbourne Cricket Ground,powerplay,2,55.0,795.0,0.06918238993710692,0.04384827662845184,0.06635176275178233
Melbourne Cricket Ground,powerplay,3,15.0,795.0,0.018867924528301886,0.005028429611245902,0.017321612247066583
Melbourne Cricket Ground,powerplay,4,110.0,795.0,0.13836477987421383,0.15223269683107069,0.13991426780235425
Melbourne Cricket Ground,powerplay,6,19.0,795.0,0.02389937106918239,0.040523771600022226,0.0257568459888293
Melbourne Cricket Ground,powerplay,W,35.0,795.0,0.0440251572327044,0.03919952586446391,0.043485980543515525
Melbourne Cricket Ground,powerplay,Wd,32.0,795.0,0.04025157232704402,0.03486563072990943,0.039649791143006645
Melbourne Cricket Ground,powerplay,Nb,2.0,795.0,0.0025157232704402514,0.003769007093512122,0.002655754982515321
Moses Mabhida Stadium,death,0,15.0,62.0,0.24193548387096775,0.21696977459016392,0.2265245522161506
Moses Mabhida Stadium,death,1,31.0,62.0,0.5,0.37083760245901637,0.4202701249747014
Moses Mabhida Stadium,death,2,4.0,62.0,0.06451612903225806,0.08837090163934426,0.0792412973082372
Moses Mabhida Stadium,death,3,1.0,62.0,0.016129032258064516,0.002651127049180328,0.007809337684679215
Moses Mabhida Stadium,death,4,2.0,62.0,0.03225806451612903,0.11151383196721311,0.08118137775753895
Moses Mabhida Stadium,death,6,3.0,62.0,0.04838709677419355,0.07952100409836066,0.06760555808540782
Moses Mabhida Stadium,death,W,4.0,62.0,0.06451612903225806,0.08016137295081967,0.07417368700667881
Moses Mabhida Stadium,death,Wd,2.0,62.0,0.03225806451612903,0.04340420081967213,0.039138395567698846
Moses Mabhida Stadium,death,Nb,0.0,62.0,0.0,0.006570184426229508,0.004055669398907104
Moses Mabhida Stadium,middle,0,32.0,110.0,0.2909090909090909,0.2808889845966761,0.2861376117127029
Moses Mabhida Stadium,middle,1,50.0,110.0,0.45454545454545453,0.4414331678151601,0.44830150848340955
Moses Mabhida Stadium,middle,2,5.0,110.0,0.045454545454545456,0.06664217673287394,0.05554389368232092
Moses Mabhida Stadium,middle,3,0.0,110.0,0.0,0.002286430887717876,0.0010887766131989886
Moses Mabhida Stadium,middle,4,10.0,110.0,0.09090909090909091,0.08739739562221321,0.08923685505819678
Moses Mabhida Stadium,middle,6,4.0,110.0,0.03636363636363636,0.048281059991892986,0.042038599996139514
Moses Mabhida Stadium,middle,W,7.0,110.0,0.06363636363636363,0.04221980137819214,0.05343800065628197
Moses Mabhida Stadium,middle,Wd,2.0,110.0,0.01818181818181818,0.028171868666396434,0.022938985079236397
Moses Mabhida Stadium,middle,Nb,0.0,110.0,0.0,0.002679114308877179,0.0012757687185129423
Moses Mabhida Stadium,powerplay,0,27.0,74.0,0.36486486486486486,0.4228881521678736,0.39821158170567444
Moses Mabhida Stadium,powerplay,1,23.0,74.0,0.3108108108108108,0.25764450947345025,0.2802554652146266
Moses Mabhida Stadium,powerplay,2,0.0,74.0,0.0,0.04384827662845184,0.02520015898186887
Moses Mabhida Stadium,powerplay,3,1.0,74.0,0.013513513513513514,0.005028429611245902,0.008637028512210288
Moses Mabhida Stadium,powerplay,4,13.0,74.0,0.17567567567567569,0.15223269683107069,0.16220269932820156
Moses Mabhida Stadium,powerplay,6,5.0,74.0,0.06756756756756757,0.040523771600022226,0.0520251560919668
Moses Mabhida Stadium,powerplay,W,3.0,74.0,0.04054054054054054,0.03919952586446391,0.03976984245084132
Moses Mabhida Stadium,powerplay,Wd,2.0,74.0,0.02702702702702703,0.03486563072990943,0.031531971683856
Moses Mabhida Stadium,powerplay,Nb,0.0,74.0,0.0,0.003769007093512122,0.0021660960307540934
Narendra Modi Stadium,death,0,60.0,263.0,0.22813688212927757,0.21696977459016392,0.2250605439642325
Narendra Modi Stadium,death,1,87.0,263.0,0.33079847908745247,0.37083760245901637,0.34182854062231854
Narendra Modi Stadium,death,2,29.0,263.0,0.11026615969581749,0.08837090163934426,0.10423440816510861
Narendra Modi Stadium,death,3,1.0,263.0,0.0038022813688212928,0.002651127049180328,0.003485158966716344
Narendra Modi Stadium,death,4,38.0,263.0,0.1444866920152091,0.11151383196721311,0.13540325949510004
Narendra Modi Stadium,death,6,17.0,263.0,0.06463878326996197,0.07952100409836066,0.06873856862213792
Narendra Modi Stadium,death,W,18.0,263.0,0.06844106463878327,0.08016137295081967,0.07166979971096961
Narendra Modi Stadium,death,Wd,13.0,263.0,0.049429657794676805,0.04340420081967213,0.0477697522919207
Narendra Modi Stadium,death,Nb,0.0,263.0,0.0,0.006570184426229508,0.0018099681614957323
Narendra Modi Stadium,middle,0,139.0,555.0,0.25045045045045045,0.2808889845966761,0.2550975549002559
Narendra Modi Stadium,middle,1,254.0,555.0,0.45765765765765765,0.4414331678151601,0.4551806363076581
Narendra Modi Stadium,middle,2,35.0,555.0,0.06306306306306306,0.06664217673287394,0.06360949263097312
Narendra Modi Stadium,middle,3,1.0,555.0,0.0018018018018018018,0.002286430887717876,0.0018757909752241033
Narendra Modi Stadium,middle,4,56.0,555.0,0.1009009009009009,0.08739739562221321,0.09883929704155926
Narendra Modi Stadium,middle,6,33.0,555.0,0.05945945945945946,0.048281059991892986,0.05775283358654854
Narendra Modi Stadium,middle,W,22.0,555.0,0.03963963963963964,0.04221980137819214,0.040033557462319416
Narendra Modi Stadium,middle,Wd,14.0,555.0,0.025225225225225224,0.028171868666396434,0.025675094452884954
Narendra Modi Stadium,middle,Nb,1.0,555.0,0.0018018018018018018,0.002679114308877179,0.0019357426425766686
Narendra Modi Stadium,powerplay,0,167.0,369.0,0.45257452574525747,0.4228881521678736,0.4462448085645786
Narendra Modi Stadium,powerplay,1,94.0,369.0,0.25474254742547425,0.25764450947345025,0.2553613026595843
Narendra Modi Stadium,powerplay,2,21.0,369.0,0.056910569105691054,0.04384827662845184,0.05412543211694069
Narendra Modi Stadium,powerplay,3,1.0,369.0,0.0027100271002710027,0.005028429611245902,0.003204355993869062
Narendra Modi Stadium,powerplay,4,48.0,369.0,0.13008130081300814,0.15223269683107069,0.13480441297037754
Narendra Modi Stadium,powerplay,6,17.0,369.0,0.04607046070460705,0.040523771600022226,0.04488779778252073
Narendra Modi Stadium,powerplay,W,12.0,369.0,0.032520325203252036,0.03919952586446391,0.033944461804789744
Narendra Modi Stadium,powerplay,Wd,9.0,369.0,0.024390243902439025,0.03486563072990943,0.02662380186138794
Narendra Modi Stadium,powerplay,Nb,0.0,369.0,0.0,0.003769007093512122,0.000803626245951412
"Narendra Modi Stadium, Ahmedabad",death,0,382.0,1827.0,0.20908593322386426,0.21696977459016392,0.2094950583596349
"Narendra Modi Stadium, Ahmedabad",death,1,690.0,1827.0,0.37766830870279144,0.37083760245901637,0.3773138351042562
"Narendra Modi Stadium, Ahmedabad",death,2,139.0,1827.0,0.07608100711548987,0.08837090163934426,0.07671878057287723
"Narendra Modi Stadium, Ahmedabad",death,3,2.0,1827.0,0.0010946907498631637,0.002651127049180328,0.001175460666797111
"Narendra Modi Stadium, Ahmedabad",death,4,193.0,1827.0,0.1056376573617953,0.11151383196721311,0.10594259636570903
"Narendra Modi Stadium, Ahmedabad",death,6,184.0,1827.0,0.10071154898741105,0.07952100409836066,0.09961188396981634
"Narendra Modi Stadium, Ahmedabad",death,W,156.0,1827.0,0.08538587848932677,0.08016137295081967,0.08511475728857393
"Narendra Modi Stadium, Ahmedabad",death,Wd,76.0,1827.0,0.04159824849480022,0.04340420081967213,0.04169196683028916
"Narendra Modi Stadium, Ahmedabad",death,Nb,5.0,1827.0,0.002736726874657909,0.006570184426229508,0.0029356608420461603
"Narendra Modi Stadium, Ahmedabad",middle,0,986.0,4137.0,0.23833695914914188,0.2808889845966761,0.239341255241838
"Narendra Modi Stadium, Ahmedabad",middle,1,1886.0,4137.0,0.45588590766255743,0.4414331678151601,0.4555447998068246
"Narendra Modi Stadium, Ahmedabad",middle,2,275.0,4137.0,0.06647328982354363,0.06664217673287394,0.06647727582565197
"Narendra Modi Stadium, Ahmedabad",middle,3,9.0,4137.0,0.002175489485134155,0.002286430887717876,0.0021781078802860015
"Narendra Modi Stadium, Ahmedabad",middle,4,394.0,4137.0,0.09523809523809523,0.08739739562221321,0.09505304214355
"Narendra Modi Stadium, Ahmedabad",middle,6,285.0,4137.0,0.06889050036258158,0.048281059991892986,0.06840408449355423
"Narendra Modi Stadium, Ahmedabad",middle,W,181.0,4137.0,0.0437515107565869,0.04221980137819214,0.04371535995700241
"Narendra Modi Stadium, Ahmedabad",middle,Wd,111.0,4137.0,0.026831036983321246,0.028171868666396434,0.026862682762954837
"Narendra Modi Stadium, Ahmedabad",middle,Nb,10.0,4137.0,0.00241721053903795,0.002679114308877179,0.0024233918883379084
"Narendra Modi Stadium, Ahmedabad",powerplay,0,1094.0,2740.0,0.39927007299270073,0.4228881521678736,0.40010169549886876
"Narendra Modi Stadium, Ahmedabad",powerplay,1,697.0,2740.0,0.25437956204379564,0.25764450947345025,0.2544945249814595
"Narendra Modi Stadium, Ahmedabad",powerplay,2,121.0,2740.0,0.04416058394160584,0.04384827662845184,0.04414958720522718
"Narendra Modi Stadium, Ahmedabad",powerplay,3,7.0,2740.0,0.0025547445255474453,0.005028429611245902,0.002641846113072039
"Narendra Modi Stadium, Ahmedabad",powerplay,4,441.0,2740.0,0.16094890510948906,0.15223269683107069,0.1606419963672912
"Narendra Modi Stadium, Ahmedabad",powerplay,6,151.0,2740.0,0.05510948905109489,0.040523771600022226,0.054595907450705
"Narendra Modi Stadium, Ahmedabad",powerplay,W,115.0,2740.0,0.041970802919708027,0.03919952586446391,0.041873222741706476
"Narendra Modi Stadium, Ahmedabad",powerplay,Wd,109.0,2740.0,0.03978102189781022,0.03486563072990943,0.039607944744010894
"Narendra Modi Stadium, Ahmedabad",powerplay,Nb,5.0,2740.0,0.0018248175182481751,0.003769007093512122,0.0018932748976588777
"Nassau County International Cricket Stadium, New York",death,0,16.0,28.0,0.5714285714285714,0.21696977459016392,0.2945076363985656
"Nassau County International Cricket Stadium, New York",death,1,6.0,28.0,0.21428571428571427,0.37083760245901637,0.33659187692110654
"Nassau County International Cricket Stadium, New York",death,2,1.0,28.0,0.03571428571428571,0.08837090163934426,0.07685226690573771
"Nassau County International Cricket Stadium, New York",death,3,0.0,28.0,0.0,0.002651127049180328,0.002071193007172131
"Nassau County International Cricket Stadium, New York",death,4,1.0,28.0,0.03571428571428571,0.11151383196721311,0.09493268122438524
"Nassau County International Cricket Stadium, New York",death,6,0.0,28.0,0.0,0.07952100409836066,0.06212578445184427
"Nassau County International Cricket Stadium, New York",death,W,3.0,28.0,0.10714285714285714,0.08016137295081967,0.08606357261782786
"Nassau County International Cricket Stadium, New York",death,Wd,1.0,28.0,0.03571428571428571,0.04340420081967213,0.041722031890368855
"Nassau County International Cricket Stadium, New York",death,Nb,0.0,28.0,0.0,0.006570184426229508,0.005132956582991803
"Nassau County International Cricket Stadium, New York",middle,0,64.0,148.0,0.43243243243243246,0.2808889845966761,0.3713262034664016
"Nassau County International Cricket Stadium, New York",middle,1,54.0,148.0,0.36486486486486486,0.4414331678151601,0.39573918057062907
"Nassau County International Cricket Stadium, New York",middle,2,6.0,148.0,0.04054054054054054,0.06664217673287394,0.051065393843900776
"Nassau County International Cricket Stadium, New York",middle,3,0.0,148.0,0.0,0.002286430887717876,0.0009219479385959178
"Nassau County International Cricket Stadium, New York",middle,4,4.0,148.0,0.02702702702702703,0.08739739562221321,0.051369917589602104
"Nassau County International Cricket Stadium, New York",middle,6,9.0,148.0,0.060810810810810814,0.048281059991892986,0.05575849193221491
"Nassau County International Cricket Stadium, New York",middle,W,9.0,148.0,0.060810810810810814,0.04221980137819214,0.053314436039593606
"Nassau County International Cricket Stadium, New York",middle,Wd,2.0,148.0,0.013513513513513514,0.028171868666396434,0.019424140591288882
"Nassau County International Cricket Stadium, New York",middle,Nb,0.0,148.0,0.0,0.002679114308877179,0.001080288027773056
"Nassau County International Cricket Stadium, New York",powerplay,0,51.0,95.0,0.5368421052631579,0.4228881521678736,0.4784041805989095
"Nassau County International Cricket Stadium, New York",powerplay,1,24.0,95.0,0.25263157894736843,0.25764450947345025,0.2552023125504873
"Nassau County International Cricket Stadium, New York",powerplay,2,5.0,95.0,0.05263157894736842,0.04384827662845184,0.04812732134792402
"Nassau County International Cricket Stadium, New York",powerplay,3,0.0,95.0,0.0,0.005028429611245902,0.002578681851920975
"Nassau County International Cricket Stadium, New York",powerplay,4,5.0,95.0,0.05263157894736842,0.15223269683107069,0.10370907529798497
"Nassau County International Cricket Stadium, New York",powerplay,6,2.0,95.0,0.021052631578947368,0.040523771600022226,0.03103783158975499
"Nassau County International Cricket Stadium, New York",powerplay,W,1.0,95.0,0.010526315789473684,0.03919952586446391,0.025230526084340465
"Nassau County International Cricket Stadium, New York",powerplay,Wd,6.0,95.0,0.06315789473684211,0.03486563072990943,0.04864904139995355
"Nassau County International Cricket Stadium, New York",powerplay,Nb,1.0,95.0,0.010526315789473684,0.003769007093512122,0.007061029278724165
"National Cricket Stadium, Grenada",death,0,1.0,5.0,0.2,0.21696977459016392,0.21616169008587038
"National Cricket Stadium, Grenada",death,1,0.0,5.0,0.0,0.37083760245901637,0.353178669008587
"National Cricket Stadium, Grenada",death,2,1.0,5.0,0.2,0.08837090163934426,0.09368657298985168
"National Cricket Stadium, Grenada",death,3,0.0,5.0,0.0,0.002651127049180328,0.002524882903981265
"National Cricket Stadium, Grenada",death,4,0.0,5.0,0.0,0.11151383196721311,0.10620364949258392
"National Cricket Stadium, Grenada",death,6,1.0,5.0,0.2,0.07952100409836066,0.08525809914129588
"National Cricket Stadium, Grenada",death,W,2.0,5.0,0.4,0.08016137295081967,0.0953917837626854
"National Cricket Stadium, Grenada",death,Wd,0.0,5.0,0.0,0.04340420081967213,0.04133733411397346
"National Cricket Stadium, Grenada",death,Nb,0.0,5.0,0.0,0.006570184426229508,0.00625731850117096
"National Cricket Stadium, Grenada",middle,0,4.0,6.0,0.6666666666666666,0.2808889845966761,0.3027254571666756
"National Cricket Stadium, Grenada",middle,1,1.0,6.0,0.16666666666666666,0.4414331678151601,0.4258803469954341
"National Cricket Stadium, Grenada",middle,2,0.0,6.0,0.0,0.06664217673287394,0.06286997804988108
"National Cricket Stadium, Grenada",middle,3,0.0,6.0,0.0,0.002286430887717876,0.0021570102714319585
"National Cricket Stadium, Grenada",middle,4,1.0,6.0,0.16666666666666666,0.08739739562221321,0.09188433549265398
"National Cricket Stadium, Grenada",middle,6,0.0,6.0,0.0,0.048281059991892986,0.04554816980367263
"National Cricket Stadium, Grenada",middle,W,0.0,6.0,0.0,0.04221980137819214,0.039830001300181266
"National Cricket Stadium, Grenada",middle,Wd,0.0,6.0,0.0,0.028171868666396434,0.026577234590940035
"National Cricket Stadium, Grenada",middle,Nb,0.0,6.0,0.0,0.002679114308877179,0.002527466329129414
"National Cricket Stadium, Grenada",powerplay,0,4.0,12.0,0.3333333333333333,0.4228881521678736,0.41329299300703004
"National Cricket Stadium, Grenada",powerplay,1,4.0,12.0,0.3333333333333333,0.25764450947345025,0.2657540263155806
"National Cricket Stadium, Grenada",powerplay,2,0.0,12.0,0.0,0.04384827662845184,0.03915024698968914
"National Cricket Stadium, Grenada",powerplay,3,0.0,12.0,0.0,0.005028429611245902,0.004489669295755269
"National Cricket Stadium, Grenada",powerplay,4,3.0,12.0,0.25,0.15223269683107069,0.1627077650277417
"National Cricket Stadium, Grenada",powerplay,6,0.0,12.0,0.0,0.040523771600022226,0.03618193892859128
"National Cricket Stadium, Grenada",powerplay,W,1.0,12.0,0.08333333333333333,0.03919952586446391,0.04392814809327134
"National Cricket Stadium, Grenada",powerplay,Wd,0.0,12.0,0.0,0.03486563072990943,0.031130027437419137
"National Cricket Stadium, Grenada",powerplay,Nb,0.0,12.0,0.0,0.003769007093512122,0.0033651849049215377
"National Cricket Stadium, St George's, Grenada",death,0,85.0,386.0,0.22020725388601037,0.21696977459016392,0.21954110588274978
"National Cricket Stadium, St George's, Grenada",death,1,147.0,386.0,0.38082901554404147,0.37083760245901637,0.3787731692302503
"National Cricket Stadium, St George's, Grenada",death,2,22.0,386.0,0.05699481865284974,0.08837090163934426,0.06345080280644944
"National Cricket Stadium, St George's, Grenada",death,3,0.0,386.0,0.0,0.002651127049180328,0.0005454993928354585
"National Cricket Stadium, St George's, Grenada",death,4,26.0,386.0,0.06735751295336788,0.11151383196721311,0.0764431753018957
"National Cricket Stadium, St George's, Grenada",death,6,51.0,386.0,0.13212435233160622,0.07952100409836066,0.1213006181272347
"National Cricket Stadium, St George's, Grenada",death,W,34.0,386.0,0.08808290155440414,0.08016137295081967,0.086452957397288
"National Cricket Stadium, St George's, Grenada",death,Wd,19.0,386.0,0.04922279792746114,0.04340420081967213,0.048025555724212375
"National Cricket Stadium, St George's, Grenada",death,Nb,2.0,386.0,0.0051813471502590676,0.006570184426229508,0.005467116137084261
"National Cricket Stadium, St George's, Grenada",middle,0,171.0,614.0,0.2785016286644951,0.2808889845966761,0.2788359922404308
"National Cricket Stadium, St George's, Grenada",middle,1,281.0,614.0,0.4576547231270358,0.4414331678151601,0.45538279661276754
"National Cricket Stadium, St George's, Grenada",middle,2,30.0,614.0,0.048859934853420196,0.06664217673287394,0.05135044492057058
"National Cricket Stadium, St George's, Grenada",middle,3,0.0,614.0,0.0,0.002286430887717876,0.00032022841564676135
"National Cricket Stadium, St George's, Grenada",middle,4,38.0,614.0,0.06188925081433225,0.08739739562221321,0.06546182011515592
"National Cricket Stadium, St George's, Grenada",middle,6,31.0,614.0,0.050488599348534204,0.048281059991892986,0.05017942016693179
"National Cricket Stadium, St George's, Grenada",middle,W,32.0,614.0,0.05211726384364821,0.04221980137819214,0.05073106461879442
"National Cricket Stadium, St George's, Grenada",middle,Wd,29.0,614.0,0.04723127035830619,0.028171868666396434,0.04456188636784264
"National Cricket Stadium, St George's, Grenada",middle,Nb,2.0,614.0,0.003257328990228013,0.002679114308877179,0.0031763465418595486
"National Cricket Stadium, St George's, Grenada",powerplay,0,144.0,372.0,0.3870967741935484,0.4228881521678736,0.3946796932559054
"National Cricket Stadium, St George's, Grenada",powerplay,1,105.0,372.0,0.28225806451612906,0.25764450947345025,0.2770433282782734
"National Cricket Stadium, St George's, Grenada",powerplay,2,21.0,372.0,0.056451612903225805,0.04384827662845184,0.053781414539926235
"National Cricket Stadium, St George's, Grenada",powerplay,3,2.0,372.0,0.005376344086021506,0.005028429611245902,0.005302633392213115
"National Cricket Stadium, St George's, Grenada",powerplay,4,50.0,372.0,0.13440860215053763,0.15223269683107069,0.13818489339641327
"National Cricket Stadium, St George's, Grenada",powerplay,6,26.0,372.0,0.06989247311827956,0.040523771600022226,0.06367029059322504
"National Cricket Stadium, St George's, Grenada",powerplay,W,8.0,372.0,0.021505376344086023,0.03919952586446391,0.025254136835691506
"National Cricket Stadium, St George's, Grenada",powerplay,Wd,13.0,372.0,0.03494623655913978,0.03486563072990943,0.03492915905294691
"National Cricket Stadium, St George's, Grenada",powerplay,Nb,3.0,372.0,0.008064516129032258,0.003769007093512122,0.007154450655405111
National Stadium,death,0,4.0,26.0,0.15384615384615385,0.21696977459016392,0.20394426554774914
National Stadium,death,1,13.0,26.0,0.5,0.37083760245901637,0.397490160681759
National Stadium,death,2,2.0,26.0,0.07692307692307693,0.08837090163934426,0.08600865209471767
National Stadium,death,3,0.0,26.0,0.0,0.002651127049180328,0.002104069086651054
National Stadium,death,4,3.0,26.0,0.11538461538461539,0.11151383196721311,0.11231256505334374
National Stadium,death,6,2.0,26.0,0.07692307692307693,0.07952100409836066,0.07898492388758784
National Stadium,death,W,0.0,26.0,0.0,0.08016137295081967,0.06362013726255529
National Stadium,death,Wd,2.0,26.0,0.07692307692307693,0.04340420081967213,0.05032079430132709
National Stadium,death,Nb,0.0,26.0,0.0,0.006570184426229508,0.005214432084309133
National Stadium,middle,0,7.0,47.0,0.14893617021276595,0.2808889845966761,0.23869998952154836
National Stadium,middle,1,22.0,47.0,0.46808510638297873,0.4414331678151601,0.4499545359286803
National Stadium,middle,2,6.0,47.0,0.1276595744680851,0.06664217673287394,0.08615114063460812
National Stadium,middle,3,0.0,47.0,0.0,0.002286430887717876,0.0015553951617128408
National Stadium,middle,4,3.0,47.0,0.06382978723404255,0.08739739562221321,0.07986217389266205
National Stadium,middle,6,4.0,47.0,0.0851063829787234,0.048281059991892986,0.06005514285162787
National Stadium,middle,W,4.0,47.0,0.0851063829787234,0.04221980137819214,0.055931837672239554
National Stadium,middle,Wd,1.0,47.0,0.02127659574468085,0.028171868666396434,0.02596725759618805
National Stadium,middle,Nb,0.0,47.0,0.0,0.002679114308877179,0.001822526740732775
National Stadium,powerplay,0,7.0,26.0,0.2692307692307692,0.4228881521678736,0.39118107314910605
National Stadium,powerplay,1,8.0,26.0,0.3076923076923077,0.25764450947345025,0.2679718329154367
National Stadium,powerplay,2,2.0,26.0,0.07692307692307693,0.04384827662845184,0.05067323541940622
National Stadium,powerplay,3,0.0,26.0,0.0,0.005028429611245902,0.003990817151782461
National Stadium,powerplay,4,6.0,26.0,0.23076923076923078,0.15223269683107069,0.16843864827862753
National Stadium,powerplay,6,0.0,26.0,0.0,0.040523771600022226,0.032161723492081136
National Stadium,powerplay,W,2.0,26.0,0.07692307692307693,0.03919952586446391,0.046983750686082466
National Stadium,powerplay,Wd,1.0,26.0,0.038461538461538464,0.03486563072990943,0.035607643436436055
National Stadium,powerplay,Nb,0.0,26.0,0.0,0.003769007093512122,0.0029912754710413668
Nehru Stadium,death,0,36.0,169.0,0.21301775147928995,0.21696977459016392,0.21448690505210555
Nehru Stadium,death,1,70.0,169.0,0.41420118343195267,0.37083760245901637,0.398080893107441
Nehru Stadium,death,2,13.0,169.0,0.07692307692307693,0.08837090163934426,0.0811787738436224
Nehru Stadium,death,3,0.0,169.0,0.0,0.002651127049180328,0.00098554908891462
Nehru Stadium,death,4,17.0,169.0,0.10059171597633136,0.11151383196721311,0.1046519821439454
Nehru Stadium,death,6,10.0,169.0,0.05917159763313609,0.07952100409836066,0.06673643275031996
Nehru Stadium,death,W,20.0,169.0,0.11834319526627218,0.08016137295081967,0.10414920927539766
Nehru Stadium,death,Wd,2.0,169.0,0.011834319526627219,0.04340420081967213,0.023570334877201535
Nehru Stadium,death,Nb,1.0,169.0,0.005917159763313609,0.006570184426229508,0.006159919861051862
Nehru Stadium,middle,0,128.0,393.0,0.3256997455470738,0.2808889845966761,0.3166103417031797
Nehru Stadium,middle,1,171.0,393.0,0.4351145038167939,0.4414331678151601,0.43639618008421094
Nehru Stadium,middle,2,23.0,393.0,0.058524173027989825,0.06664217673287394,0.06017082692350384
Nehru Stadium,middle,3,2.0,393.0,0.005089058524173028,0.002286430887717876,0.0045205742165756345
Nehru Stadium,middle,4,36.0,393.0,0.0916030534351145,0.08739739562221321,0.09074997882803514
Nehru Stadium,middle,6,12.0,393.0,0.030534351145038167,0.048281059991892986,0.03413408924784847
Nehru Stadium,middle,W,11.0,393.0,0.027989821882951654,0.04221980137819214,0.030876227460079543
Nehru Stadium,middle,Wd,8.0,393.0,0.020356234096692113,0.028171868666396434,0.02194155551042524
Nehru Stadium,middle,Nb,2.0,393.0,0.005089058524173028,0.002679114308877179,0.004600226026141415
Nehru Stadium,powerplay,0,160.0,330.0,0.48484848484848486,0.4228881521678736,0.47043910515531945
Nehru Stadium,powerplay,1,74.0,330.0,0.22424242424242424,0.25764450947345025,0.23201035104033726
Nehru Stadium,powerplay,2,8.0,330.0,0.024242424242424242,0.04384827662845184,0.028801924797314377
Nehru Stadium,powerplay,3,1.0,330.0,0.0030303030303030303,0.005028429611245902,0.0034949836305223025
Nehru Stadium,powerplay,4,47.0,330.0,0.14242424242424243,0.15223269683107069,0.14470527833280714
Nehru Stadium,powerplay,6,5.0,330.0,0.015151515151515152,0.040523771600022226,0.021052039906981915
Nehru Stadium,powerplay,W,17.0,330.0,0.051515151515151514,0.03919952586446391,0.04865105252661952
Nehru Stadium,powerplay,Wd,16.0,330.0,0.048484848484848485,0.03486563072990943,0.045317588541839406
Nehru Stadium,powerplay,Nb,2.0,330.0,0.006060606060606061,0.003769007093512122,0.005527676068258634
New Wanderers Stadium,death,0,261.0,1165.0,0.2240343347639485,0.21696977459016392,0.2234758715091039
New Wanderers Stadium,death,1,407.0,1165.0,0.34935622317596565,0.37083760245901637,0.35105435592561396
New Wanderers Stadium,death,2,139.0,1165.0,0.11931330472103004,0.08837090163934426,0.11686726495172682
New Wanderers Stadium,death,3,7.0,1165.0,0.006008583690987125,0.002651127049180328,0.005743172098749433
New Wanderers Stadium,death,4,115.0,1165.0,0.09871244635193133,0.11151383196721311,0.0997244135942461
New Wanderers Stadium,death,6,88.0,1165.0,0.07553648068669527,0.07952100409836066,0.07585146277457397
New Wanderers Stadium,death,W,93.0,1165.0,0.07982832618025751,0.08016137295081967,0.07985465398820708
New Wanderers Stadium,death,Wd,40.0,1165.0,0.034334763948497854,0.04340420081967213,0.035051715479815976
New Wanderers Stadium,death,Nb,15.0,1165.0,0.012875536480686695,0.006570184426229508,0.012377089677962807
New Wanderers Stadium,middle,0,628.0,2202.0,0.2851952770208901,0.2808889845966761,0.2850082095828269
New Wanderers Stadium,middle,1,941.0,2202.0,0.42733878292461397,0.4414331678151601,0.427951049861649
New Wanderers Stadium,middle,2,177.0,2202.0,0.08038147138964577,0.06664217673287394,0.07978462974512919
New Wanderers Stadium,middle,3,10.0,2202.0,0.004541326067211626,0.002286430887717876,0.004443372323532488
New Wanderers Stadium,middle,4,198.0,2202.0,0.08991825613079019,0.08739739562221321,0.08980874872381465
New Wanderers Stadium,middle,6,90.0,2202.0,0.04087193460490463,0.048281059991892986,0.04119379061650274
New Wanderers Stadium,middle,W,91.0,2202.0,0.041326067211625794,0.04221980137819214,0.041364891458653005
New Wanderers Stadium,middle,Wd,60.0,2202.0,0.027247956403269755,0.028171868666396434,0.0272880916014942
New Wanderers Stadium,middle,Nb,7.0,2202.0,0.003178928247048138,0.002679114308877179,0.0031572160863977926
New Wanderers Stadium,powerplay,0,645.0,1424.0,0.4529494382022472,0.4228881521678736,0.4509769128719077
New Wanderers Stadium,powerplay,1,297.0,1424.0,0.20856741573033707,0.25764450947345025,0.21178769747201118
New Wanderers Stadium,powerplay,2,78.0,1424.0,0.054775280898876406,0.04384827662845184,0.05405828586800865
New Wanderers Stadium,powerplay,3,7.0,1424.0,0.0049157303370786515,0.005028429611245902,0.00492312530257519
New Wanderers Stadium,powerplay,4,219.0,1424.0,0.15379213483146068,0.15223269683107069,0.1536898095033511
New Wanderers Stadium,powerplay,6,51.0,1424.0,0.03581460674157303,0.040523771600022226,0.03612360706036891
New Wanderers Stadium,powerplay,W,57.0,1424.0,0.04002808988764045,0.03919952586446391,0.039973722169584246
New Wanderers Stadium,powerplay,Wd,65.0,1424.0,0.04564606741573034,0.03486563072990943,0.04493868968044026
New Wanderers Stadium,powerplay,Nb,5.0,1424.0,0.0035112359550561797,0.003769007093512122,0.003528150071752764
Newlands,death,0,196.0,883.0,0.22197055492638731,0.21696977459016392,0.22146182854426896
Newlands,death,1,338.0,883.0,0.3827859569648924,0.37083760245901637,0.3815704580324534
Newlands,death,2,89.0,883.0,0.10079275198187995,0.08837090163934426,0.09952908460217133
Newlands,death,3,5.0,883.0,0.0056625141562853904,0.002651127049180328,0.00535616755332455
Newlands,death,4,91.0,883.0,0.10305775764439411,0.11151383196721311,0.10391798900988944
Newlands,death,6,55.0,883.0,0.0622876557191393,0.07952100409836066,0.06404079390624218
Newlands,death,W,74.0,883.0,0.08380520951302378,0.08016137295081967,0.08343452420659406
Newlands,death,Wd,30.0,883.0,0.03397508493771234,0.04340420081967213,0.034934303236996145
Newlands,death,Nb,5.0,883.0,0.0056625141562853904,0.006570184426229508,0.00575485090805997
Newlands,middle,0,501.0,1744.0,0.28727064220183485,0.2808889845966761,0.28692456532519933
Newlands,middle,1,779.0,1744.0,0.4466743119266055,0.4414331678151601,0.4463900850225141
Newlands,middle,2,132.0,1744.0,0.07568807339449542,0.06664217673287394,0.07519751500720574
Newlands,middle,3,11.0,1744.0,0.006307339449541285,0.002286430887717876,0.006089285839897933
Newlands,middle,4,137.0,1744.0,0.07855504587155963,0.08739739562221321,0.07903456592311352
Newlands,middle,6,63.0,1744.0,0.03612385321100917,0.048281059991892986,0.03678313774359507
Newlands,middle,W,74.0,1744.0,0.04243119266055046,0.04221980137819214,0.042419728925064654
Newlands,middle,Wd,44.0,1744.0,0.02522935779816514,0.028171868666396434,0.025388929971062714
Newlands,middle,Nb,3.0,1744.0,0.0017201834862385322,0.002679114308877179,0.0017721862423469186
Newlands,powerplay,0,498.0,1139.0,0.437225636523266,0.4228881521678736,0.43606845457367827
Newlands,powerplay,1,281.0,1139.0,0.2467076382791923,0.25764450947345025,0.24759035588970543
Newlands,powerplay,2,63.0,1139.0,0.0553116769095698,0.04384827662845184,0.05438646300471766
Newlands,powerplay,3,4.0,1139.0,0.003511852502194908,0.005028429611245902,0.003634255820116699
Newlands,powerplay,4,172.0,1139.0,0.15100965759438104,0.15223269683107069,0.15110836939718086
Newlands,powerplay,6,43.0,1139.0,0.03775241439859526,0.040523771600022226,0.037976091331720925
Newlands,powerplay,W,39.0,1139.0,0.03424056189640035,0.03919952586446391,0.034640801119004354
Newlands,powerplay,Wd,34.0,1139.0,0.029850746268656716,0.03486563072990943,0.03025549884825742
Newlands,powerplay,Nb,5.0,1139.0,0.004389815627743635,0.003769007093512122,0.004339710015618412
OUTsurance Oval,death,0,22.0,85.0,0.25882352941176473,0.21696977459016392,0.23619987815684537
OUTsurance Oval,death,1,29.0,85.0,0.3411764705882353,0.37083760245901637,0.3572095148427115
OUTsurance Oval,death,2,10.0,85.0,0.11764705882352941,0.08837090163934426,0.10182210899424014
OUTsurance Oval,death,3,0.0,85.0,0.0,0.002651127049180328,0.0014330416482055827
OUTsurance Oval,death,4,9.0,85.0,0.10588235294117647,0.11151383196721311,0.10892639565795303
OUTsurance Oval,death,6,3.0,85.0,0.03529411764705882,0.07952100409836066,0.05920054275587063
OUTsurance Oval,death,W,7.0,85.0,0.08235294117647059,0.08016137295081967,0.08116830970314576
OUTsurance Oval,death,Wd,3.0,85.0,0.03529411764705882,0.04340420081967213,0.03967794638901197
OUTsurance Oval,death,Nb,2.0,85.0,0.023529411764705882,0.006570184426229508,0.014362261852015949
OUTsurance Oval,middle,0,53.0,164.0,0.3231707317073171,0.2808889845966761,0.3071549184078318
OUTsurance Oval,middle,1,71.0,164.0,0.4329268292682927,0.4414331678151601,0.43614892720271214
OUTsurance Oval,middle,2,17.0,164.0,0.10365853658536585,0.06664217673287394,0.08963718815639164
OUTsurance Oval,middle,3,4.0,164.0,0.024390243902439025,0.002286430887717876,0.016017587457468892
OUTsurance Oval,middle,4,11.0,164.0,0.06707317073170732,0.08739739562221321,0.07477174076598986
OUTsurance Oval,middle,6,1.0,164.0,0.006097560975609756,0.048281059991892986,0.022076159087838252
OUTsurance Oval,middle,W,3.0,164.0,0.018292682926829267,0.04221980137819214,0.027355985370527327
OUTsurance Oval,middle,Wd,3.0,164.0,0.018292682926829267,0.028171868666396434,0.022034798737271377
OUTsurance Oval,middle,Nb,1.0,164.0,0.006097560975609756,0.002679114308877179,0.004802694813968628
OUTsurance Oval,powerplay,0,60.0,111.0,0.5405405405405406,0.4228881521678736,0.48478111477150404
OUTsurance Oval,powerplay,1,15.0,111.0,0.13513513513513514,0.25764450947345025,0.1931964499874172
OUTsurance Oval,powerplay,2,6.0,111.0,0.05405405405405406,0.04384827662845184,0.04921719271490608
OUTsurance Oval,powerplay,3,0.0,111.0,0.0,0.005028429611245902,0.002383141995851138
OUTsurance Oval,powerplay,4,10.0,111.0,0.09009009009009009,0.15223269683107069,0.11954156247918042
OUTsurance Oval,powerplay,6,0.0,111.0,0.0,0.040523771600022226,0.019205578957356507
OUTsurance Oval,powerplay,W,7.0,111.0,0.06306306306306306,0.03919952586446391,0.05175332979358479
OUTsurance Oval,powerplay,Wd,7.0,111.0,0.06306306306306306,0.03486563072990943,0.049699351056829114
OUTsurance Oval,powerplay,Nb,6.0,111.0,0.05405405405405406,0.003769007093512122,0.030222278243370676
Old Trafford,death,0,27.0,138.0,0.1956521739130435,0.21696977459016392,0.20460914898746385
Old Trafford,death,1,53.0,138.0,0.38405797101449274,0.37083760245901637,0.37850319431051105
Old Trafford,death,2,12.0,138.0,0.08695652173913043,0.08837090163934426,0.08755079900812784
Old Trafford,death,3,1.0,138.0,0.007246376811594203,0.002651127049180328,0.005315599600495937
Old Trafford,death,4,16.0,138.0,0.11594202898550725,0.11151383196721311,0.11408144200303072
Old Trafford,death,6,8.0,138.0,0.057971014492753624,0.07952100409836066,0.06702563197410112
Old Trafford,death,W,11.0,138.0,0.07971014492753623,0.08016137295081967,0.07989973653395785
Old Trafford,death,Wd,9.0,138.0,0.06521739130434782,0.04340420081967213,0.056052185218349634
Old Trafford,death,Nb,1.0,138.0,0.007246376811594203,0.006570184426229508,0.006962262363961978
Old Trafford,middle,0,117.0,386.0,0.30310880829015546,0.2808889845966761,0.29853682810631194
Old Trafford,middle,1,160.0,386.0,0.41450777202072536,0.4414331678151601,0.4200479769166996
Old Trafford,middle,2,27.0,386.0,0.06994818652849741,0.06664217673287394,0.06926793759935679
Old Trafford,middle,3,2.0,386.0,0.0051813471502590676,0.002286430887717876,0.004585685367843185
Old Trafford,middle,4,40.0,386.0,0.10362694300518134,0.08739739562221321,0.10028752996341836
Old Trafford,middle,6,14.0,386.0,0.03626943005181347,0.048281059991892986,0.03874095884606851
Old Trafford,middle,W,19.0,386.0,0.04922279792746114,0.04221980137819214,0.047781852135430486
Old Trafford,middle,Wd,7.0,386.0,0.018134715025906734,0.028171868666396434,0.02019997297662478
Old Trafford,middle,Nb,0.0,386.0,0.0,0.002679114308877179,0.0005512580882463331
Old Trafford,powerplay,0,73.0,223.0,0.3273542600896861,0.4228881521678736,0.35693131646064197
Old Trafford,powerplay,1,66.0,223.0,0.29596412556053814,0.25764450947345025,0.28410046732924155
Old Trafford,powerplay,2,18.0,223.0,0.08071748878923767,0.04384827662845184,0.06930287202119252
Old Trafford,powerplay,3,2.0,223.0,0.008968609865470852,0.005028429611245902,0.007748739817723189
Old Trafford,powerplay,4,34.0,223.0,0.15246636771300448,0.15223269683107069,0.1523940237867092
Old Trafford,powerplay,6,11.0,223.0,0.04932735426008968,0.040523771600022226,0.0466017868730719
Old Trafford,powerplay,W,10.0,223.0,0.04484304932735426,0.03919952586446391,0.043095828441010495
Old Trafford,powerplay,Wd,9.0,223.0,0.04035874439461883,0.03486563072990943,0.038658090009259884
Old Trafford,powerplay,Nb,0.0,223.0,0.0,0.003769007093512122,0.0011668752611492638
"Old Trafford, Manchester",death,0,20.0,81.0,0.24691358024691357,0.21696977459016392,0.23037004121003532
"Old Trafford, Manchester",death,1,23.0,81.0,0.2839506172839506,0.37083760245901637,0.33195447649669413
"Old Trafford, Manchester",death,2,8.0,81.0,0.09876543209876543,0.08837090163934426,0.09302259759079794
"Old Trafford, Manchester",death,3,0.0,81.0,0.0,0.002651127049180328,0.0014647110768952088
"Old Trafford, Manchester",death,4,11.0,81.0,0.13580246913580246,0.11151383196721311,0.12238333257857079
"Old Trafford, Manchester",death,6,9.0,81.0,0.1111111111111111,0.07952100409836066,0.09365801331401143
"Old Trafford, Manchester",death,W,5.0,81.0,0.06172839506172839,0.08016137295081967,0.0719123607463092
"Old Trafford, Manchester",death,Wd,2.0,81.0,0.024691358024691357,0.04340420081967213,0.03502994520423875
"Old Trafford, Manchester",death,Nb,3.0,81.0,0.037037037037037035,0.006570184426229508,0.020204521782447242
"Old Trafford, Manchester",middle,0,35.0,166.0,0.21084337349397592,0.2808889845966761,0.23717630999875042
"Old Trafford, Manchester",middle,1,68.0,166.0,0.40963855421686746,0.4414331678151601,0.4215914164718647
"Old Trafford, Manchester",middle,2,8.0,166.0,0.04819277108433735,0.06664217673287394,0.05512863786950148
"Old Trafford, Manchester",middle,3,1.0,166.0,0.006024096385542169,0.002286430887717876,0.004618958980345067
"Old Trafford, Manchester",middle,4,22.0,166.0,0.13253012048192772,0.08739739562221321,0.11556293068504257
"Old Trafford, Manchester",middle,6,14.0,166.0,0.08433734939759036,0.048281059991892986,0.07078235338041089
"Old Trafford, Manchester",middle,W,9.0,166.0,0.05421686746987952,0.04221980137819214,0.049706692247440655
"Old Trafford, Manchester",middle,Wd,6.0,166.0,0.03614457831325301,0.028171868666396434,0.03314731904751746
"Old Trafford, Manchester",middle,Nb,3.0,166.0,0.018072289156626505,0.002679114308877179,0.012285381319126758
"Old Trafford, Manchester",powerplay,0,49.0,125.0,0.392,0.4228881521678736,0.405728067630166
"Old Trafford, Manchester",powerplay,1,23.0,125.0,0.184,0.25764450947345025,0.21673089309931123
"Old Trafford, Manchester",powerplay,2,9.0,125.0,0.072,0.04384827662845184,0.05948812294597859
"Old Trafford, Manchester",powerplay,3,0.0,125.0,0.0,0.005028429611245902,0.0022348576049981785
"Old Trafford, Manchester",powerplay,4,23.0,125.0,0.184,0.15223269683107069,0.16988119859158698
"Old Trafford, Manchester",powerplay,6,11.0,125.0,0.088,0.040523771600022226,0.06689945404445433
"Old Trafford, Manchester",powerplay,W,5.0,125.0,0.04,0.03919952586446391,0.039644233717539515
"Old Trafford, Manchester",powerplay,Wd,4.0,125.0,0.032,0.03486563072990943,0.033273613657737525
"Old Trafford, Manchester",powerplay,Nb,1.0,125.0,0.008,0.003769007093512122,0.00611955870822761
Pallekele International Cricket Stadium,death,0,207.0,933.0,0.22186495176848875,0.21696977459016392,0.22139107208036435
Pallekele International Cricket Stadium,death,1,335.0,933.0,0.3590568060021436,0.37083760245901637,0.3601972509640868
Pallekele International Cricket Stadium,death,2,92.0,933.0,0.09860664523043944,0.08837090163934426,0.09761576976179517
Pallekele International Cricket Stadium,death,3,1.0,933.0,0.0010718113612004287,0.002651127049180328,0.001224697681430816
Pallekele International Cricket Stadium,death,4,105.0,933.0,0.11254019292604502,0.11151383196721311,0.11244083562122102
Pallekele International Cricket Stadium,death,6,55.0,933.0,0.05894962486602358,0.07952100409836066,0.060941045895291444
Pallekele International Cricket Stadium,death,W,94.0,933.0,0.1007502679528403,0.08016137295081967,0.09875715130211225
Pallekele International Cricket Stadium,death,Wd,41.0,933.0,0.04394426580921758,0.04340420081967213,0.043891984590481326
Pallekele International Cricket Stadium,death,Nb,3.0,933.0,0.003215434083601286,0.006570184426229508,0.0035401921032167964
Pallekele International Cricket Stadium,middle,0,504.0,1804.0,0.2793791574279379,0.2808889845966761,0.2794584550733548
Pallekele International Cricket Stadium,middle,1,779.0,1804.0,0.4318181818181818,0.4414331678151601,0.4323231705785273
Pallekele International Cricket Stadium,middle,2,134.0,1804.0,0.07427937915742794,0.06664217673287394,0.07387826558470977
Pallekele International Cricket Stadium,middle,3,8.0,1804.0,0.004434589800443459,0.002286430887717876,0.004321766328136444
Pallekele International Cricket Stadium,middle,4,167.0,1804.0,0.09257206208425721,0.08739739562221321,0.0923002833835196
Pallekele International Cricket Stadium,middle,6,74.0,1804.0,0.041019955654102,0.048281059991892986,0.041401316176044804
Pallekele International Cricket Stadium,middle,W,81.0,1804.0,0.04490022172949002,0.04221980137819214,0.04475944334969496
Pallekele International Cricket Stadium,middle,Wd,55.0,1804.0,0.03048780487804878,0.028171868666396434,0.03036616957281494
Pallekele International Cricket Stadium,middle,Nb,2.0,1804.0,0.0011086474501108647,0.002679114308877179,0.0011911299531973307
Pallekele International Cricket Stadium,powerplay,0,539.0,1377.0,0.3914306463326071,0.4228881521678736,0.3935604706951844
Pallekele International Cricket Stadium,powerplay,1,369.0,1377.0,0.2679738562091503,0.25764450947345025,0.2672745097815471
Pallekele International Cricket Stadium,powerplay,2,68.0,1377.0,0.04938271604938271,0.04384827662845184,0.04900800789630683
Pallekele International Cricket Stadium,powerplay,3,8.0,1377.0,0.005809731299927378,0.005028429611245902,0.005756833419854158
Pallekele International Cricket Stadium,powerplay,4,227.0,1377.0,0.16485112563543936,0.15223269683107069,0.1639967973480752
Pallekele International Cricket Stadium,powerplay,6,45.0,1377.0,0.032679738562091505,0.040523771600022226,0.033210817305350186
Pallekele International Cricket Stadium,powerplay,W,60.0,1377.0,0.04357298474945534,0.03919952586446391,0.043276880559543936
Pallekele International Cricket Stadium,powerplay,Wd,57.0,1377.0,0.04139433551198257,0.03486563072990943,0.0409523108144827
Pallekele International Cricket Stadium,powerplay,Nb,4.0,1377.0,0.002904865649963689,0.003769007093512122,0.0029633721796555263
Perth Stadium,death,0,54.0,193.0,0.27979274611398963,0.21696977459016392,0.2583514589044928
Perth Stadium,death,1,55.0,193.0,0.2849740932642487,0.37083760245901637,0.3142790452078554
Perth Stadium,death,2,19.0,193.0,0.09844559585492228,0.08837090163934426,0.09500713366530521
Perth Stadium,death,3,0.0,193.0,0.0,0.002651127049180328,0.0009048215184915795
Perth Stadium,death,4,20.0,193.0,0.10362694300518134,0.11151383196721311,0.106318713981984
Perth Stadium,death,6,19.0,193.0,0.09844559585492228,0.07952100409836066,0.09198669081855312
Perth Stadium,death,W,18.0,193.0,0.09326424870466321,0.08016137295081967,0.08879227745761764
Perth Stadium,death,Wd,7.0,193.0,0.03626943005181347,0.04340420081967213,0.03870450539920551
Perth Stadium,death,Nb,1.0,193.0,0.0051813471502590676,0.006570184426229508,0.005655353046494713
Perth Stadium,middle,0,85.0,322.0,0.2639751552795031,0.2808889845966761,0.26798317170537345
Perth Stadium,middle,1,128.0,322.0,0.39751552795031053,0.4414331678151601,0.4079225516149668
Perth Stadium,middle,2,19.0,322.0,0.059006211180124224,0.06664217673287394,0.06081568169025448
Perth Stadium,middle,3,1.0,322.0,0.003105590062111801,0.002286430887717876,0.002911476513677222
Perth Stadium,middle,4,39.0,322.0,0.12111801242236025,0.08739739562221321,0.11312734493417376
Perth Stadium,middle,6,22.0,322.0,0.06832298136645963,0.048281059991892986,0.06357371089855283
Perth Stadium,middle,W,11.0,322.0,0.034161490683229816,0.04221980137819214,0.036071042980614254
Perth Stadium,middle,Wd,15.0,322.0,0.046583850931677016,0.028171868666396434,0.04222082195886172
Perth Stadium,middle,Nb,2.0,322.0,0.006211180124223602,0.002679114308877179,0.0053741977035253975
Perth Stadium,powerplay,0,97.0,218.0,0.44495412844036697,0.4228881521678736,0.4380151421911552
Perth Stadium,powerplay,1,58.0,218.0,0.26605504587155965,0.25764450947345025,0.26341022310485857
Perth Stadium,powerplay,2,8.0,218.0,0.03669724770642202,0.04384827662845184,0.03894599893976473
Perth Stadium,powerplay,3,2.0,218.0,0.009174311926605505,0.005028429611245902,0.007870575349448397
Perth Stadium,powerplay,4,31.0,218.0,0.14220183486238533,0.15223269683107069,0.1453561939720348
Perth Stadium,powerplay,6,9.0,218.0,0.04128440366972477,0.040523771600022226,0.04104521119497554
Perth Stadium,powerplay,W,9.0,218.0,0.04128440366972477,0.03919952586446391,0.040628781718384875
Perth Stadium,powerplay,Wd,4.0,218.0,0.01834862385321101,0.03486563072990943,0.023542651172927496
Perth Stadium,powerplay,Nb,0.0,218.0,0.0,0.003769007093512122,0.0011852223564503528
Providence Stadium,death,0,12.0,82.0,0.14634146341463414,0.21696977459016392,0.18514822779679338
Providence Stadium,death,1,33.0,82.0,0.4024390243902439,0.37083760245901637,0.38507560574671224
Providence Stadium,death,2,10.0,82.0,0.12195121951219512,0.08837090163934426,0.10350049540623311
Providence Stadium,death,3,0.0,82.0,0.0,0.002651127049180328,0.001456663213835345
Providence Stadium,death,4,6.0,82.0,0.07317073170731707,0.11151383196721311,0.09423836921275447
Providence Stadium,death,6,11.0,82.0,0.13414634146341464,0.07952100409836066,0.1041324198342641
Providence Stadium,death,W,9.0,82.0,0.10975609756097561,0.08016137295081967,0.09349525986308774
Providence Stadium,death,Wd,0.0,82.0,0.0,0.04340420081967213,0.02384846198883084
Providence Stadium,death,Nb,1.0,82.0,0.012195121951219513,0.006570184426229508,0.009104496937488741
Providence Stadium,middle,0,46.0,136.0,0.3382352941176471,0.2808889845966761,0.31393601042232033
Providence Stadium,middle,1,65.0,136.0,0.47794117647058826,0.4414331678151601,0.4624716812776102
Providence Stadium,middle,2,8.0,136.0,0.058823529411764705,0.06664217673287394,0.06213651556477709
Providence Stadium,middle,3,0.0,136.0,0.0,0.002286430887717876,0.0009688266473380831
Providence Stadium,middle,4,4.0,136.0,0.029411764705882353,0.08739739562221321,0.053981947297547975
Providence Stadium,middle,6,4.0,136.0,0.029411764705882353,0.048281059991892986,0.03740722881012414
Providence Stadium,middle,W,6.0,136.0,0.04411764705882353,0.04221980137819214,0.04331347516025091
Providence Stadium,middle,Wd,3.0,136.0,0.022058823529411766,0.028171868666396434,0.02464909689254086
Providence Stadium,middle,Nb,0.0,136.0,0.0,0.002679114308877179,0.0011352179274903302
Providence Stadium,powerplay,0,65.0,151.0,0.4304635761589404,0.4228881521678736,0.42744547895134405
Providence Stadium,powerplay,1,45.0,151.0,0.2980132450331126,0.25764450947345025,0.28193008345555787
Providence Stadium,powerplay,2,8.0,151.0,0.052980132450331126,0.04384827662845184,0.04934194287986129
Providence Stadium,powerplay,3,1.0,151.0,0.006622516556291391,0.005028429611245902,0.005987422155874861
Providence Stadium,powerplay,4,13.0,151.0,0.08609271523178808,0.15223269683107069,0.11244330551038673
Providence Stadium,powerplay,6,4.0,151.0,0.026490066225165563,0.040523771600022226,0.032081183904391325
Providence Stadium,powerplay,W,5.0,151.0,0.033112582781456956,0.03919952586446391,0.03553765970695773
Providence Stadium,powerplay,Wd,9.0,151.0,0.059602649006622516,0.03486563072990943,0.049747263239007744
Providence Stadium,powerplay,Nb,1.0,151.0,0.006622516556291391,0.003769007093512122,0.005485660196618375
"Providence Stadium, Guyana",death,0,40.0,212.0,0.18867924528301888,0.21696977459016392,0.19774672262505255
"Providence Stadium, Guyana",death,1,92.0,212.0,0.4339622641509434,0.37083760245901637,0.41373000078814626
"Providence Stadium, Guyana",death,2,22.0,212.0,0.10377358490566038,0.08837090163934426,0.09883682744850777
"Providence Stadium, Guyana",death,3,0.0,212.0,0.0,0.002651127049180328,0.0008497202080706179
"Providence Stadium, Guyana",death,4,17.0,212.0,0.08018867924528301,0.11151383196721311,0.0902287922971837
"Providence Stadium, Guyana",death,6,19.0,212.0,0.08962264150943396,0.07952100409836066,0.08638493721101304
"Providence Stadium, Guyana",death,W,17.0,212.0,0.08018867924528301,0.08016137295081967,0.08017992722782682
"Providence Stadium, Guyana",death,Wd,5.0,212.0,0.02358490566037736,0.04340420081967213,0.02993724385245902
"Providence Stadium, Guyana",death,Nb,0.0,212.0,0.0,0.006570184426229508,0.002105828341740227
"Providence Stadium, Guyana",middle,0,125.0,423.0,0.29550827423167847,0.2808889845966761,0.29271299896685965
"Providence Stadium, Guyana",middle,1,188.0,423.0,0.4444444444444444,0.4414331678151601,0.44386867453444745
"Providence Stadium, Guyana",middle,2,23.0,423.0,0.054373522458628844,0.06664217673287394,0.05671934545561643
"Providence Stadium, Guyana",middle,3,0.0,423.0,0.0,0.002286430887717876,0.0004371760779575289
"Providence Stadium, Guyana",middle,4,34.0,423.0,0.08037825059101655,0.08739739562221321,0.08172034333120712
"Providence Stadium, Guyana",middle,6,26.0,423.0,0.061465721040189124,0.048281059991892986,0.058944753344530205
"Providence Stadium, Guyana",middle,W,15.0,423.0,0.03546099290780142,0.04221980137819214,0.03675330810290481
"Providence Stadium, Guyana",middle,Wd,12.0,423.0,0.028368794326241134,0.028171868666396434,0.02833114123640467
"Providence Stadium, Guyana",middle,Nb,0.0,423.0,0.0,0.002679114308877179,0.0005122589500721183
"Providence Stadium, Guyana",powerplay,0,139.0,312.0,0.44551282051282054,0.4228881521678736,0.4400213961572509
"Providence Stadium, Guyana",powerplay,1,82.0,312.0,0.26282051282051283,0.25764450947345025,0.26156420132850733
"Providence Stadium, Guyana",powerplay,2,21.0,312.0,0.0673076923076923,0.04384827662845184,0.06161365937583782
"Providence Stadium, Guyana",powerplay,3,1.0,312.0,0.003205128205128205,0.005028429611245902,0.0036476770901082284
"Providence Stadium, Guyana",powerplay,4,35.0,312.0,0.11217948717948718,0.15223269683107069,0.12190114000754143
"Providence Stadium, Guyana",powerplay,6,11.0,312.0,0.035256410256410256,0.040523771600022226,0.03653489601942287
"Providence Stadium, Guyana",powerplay,W,16.0,312.0,0.05128205128205128,0.03919952586446391,0.048349399481666
"Providence Stadium, Guyana",powerplay,Wd,6.0,312.0,0.019230769230769232,0.03486563072990943,0.023025638526677047
"Providence Stadium, Guyana",powerplay,Nb,1.0,312.0,0.003205128205128205,0.003769007093512122,0.0033419920129883793
Punjab Cricket Association IS Bindra Stadium,death,0,94.0,518.0,0.18146718146718147,0.21696977459016392,0.18721193763594887
Punjab Cricket Association IS Bindra Stadium,death,1,210.0,518.0,0.40540540540540543,0.37083760245901637,0.39981190978301234
Punjab Cricket Association IS Bindra Stadium,death,2,56.0,518.0,0.10810810810810811,0.08837090163934426,0.10491438537853466
Punjab Cricket Association IS Bindra Stadium,death,3,3.0,518.0,0.005791505791505791,0.002651127049180328,0.005283353891453128
Punjab Cricket Association IS Bindra Stadium,death,4,53.0,518.0,0.10231660231660232,0.11151383196721311,0.1038048271791607
Punjab Cricket Association IS Bindra Stadium,death,6,38.0,518.0,0.07335907335907337,0.07952100409836066,0.07435614953047907
Punjab Cricket Association IS Bindra Stadium,death,W,39.0,518.0,0.07528957528957529,0.08016137295081967,0.07607789206323944
Punjab Cricket Association IS Bindra Stadium,death,Wd,21.0,518.0,0.04054054054054054,0.04340420081967213,0.04100391599023821
Punjab Cricket Association IS Bindra Stadium,death,Nb,4.0,518.0,0.007722007722007722,0.006570184426229508,0.007535628547933577
Punjab Cricket Association IS Bindra Stadium,middle,0,192.0,882.0,0.21768707482993196,0.2808889845966761,0.22412311452104644
Punjab Cricket Association IS Bindra Stadium,middle,1,423.0,882.0,0.47959183673469385,0.4414331678151601,0.4757060252357597
Punjab Cricket Association IS Bindra Stadium,middle,2,69.0,882.0,0.0782312925170068,0.06664217673287394,0.07705113816017047
Punjab Cricket Association IS Bindra Stadium,middle,3,2.0,882.0,0.0022675736961451248,0.002286430887717876,0.0022694939804193356
Punjab Cricket Association IS Bindra Stadium,middle,4,81.0,882.0,0.09183673469387756,0.08739739562221321,0.09138466350531703
Punjab Cricket Association IS Bindra Stadium,middle,6,52.0,882.0,0.05895691609977324,0.048281059991892986,0.057869761709968735
Punjab Cricket Association IS Bindra Stadium,middle,W,33.0,882.0,0.03741496598639456,0.04221980137819214,0.03790425675949004
Punjab Cricket Association IS Bindra Stadium,middle,Wd,30.0,882.0,0.034013605442176874,0.028171868666396434,0.033418723896781716
Punjab Cricket Association IS Bindra Stadium,middle,Nb,0.0,882.0,0.0,0.002679114308877179,0.0002728222310465559
Punjab Cricket Association IS Bindra Stadium,powerplay,0,256.0,637.0,0.40188383045525905,0.4228881521678736,0.40473380626429767
Punjab Cricket Association IS Bindra Stadium,powerplay,1,181.0,637.0,0.28414442700156983,0.25764450947345025,0.2805487801185143
Punjab Cricket Association IS Bindra Stadium,powerplay,2,25.0,637.0,0.03924646781789639,0.04384827662845184,0.03987086521417257
Punjab Cricket Association IS Bindra Stadium,powerplay,3,1.0,637.0,0.0015698587127158557,0.005028429611245902,0.0020391356324621305
Punjab Cricket Association IS Bindra Stadium,powerplay,4,111.0,637.0,0.17425431711145997,0.15223269683107069,0.17126630893230266
Punjab Cricket Association IS Bindra Stadium,powerplay,6,33.0,637.0,0.05180533751962323,0.040523771600022226,0.05027459587517262
Punjab Cricket Association IS Bindra Stadium,powerplay,W,17.0,637.0,0.026687598116169546,0.03919952586446391,0.028385281664106365
Punjab Cricket Association IS Bindra Stadium,powerplay,Wd,13.0,637.0,0.02040816326530612,0.03486563072990943,0.02236982777882082
Punjab Cricket Association IS Bindra Stadium,powerplay,Nb,0.0,637.0,0.0,0.003769007093512122,0.0005113985201508985
"Punjab Cricket Association IS Bindra Stadium, Mohali",death,0,114.0,606.0,0.18811881188118812,0.21696977459016392,0.19220535050852178
"Punjab Cricket Association IS Bindra Stadium, Mohali",death,1,228.0,606.0,0.37623762376237624,0.37083760245901637,0.3754727482236567
"Punjab Cricket Association IS Bindra Stadium, Mohali",death,2,89.0,606.0,0.14686468646864687,0.08837090163934426,0.1385794478242697
"Punjab Cricket Association IS Bindra Stadium, Mohali",death,3,2.0,606.0,0.0033003300330033004,0.002651127049180328,0.003208374936144522
"Punjab Cricket Association IS Bindra Stadium, Mohali",death,4,76.0,606.0,0.1254125412541254,0.11151383196721311,0.12344388554776389
"Punjab Cricket Association IS Bindra Stadium, Mohali",death,6,35.0,606.0,0.057755775577557754,0.07952100409836066,0.060838669135745135
"Punjab Cricket Association IS Bindra Stadium, Mohali",death,W,46.0,606.0,0.07590759075907591,0.08016137295081967,0.07651010948311894
"Punjab Cricket Association IS Bindra Stadium, Mohali",death,Wd,15.0,606.0,0.024752475247524754,0.04340420081967213,0.027394362722333164
"Punjab Cricket Association IS Bindra Stadium, Mohali",death,Nb,1.0,606.0,0.0016501650165016502,0.006570184426229508,0.002347051618446106
"Punjab Cricket Association IS Bindra Stadium, Mohali",middle,0,279.0,1145.0,0.24366812227074236,0.2808889845966761,0.2466577497668013
"Punjab Cricket Association IS Bindra Stadium, Mohali",middle,1,546.0,1145.0,0.47685589519650656,0.4414331678151601,0.474010696210053
"Punjab Cricket Association IS Bindra Stadium, Mohali",middle,2,98.0,1145.0,0.08558951965065502,0.06664217673287394,0.08406764471749992
"Punjab Cricket Association IS Bindra Stadium, Mohali",middle,3,2.0,1145.0,0.0017467248908296944,0.002286430887717876,0.0017900747700978215
"Punjab Cricket Association IS Bindra Stadium, Mohali",middle,4,109.0,1145.0,0.09519650655021834,0.08739739562221321,0.09457007193752716
"Punjab Cricket Association IS Bindra Stadium, Mohali",middle,6,33.0,1145.0,0.028820960698689956,0.048281059991892986,0.03038402088288297
"Punjab Cricket Association IS Bindra Stadium, Mohali",middle,W,46.0,1145.0,0.04017467248908297,0.04221980137819214,0.04033893986973431
"Punjab Cricket Association IS Bindra Stadium, Mohali",middle,Wd,30.0,1145.0,0.026200873362445413,0.028171868666396434,0.026359186238264776
"Punjab Cricket Association IS Bindra Stadium, Mohali",middle,Nb,2.0,1145.0,0.0017467248908296944,0.002679114308877179,0.001821615607138729
"Punjab Cricket Association IS Bindra Stadium, Mohali",powerplay,0,315.0,855.0,0.3684210526315789,0.4228881521678736,0.37412441383956796
"Punjab Cricket Association IS Bindra Stadium, Mohali",powerplay,1,275.0,855.0,0.3216374269005848,0.25764450947345025,0.31493659785062306
"Punjab Cricket Association IS Bindra Stadium, Mohali",powerplay,2,45.0,855.0,0.05263157894736842,0.04384827662845184,0.05171186142706302
"Punjab Cricket Association IS Bindra Stadium, Mohali",powerplay,3,2.0,855.0,0.0023391812865497076,0.005028429611245902,0.0026207779697639687
"Punjab Cricket Association IS Bindra Stadium, Mohali",powerplay,4,151.0,855.0,0.17660818713450294,0.15223269683107069,0.174055779772887
"Punjab Cricket Association IS Bindra Stadium, Mohali",powerplay,6,22.0,855.0,0.025730994152046785,0.040523771600022226,0.027279976083771963
"Punjab Cricket Association IS Bindra Stadium, Mohali",powerplay,W,22.0,855.0,0.025730994152046785,0.03919952586446391,0.02714131160884439
"Punjab Cricket Association IS Bindra Stadium, Mohali",powerplay,Wd,21.0,855.0,0.02456140350877193,0.03486563072990943,0.02564038018114235
"Punjab Cricket Association IS Bindra Stadium, Mohali",powerplay,Nb,2.0,855.0,0.0023391812865497076,0.003769007093512122,0.002488901266336348
"Punjab Cricket Association IS Bindra Stadium, Mohali, Chandigarh",death,0,45.0,273.0,0.16483516483516483,0.21696977459016392,0.17881227200808686
"Punjab Cricket Association IS Bindra Stadium, Mohali, Chandigarh",death,1,101.0,273.0,0.36996336996337,0.37083760245901637,0.37019774864852983
"Punjab Cricket Association IS Bindra Stadium, Mohali, Chandigarh",death,2,25.0,273.0,0.09157509157509157,0.08837090163934426,0.09071605942073573
"Punjab Cricket Association IS Bindra Stadium, Mohali, Chandigarh",death,3,0.0,273.0,0.0,0.002651127049180328,0.0007107579220322595
"Punjab Cricket Association IS Bindra Stadium, Mohali, Chandigarh",death,4,36.0,273.0,0.13186813186813187,0.11151383196721311,0.12641121500461477
"Punjab Cricket Association IS Bindra Stadium, Mohali, Chandigarh",death,6,28.0,273.0,0.10256410256410256,0.07952100409836066,0.0963863281765042
"Punjab Cricket Association IS Bindra Stadium, Mohali, Chandigarh",death,W,22.0,273.0,0.08058608058608059,0.08016137295081967,0.08047221794928142
"Punjab Cricket Association IS Bindra Stadium, Mohali, Chandigarh",death,Wd,13.0,273.0,0.047619047619047616,0.04340420081967213,0.046489061881949637
"Punjab Cricket Association IS Bindra Stadium, Mohali, Chandigarh",death,Nb,3.0,273.0,0.01098901098901099,0.006570184426229508,0.009804338988265283
"Punjab Cricket Association IS Bindra Stadium, Mohali, Chandigarh",middle,0,146.0,594.0,0.24579124579124578,0.2808889845966761,0.25084855685831065
"Punjab Cricket Association IS Bindra Stadium, Mohali, Chandigarh",middle,1,264.0,594.0,0.4444444444444444,0.4414331678151601,0.4440105429128473
"Punjab Cricket Association IS Bindra Stadium, Mohali, Chandigarh",middle,2,38.0,594.0,0.06397306397306397,0.06664217673287394,0.06435766235344005
"Punjab Cricket Association IS Bindra Stadium, Mohali, Chandigarh",middle,3,0.0,594.0,0.0,0.002286430887717876,0.00032945690024753255
"Punjab Cricket Association IS Bindra Stadium, Mohali, Chandigarh",middle,4,74.0,594.0,0.12457912457912458,0.08739739562221321,0.1192215267467166
"Punjab Cricket Association IS Bindra Stadium, Mohali, Chandigarh",middle,6,36.0,594.0,0.06060606060606061,0.048281059991892986,0.0588301239181402
"Punjab Cricket Association IS Bindra Stadium, Mohali, Chandigarh",middle,W,21.0,594.0,0.03535353535353535,0.04221980137819214,0.036342910861410976
"Punjab Cricket Association IS Bindra Stadium, Mohali, Chandigarh",middle,Wd,10.0,594.0,0.016835016835016835,0.028171868666396434,0.018468568972103232
"Punjab Cricket Association IS Bindra Stadium, Mohali, Chandigarh",middle,Nb,5.0,594.0,0.008417508417508417,0.002679114308877179,0.007590650476783456
"Punjab Cricket Association IS Bindra Stadium, Mohali, Chandigarh",powerplay,0,150.0,361.0,0.4155124653739612,0.4228881521678736,0.4171123974333782
"Punjab Cricket Association IS Bindra Stadium, Mohali, Chandigarh",powerplay,1,77.0,361.0,0.21329639889196675,0.25764450947345025,0.22291637949532545
"Punjab Cricket Association IS Bindra Stadium, Mohali, Chandigarh",powerplay,2,20.0,361.0,0.055401662049861494,0.04384827662845184,0.05289550469163814
"Punjab Cricket Association IS Bindra Stadium, Mohali, Chandigarh",powerplay,3,2.0,361.0,0.00554016620498615,0.005028429611245902,0.005429160436278937
"Punjab Cricket Association IS Bindra Stadium, Mohali, Chandigarh",powerplay,4,68.0,361.0,0.1883656509695291,0.15223269683107069,0.18052769996335588
"Punjab Cricket Association IS Bindra Stadium, Mohali, Chandigarh",powerplay,6,16.0,361.0,0.0443213296398892,0.040523771600022226,0.043497564338399616
"Punjab Cricket Association IS Bindra Stadium, Mohali, Chandigarh",powerplay,W,15.0,361.0,0.04155124653739612,0.03919952586446391,0.041041111901185236
"Punjab Cricket Association IS Bindra Stadium, Mohali, Chandigarh",powerplay,Wd,12.0,361.0,0.0332409972299169,0.03486563072990943,0.033593412305837185
"Punjab Cricket Association IS Bindra Stadium, Mohali, Chandigarh",powerplay,Nb,1.0,361.0,0.002770083102493075,0.003769007093512122,0.0029867694346013282
"Punjab Cricket Association Stadium, Mohali",death,0,275.0,1281.0,0.21467603434816548,0.21696977459016392,0.214842127052148
"Punjab Cricket Association Stadium, Mohali",death,1,475.0,1281.0,0.3708040593286495,0.37083760245901637,0.3708064882301967
"Punjab Cricket Association Stadium, Mohali",death,2,128.0,1281.0,0.09992193598750976,0.08837090163934426,0.09908551061834499
"Punjab Cricket Association Stadium, Mohali",death,3,4.0,1281.0,0.00312256049960968,0.002651127049180328,0.0030884233924098714
"Punjab Cricket Association Stadium, Mohali",death,4,144.0,1281.0,0.11241217798594848,0.11151383196721311,0.11234712758632968
"Punjab Cricket Association Stadium, Mohali",death,6,102.0,1281.0,0.07962529274004684,0.07952100409836066,0.07961774106432734
"Punjab Cricket Association Stadium, Mohali",death,W,104.0,1281.0,0.08118657298985169,0.08016137295081967,0.08111233692619983
"Punjab Cricket Association Stadium, Mohali",death,Wd,39.0,1281.0,0.03044496487119438,0.04340420081967213,0.03138335994349545
"Punjab Cricket Association Stadium, Mohali",death,Nb,10.0,1281.0,0.0078064012490242,0.006570184426229508,0.007716885186548118
"Punjab Cricket Association Stadium, Mohali",middle,0,710.0,2529.0,0.2807433768287861,0.2808889845966761,0.28074891535171836
"Punjab Cricket Association Stadium, Mohali",middle,1,1112.0,2529.0,0.43969948596283115,0.4414331678151601,0.43976543049886496
"Punjab Cricket Association Stadium, Mohali",middle,2,208.0,2529.0,0.08224594701463028,0.06664217673287394,0.08165242208949691
"Punjab Cricket Association Stadium, Mohali",middle,3,9.0,2529.0,0.0035587188612099642,0.002286430887717876,0.00351032449173518
"Punjab Cricket Association Stadium, Mohali",middle,4,237.0,2529.0,0.0937129300118624,0.08739739562221321,0.09347270428384227
"Punjab Cricket Association Stadium, Mohali",middle,6,82.0,2529.0,0.03242388295769079,0.048281059991892986,0.03302704678554177
"Punjab Cricket Association Stadium, Mohali",middle,W,109.0,2529.0,0.04310003954132068,0.04221980137819214,0.04306655767889662
"Punjab Cricket Association Stadium, Mohali",middle,Wd,60.0,2529.0,0.02372479240806643,0.028171868666396434,0.023893947077458975
"Punjab Cricket Association Stadium, Mohali",middle,Nb,2.0,2529.0,0.0007908264136022143,0.002679114308877179,0.0008626517424449288
"Punjab Cricket Association Stadium, Mohali",powerplay,0,854.0,1988.0,0.4295774647887324,0.4228881521678736,0.4292570954103388
"Punjab Cricket Association Stadium, Mohali",powerplay,1,493.0,1988.0,0.24798792756539234,0.25764450947345025,0.24845040754183192
"Punjab Cricket Association Stadium, Mohali",powerplay,2,87.0,1988.0,0.0437625754527163,0.04384827662845184,0.04376667991515574
"Punjab Cricket Association Stadium, Mohali",powerplay,3,19.0,1988.0,0.009557344064386318,0.005028429611245902,0.009340442031189937
"Punjab Cricket Association Stadium, Mohali",powerplay,4,354.0,1988.0,0.17806841046277666,0.15223269683107069,0.17683106785589417
"Punjab Cricket Association Stadium, Mohali",powerplay,6,37.0,1988.0,0.018611670020120725,0.040523771600022226,0.019661100172414857
"Punjab Cricket Association Stadium, Mohali",powerplay,W,72.0,1988.0,0.03621730382293763,0.03919952586446391,0.03636013054906436
"Punjab Cricket Association Stadium, Mohali",powerplay,Wd,67.0,1988.0,0.03370221327967807,0.03486563072990943,0.033757932506221715
"Punjab Cricket Association Stadium, Mohali",powerplay,Nb,5.0,1988.0,0.0025150905432595573,0.003769007093512122,0.0025751440178885115
"Queen's Park Oval, Port of Spain",death,0,5.0,45.0,0.1111111111111111,0.21696977459016392,0.18411708592425097
"Queen's Park Oval, Port of Spain",death,1,23.0,45.0,0.5111111111111111,0.37083760245901637,0.414370760316563
"Queen's Park Oval, Port of Spain",death,2,1.0,45.0,0.022222222222222223,0.08837090163934426,0.06784200113058225
"Queen's Park Oval, Port of Spain",death,3,0.0,45.0,0.0,0.002651127049180328,0.0018283634821933297
"Queen's Park Oval, Port of Spain",death,4,5.0,45.0,0.1111111111111111,0.11151383196721311,0.11138884963256078
"Queen's Park Oval, Port of Spain",death,6,3.0,45.0,0.06666666666666667,0.07952100409836066,0.07553172696438668
"Queen's Park Oval, Port of Spain",death,W,5.0,45.0,0.1111111111111111,0.08016137295081967,0.08976646410401357
"Queen's Park Oval, Port of Spain",death,Wd,2.0,45.0,0.044444444444444446,0.04340420081967213,0.04372703504804975
"Queen's Park Oval, Port of Spain",death,Nb,1.0,45.0,0.022222222222222223,0.006570184426229508,0.01142771339739966
"Queen's Park Oval, Port of Spain",middle,0,65.0,174.0,0.3735632183908046,0.2808889845966761,0.339740505327254
"Queen's Park Oval, Port of Spain",middle,1,65.0,174.0,0.3735632183908046,0.4414331678151601,0.3983332729252409
"Queen's Park Oval, Port of Spain",middle,2,13.0,174.0,0.07471264367816093,0.06664217673287394,0.07176721778572041
"Queen's Park Oval, Port of Spain",middle,3,0.0,174.0,0.0,0.002286430887717876,0.0008344638276342613
"Queen's Park Oval, Port of Spain",middle,4,13.0,174.0,0.07471264367816093,0.08739739562221321,0.07934211519058877
"Queen's Park Oval, Port of Spain",middle,6,5.0,174.0,0.028735632183908046,0.048281059991892986,0.03586899999704123
"Queen's Park Oval, Port of Spain",middle,W,9.0,174.0,0.05172413793103448,0.04221980137819214,0.04825540196284385
"Queen's Park Oval, Port of Spain",middle,Wd,3.0,174.0,0.017241379310344827,0.028171868666396434,0.021230609002334463
"Queen's Park Oval, Port of Spain",middle,Nb,1.0,174.0,0.005747126436781609,0.002679114308877179,0.004627413981342037
"Queen's Park Oval, Port of Spain",powerplay,0,67.0,146.0,0.4589041095890411,0.4228881521678736,0.4442634764910055
"Queen's Park Oval, Port of Spain",powerplay,1,41.0,146.0,0.2808219178082192,0.25764450947345025,0.27140020710302853
"Queen's Park Oval, Port of Spain",powerplay,2,6.0,146.0,0.0410958904109589,0.04384827662845184,0.04221474659693164
"Queen's Park Oval, Port of Spain",powerplay,3,0.0,146.0,0.0,0.005028429611245902,0.0020440770777422363
"Queen's Park Oval, Port of Spain",powerplay,4,17.0,146.0,0.11643835616438356,0.15223269683107069,0.13098890115084175
"Queen's Park Oval, Port of Spain",powerplay,6,3.0,146.0,0.02054794520547945,0.040523771600022226,0.02866819983740741
"Queen's Park Oval, Port of Spain",powerplay,W,5.0,146.0,0.03424657534246575,0.03919952586446391,0.03625996986360321
"Queen's Park Oval, Port of Spain",powerplay,Wd,6.0,146.0,0.0410958904109589,0.03486563072990943,0.03856326452435343
"Queen's Park Oval, Port of Spain",powerplay,Nb,1.0,146.0,0.00684931506849315,0.003769007093512122,0.005597157355086229
Queens Sports Club,death,0,5.0,9.0,0.5555555555555556,0.21696977459016392,0.2449263987065724
Queens Sports Club,death,1,0.0,9.0,0.0,0.37083760245901637,0.34021798390735447
Queens Sports Club,death,2,2.0,9.0,0.2222222222222222,0.08837090163934426,0.09942284554068281
Queens Sports Club,death,3,0.0,9.0,0.0,0.002651127049180328,0.002432226650624154
Queens Sports Club,death,4,0.0,9.0,0.0,0.11151383196721311,0.10230626785982853
Queens Sports Club,death,6,0.0,9.0,0.0,0.07952100409836066,0.07295504963152354
Queens Sports Club,death,W,1.0,9.0,0.1111111111111111,0.08016137295081967,0.08271685591818317
Queens Sports Club,death,Wd,1.0,9.0,0.1111111111111111,0.04340420081967213,0.04899467965107535
Queens Sports Club,death,Nb,0.0,9.0,0.0,0.006570184426229508,0.0060276921341555125
Queens Sports Club,middle,0,2.0,4.0,0.5,0.2808889845966761,0.2893163313429578
Queens Sports Club,middle,1,1.0,4.0,0.25,0.4414331678151601,0.4340703536684232
Queens Sports Club,middle,2,1.0,4.0,0.25,0.06664217673287394,0.07369440070468648
Queens Sports Club,middle,3,0.0,4.0,0.0,0.002286430887717876,0.0021984912381902656
Queens Sports Club,middle,4,0.0,4.0,0.0,0.08739739562221321,0.08403595732905117
Queens Sports Club,middle,6,0.0,4.0,0.0,0.048281059991892986,0.04642409614605095
Queens Sports Club,middle,W,0.0,4.0,0.0,0.04221980137819214,0.04059596286364629
Queens Sports Club,middle,Wd,0.0,4.0,0.0,0.028171868666396434,0.02708833525615042
Queens Sports Club,middle,Nb,0.0,4.0,0.0,0.002679114308877179,0.0025760714508434412
R Premadasa Stadium,death,0,144.0,655.0,0.2198473282442748,0.21696977459016392,0.21946619530995548
R Premadasa Stadium,death,1,253.0,655.0,0.38625954198473283,0.37083760245901637,0.3842169009879492
R Premadasa Stadium,death,2,67.0,655.0,0.10229007633587786,0.08837090163934426,0.10044647703832374
R Premadasa Stadium,death,3,2.0,655.0,0.0030534351145038168,0.002651127049180328,0.0030001492780371295
R Premadasa Stadium,death,4,77.0,655.0,0.11755725190839694,0.11151383196721311,0.11675679893605471
R Premadasa Stadium,death,6,29.0,655.0,0.044274809160305344,0.07952100409836066,0.048943179350776245
R Premadasa Stadium,death,W,59.0,655.0,0.0900763358778626,0.08016137295081967,0.08876309575507545
R Premadasa Stadium,death,Wd,17.0,655.0,0.025954198473282442,0.04340420081967213,0.02826545706220823
R Premadasa Stadium,death,Nb,7.0,655.0,0.010687022900763359,0.006570184426229508,0.010141746281619802
R Premadasa Stadium,middle,0,398.0,1360.0,0.2926470588235294,0.2808889845966761,0.291841711273745
R Premadasa Stadium,middle,1,610.0,1360.0,0.4485294117647059,0.4414331678151601,0.4480433676585726
R Premadasa Stadium,middle,2,107.0,1360.0,0.07867647058823529,0.06664217673287394,0.07785220388581328
R Premadasa Stadium,middle,3,5.0,1360.0,0.003676470588235294,0.002286430887717876,0.003581262389569717
R Premadasa Stadium,middle,4,112.0,1360.0,0.08235294117647059,0.08739739562221321,0.08269845175494611
R Premadasa Stadium,middle,6,51.0,1360.0,0.0375,0.048281059991892986,0.038238428766568015
R Premadasa Stadium,middle,W,59.0,1360.0,0.04338235294117647,0.04221980137819214,0.043302726121793984
R Premadasa Stadium,middle,Wd,17.0,1360.0,0.0125,0.028171868666396434,0.013573415662081948
R Premadasa Stadium,middle,Nb,1.0,1360.0,0.0007352941176470588,0.002679114308877179,0.0008684324869093959
R Premadasa Stadium,powerplay,0,397.0,901.0,0.4406215316315205,0.4228881521678736,0.43884996525153586
R Premadasa Stadium,powerplay,1,233.0,901.0,0.2586015538290788,0.25764450947345025,0.2585059450023427
R Premadasa Stadium,powerplay,2,50.0,901.0,0.05549389567147614,0.04384827662845184,0.0543304971656795
R Premadasa Stadium,powerplay,3,5.0,901.0,0.005549389567147614,0.005028429611245902,0.005497345615509081
R Premadasa Stadium,powerplay,4,114.0,901.0,0.12652608213096558,0.15223269683107069,0.12909417550759947
R Premadasa Stadium,powerplay,6,22.0,901.0,0.0244173140954495,0.040523771600022226,0.02602635080919303
R Premadasa Stadium,powerplay,W,40.0,901.0,0.04439511653718091,0.03919952586446391,0.043876076509936454
R Premadasa Stadium,powerplay,Wd,37.0,901.0,0.041065482796892344,0.03486563072990943,0.040446116956034915
R Premadasa Stadium,powerplay,Nb,3.0,901.0,0.003329633740288568,0.003769007093512122,0.0033735271821690436
"R Premadasa Stadium, Colombo",death,0,82.0,324.0,0.25308641975308643,0.21696977459016392,0.2445683430637179
"R Premadasa Stadium, Colombo",death,1,114.0,324.0,0.35185185185185186,0.37083760245901637,0.3563296232214661
"R Premadasa Stadium, Colombo",death,2,37.0,324.0,0.11419753086419752,0.08837090163934426,0.10810634472626043
"R Premadasa Stadium, Colombo",death,3,2.0,324.0,0.006172839506172839,0.002651127049180328,0.0053422469455613976
"R Premadasa Stadium, Colombo",death,4,32.0,324.0,0.09876543209876543,0.11151383196721311,0.1017721301809465
"R Premadasa Stadium, Colombo",death,6,16.0,324.0,0.04938271604938271,0.07952100409836066,0.05649080285338695
"R Premadasa Stadium, Colombo",death,W,30.0,324.0,0.09259259259259259,0.08016137295081967,0.08966070116764616
"R Premadasa Stadium, Colombo",death,Wd,10.0,324.0,0.030864197530864196,0.04340420081967213,0.03382174547633777
"R Premadasa Stadium, Colombo",death,Nb,1.0,324.0,0.0030864197530864196,0.006570184426229508,0.003908062364676771
"R Premadasa Stadium, Colombo",middle,0,222.0,692.0,0.3208092485549133,0.2808889845966761,0.315768811186449
"R Premadasa Stadium, Colombo",middle,1,300.0,692.0,0.43352601156069365,0.4414331678151601,0.43452438987565156
"R Premadasa Stadium, Colombo",middle,2,62.0,692.0,0.08959537572254335,0.06664217673287394,0.08669724453697904
"R Premadasa Stadium, Colombo",middle,3,1.0,692.0,0.001445086705202312,0.002286430887717876,0.0015513170312775096
"R Premadasa Stadium, Colombo",middle,4,48.0,692.0,0.06936416184971098,0.08739739562221321,0.071641085305835
"R Premadasa Stadium, Colombo",middle,6,10.0,692.0,0.014450867052023121,0.048281059991892986,0.018722356059582446
"R Premadasa Stadium, Colombo",middle,W,35.0,692.0,0.05057803468208093,0.04221980137819214,0.04952270219421618
"R Premadasa Stadium, Colombo",middle,Wd,14.0,692.0,0.02023121387283237,0.028171868666396434,0.021233821801312683
"R Premadasa Stadium, Colombo",middle,Nb,0.0,692.0,0.0,0.002679114308877179,0.0003382720086966135
"R Premadasa Stadium, Colombo",powerplay,0,183.0,463.0,0.3952483801295896,0.4228881521678736,0.4001577534934056
"R Premadasa Stadium, Colombo",powerplay,1,127.0,463.0,0.27429805615550756,0.25764450947345025,0.2713400549686413
"R Premadasa Stadium, Colombo",powerplay,2,39.0,463.0,0.08423326133909287,0.04384827662845184,0.07706008465869482
"R Premadasa Stadium, Colombo",powerplay,3,6.0,463.0,0.012958963282937365,0.005028429611245902,0.011550342737343854
"R Premadasa Stadium, Colombo",powerplay,4,64.0,463.0,0.13822894168466524,0.15223269683107069,0.14071628718136245
"R Premadasa Stadium, Colombo",powerplay,6,13.0,463.0,0.028077753779697623,0.040523771600022226,0.030288414138547465
"R Premadasa Stadium, Colombo",powerplay,W,21.0,463.0,0.04535637149028078,0.03919952586446391,0.044262793226370147
"R Premadasa Stadium, Colombo",powerplay,Wd,9.0,463.0,0.019438444924406047,0.03486563072990943,0.0221786200230745
"R Premadasa Stadium, Colombo",powerplay,Nb,1.0,463.0,0.0021598272138228943,0.003769007093512122,0.0024456495725598795
"R.Premadasa Stadium, Khettarama",death,0,46.0,227.0,0.2026431718061674,0.21696977459016392,0.2070243958991327
"R.Premadasa Stadium, Khettarama",death,1,95.0,227.0,0.4185022026431718,0.37083760245901637,0.4039258723116258
"R.Premadasa Stadium, Khettarama",death,2,21.0,227.0,0.09251101321585903,0.08837090163934426,0.09124492404872914
"R.Premadasa Stadium, Khettarama",death,3,0.0,227.0,0.0,0.002651127049180328,0.000810742216874718
"R.Premadasa Stadium, Khettarama",death,4,26.0,227.0,0.1145374449339207,0.11151383196721311,0.11361279265052389
"R.Premadasa Stadium, Khettarama",death,6,13.0,227.0,0.05726872246696035,0.07952100409836066,0.06407370155913171
"R.Premadasa Stadium, Khettarama",death,W,19.0,227.0,0.08370044052863436,0.08016137295081967,0.0826181568656941
"R.Premadasa Stadium, Khettarama",death,Wd,6.0,227.0,0.02643171806167401,0.04340420081967213,0.031622079761367626
"R.Premadasa Stadium, Khettarama",death,Nb,1.0,227.0,0.004405286343612335,0.006570184426229508,0.005067334686920339
"R.Premadasa Stadium, Khettarama",middle,0,113.0,403.0,0.2803970223325062,0.2808889845966761,0.28049482795162545
"R.Premadasa Stadium, Khettarama",middle,1,184.0,403.0,0.456575682382134,0.4414331678151601,0.4535652421103698
"R.Premadasa Stadium, Khettarama",middle,2,28.0,403.0,0.06947890818858561,0.06664217673287394,0.06891494567253956
"R.Premadasa Stadium, Khettarama",middle,3,0.0,403.0,0.0,0.002286430887717876,0.0004545588245959992
"R.Premadasa Stadium, Khettarama",middle,4,26.0,403.0,0.06451612903225806,0.08739739562221321,0.06906508859288533
"R.Premadasa Stadium, Khettarama",middle,6,23.0,403.0,0.05707196029776675,0.048281059991892986,0.05532426639997872
"R.Premadasa Stadium, Khettarama",middle,W,16.0,403.0,0.03970223325062035,0.04221980137819214,0.040202743812761864
"R.Premadasa Stadium, Khettarama",middle,Wd,12.0,403.0,0.02977667493796526,0.028171868666396434,0.029457627965486368
"R.Premadasa Stadium, Khettarama",middle,Nb,1.0,403.0,0.0024813895781637717,0.002679114308877179,0.0025206986697568945
"R.Premadasa Stadium, Khettarama",powerplay,0,86.0,261.0,0.32950191570881227,0.4228881521678736,0.3553706792708791
"R.Premadasa Stadium, Khettarama",powerplay,1,85.0,261.0,0.32567049808429116,0.25764450947345025,0.3068267339261635
"R.Premadasa Stadium, Khettarama",powerplay,2,17.0,261.0,0.06513409961685823,0.04384827662845184,0.05923774975857391
"R.Premadasa Stadium, Khettarama",powerplay,3,0.0,261.0,0.0,0.005028429611245902,0.0013929167898188092
"R.Premadasa Stadium, Khettarama",powerplay,4,30.0,261.0,0.11494252873563218,0.15223269683107069,0.12527221518866224
"R.Premadasa Stadium, Khettarama",powerplay,6,13.0,261.0,0.04980842911877394,0.040523771600022226,0.04723650182826101
"R.Premadasa Stadium, Khettarama",powerplay,W,16.0,261.0,0.06130268199233716,0.03919952586446391,0.05517992406217837
"R.Premadasa Stadium, Khettarama",powerplay,Wd,12.0,261.0,0.04597701149425287,0.03486563072990943,0.04289906668418544
"R.Premadasa Stadium, Khettarama",powerplay,Nb,2.0,261.0,0.007662835249042145,0.003769007093512122,0.006584212491277597
Rajiv Gandhi International Stadium,death,0,183.0,763.0,0.2398427260812582,0.21696977459016392,0.23719232614022756
Rajiv Gandhi International Stadium,death,1,282.0,763.0,0.36959370904325034,0.37083760245901637,0.3697378450126323
Rajiv Gandhi International Stadium,death,2,64.0,763.0,0.08387942332896461,0.08837090163934426,0.0843998727276181
Rajiv Gandhi International Stadium,death,3,1.0,763.0,0.001310615989515072,0.002651127049180328,0.0014659475143893777
Rajiv Gandhi International Stadium,death,4,71.0,763.0,0.09305373525557012,0.11151383196721311,0.09519279628820546
Rajiv Gandhi International Stadium,death,6,49.0,763.0,0.06422018348623854,0.07952100409836066,0.06599316385844271
Rajiv Gandhi International Stadium,death,W,79.0,763.0,0.10353866317169069,0.08016137295081967,0.10082982305339741
Rajiv Gandhi International Stadium,death,Wd,30.0,763.0,0.039318479685452164,0.04340420081967213,0.039791912030089464
Rajiv Gandhi International Stadium,death,Nb,4.0,763.0,0.005242463958060288,0.006570184426229508,0.005396313374997626
Rajiv Gandhi International Stadium,middle,0,418.0,1456.0,0.28708791208791207,0.2808889845966761,0.286689523431663
Rajiv Gandhi International Stadium,middle,1,675.0,1456.0,0.4635989010989011,0.4414331678151601,0.46217436811151413
Rajiv Gandhi International Stadium,middle,2,101.0,1456.0,0.06936813186813187,0.06664217673287394,0.0691929419494135
Rajiv Gandhi International Stadium,middle,3,2.0,1456.0,0.0013736263736263737,0.002286430887717876,0.0014322899028096322
Rajiv Gandhi International Stadium,middle,4,118.0,1456.0,0.08104395604395605,0.08739739562221321,0.08145227478291858
Rajiv Gandhi International Stadium,middle,6,50.0,1456.0,0.034340659340659344,0.048281059991892986,0.03523657197891343
Rajiv Gandhi International Stadium,middle,W,59.0,1456.0,0.040521978021978024,0.04221980137819214,0.040631092633559907
Rajiv Gandhi International Stadium,middle,Wd,29.0,1456.0,0.019917582417582416,0.028171868666396434,0.020448063538971495
Rajiv Gandhi International Stadium,middle,Nb,4.0,1456.0,0.0027472527472527475,0.002679114308877179,0.002742873670236323
Rajiv Gandhi International Stadium,powerplay,0,396.0,984.0,0.4024390243902439,0.4228881521678736,0.4043254752922393
Rajiv Gandhi International Stadium,powerplay,1,275.0,984.0,0.27947154471544716,0.25764450947345025,0.2774579805787316
Rajiv Gandhi International Stadium,powerplay,2,51.0,984.0,0.051829268292682924,0.04384827662845184,0.05109301444911917
Rajiv Gandhi International Stadium,powerplay,3,5.0,984.0,0.00508130081300813,0.005028429611245902,0.005076423395871393
Rajiv Gandhi International Stadium,powerplay,4,153.0,984.0,0.15548780487804878,0.15223269683107069,0.15518751815784787
Rajiv Gandhi International Stadium,powerplay,6,44.0,984.0,0.044715447154471545,0.040523771600022226,0.04432876121771423
Rajiv Gandhi International Stadium,powerplay,W,26.0,984.0,0.026422764227642278,0.03919952586446391,0.02760143227531955
Rajiv Gandhi International Stadium,powerplay,Wd,31.0,984.0,0.031504065040650404,0.03486563072990943,0.03181417257655991
Rajiv Gandhi International Stadium,powerplay,Nb,3.0,984.0,0.003048780487804878,0.003769007093512122,0.0031152220565970595
"Rajiv Gandhi International Stadium, Uppal",death,0,382.0,1897.0,0.20137058513442277,0.21696977459016392,0.20215171630396414
"Rajiv Gandhi International Stadium, Uppal",death,1,760.0,1897.0,0.40063257775434896,0.37083760245901637,0.39914059100946503
"Rajiv Gandhi International Stadium, Uppal",death,2,186.0,1897.0,0.09804955192409066,0.08837090163934426,0.09756489242059811
"Rajiv Gandhi International Stadium, Uppal",death,3,4.0,1897.0,0.0021085925144965737,0.002651127049180328,0.002135759992447688
"Rajiv Gandhi International Stadium, Uppal",death,4,208.0,1897.0,0.10964681075382182,0.11151383196721311,0.10974030205143781
"Rajiv Gandhi International Stadium, Uppal",death,6,133.0,1897.0,0.07011070110701106,0.07952100409836066,0.07058192308955237
"Rajiv Gandhi International Stadium, Uppal",death,W,151.0,1897.0,0.07959936742224565,0.08016137295081967,0.07962750991240959
"Rajiv Gandhi International Stadium, Uppal",death,Wd,60.0,1897.0,0.0316288877174486,0.04340420081967213,0.03221853784775524
"Rajiv Gandhi International Stadium, Uppal",death,Nb,13.0,1897.0,0.006852925672113864,0.006570184426229508,0.006838767372370031
"Rajiv Gandhi International Stadium, Uppal",middle,0,1218.0,4006.0,0.3040439340988517,0.2808889845966761,0.3034800044957788
"Rajiv Gandhi International Stadium, Uppal",middle,1,1731.0,4006.0,0.4321018472291563,0.4414331678151601,0.43232910783768047
"Rajiv Gandhi International Stadium, Uppal",middle,2,279.0,4006.0,0.06964553170244633,0.06664217673287394,0.06957238618443434
"Rajiv Gandhi International Stadium, Uppal",middle,3,10.0,4006.0,0.0024962556165751375,0.002286430887717876,0.002491145418600046
"Rajiv Gandhi International Stadium, Uppal",middle,4,335.0,4006.0,0.0836245631552671,0.08739739562221321,0.08371644899226043
"Rajiv Gandhi International Stadium, Uppal",middle,6,168.0,4006.0,0.04193709435846231,0.048281059991892986,0.042091599123036845
"Rajiv Gandhi International Stadium, Uppal",middle,W,157.0,4006.0,0.03919121318022965,0.04221980137819214,0.039264973243502
"Rajiv Gandhi International Stadium, Uppal",middle,Wd,95.0,4006.0,0.023714428357463804,0.028171868666396434,0.023822987546673075
"Rajiv Gandhi International Stadium, Uppal",middle,Nb,13.0,4006.0,0.0032451323015476783,0.002679114308877179,0.003231347158034028
"Rajiv Gandhi International Stadium, Uppal",powerplay,0,1243.0,2844.0,0.4370604781997187,0.4228881521678736,0.4365790812557022
"Rajiv Gandhi International Stadium, Uppal",powerplay,1,749.0,2844.0,0.2633614627285513,0.25764450947345025,0.26316727274026663
"Rajiv Gandhi International Stadium, Uppal",powerplay,2,137.0,2844.0,0.048171589310829814,0.04384827662845184,0.04802473765721644
"Rajiv Gandhi International Stadium, Uppal",powerplay,3,15.0,2844.0,0.005274261603375527,0.005028429611245902,0.0052659113319037335
"Rajiv Gandhi International Stadium, Uppal",powerplay,4,407.0,2844.0,0.14310829817158932,0.15223269683107069,0.14341823019127278
"Rajiv Gandhi International Stadium, Uppal",powerplay,6,81.0,2844.0,0.028481012658227847,0.040523771600022226,0.028890073763587713
"Rajiv Gandhi International Stadium, Uppal",powerplay,W,106.0,2844.0,0.03727144866385373,0.03919952586446391,0.03733694041659184
"Rajiv Gandhi International Stadium, Uppal",powerplay,Wd,91.0,2844.0,0.0319971870604782,0.03486563072990943,0.03209462060903225
"Rajiv Gandhi International Stadium, Uppal",powerplay,Nb,15.0,2844.0,0.005274261603375527,0.003769007093512122,0.005223132034426363
"Rajiv Gandhi International Stadium, Uppal, Hyderabad",death,0,215.0,1056.0,0.20359848484848486,0.21696977459016392,0.2047551708122979
"Rajiv Gandhi International Stadium, Uppal, Hyderabad",death,1,396.0,1056.0,0.375,0.37083760245901637,0.37463993100856546
"Rajiv Gandhi International Stadium, Uppal, Hyderabad",death,2,95.0,1056.0,0.08996212121212122,0.08837090163934426,0.08982447246015088
"Rajiv Gandhi International Stadium, Uppal, Hyderabad",death,3,1.0,1056.0,0.000946969696969697,0.002651127049180328,0.001094388153043281
"Rajiv Gandhi International Stadium, Uppal, Hyderabad",death,4,149.0,1056.0,0.14109848484848486,0.11151383196721311,0.13853925882069315
"Rajiv Gandhi International Stadium, Uppal, Hyderabad",death,6,97.0,1056.0,0.09185606060606061,0.07952100409836066,0.09078901419535991
"Rajiv Gandhi International Stadium, Uppal, Hyderabad",death,W,58.0,1056.0,0.054924242424242424,0.08016137295081967,0.0571073852033581
"Rajiv Gandhi International Stadium, Uppal, Hyderabad",death,Wd,44.0,1056.0,0.041666666666666664,0.04340420081967213,0.04181697238924499
"Rajiv Gandhi International Stadium, Uppal, Hyderabad",death,Nb,1.0,1056.0,0.000946969696969697,0.006570184426229508,0.0014334069572862897
"Rajiv Gandhi International Stadium, Uppal, Hyderabad",middle,0,511.0,2216.0,0.2305956678700361,0.2808889845966761,0.23276722731419153
"Rajiv Gandhi International Stadium, Uppal, Hyderabad",middle,1,980.0,2216.0,0.44223826714801445,0.4414331678151601,0.44220350465523145
"Rajiv Gandhi International Stadium, Uppal, Hyderabad",middle,2,146.0,2216.0,0.06588447653429604,0.06664217673287394,0.0659171924323348
"Rajiv Gandhi International Stadium, Uppal, Hyderabad",middle,3,5.0,2216.0,0.002256317689530686,0.002286430887717876,0.0022576179139774557
"Rajiv Gandhi International Stadium, Uppal, Hyderabad",middle,4,232.0,2216.0,0.10469314079422383,0.08739739562221321,0.10394634696123546
"Rajiv Gandhi International Stadium, Uppal, Hyderabad",middle,6,150.0,2216.0,0.06768953068592058,0.048281059991892986,0.06685151381657568
"Rajiv Gandhi International Stadium, Uppal, Hyderabad",middle,W,91.0,2216.0,0.041064981949458484,0.04221980137819214,0.04111484461909293
"Rajiv Gandhi International Stadium, Uppal, Hyderabad",middle,Wd,94.0,2216.0,0.042418772563176894,0.028171868666396434,0.04180362127229691
"Rajiv Gandhi International Stadium, Uppal, Hyderabad",middle,Nb,7.0,2216.0,0.00315884476534296,0.002679114308877179,0.0031381310150637816
"Rajiv Gandhi International Stadium, Uppal, Hyderabad",powerplay,0,587.0,1567.0,0.3746011486917677,0.4228881521678736,0.377497789572158
"Rajiv Gandhi International Stadium, Uppal, Hyderabad",powerplay,1,410.0,1567.0,0.2616464582003829,0.25764450947345025,0.26140638929054894
"Rajiv Gandhi International Stadium, Uppal, Hyderabad",powerplay,2,67.0,1567.0,0.042756860242501596,0.04384827662845184,0.04282233213128085
"Rajiv Gandhi International Stadium, Uppal, Hyderabad",powerplay,3,3.0,1567.0,0.0019144862795149968,0.005028429611245902,0.00210128551957084
"Rajiv Gandhi International Stadium, Uppal, Hyderabad",powerplay,4,275.0,1567.0,0.17549457562220805,0.15223269683107069,0.17409914198146795
"Rajiv Gandhi International Stadium, Uppal, Hyderabad",powerplay,6,101.0,1567.0,0.06445437141033823,0.040523771600022226,0.06301882253149503
"Rajiv Gandhi International Stadium, Uppal, Hyderabad",powerplay,W,66.0,1567.0,0.042118698149329926,0.03919952586446391,0.04194358283530077
"Rajiv Gandhi International Stadium, Uppal, Hyderabad",powerplay,Wd,48.0,1567.0,0.03063178047223995,0.03486563072990943,0.030885760691656237
"Rajiv Gandhi International Stadium, Uppal, Hyderabad",powerplay,Nb,10.0,1567.0,0.006381620931716656,0.003769007093512122,0.0062248954465214225
Rangiri Dambulla International Stadium,death,0,40.0,145.0,0.27586206896551724,0.21696977459016392,0.25182439779190363
Rangiri Dambulla International Stadium,death,1,49.0,145.0,0.33793103448275863,0.37083760245901637,0.3513622867179658
Rangiri Dambulla International Stadium,death,2,13.0,145.0,0.0896551724137931,0.08837090163934426,0.08913098026095684
Rangiri Dambulla International Stadium,death,3,1.0,145.0,0.006896551724137931,0.002651127049180328,0.005163725326196052
Rangiri Dambulla International Stadium,death,4,17.0,145.0,0.11724137931034483,0.11151383196721311,0.11490360488457678
Rangiri Dambulla International Stadium,death,6,4.0,145.0,0.027586206896551724,0.07952100409836066,0.048784083305453335
Rangiri Dambulla International Stadium,death,W,15.0,145.0,0.10344827586206896,0.08016137295081967,0.09394341753094682
Rangiri Dambulla International Stadium,death,Wd,6.0,145.0,0.041379310344827586,0.04340420081967213,0.042205796252927405
Rangiri Dambulla International Stadium,death,Nb,0.0,145.0,0.0,0.006570184426229508,0.0026817079290732686
Rangiri Dambulla International Stadium,middle,0,102.0,278.0,0.3669064748201439,0.2808889845966761,0.3441505250255757
Rangiri Dambulla International Stadium,middle,1,101.0,278.0,0.36330935251798563,0.4414331678151601,0.38397702852252913
Rangiri Dambulla International Stadium,middle,2,13.0,278.0,0.046762589928057555,0.06664217673287394,0.052021739876421676
Rangiri Dambulla International Stadium,middle,3,1.0,278.0,0.0035971223021582736,0.002286430887717876,0.003250378541724306
Rangiri Dambulla International Stadium,middle,4,27.0,278.0,0.09712230215827339,0.08739739562221321,0.09454957556143208
Rangiri Dambulla International Stadium,middle,6,8.0,278.0,0.02877697841726619,0.048281059991892986,0.033936788357643646
Rangiri Dambulla International Stadium,middle,W,14.0,278.0,0.050359712230215826,0.04221980137819214,0.048206296660897395
Rangiri Dambulla International Stadium,middle,Wd,12.0,278.0,0.04316546762589928,0.028171868666396434,0.03919890705460223
Rangiri Dambulla International Stadium,middle,Nb,0.0,278.0,0.0,0.002679114308877179,0.0007087603991738568
Rangiri Dambulla International Stadium,powerplay,0,84.0,196.0,0.42857142857142855,0.4228881521678736,0.42665140275941676
Rangiri Dambulla International Stadium,powerplay,1,51.0,196.0,0.2602040816326531,0.25764450947345025,0.2593393613085981
Rangiri Dambulla International Stadium,powerplay,2,9.0,196.0,0.04591836734693878,0.04384827662845184,0.045219012374476966
Rangiri Dambulla International Stadium,powerplay,3,1.0,196.0,0.00510204081632653,0.005028429611245902,0.005077172165961453
Rangiri Dambulla International Stadium,powerplay,4,29.0,196.0,0.14795918367346939,0.15223269683107069,0.14940293811860497
Rangiri Dambulla International Stadium,powerplay,6,7.0,196.0,0.03571428571428571,0.040523771600022226,0.037339112027034535
Rangiri Dambulla International Stadium,powerplay,W,7.0,196.0,0.03571428571428571,0.03919952586446391,0.03689173171096753
Rangiri Dambulla International Stadium,powerplay,Wd,7.0,196.0,0.03571428571428571,0.03486563072990943,0.03542757794929373
Rangiri Dambulla International Stadium,powerplay,Nb,1.0,196.0,0.00510204081632653,0.003769007093512122,0.004651691585645987
Rawalpindi Cricket Stadium,death,0,3.0,12.0,0.25,0.21696977459016392,0.22050872731264634
Rawalpindi Cricket Stadium,death,1,3.0,12.0,0.25,0.37083760245901637,0.35789071648126464
Rawalpindi Cricket Stadium,death,2,1.0,12.0,0.08333333333333333,0.08837090163934426,0.08783116217798595
Rawalpindi Cricket Stadium,death,3,0.0,12.0,0.0,0.002651127049180328,0.002367077722482436
Rawalpindi Cricket Stadium,death,4,1.0,12.0,0.08333333333333333,0.11151383196721311,0.10849449282786884
Rawalpindi Cricket Stadium,death,6,1.0,12.0,0.08333333333333333,0.07952100409836066,0.07992946794496489
Rawalpindi Cricket Stadium,death,W,2.0,12.0,0.16666666666666666,0.08016137295081967,0.08942979727751756
Rawalpindi Cricket Stadium,death,Wd,1.0,12.0,0.08333333333333333,0.04340420081967213,0.04768232216042155
Rawalpindi Cricket Stadium,death,Nb,0.0,12.0,0.0,0.006570184426229508,0.005866236094847775
Rawalpindi Cricket Stadium,middle,0,35.0,109.0,0.3211009174311927,0.2808889845966761,0.3018607581802278
Rawalpindi Cricket Stadium,middle,1,49.0,109.0,0.44954128440366975,0.4414331678151601,0.4456618027823732
Rawalpindi Cricket Stadium,middle,2,7.0,109.0,0.06422018348623854,0.06664217673287394,0.06537903192960474
Rawalpindi Cricket Stadium,middle,3,0.0,109.0,0.0,0.002286430887717876,0.0010939860706784097
Rawalpindi Cricket Stadium,middle,4,9.0,109.0,0.08256880733944955,0.08739739562221321,0.08487913666134604
Rawalpindi Cricket Stadium,middle,6,3.0,109.0,0.027522935779816515,0.048281059991892986,0.03745505262769999
Rawalpindi Cricket Stadium,middle,W,3.0,109.0,0.027522935779816515,0.04221980137819214,0.03455492888908715
Rawalpindi Cricket Stadium,middle,Wd,2.0,109.0,0.01834862385321101,0.028171868666396434,0.023048740988706427
Rawalpindi Cricket Stadium,middle,Nb,1.0,109.0,0.009174311926605505,0.002679114308877179,0.006066561870276163
Rawalpindi Cricket Stadium,powerplay,0,0.0,2.0,0.0,0.4228881521678736,0.41459622761556236
Rawalpindi Cricket Stadium,powerplay,1,2.0,2.0,1.0,0.25764450947345025,0.2722004994837748
Rawalpindi Cricket Stadium,powerplay,2,0.0,2.0,0.0,0.04384827662845184,0.042988506498482196
Rawalpindi Cricket Stadium,powerplay,3,0.0,2.0,0.0,0.005028429611245902,0.0049298329522018645
Rawalpindi Cricket Stadium,powerplay,4,0.0,2.0,0.0,0.15223269683107069,0.14924774199124577
Rawalpindi Cricket Stadium,powerplay,6,0.0,2.0,0.0,0.040523771600022226,0.03972918784315905
Rawalpindi Cricket Stadium,powerplay,W,0.0,2.0,0.0,0.03919952586446391,0.038430907710258734
Rawalpindi Cricket Stadium,powerplay,Wd,0.0,2.0,0.0,0.03486563072990943,0.03418199091167592
Rawalpindi Cricket Stadium,powerplay,Nb,0.0,2.0,0.0,0.003769007093512122,0.0036951049936393356
Riverside Ground,death,0,8.0,75.0,0.10666666666666667,0.21696977459016392,0.16969701405152224
Riverside Ground,death,1,29.0,75.0,0.38666666666666666,0.37083760245901637,0.3776214871194379
Riverside Ground,death,2,14.0,75.0,0.18666666666666668,0.08837090163934426,0.1304976580796253
Riverside Ground,death,3,0.0,75.0,0.0,0.002651127049180328,0.001514929742388759
Riverside Ground,death,4,8.0,75.0,0.10666666666666667,0.11151383196721311,0.10943647540983607
Riverside Ground,death,6,5.0,75.0,0.06666666666666667,0.07952100409836066,0.07401200234192039
Riverside Ground,death,W,9.0,75.0,0.12,0.08016137295081967,0.09723507025761124
Riverside Ground,death,Wd,1.0,75.0,0.013333333333333334,0.04340420081967213,0.03051668618266979
Riverside Ground,death,Nb,1.0,75.0,0.013333333333333334,0.006570184426229508,0.009468676814988291
Riverside Ground,middle,0,57.0,190.0,0.3,0.2808889845966761,0.293409994688509
Riverside Ground,middle,1,75.0,190.0,0.39473684210526316,0.4414331678151601,0.4108390233845379
Riverside Ground,middle,2,20.0,190.0,0.10526315789473684,0.06664217673287394,0.09194557818374963
Riverside Ground,middle,3,0.0,190.0,0.0,0.002286430887717876,0.0007884244440406469
Riverside Ground,middle,4,16.0,190.0,0.08421052631578947,0.08739739562221321,0.08530944676628043
Riverside Ground,middle,6,5.0,190.0,0.02631578947368421,0.048281059991892986,0.033890020686859645
Riverside Ground,middle,W,10.0,190.0,0.05263157894736842,0.04221980137819214,0.049041310820066256
Riverside Ground,middle,Wd,7.0,190.0,0.03684210526315789,0.028171868666396434,0.03385236850565394
Riverside Ground,middle,Nb,0.0,190.0,0.0,0.002679114308877179,0.0009238325203024756
Riverside Ground,powerplay,0,52.0,115.0,0.45217391304347826,0.4228881521678736,0.43855262891529
Riverside Ground,powerplay,1,18.0,115.0,0.1565217391304348,0.25764450947345025,0.20355558580160477
Riverside Ground,powerplay,2,6.0,115.0,0.05217391304347826,0.04384827662845184,0.048301524013233406
Riverside Ground,powerplay,3,2.0,115.0,0.017391304347826087,0.005028429611245902,0.011641130051742278
Riverside Ground,powerplay,4,26.0,115.0,0.22608695652173913,0.15223269683107069,0.19173613806096312
Riverside Ground,powerplay,6,8.0,115.0,0.06956521739130435,0.040523771600022226,0.05605756818605685
Riverside Ground,powerplay,W,2.0,115.0,0.017391304347826087,0.03919952586446391,0.02753466319277391
Riverside Ground,powerplay,Wd,1.0,115.0,0.008695652173913044,0.03486563072990943,0.02086773522321369
Riverside Ground,powerplay,Nb,0.0,115.0,0.0,0.003769007093512122,0.0017530265551219174
"Riverside Ground, Chester-le-Street",death,0,19.0,69.0,0.2753623188405797,0.21696977459016392,0.24081051750897275
"Riverside Ground, Chester-le-Street",death,1,22.0,69.0,0.3188405797101449,0.37083760245901637,0.3496080487923174
"Riverside Ground, Chester-le-Street",death,2,9.0,69.0,0.13043478260869565,0.08837090163934426,0.10554491221262974
"Riverside Ground, Chester-le-Street",death,3,0.0,69.0,0.0,0.002651127049180328,0.0015687142302842176
"Riverside Ground, Chester-le-Street",death,4,6.0,69.0,0.08695652173913043,0.11151383196721311,0.10148747453681249
"Riverside Ground, Chester-le-Street",death,6,4.0,69.0,0.057971014492753624,0.07952100409836066,0.07072248763216608
"Riverside Ground, Chester-le-Street",death,W,4.0,69.0,0.057971014492753624,0.08016137295081967,0.07110140411291105
"Riverside Ground, Chester-le-Street",death,Wd,5.0,69.0,0.07246376811594203,0.04340420081967213,0.0552687578814628
"Riverside Ground, Chester-le-Street",death,Nb,0.0,69.0,0.0,0.006570184426229508,0.0038876830924434963
"Riverside Ground, Chester-le-Street",middle,0,39.0,126.0,0.30952380952380953,0.2808889845966761,0.29685353300737877
"Riverside Ground, Chester-le-Street",middle,1,46.0,126.0,0.36507936507936506,0.4414331678151601,0.398864233546531
"Riverside Ground, Chester-le-Street",middle,2,15.0,126.0,0.11904761904761904,0.06664217673287394,0.09585937023578492
"Riverside Ground, Chester-le-Street",middle,3,1.0,126.0,0.007936507936507936,0.002286430887717876,0.0054364738441229545
"Riverside Ground, Chester-le-Street",middle,4,6.0,126.0,0.047619047619047616,0.08739739562221321,0.06522008655850142
"Riverside Ground, Chester-le-Street",middle,6,8.0,126.0,0.06349206349206349,0.048281059991892986,0.056761530969864145
"Riverside Ground, Chester-le-Street",middle,W,6.0,126.0,0.047619047619047616,0.04221980137819214,0.045230000609819535
"Riverside Ground, Chester-le-Street",middle,Wd,3.0,126.0,0.023809523809523808,0.028171868666396434,0.02573976489663559
"Riverside Ground, Chester-le-Street",middle,Nb,2.0,126.0,0.015873015873015872,0.002679114308877179,0.010035006331361583
"Riverside Ground, Chester-le-Street",powerplay,0,29.0,89.0,0.3258426966292135,0.4228881521678736,0.3771894985015204
"Riverside Ground, Chester-le-Street",powerplay,1,18.0,89.0,0.20224719101123595,0.25764450947345025,0.23155794152034406
"Riverside Ground, Chester-le-Street",powerplay,2,7.0,89.0,0.07865168539325842,0.04384827662845184,0.060237183401297266
"Riverside Ground, Chester-le-Street",powerplay,3,1.0,89.0,0.011235955056179775,0.005028429611245902,0.007951550058860266
"Riverside Ground, Chester-le-Street",powerplay,4,14.0,89.0,0.15730337078651685,0.15223269683107069,0.15462047451379402
"Riverside Ground, Chester-le-Street",powerplay,6,7.0,89.0,0.07865168539325842,0.040523771600022226,0.05847818603175779
"Riverside Ground, Chester-le-Street",powerplay,W,3.0,89.0,0.033707865168539325,0.03919952586446391,0.0366135057483936
"Riverside Ground, Chester-le-Street",powerplay,Wd,9.0,89.0,0.10112359550561797,0.03486563072990943,0.06606647128566637
"Riverside Ground, Chester-le-Street",powerplay,Nb,1.0,89.0,0.011235955056179775,0.003769007093512122,0.007285188938366202
"Sabina Park, Kingston",death,0,8.0,40.0,0.2,0.21696977459016392,0.2121212675644028
"Sabina Park, Kingston",death,1,18.0,40.0,0.45,0.37083760245901637,0.39345543032786884
"Sabina Park, Kingston",death,2,1.0,40.0,0.025,0.08837090163934426,0.07026492974238877
"Sabina Park, Kingston",death,3,0.0,40.0,0.0,0.002651127049180328,0.0018936621779859486
"Sabina Park, Kingston",death,4,5.0,40.0,0.125,0.11151383196721311,0.11536702283372366
"Sabina Park, Kingston",death,6,4.0,40.0,0.1,0.07952100409836066,0.08537214578454333
"Sabina Park, Kingston",death,W,3.0,40.0,0.075,0.08016137295081967,0.07868669496487118
"Sabina Park, Kingston",death,Wd,1.0,40.0,0.025,0.04340420081967213,0.038145857728337236
"Sabina Park, Kingston",death,Nb,0.0,40.0,0.0,0.006570184426229508,0.00469298887587822
"Sabina Park, Kingston",middle,0,41.0,116.0,0.35344827586206895,0.2808889845966761,0.31985601138735004
"Sabina Park, Kingston",middle,1,44.0,116.0,0.3793103448275862,0.4414331678151601,0.40807091102553705
"Sabina Park, Kingston",middle,2,3.0,116.0,0.02586206896551724,0.06664217673287394,0.044741748487441634
"Sabina Park, Kingston",middle,3,0.0,116.0,0.0,0.002286430887717876,0.0010585328183879055
"Sabina Park, Kingston",middle,4,9.0,116.0,0.07758620689655173,0.08739739562221321,0.0821284238991728
"Sabina Park, Kingston",middle,6,10.0,116.0,0.08620689655172414,0.048281059991892986,0.06864863888513563
"Sabina Park, Kingston",middle,W,1.0,116.0,0.008620689655172414,0.04221980137819214,0.02417583397138525
"Sabina Park, Kingston",middle,Wd,8.0,116.0,0.06896551724137931,0.028171868666396434,0.05007956882703538
"Sabina Park, Kingston",middle,Nb,0.0,116.0,0.0,0.002679114308877179,0.0012403306985542496
"Sabina Park, Kingston",powerplay,0,21.0,64.0,0.328125,0.4228881521678736,0.3859074098584595
"Sabina Park, Kingston",powerplay,1,17.0,64.0,0.265625,0.25764450947345025,0.2607588472399087
"Sabina Park, Kingston",powerplay,2,4.0,64.0,0.0625,0.04384827662845184,0.051126997944177945
"Sabina Park, Kingston",powerplay,3,0.0,64.0,0.0,0.005028429611245902,0.0030661156166133545
"Sabina Park, Kingston",powerplay,4,14.0,64.0,0.21875,0.15223269683107069,0.17819066879943335
"Sabina Park, Kingston",powerplay,6,4.0,64.0,0.0625,0.040523771600022226,0.049099860731720874
"Sabina Park, Kingston",powerplay,W,0.0,64.0,0.0,0.03919952586446391,0.023902149917356043
"Sabina Park, Kingston",powerplay,Wd,4.0,64.0,0.0625,0.03486563072990943,0.04564977483531063
"Sabina Park, Kingston",powerplay,Nb,0.0,64.0,0.0,0.003769007093512122,0.002298175057019587
"Sabina Park, Kingston, Jamaica",death,0,88.0,367.0,0.23978201634877383,0.21696977459016392,0.2348971680064591
"Sabina Park, Kingston, Jamaica",death,1,128.0,367.0,0.34877384196185285,0.37083760245901637,0.35349841594411485
"Sabina Park, Kingston, Jamaica",death,2,22.0,367.0,0.05994550408719346,0.08837090163934426,0.06603231298487029
"Sabina Park, Kingston, Jamaica",death,3,2.0,367.0,0.005449591280653951,0.002651127049180328,0.004850348404535402
"Sabina Park, Kingston, Jamaica",death,4,36.0,367.0,0.09809264305177112,0.11151383196721311,0.10096655930775442
"Sabina Park, Kingston, Jamaica",death,6,37.0,367.0,0.1008174386920981,0.07952100409836066,0.09625717432513076
"Sabina Park, Kingston, Jamaica",death,W,36.0,367.0,0.09809264305177112,0.08016137295081967,0.09425297065328045
"Sabina Park, Kingston, Jamaica",death,Wd,17.0,367.0,0.04632152588555858,0.04340420081967213,0.04569683101063643
"Sabina Park, Kingston, Jamaica",death,Nb,1.0,367.0,0.0027247956403269754,0.006570184426229508,0.00354821936321831
"Sabina Park, Kingston, Jamaica",middle,0,154.0,548.0,0.28102189781021897,0.2808889845966761,0.2810013865118327
"Sabina Park, Kingston, Jamaica",middle,1,230.0,548.0,0.4197080291970803,0.4414331678151601,0.4230606740455494
"Sabina Park, Kingston, Jamaica",middle,2,30.0,548.0,0.05474452554744526,0.06664217673287394,0.056580582829147213
"Sabina Park, Kingston, Jamaica",middle,3,0.0,548.0,0.0,0.002286430887717876,0.00035284427279596854
"Sabina Park, Kingston, Jamaica",middle,4,42.0,548.0,0.07664233576642336,0.08739739562221321,0.0783020672256502
"Sabina Park, Kingston, Jamaica",middle,6,44.0,548.0,0.08029197080291971,0.048281059991892986,0.07535201543084769
"Sabina Park, Kingston, Jamaica",middle,W,25.0,548.0,0.04562043795620438,0.04221980137819214,0.04509564836083212
"Sabina Park, Kingston, Jamaica",middle,Wd,21.0,548.0,0.03832116788321168,0.028171868666396434,0.036754918004073524
"Sabina Park, Kingston, Jamaica",middle,Nb,2.0,548.0,0.0036496350364963502,0.002679114308877179,0.003499863319271169
"Sabina Park, Kingston, Jamaica",powerplay,0,155.0,408.0,0.3799019607843137,0.4228881521678736,0.3883638094818649
"Sabina Park, Kingston, Jamaica",powerplay,1,117.0,408.0,0.2867647058823529,0.25764450947345025,0.2810323837546162
"Sabina Park, Kingston, Jamaica",powerplay,2,22.0,408.0,0.05392156862745098,0.04384827662845184,0.051938637131585
"Sabina Park, Kingston, Jamaica",powerplay,3,2.0,408.0,0.004901960784313725,0.005028429611245902,0.0049268562226862005
"Sabina Park, Kingston, Jamaica",powerplay,4,53.0,408.0,0.12990196078431374,0.15223269683107069,0.1342977749667462
"Sabina Park, Kingston, Jamaica",powerplay,6,29.0,408.0,0.07107843137254902,0.040523771600022226,0.06506373456693351
"Sabina Park, Kingston, Jamaica",powerplay,W,17.0,408.0,0.041666666666666664,0.03919952586446391,0.04118100902843778
"Sabina Park, Kingston, Jamaica",powerplay,Wd,13.0,408.0,0.031862745098039214,0.03486563072990943,0.03245386431691131
"Sabina Park, Kingston, Jamaica",powerplay,Nb,0.0,408.0,0.0,0.003769007093512122,0.0007419305302189217
"Sardar Patel Stadium, Motera",death,0,129.0,558.0,0.23118279569892472,0.21696977459016392,0.22902276209576958
"Sardar Patel Stadium, Motera",death,1,215.0,558.0,0.38530465949820786,0.37083760245901637,0.38310601861079274
"Sardar Patel Stadium, Motera",death,2,43.0,558.0,0.07706093189964158,0.08837090163934426,0.07877977228561463
"Sardar Patel Stadium, Motera",death,3,2.0,558.0,0.0035842293906810036,0.002651127049180328,0.003442420524191539
"Sardar Patel Stadium, Motera",death,4,56.0,558.0,0.1003584229390681,0.11151383196721311,0.10205377385519956
"Sardar Patel Stadium, Motera",death,6,43.0,558.0,0.07706093189964158,0.07952100409836066,0.0774348030544621
"Sardar Patel Stadium, Motera",death,W,46.0,558.0,0.08243727598566308,0.08016137295081967,0.08209139406547411
"Sardar Patel Stadium, Motera",death,Wd,19.0,558.0,0.034050179211469536,0.04340420081967213,0.035471763042503365
"Sardar Patel Stadium, Motera",death,Nb,5.0,558.0,0.008960573476702509,0.006570184426229508,0.008597292465992326
"Sardar Patel Stadium, Motera",middle,0,258.0,969.0,0.26625386996904027,0.2808889845966761,0.26762291717461895
"Sardar Patel Stadium, Motera",middle,1,459.0,969.0,0.47368421052631576,0.4414331678151601,0.4706672748190047
"Sardar Patel Stadium, Motera",middle,2,82.0,969.0,0.0846233230134159,0.06664217673287394,0.08294127004049336
"Sardar Patel Stadium, Motera",middle,3,1.0,969.0,0.0010319917440660474,0.002286430887717876,0.001149338717279502
"Sardar Patel Stadium, Motera",middle,4,68.0,969.0,0.07017543859649122,0.08739739562221321,0.071786472930048
"Sardar Patel Stadium, Motera",middle,6,43.0,969.0,0.04437564499484004,0.048281059991892986,0.04474097848380664
"Sardar Patel Stadium, Motera",middle,W,40.0,969.0,0.0412796697626419,0.04221980137819214,0.041367614722001136
"Sardar Patel Stadium, Motera",middle,Wd,17.0,969.0,0.017543859649122806,0.028171868666396434,0.01853806067973774
"Sardar Patel Stadium, Motera",middle,Nb,1.0,969.0,0.0010319917440660474,0.002679114308877179,0.001186072433010026
"Sardar Patel Stadium, Motera",powerplay,0,298.0,701.0,0.42510699001426533,0.4228881521678736,0.42482998154405416
"Sardar Patel Stadium, Motera",powerplay,1,172.0,701.0,0.24536376604850213,0.25764450947345025,0.24689694250604874
"Sardar Patel Stadium, Motera",powerplay,2,38.0,701.0,0.05420827389443652,0.04384827662845184,0.052914890964850414
"Sardar Patel Stadium, Motera",powerplay,3,4.0,701.0,0.005706134094151213,0.005028429611245902,0.005621526792914594
"Sardar Patel Stadium, Motera",powerplay,4,121.0,701.0,0.17261055634807418,0.15223269683107069,0.17006650397391646
"Sardar Patel Stadium, Motera",powerplay,6,18.0,701.0,0.025677603423680456,0.040523771600022226,0.027531057627967818
"Sardar Patel Stadium, Motera",powerplay,W,30.0,701.0,0.042796005706134094,0.03919952586446391,0.042347006974340066
"Sardar Patel Stadium, Motera",powerplay,Wd,18.0,701.0,0.025677603423680456,0.03486563072990943,0.026824672999988693
"Sardar Patel Stadium, Motera",powerplay,Nb,2.0,701.0,0.0028530670470756064,0.003769007093512122,0.0029674166159191166
Saurashtra Cricket Association Stadium,death,0,90.0,515.0,0.17475728155339806,0.21696977459016392,0.18162110155937625
Saurashtra Cricket Association Stadium,death,1,201.0,515.0,0.39029126213592236,0.37083760245901637,0.38712806544049044
Saurashtra Cricket Association Stadium,death,2,67.0,515.0,0.13009708737864079,0.08837090163934426,0.12331234172997467
Saurashtra Cricket Association Stadium,death,3,1.0,515.0,0.001941747572815534,0.002651127049180328,0.0020570938291350127
Saurashtra Cricket Association Stadium,death,4,71.0,515.0,0.1378640776699029,0.11151383196721311,0.1335794848727176
Saurashtra Cricket Association Stadium,death,6,30.0,515.0,0.05825242718446602,0.07952100409836066,0.06171073237371718
Saurashtra Cricket Association Stadium,death,W,35.0,515.0,0.06796116504854369,0.08016137295081967,0.06994493869119019
Saurashtra Cricket Association Stadium,death,Wd,15.0,515.0,0.02912621359223301,0.04340420081967213,0.031447837531654005
Saurashtra Cricket Association Stadium,death,Nb,5.0,515.0,0.009708737864077669,0.006570184426229508,0.009198403971744635
Saurashtra Cricket Association Stadium,middle,0,265.0,1076.0,0.24628252788104088,0.2808889845966761,0.24922525379223437
Saurashtra Cricket Association Stadium,middle,1,499.0,1076.0,0.4637546468401487,0.4414331678151601,0.4618565618890442
Saurashtra Cricket Association Stadium,middle,2,85.0,1076.0,0.07899628252788105,0.06664217673287394,0.07794576332762533
Saurashtra Cricket Association Stadium,middle,3,2.0,1076.0,0.0018587360594795538,0.002286430887717876,0.0018951046673229487
Saurashtra Cricket Association Stadium,middle,4,106.0,1076.0,0.09851301115241635,0.08739739562221321,0.0975678057501882
Saurashtra Cricket Association Stadium,middle,6,46.0,1076.0,0.04275092936802974,0.048281059991892986,0.0432211785707392
Saurashtra Cricket Association Stadium,middle,W,42.0,1076.0,0.03903345724907063,0.04221980137819214,0.039304404879097976
Saurashtra Cricket Association Stadium,middle,Wd,31.0,1076.0,0.028810408921933085,0.028171868666396434,0.02875611128115616
Saurashtra Cricket Association Stadium,middle,Nb,0.0,1076.0,0.0,0.002679114308877179,0.00022781584259159686
Saurashtra Cricket Association Stadium,powerplay,0,298.0,817.0,0.36474908200734396,0.4228881521678736,0.37108922051994264
Saurashtra Cricket Association Stadium,powerplay,1,236.0,817.0,0.28886168910648713,0.25764450947345025,0.2854574165183697
Saurashtra Cricket Association Stadium,powerplay,2,39.0,817.0,0.04773561811505508,0.04384827662845184,0.04731169865086716
Saurashtra Cricket Association Stadium,powerplay,3,5.0,817.0,0.006119951040391677,0.005028429611245902,0.006000919259677852
Saurashtra Cricket Association Stadium,powerplay,4,146.0,817.0,0.17870257037943696,0.15223269683107069,0.1758159974733992
Saurashtra Cricket Association Stadium,powerplay,6,40.0,817.0,0.04895960832313342,0.040523771600022226,0.04803966974918454
Saurashtra Cricket Association Stadium,powerplay,W,25.0,817.0,0.030599755201958383,0.03919952586446391,0.031537570977586034
Saurashtra Cricket Association Stadium,powerplay,Wd,25.0,817.0,0.030599755201958383,0.03486563072990943,0.031064954278070822
Saurashtra Cricket Association Stadium,powerplay,Nb,3.0,817.0,0.0036719706242350062,0.003769007093512122,0.0036825525729020855
"Saurashtra Cricket Association Stadium, Rajkot",death,0,22.0,112.0,0.19642857142857142,0.21696977459016392,0.20611781820290753
"Saurashtra Cricket Association Stadium, Rajkot",death,1,37.0,112.0,0.33035714285714285,0.37083760245901637,0.3494516992731209
"Saurashtra Cricket Association Stadium, Rajkot",death,2,9.0,112.0,0.08035714285714286,0.08837090163934426,0.08413721775440768
"Saurashtra Cricket Association Stadium, Rajkot",death,3,1.0,112.0,0.008928571428571428,0.002651127049180328,0.0059675127590473245
"Saurashtra Cricket Association Stadium, Rajkot",death,4,14.0,112.0,0.125,0.11151383196721311,0.11863859998453449
"Saurashtra Cricket Association Stadium, Rajkot",death,6,10.0,112.0,0.08928571428571429,0.07952100409836066,0.08467971891432106
"Saurashtra Cricket Association Stadium, Rajkot",death,W,12.0,112.0,0.10714285714285714,0.08016137295081967,0.09441574195793381
"Saurashtra Cricket Association Stadium, Rajkot",death,Wd,6.0,112.0,0.05357142857142857,0.04340420081967213,0.04877556642437365
"Saurashtra Cricket Association Stadium, Rajkot",death,Nb,1.0,112.0,0.008928571428571428,0.006570184426229508,0.007816124729353542
"Saurashtra Cricket Association Stadium, Rajkot",middle,0,87.0,264.0,0.32954545454545453,0.2808889845966761,0.3161782924716143
"Saurashtra Cricket Association Stadium, Rajkot",middle,1,116.0,264.0,0.4393939393939394,0.4414331678151601,0.4399541669821868
"Saurashtra Cricket Association Stadium, Rajkot",middle,2,13.0,264.0,0.04924242424242424,0.06664217673287394,0.054022576025514815
"Saurashtra Cricket Association Stadium, Rajkot",middle,3,0.0,264.0,0.0,0.002286430887717876,0.0006281403537686472
"Saurashtra Cricket Association Stadium, Rajkot",middle,4,15.0,264.0,0.056818181818181816,0.08739739562221321,0.06521906473137726
"Saurashtra Cricket Association Stadium, Rajkot",middle,6,16.0,264.0,0.06060606060606061,0.048281059991892986,0.05722007142634422
"Saurashtra Cricket Association Stadium, Rajkot",middle,W,15.0,264.0,0.056818181818181816,0.04221980137819214,0.052807637741261584
"Saurashtra Cricket Association Stadium, Rajkot",middle,Wd,2.0,264.0,0.007575757575757576,0.028171868666396434,0.013234029853405613
"Saurashtra Cricket Association Stadium, Rajkot",middle,Nb,0.0,264.0,0.0,0.002679114308877179,0.0007360204145266976
"Saurashtra Cricket Association Stadium, Rajkot",powerplay,0,74.0,172.0,0.43023255813953487,0.4228881521678736,0.42753240888524763
"Saurashtra Cricket Association Stadium, Rajkot",powerplay,1,40.0,172.0,0.23255813953488372,0.25764450947345025,0.24178106965935672
"Saurashtra Cricket Association Stadium, Rajkot",powerplay,2,5.0,172.0,0.029069767441860465,0.04384827662845184,0.03450304287810729
"Saurashtra Cricket Association Stadium, Rajkot",powerplay,3,0.0,172.0,0.0,0.005028429611245902,0.001848687357075699
"Saurashtra Cricket Association Stadium, Rajkot",powerplay,4,25.0,172.0,0.14534883720930233,0.15223269683107069,0.14787966795259952
"Saurashtra Cricket Association Stadium, Rajkot",powerplay,6,5.0,172.0,0.029069767441860465,0.040523771600022226,0.033280798382361115
"Saurashtra Cricket Association Stadium, Rajkot",powerplay,W,10.0,172.0,0.05813953488372093,0.03919952586446391,0.05117629627369996
"Saurashtra Cricket Association Stadium, Rajkot",powerplay,Wd,12.0,172.0,0.06976744186046512,0.03486563072990943,0.056935893650702
"Saurashtra Cricket Association Stadium, Rajkot",powerplay,Nb,1.0,172.0,0.005813953488372093,0.003769007093512122,0.005062134960850045
Sawai Mansingh Stadium,death,0,390.0,1803.0,0.21630615640599002,0.21696977459016392,0.21634102861745477
Sawai Mansingh Stadium,death,1,699.0,1803.0,0.3876871880199667,0.37083760245901637,0.38680176576242864
Sawai Mansingh Stadium,death,2,202.0,1803.0,0.11203549639489739,0.08837090163934426,0.11079195489434283
Sawai Mansingh Stadium,death,3,13.0,1803.0,0.007210205213533,0.002651127049180328,0.006970632004686303
Sawai Mansingh Stadium,death,4,201.0,1803.0,0.11148086522462562,0.11151383196721311,0.11148259758104115
Sawai Mansingh Stadium,death,6,95.0,1803.0,0.05268996117581808,0.07952100409836066,0.05409989511814822
Sawai Mansingh Stadium,death,W,136.0,1803.0,0.07542983915696062,0.08016137295081967,0.07567847466898685
Sawai Mansingh Stadium,death,Wd,47.0,1803.0,0.026067665002773157,0.04340420081967213,0.02697867581816459
Sawai Mansingh Stadium,death,Nb,20.0,1803.0,0.011092623405435386,0.006570184426229508,0.01085497553474669
Sawai Mansingh Stadium,middle,0,1184.0,4004.0,0.2957042957042957,0.2808889845966761,0.29534329884494825
Sawai Mansingh Stadium,middle,1,1694.0,4004.0,0.4230769230769231,0.4414331678151601,0.4235241999954961
Sawai Mansingh Stadium,middle,2,364.0,4004.0,0.09090909090909091,0.06664217673287394,0.09031779183072305
Sawai Mansingh Stadium,middle,3,15.0,4004.0,0.0037462537462537465,0.002286430887717876,0.0037106830138332815
Sawai Mansingh Stadium,middle,4,367.0,4004.0,0.09165834165834166,0.08739739562221321,0.09155451743718843
Sawai Mansingh Stadium,middle,6,120.0,4004.0,0.029970029970029972,0.048281059991892986,0.03041620516549447
Sawai Mansingh Stadium,middle,W,151.0,4004.0,0.03771228771228771,0.04221980137819214,0.03782211991662261
Sawai Mansingh Stadium,middle,Wd,101.0,4004.0,0.025224775224775224,0.028171868666396434,0.025296585493820575
Sawai Mansingh Stadium,middle,Nb,8.0,4004.0,0.001998001998001998,0.002679114308877179,0.002014598301873226
Sawai Mansingh Stadium,powerplay,0,1135.0,2520.0,0.4503968253968254,0.4228881521678736,0.44934687603694173
Sawai Mansingh Stadium,powerplay,1,614.0,2520.0,0.24365079365079365,0.25764450947345025,0.24418490494173475
Sawai Mansingh Stadium,powerplay,2,85.0,2520.0,0.03373015873015873,0.04384827662845184,0.03411634643620045
Sawai Mansingh Stadium,powerplay,3,20.0,2520.0,0.007936507936507936,0.005028429611245902,0.007825512580581903
Sawai Mansingh Stadium,powerplay,4,429.0,2520.0,0.17023809523809524,0.15223269683107069,0.16955086629126223
Sawai Mansingh Stadium,powerplay,6,52.0,2520.0,0.020634920634920634,0.040523771600022226,0.021394037083970315
Sawai Mansingh Stadium,powerplay,W,82.0,2520.0,0.03253968253968254,0.03919952586446391,0.0327938750329948
Sawai Mansingh Stadium,powerplay,Wd,92.0,2520.0,0.03650793650793651,0.03486563072990943,0.03644525308129425
Sawai Mansingh Stadium,powerplay,Nb,11.0,2520.0,0.004365079365079365,0.003769007093512122,0.0043423285150195464
"Sawai Mansingh Stadium, Jaipur",death,0,166.0,887.0,0.1871476888387824,0.21696977459016392,0.1901691767568555
"Sawai Mansingh Stadium, Jaipur",death,1,329.0,887.0,0.370913190529876,0.37083760245901637,0.3709055321640341
"Sawai Mansingh Stadium, Jaipur",death,2,73.0,887.0,0.08229988726042842,0.08837090163934426,0.08291498496852524
"Sawai Mansingh Stadium, Jaipur",death,3,2.0,887.0,0.002254791431792559,0.002651127049180328,0.002294947016127693
"Sawai Mansingh Stadium, Jaipur",death,4,122.0,887.0,0.1375422773393461,0.11151383196721311,0.13490515014865379
"Sawai Mansingh Stadium, Jaipur",death,6,74.0,887.0,0.0834272829763247,0.07952100409836066,0.08303151004036076
"Sawai Mansingh Stadium, Jaipur",death,W,61.0,887.0,0.06877113866967305,0.08016137295081967,0.06992516443270716
"Sawai Mansingh Stadium, Jaipur",death,Wd,57.0,887.0,0.06426155580608793,0.04340420081967213,0.062148348613948544
"Sawai Mansingh Stadium, Jaipur",death,Nb,3.0,887.0,0.0033821871476888386,0.006570184426229508,0.003705185858787184
"Sawai Mansingh Stadium, Jaipur",middle,0,387.0,1684.0,0.22980997624703087,0.2808889845966761,0.23267314936080025
"Sawai Mansingh Stadium, Jaipur",middle,1,802.0,1684.0,0.47624703087885983,0.4414331678151601,0.4742955811555583
"Sawai Mansingh Stadium, Jaipur",middle,2,118.0,1684.0,0.07007125890736342,0.06664217673287394,0.06987904578099069
"Sawai Mansingh Stadium, Jaipur",middle,3,4.0,1684.0,0.0023752969121140144,0.002286430887717876,0.0023703156327196115
"Sawai Mansingh Stadium, Jaipur",middle,4,149.0,1684.0,0.08847980997624703,0.08739739562221321,0.08841913652590881
"Sawai Mansingh Stadium, Jaipur",middle,6,103.0,1684.0,0.06116389548693587,0.048281059991892986,0.06044176345246037
"Sawai Mansingh Stadium, Jaipur",middle,W,64.0,1684.0,0.03800475059382423,0.04221980137819214,0.03824102025662512
"Sawai Mansingh Stadium, Jaipur",middle,Wd,53.0,1684.0,0.03147268408551069,0.028171868666396434,0.0312876607996859
"Sawai Mansingh Stadium, Jaipur",middle,Nb,4.0,1684.0,0.0023752969121140144,0.002679114308877179,0.0023923270352509633
"Sawai Mansingh Stadium, Jaipur",powerplay,0,474.0,1204.0,0.39368770764119604,0.4228881521678736,0.3959270055343462
"Sawai Mansingh Stadium, Jaipur",powerplay,1,333.0,1204.0,0.276578073089701,0.25764450947345025,0.2751261126896818
"Sawai Mansingh Stadium, Jaipur",powerplay,2,45.0,1204.0,0.03737541528239203,0.04384827662845184,0.03787180035494263
"Sawai Mansingh Stadium, Jaipur",powerplay,3,3.0,1204.0,0.0024916943521594683,0.005028429611245902,0.0026862292646660964
"Sawai Mansingh Stadium, Jaipur",powerplay,4,212.0,1204.0,0.1760797342192691,0.15223269683107069,0.1742509736833643
"Sawai Mansingh Stadium, Jaipur",powerplay,6,60.0,1204.0,0.04983388704318937,0.040523771600022226,0.04911992113497103
"Sawai Mansingh Stadium, Jaipur",powerplay,W,39.0,1204.0,0.03239202657807309,0.03919952586446391,0.03291407406936073
"Sawai Mansingh Stadium, Jaipur",powerplay,Wd,35.0,1204.0,0.029069767441860465,0.03486563072990943,0.029514235485422504
"Sawai Mansingh Stadium, Jaipur",powerplay,Nb,3.0,1204.0,0.0024916943521594683,0.003769007093512122,0.002589647783244795
Saxton Oval,death,0,9.0,45.0,0.2,0.21696977459016392,0.2117032928208027
Saxton Oval,death,1,15.0,45.0,0.3333333333333333,0.37083760245901637,0.35919834652345956
Saxton Oval,death,2,3.0,45.0,0.06666666666666667,0.08837090163934426,0.08163510457885811
Saxton Oval,death,3,0.0,45.0,0.0,0.002651127049180328,0.0018283634821933297
Saxton Oval,death,4,6.0,45.0,0.13333333333333333,0.11151383196721311,0.11828540135669871
Saxton Oval,death,6,3.0,45.0,0.06666666666666667,0.07952100409836066,0.07553172696438668
Saxton Oval,death,W,7.0,45.0,0.15555555555555556,0.08016137295081967,0.10355956755228943
Saxton Oval,death,Wd,2.0,45.0,0.044444444444444446,0.04340420081967213,0.04372703504804975
Saxton Oval,death,Nb,0.0,45.0,0.0,0.006570184426229508,0.00453116167326173
Saxton Oval,middle,0,20.0,105.0,0.19047619047619047,0.2808889845966761,0.23457999248618347
Saxton Oval,middle,1,51.0,105.0,0.4857142857142857,0.4414331678151601,0.46411374039763903
Saxton Oval,middle,2,9.0,105.0,0.08571428571428572,0.06664217673287394,0.0764108179184751
Saxton Oval,middle,3,0.0,105.0,0.0,0.002286430887717876,0.0011153321403501834
Saxton Oval,middle,4,9.0,105.0,0.08571428571428572,0.08739739562221321,0.08653531493766499
Saxton Oval,middle,6,6.0,105.0,0.05714285714285714,0.048281059991892986,0.052820029264338035
Saxton Oval,middle,W,7.0,105.0,0.06666666666666667,0.04221980137819214,0.05474136652594738
Saxton Oval,middle,Wd,3.0,105.0,0.02857142857142857,0.028171868666396434,0.028376521300681187
Saxton Oval,middle,Nb,0.0,105.0,0.0,0.002679114308877179,0.0013068850287205752
Saxton Oval,powerplay,0,27.0,76.0,0.35526315789473684,0.4228881521678736,0.3936864500953827
Saxton Oval,powerplay,1,26.0,76.0,0.34210526315789475,0.25764450947345025,0.29411619856446036
Saxton Oval,powerplay,2,1.0,76.0,0.013157894736842105,0.04384827662845184,0.03059561172071127
Saxton Oval,powerplay,3,0.0,76.0,0.0,0.005028429611245902,0.0028570622791169896
Saxton Oval,powerplay,4,17.0,76.0,0.2236842105263158,0.15223269683107069,0.18308675956310835
Saxton Oval,powerplay,6,1.0,76.0,0.013157894736842105,0.040523771600022226,0.02870668840910354
Saxton Oval,powerplay,W,2.0,76.0,0.02631578947368421,0.03919952586446391,0.03363609424117267
Saxton Oval,powerplay,Wd,2.0,76.0,0.02631578947368421,0.03486563072990943,0.031173653823812177
Saxton Oval,powerplay,Nb,0.0,76.0,0.0,0.003769007093512122,0.002141481303131888
"Saxton Oval, Nelson",death,0,16.0,54.0,0.2962962962962963,0.21696977459016392,0.24478556791569087
"Saxton Oval, Nelson",death,1,18.0,54.0,0.3333333333333333,0.37083760245901637,0.35768675484351714
"Saxton Oval, Nelson",death,2,4.0,54.0,0.07407407407407407,0.08837090163934426,0.08335772833723654
"Saxton Oval, Nelson",death,3,0.0,54.0,0.0,0.002651127049180328,0.0017215110708963168
"Saxton Oval, Nelson",death,4,3.0,54.0,0.05555555555555555,0.11151383196721311,0.09189209868000851
"Saxton Oval, Nelson",death,6,6.0,54.0,0.1111111111111111,0.07952100409836066,0.09059805460932512
"Saxton Oval, Nelson",death,W,6.0,54.0,0.1111111111111111,0.08016137295081967,0.09101387853949329
"Saxton Oval, Nelson",death,Wd,1.0,54.0,0.018518518518518517,0.04340420081967213,0.03467805248030658
"Saxton Oval, Nelson",death,Nb,0.0,54.0,0.0,0.006570184426229508,0.004266353523525655
"Saxton Oval, Nelson",middle,0,18.0,114.0,0.15789473684210525,0.2808889845966761,0.21536868439097015
"Saxton Oval, Nelson",middle,1,54.0,114.0,0.47368421052631576,0.4414331678151601,0.45861362982016823
"Saxton Oval, Nelson",middle,2,10.0,114.0,0.08771929824561403,0.06664217673287394,0.07787017604339903
"Saxton Oval, Nelson",middle,3,0.0,114.0,0.0,0.002286430887717876,0.0010684256484662972
"Saxton Oval, Nelson",middle,4,16.0,114.0,0.14035087719298245,0.08739739562221321,0.11560625963654825
"Saxton Oval, Nelson",middle,6,9.0,114.0,0.07894736842105263,0.048281059991892986,0.06461731775322102
"Saxton Oval, Nelson",middle,W,5.0,114.0,0.043859649122807015,0.04221980137819214,0.04309336512999633
"Saxton Oval, Nelson",middle,Wd,2.0,114.0,0.017543859649122806,0.028171868666396434,0.022510219002988986
"Saxton Oval, Nelson",middle,Nb,0.0,114.0,0.0,0.002679114308877179,0.0012519225742416724
"Saxton Oval, Nelson",powerplay,0,19.0,52.0,0.36538461538461536,0.4228881521678736,0.4032158895841274
"Saxton Oval, Nelson",powerplay,1,16.0,52.0,0.3076923076923077,0.25764450947345025,0.2747661246535857
"Saxton Oval, Nelson",powerplay,2,2.0,52.0,0.038461538461538464,0.04384827662845184,0.04200544515029726
"Saxton Oval, Nelson",powerplay,3,1.0,52.0,0.019230769230769232,0.005028429611245902,0.009887124744240725
"Saxton Oval, Nelson",powerplay,4,7.0,52.0,0.1346153846153846,0.15223269683107069,0.1462057215993886
"Saxton Oval, Nelson",powerplay,6,3.0,52.0,0.057692307692307696,0.040523771600022226,0.04639721815790936
"Saxton Oval, Nelson",powerplay,W,3.0,52.0,0.057692307692307696,0.03919952586446391,0.04552600385819994
"Saxton Oval, Nelson",powerplay,Wd,0.0,52.0,0.0,0.03486563072990943,0.022937914953887785
"Saxton Oval, Nelson",powerplay,Nb,1.0,52.0,0.019230769230769232,0.003769007093512122,0.009058557298363239
Seddon Park,death,0,50.0,287.0,0.17421602787456447,0.21696977459016392,0.1852635076460372
Seddon Park,death,1,112.0,287.0,0.3902439024390244,0.37083760245901637,0.3852293546405727
Seddon Park,death,2,20.0,287.0,0.06968641114982578,0.08837090163934426,0.07451444486804762
Seddon Park,death,3,1.0,287.0,0.003484320557491289,0.002651127049180328,0.0032690250773075784
Seddon Park,death,4,41.0,287.0,0.14285714285714285,0.11151383196721311,0.13475809611555895
Seddon Park,death,6,33.0,287.0,0.11498257839721254,0.07952100409836066,0.10581938090396915
Seddon Park,death,W,19.0,287.0,0.06620209059233449,0.08016137295081967,0.06980914029736943
Seddon Park,death,Wd,10.0,287.0,0.03484320557491289,0.04340420081967213,0.03705534904901089
Seddon Park,death,Nb,1.0,287.0,0.003484320557491289,0.006570184426229508,0.004281701402126488
Seddon Park,middle,0,160.0,601.0,0.26622296173044924,0.2808889845966761,0.2683151190580137
Seddon Park,middle,1,273.0,601.0,0.454242928452579,0.4414331678151601,0.45241557315480174
Seddon Park,middle,2,24.0,601.0,0.03993344425956739,0.06664217673287394,0.04374353448400484
Seddon Park,middle,3,1.0,601.0,0.0016638935108153079,0.002286430887717876,0.001752700554595988
Seddon Park,middle,4,59.0,601.0,0.09816971713810316,0.08739739562221321,0.09663300936122869
Seddon Park,middle,6,42.0,601.0,0.06988352745424292,0.048281059991892986,0.06680186305162525
Seddon Park,middle,W,26.0,601.0,0.04326123128119801,0.04221980137819214,0.043112667814292745
Seddon Park,middle,Wd,15.0,601.0,0.024958402662229616,0.028171868666396434,0.025416814360398922
Seddon Park,middle,Nb,1.0,601.0,0.0016638935108153079,0.002679114308877179,0.001808718161038114
Seddon Park,powerplay,0,161.0,399.0,0.40350877192982454,0.4228881521678736,0.4073924152641029
Seddon Park,powerplay,1,124.0,399.0,0.3107769423558897,0.25764450947345025,0.3001291602151203
Seddon Park,powerplay,2,11.0,399.0,0.02756892230576441,0.04384827662845184,0.03083131796161359
Seddon Park,powerplay,3,1.0,399.0,0.002506265664160401,0.005028429611245902,0.0030117093409310425
Seddon Park,powerplay,4,55.0,399.0,0.13784461152882205,0.15223269683107069,0.14072799535692798
Seddon Park,powerplay,6,27.0,399.0,0.06766917293233082,0.040523771600022226,0.062229212745495435
Seddon Park,powerplay,W,8.0,399.0,0.020050125313283207,0.03919952586446391,0.023887680533960703
Seddon Park,powerplay,Wd,11.0,399.0,0.02756892230576441,0.03486563072990943,0.029031188523027943
Seddon Park,powerplay,Nb,1.0,399.0,0.002506265664160401,0.003769007093512122,0.0027593200588200647
"Seddon Park, Hamilton",death,0,2.0,9.0,0.2222222222222222,0.21696977459016392,0.21740346292675589
"Seddon Park, Hamilton",death,1,2.0,9.0,0.2222222222222222,0.37083760245901637,0.3585666077605655
"Seddon Park, Hamilton",death,2,0.0,9.0,0.0,0.08837090163934426,0.0810742216874718
"Seddon Park, Hamilton",death,3,0.0,9.0,0.0,0.002651127049180328,0.002432226650624154
"Seddon Park, Hamilton",death,4,2.0,9.0,0.2222222222222222,0.11151383196721311,0.12065489171303954
"Seddon Park, Hamilton",death,6,0.0,9.0,0.0,0.07952100409836066,0.07295504963152354
"Seddon Park, Hamilton",death,W,3.0,9.0,0.3333333333333333,0.08016137295081967,0.10106547977139418
"Seddon Park, Hamilton",death,Wd,0.0,9.0,0.0,0.04340420081967213,0.03982036772446985
"Seddon Park, Hamilton",death,Nb,0.0,9.0,0.0,0.006570184426229508,0.0060276921341555125
"Seddon Park, Hamilton",middle,0,9.0,36.0,0.25,0.2808889845966761,0.27271248867402653
"Seddon Park, Hamilton",middle,1,14.0,36.0,0.3888888888888889,0.4414331678151601,0.4275243880993824
"Seddon Park, Hamilton",middle,2,0.0,36.0,0.0,0.06664217673287394,0.04900160053887789
"Seddon Park, Hamilton",middle,3,1.0,36.0,0.027777777777777776,0.002286430887717876,0.009034140358616086
"Seddon Park, Hamilton",middle,4,3.0,36.0,0.08333333333333333,0.08739739562221321,0.08632161442809795
"Seddon Park, Hamilton",middle,6,4.0,36.0,0.1111111111111111,0.048281059991892986,0.06491254411168601
"Seddon Park, Hamilton",middle,W,1.0,36.0,0.027777777777777776,0.04221980137819214,0.03839691277808246
"Seddon Park, Hamilton",middle,Wd,4.0,36.0,0.1111111111111111,0.028171868666396434,0.05012637401940914
"Seddon Park, Hamilton",middle,Nb,0.0,36.0,0.0,0.002679114308877179,0.001969936991821455
"Seddon Park, Hamilton",powerplay,0,18.0,28.0,0.6428571428571429,0.4228881521678736,0.47100636888115127
"Seddon Park, Hamilton",powerplay,1,3.0,28.0,0.10714285714285714,0.25764450947345025,0.224722273026133
"Seddon Park, Hamilton",powerplay,2,2.0,28.0,0.07142857142857142,0.04384827662845184,0.049881466115978
"Seddon Park, Hamilton",powerplay,3,0.0,28.0,0.0,0.005028429611245902,0.0039284606337858605
"Seddon Park, Hamilton",powerplay,4,3.0,28.0,0.10714285714285714,0.15223269683107069,0.14236929439927398
"Seddon Park, Hamilton",powerplay,6,1.0,28.0,0.03571428571428571,0.040523771600022226,0.03947169656251737
"Seddon Park, Hamilton",powerplay,W,1.0,28.0,0.03571428571428571,0.03919952586446391,0.038437129581612425
"Seddon Park, Hamilton",powerplay,Wd,0.0,28.0,0.0,0.03486563072990943,0.027238774007741745
"Seddon Park, Hamilton",powerplay,Nb,0.0,28.0,0.0,0.003769007093512122,0.0029445367918063455
Senwes Park,middle,0,4.0,11.0,0.36363636363636365,0.2808889845966761,0.2890891753123208
Senwes Park,middle,1,5.0,11.0,0.45454545454545453,0.4414331678151601,0.44273258361726137
Senwes Park,middle,2,0.0,11.0,0.0,0.06664217673287394,0.060037997056643186
Senwes Park,middle,3,0.0,11.0,0.0,0.002286430887717876,0.002059847646592681
Senwes Park,middle,4,0.0,11.0,0.0,0.08739739562221321,0.07873639245244435
Senwes Park,middle,6,1.0,11.0,0.09090909090909091,0.048281059991892986,0.05250545945215584
Senwes Park,middle,W,1.0,11.0,0.09090909090909091,0.04221980137819214,0.047044866106479406
Senwes Park,middle,Wd,0.0,11.0,0.0,0.028171868666396434,0.02538006186161841
Senwes Park,middle,Nb,0.0,11.0,0.0,0.002679114308877179,0.002413616494483945
Senwes Park,powerplay,0,7.0,16.0,0.4375,0.4228881521678736,0.42490357945506346
Senwes Park,powerplay,1,4.0,16.0,0.25,0.25764450947345025,0.25659009437366403
Senwes Park,powerplay,2,1.0,16.0,0.0625,0.04384827662845184,0.04642092812797572
Senwes Park,powerplay,3,0.0,16.0,0.0,0.005028429611245902,0.004334853113143019
Senwes Park,powerplay,4,2.0,16.0,0.125,0.15223269683107069,0.14847646278540577
Senwes Park,powerplay,6,0.0,16.0,0.0,0.040523771600022226,0.034934285862088126
Senwes Park,powerplay,W,2.0,16.0,0.125,0.03919952586446391,0.05103407402108957
Senwes Park,powerplay,Wd,0.0,16.0,0.0,0.03486563072990943,0.030056578215439167
Senwes Park,powerplay,Nb,0.0,16.0,0.0,0.003769007093512122,0.00324914404613114
Shaheed Veer Narayan Singh International Stadium,death,0,66.0,280.0,0.2357142857142857,0.21696977459016392,0.23078151962899052
Shaheed Veer Narayan Singh International Stadium,death,1,92.0,280.0,0.32857142857142857,0.37083760245901637,0.33969410591026744
Shaheed Veer Narayan Singh International Stadium,death,2,43.0,280.0,0.15357142857142858,0.08837090163934426,0.1364133951682485
Shaheed Veer Narayan Singh International Stadium,death,3,2.0,280.0,0.007142857142857143,0.002651127049180328,0.005960822907679033
Shaheed Veer Narayan Singh International Stadium,death,4,34.0,280.0,0.12142857142857143,0.11151383196721311,0.11881942946505608
Shaheed Veer Narayan Singh International Stadium,death,6,22.0,280.0,0.07857142857142857,0.07952100409836066,0.07882131686798965
Shaheed Veer Narayan Singh International Stadium,death,W,13.0,280.0,0.04642857142857143,0.08016137295081967,0.05530562446074202
Shaheed Veer Narayan Singh International Stadium,death,Wd,8.0,280.0,0.02857142857142857,0.04340420081967213,0.032474789689387405
Shaheed Veer Narayan Singh International Stadium,death,Nb,0.0,280.0,0.0,0.006570184426229508,0.0017289959016393442
Shaheed Veer Narayan Singh International Stadium,middle,0,153.0,517.0,0.29593810444874274,0.2808889845966761,0.29349902505618736
Shaheed Veer Narayan Singh International Stadium,middle,1,234.0,517.0,0.4526112185686654,0.4414331678151601,0.45079954097490443
Shaheed Veer Narayan Singh International Stadium,middle,2,42.0,517.0,0.08123791102514506,0.06664217673287394,0.07887231389511734
Shaheed Veer Narayan Singh International Stadium,middle,3,0.0,517.0,0.0,0.002286430887717876,0.00037057226705314035
Shaheed Veer Narayan Singh International Stadium,middle,4,48.0,517.0,0.09284332688588008,0.08739739562221321,0.0919606800036002
Shaheed Veer Narayan Singh International Stadium,middle,6,12.0,517.0,0.02321083172147002,0.048281059991892986,0.027274077794472117
Shaheed Veer Narayan Singh International Stadium,middle,W,22.0,517.0,0.0425531914893617,0.04221980137819214,0.042499157435687544
Shaheed Veer Narayan Singh International Stadium,middle,Wd,6.0,517.0,0.01160541586073501,0.028171868666396434,0.014290416315461334
Shaheed Veer Narayan Singh International Stadium,middle,Nb,0.0,517.0,0.0,0.002679114308877179,0.0004342162575165606
Shaheed Veer Narayan Singh International Stadium,powerplay,0,197.0,393.0,0.5012722646310432,0.4228881521678736,0.48537285033831107
Shaheed Veer Narayan Singh International Stadium,powerplay,1,88.0,393.0,0.22391857506361323,0.25764450947345025,0.23075953539015218
Shaheed Veer Narayan Singh International Stadium,powerplay,2,15.0,393.0,0.03816793893129771,0.04384827662845184,0.03932013724715047
Shaheed Veer Narayan Singh International Stadium,powerplay,3,5.0,393.0,0.01272264631043257,0.005028429611245902,0.011161953268001196
Shaheed Veer Narayan Singh International Stadium,powerplay,4,51.0,393.0,0.1297709923664122,0.15223269683107069,0.13432711903267153
Shaheed Veer Narayan Singh International Stadium,powerplay,6,7.0,393.0,0.017811704834605598,0.040523771600022226,0.022418614929010594
Shaheed Veer Narayan Singh International Stadium,powerplay,W,14.0,393.0,0.035623409669211195,0.03919952586446391,0.03634878820780201
Shaheed Veer Narayan Singh International Stadium,powerplay,Wd,15.0,393.0,0.03816793893129771,0.03486563072990943,0.03749809953953538
Shaheed Veer Narayan Singh International Stadium,powerplay,Nb,1.0,393.0,0.002544529262086514,0.003769007093512122,0.002792902047365542
"Shaheed Veer Narayan Singh International Stadium, Raipur",death,0,24.0,121.0,0.19834710743801653,0.21696977459016392,0.20677365366070766
"Shaheed Veer Narayan Singh International Stadium, Raipur",death,1,43.0,121.0,0.35537190082644626,0.37083760245901637,0.36236995586380827
"Shaheed Veer Narayan Singh International Stadium, Raipur",death,2,14.0,121.0,0.11570247933884298,0.08837090163934426,0.10333524961056302
"Shaheed Veer Narayan Singh International Stadium, Raipur",death,3,0.0,121.0,0.0,0.002651127049180328,0.0011996049996291077
"Shaheed Veer Narayan Singh International Stadium, Raipur",death,4,13.0,121.0,0.10743801652892562,0.11151383196721311,0.10928227690824123
"Shaheed Veer Narayan Singh International Stadium, Raipur",death,6,7.0,121.0,0.05785123966942149,0.07952100409836066,0.06765656294043469
"Shaheed Veer Narayan Singh International Stadium, Raipur",death,W,13.0,121.0,0.10743801652892562,0.08016137295081967,0.09509564386914918
"Shaheed Veer Narayan Singh International Stadium, Raipur",death,Wd,6.0,121.0,0.049586776859504134,0.04340420081967213,0.046789231140123136
"Shaheed Veer Narayan Singh International Stadium, Raipur",death,Nb,1.0,121.0,0.008264462809917356,0.006570184426229508,0.007497821007343669
"Shaheed Veer Narayan Singh International Stadium, Raipur",middle,0,64.0,267.0,0.2397003745318352,0.2808889845966761,0.2509234290454158
"Shaheed Veer Narayan Singh International Stadium, Raipur",middle,1,125.0,267.0,0.4681647940074906,0.4414331678151601,0.46088097215671936
"Shaheed Veer Narayan Singh International Stadium, Raipur",middle,2,21.0,267.0,0.07865168539325842,0.06664217673287394,0.07537933970922996
"Shaheed Veer Narayan Singh International Stadium, Raipur",middle,3,0.0,267.0,0.0,0.002286430887717876,0.0006230056914762605
"Shaheed Veer Narayan Singh International Stadium, Raipur",middle,4,23.0,267.0,0.08614232209737828,0.08739739562221321,0.08648430398425429
"Shaheed Veer Narayan Singh International Stadium, Raipur",middle,6,18.0,267.0,0.06741573033707865,0.048281059991892986,0.06220192370351307
"Shaheed Veer Narayan Singh International Stadium, Raipur",middle,W,7.0,267.0,0.026217228464419477,0.04221980137819214,0.030577602555365707
"Shaheed Veer Narayan Singh International Stadium, Raipur",middle,Wd,9.0,267.0,0.033707865168539325,0.028171868666396434,0.03219941925514889
"Shaheed Veer Narayan Singh International Stadium, Raipur",middle,Nb,0.0,267.0,0.0,0.002679114308877179,0.0007300038988766155
"Shaheed Veer Narayan Singh International Stadium, Raipur",powerplay,0,80.0,205.0,0.3902439024390244,0.4228881521678736,0.40094693513700774
"Shaheed Veer Narayan Singh International Stadium, Raipur",powerplay,1,40.0,205.0,0.1951219512195122,0.25764450947345025,0.21562115064703288
"Shaheed Veer Narayan Singh International Stadium, Raipur",powerplay,2,7.0,205.0,0.03414634146341464,0.04384827662845184,0.037327303812607154
"Shaheed Veer Narayan Singh International Stadium, Raipur",powerplay,3,0.0,205.0,0.0,0.005028429611245902,0.0016486654463101315
"Shaheed Veer Narayan Singh International Stadium, Raipur",powerplay,4,44.0,205.0,0.2146341463414634,0.15223269683107069,0.1941746546987117
"Shaheed Veer Narayan Singh International Stadium, Raipur",powerplay,6,13.0,205.0,0.06341463414634146,0.040523771600022226,0.055909433311482695
"Shaheed Veer Narayan Singh International Stadium, Raipur",powerplay,W,14.0,205.0,0.06829268292682927,0.03919952586446391,0.05875394290638161
"Shaheed Veer Narayan Singh International Stadium, Raipur",powerplay,Wd,7.0,205.0,0.03414634146341464,0.03486563072990943,0.03438217400980637
"Shaheed Veer Narayan Singh International Stadium, Raipur",powerplay,Nb,0.0,205.0,0.0,0.003769007093512122,0.0012357400306597121
Sharjah Cricket Stadium,death,0,428.0,1655.0,0.25861027190332325,0.21696977459016392,0.2562375939937415
Sharjah Cricket Stadium,death,1,602.0,1655.0,0.3637462235649547,0.37083760245901637,0.3641502907384055
Sharjah Cricket Stadium,death,2,124.0,1655.0,0.07492447129909366,0.08837090163934426,0.0756906496660595
Sharjah Cricket Stadium,death,3,1.0,1655.0,0.0006042296072507553,0.002651127049180328,0.0007208619401242352
Sharjah Cricket Stadium,death,4,142.0,1655.0,0.08580060422960725,0.11151383196721311,0.0872657454112372
Sharjah Cricket Stadium,death,6,159.0,1655.0,0.09607250755287008,0.07952100409836066,0.09512940194292654
Sharjah Cricket Stadium,death,W,133.0,1655.0,0.08036253776435046,0.08016137295081967,0.08035107538181309
Sharjah Cricket Stadium,death,Wd,52.0,1655.0,0.03141993957703928,0.04340420081967213,0.03210280346550838
Sharjah Cricket Stadium,death,Nb,14.0,1655.0,0.008459214501510574,0.006570184426229508,0.008351577460184018
Sharjah Cricket Stadium,middle,0,888.0,3193.0,0.2781083620419668,0.2808889845966761,0.2781928024475152
Sharjah Cricket Stadium,middle,1,1509.0,3193.0,0.47259630441590983,0.4414331678151601,0.47164995954494865
Sharjah Cricket Stadium,middle,2,170.0,3193.0,0.05324146570623239,0.06664217673287394,0.05364841107600589
Sharjah Cricket Stadium,middle,3,10.0,3193.0,0.0031318509238960224,0.002286430887717876,0.003106177676517397
Sharjah Cricket Stadium,middle,4,206.0,3193.0,0.06451612903225806,0.08739739562221321,0.06521097466207754
Sharjah Cricket Stadium,middle,6,173.0,3193.0,0.05418102098340119,0.048281059991892986,0.05400185423601254
Sharjah Cricket Stadium,middle,W,134.0,3193.0,0.041966802380206704,0.04221980137819214,0.041974485313640814
Sharjah Cricket Stadium,middle,Wd,91.0,3193.0,0.028499843407453804,0.028171868666396434,0.02848988365218331
Sharjah Cricket Stadium,middle,Nb,12.0,3193.0,0.003758221108675227,0.002679114308877179,0.0037254513910986086
Sharjah Cricket Stadium,powerplay,0,911.0,2171.0,0.41962229387379085,0.4228881521678736,0.4197661009320948
Sharjah Cricket Stadium,powerplay,1,657.0,2171.0,0.3026255181943805,0.25764450947345025,0.3006448485016931
Sharjah Cricket Stadium,powerplay,2,91.0,2171.0,0.041916167664670656,0.04384827662845184,0.04200124511794152
Sharjah Cricket Stadium,powerplay,3,11.0,2171.0,0.005066789497927222,0.005028429611245902,0.005065100379182999
Sharjah Cricket Stadium,powerplay,4,266.0,2171.0,0.12252418240442192,0.15223269683107069,0.12383235124751521
Sharjah Cricket Stadium,powerplay,6,85.0,2171.0,0.0391524643021649,0.040523771600022226,0.03921284771466412
Sharjah Cricket Stadium,powerplay,W,77.0,2171.0,0.03546752648549056,0.03919952586446391,0.035631859351143276
Sharjah Cricket Stadium,powerplay,Wd,64.0,2171.0,0.02947950253339475,0.03486563072990943,0.029716672423157616
Sharjah Cricket Stadium,powerplay,Nb,9.0,2171.0,0.004145555043758637,0.003769007093512122,0.004128974332607315
Sheikh Abu Naser Stadium,death,0,3.0,11.0,0.2727272727272727,0.21696977459016392,0.2224952924235711
Sheikh Abu Naser Stadium,death,1,5.0,11.0,0.45454545454545453,0.37083760245901637,0.379132975188303
Sheikh Abu Naser Stadium,death,2,1.0,11.0,0.09090909090909091,0.08837090163934426,0.08862243390931916
Sheikh Abu Naser Stadium,death,3,0.0,11.0,0.0,0.002651127049180328,0.0023884027470093046
Sheikh Abu Naser Stadium,death,4,1.0,11.0,0.09090909090909091,0.11151383196721311,0.10947192069118297
Sheikh Abu Naser Stadium,death,6,0.0,11.0,0.0,0.07952100409836066,0.07164054423275736
Sheikh Abu Naser Stadium,death,W,1.0,11.0,0.09090909090909091,0.08016137295081967,0.08122646211785556
Sheikh Abu Naser Stadium,death,Wd,0.0,11.0,0.0,0.04340420081967213,0.039102883621326245
Sheikh Abu Naser Stadium,death,Nb,0.0,11.0,0.0,0.006570184426229508,0.005919085068675233
Sheikh Abu Naser Stadium,middle,0,5.0,10.0,0.5,0.2808889845966761,0.3008081678151601
Sheikh Abu Naser Stadium,middle,1,3.0,10.0,0.3,0.4414331678151601,0.428575607104691
Sheikh Abu Naser Stadium,middle,2,0.0,10.0,0.0,0.06664217673287394,0.060583797029885395
Sheikh Abu Naser Stadium,middle,3,0.0,10.0,0.0,0.002286430887717876,0.0020785735342889783
Sheikh Abu Naser Stadium,middle,4,1.0,10.0,0.1,0.08739739562221321,0.08854308692928474
Sheikh Abu Naser Stadium,middle,6,1.0,10.0,0.1,0.048281059991892986,0.0529827818108118
Sheikh Abu Naser Stadium,middle,W,0.0,10.0,0.0,0.04221980137819214,0.03838163761653831
Sheikh Abu Naser Stadium,middle,Wd,0.0,10.0,0.0,0.028171868666396434,0.02561078969672403
Sheikh Abu Naser Stadium,middle,Nb,0.0,10.0,0.0,0.002679114308877179,0.0024355584626156172
Sheikh Zayed Stadium,death,0,325.0,1527.0,0.2128356254092993,0.21696977459016392,0.21308972185557248
Sheikh Zayed Stadium,death,1,570.0,1527.0,0.37328094302554027,0.37083760245901637,0.37313076843632553
Sheikh Zayed Stadium,death,2,158.0,1527.0,0.10347085789129011,0.08837090163934426,0.10254277207371507
Sheikh Zayed Stadium,death,3,5.0,1527.0,0.0032743942370661427,0.002651127049180328,0.003236086481203462
Sheikh Zayed Stadium,death,4,204.0,1527.0,0.13359528487229863,0.11151383196721311,0.13223809661753
Sheikh Zayed Stadium,death,6,85.0,1527.0,0.05566470203012443,0.07952100409836066,0.05713097751065523
Sheikh Zayed Stadium,death,W,124.0,1527.0,0.08120497707924033,0.08016137295081967,0.08114083423176519
Sheikh Zayed Stadium,death,Wd,50.0,1527.0,0.03274394237066143,0.04340420081967213,0.0333991518635324
Sheikh Zayed Stadium,death,Nb,6.0,1527.0,0.003929273084479371,0.006570184426229508,0.0040915909297006454
Sheikh Zayed Stadium,middle,0,919.0,3199.0,0.2872772741481713,0.2808889845966761,0.2870836309365467
Sheikh Zayed Stadium,middle,1,1437.0,3199.0,0.4492028758987183,0.4414331678151601,0.448967358830408
Sheikh Zayed Stadium,middle,2,287.0,3199.0,0.08971553610503283,0.06664217673287394,0.08901613145598285
Sheikh Zayed Stadium,middle,3,9.0,3199.0,0.002813379180994061,0.002286430887717876,0.002797406210600724
Sheikh Zayed Stadium,middle,4,268.0,3199.0,0.08377618005626758,0.08739739562221321,0.08388594712404404
Sheikh Zayed Stadium,middle,6,97.0,3199.0,0.030321975617380433,0.048281059991892986,0.030866355258923707
Sheikh Zayed Stadium,middle,W,106.0,3199.0,0.03313535479837449,0.04221980137819214,0.03341072450373423
Sheikh Zayed Stadium,middle,Wd,71.0,3199.0,0.022194435761175368,0.028171868666396434,0.02237562499746579
Sheikh Zayed Stadium,middle,Nb,5.0,3199.0,0.0015629884338855893,0.002679114308877179,0.001596820682293943
Sheikh Zayed Stadium,powerplay,0,922.0,2077.0,0.44390948483389503,0.4228881521678736,0.4429438746976515
Sheikh Zayed Stadium,powerplay,1,538.0,2077.0,0.2590274434280212,0.25764450947345025,0.2589639186712655
Sheikh Zayed Stadium,powerplay,2,111.0,2077.0,0.053442465093885415,0.04384827662845184,0.053001758228224706
Sheikh Zayed Stadium,powerplay,3,11.0,2077.0,0.005296100144439095,0.005028429611245902,0.005283804759359022
Sheikh Zayed Stadium,powerplay,4,285.0,2077.0,0.137217140105922,0.15223269683107069,0.1379068762898976
Sheikh Zayed Stadium,powerplay,6,49.0,2077.0,0.023591718825228696,0.040523771600022226,0.024369488819477366
Sheikh Zayed Stadium,powerplay,W,86.0,2077.0,0.041405873856523834,0.03919952586446391,0.04130452576318162
Sheikh Zayed Stadium,powerplay,Wd,68.0,2077.0,0.0327395281656235,0.03486563072990943,0.03283719020348688
Sheikh Zayed Stadium,powerplay,Nb,7.0,2077.0,0.003370245546461242,0.003769007093512122,0.0033885625674557707
Shere Bangla National Stadium,death,0,165.0,656.0,0.25152439024390244,0.21696977459016392,0.2469536738875878
Shere Bangla National Stadium,death,1,243.0,656.0,0.3704268292682927,0.37083760245901637,0.37048116434643075
Shere Bangla National Stadium,death,2,56.0,656.0,0.08536585365853659,0.08837090163934426,0.08576334677769103
Shere Bangla National Stadium,death,3,0.0,656.0,0.0,0.002651127049180328,0.000350678181108509
Shere Bangla National Stadium,death,4,69.0,656.0,0.10518292682926829,0.11151383196721311,0.10602034814381125
Shere Bangla National Stadium,death,6,44.0,656.0,0.06707317073170732,0.07952100409836066,0.06871970953682019
Shere Bangla National Stadium,death,W,47.0,656.0,0.07164634146341463,0.08016137295081967,0.07277266837973806
Shere Bangla National Stadium,death,Wd,28.0,656.0,0.042682926829268296,0.04340420081967213,0.04277833344175557
Shere Bangla National Stadium,death,Nb,4.0,656.0,0.006097560975609756,0.006570184426229508,0.006160077305056813
Shere Bangla National Stadium,middle,0,378.0,1223.0,0.3090760425183974,0.2808889845966761,0.30694550148123023
Shere Bangla National Stadium,middle,1,536.0,1223.0,0.4382665576451349,0.4414331678151601,0.43850590837605136
Shere Bangla National Stadium,middle,2,83.0,1223.0,0.0678659035159444,0.06664217673287394,0.06777340716045911
Shere Bangla National Stadium,middle,3,3.0,1223.0,0.0024529844644317253,0.002286430887717876,0.0024403953807798848
Shere Bangla National Stadium,middle,4,94.0,1223.0,0.07686017988552739,0.08739739562221321,0.07765664366003124
Shere Bangla National Stadium,middle,6,42.0,1223.0,0.03434178250204415,0.048281059991892986,0.035395393801352454
Shere Bangla National Stadium,middle,W,51.0,1223.0,0.041700735895339326,0.04221980137819214,0.04173996986985579
Shere Bangla National Stadium,middle,Wd,31.0,1223.0,0.025347506132461162,0.028171868666396434,0.025560987805472144
Shere Bangla National Stadium,middle,Nb,5.0,1223.0,0.004088307440719542,0.002679114308877179,0.003981792464767739
Shere Bangla National Stadium,powerplay,0,448.0,902.0,0.49667405764966743,0.4228881521678736,0.4893101948271331
Shere Bangla National Stadium,powerplay,1,220.0,902.0,0.24390243902439024,0.25764450947345025,0.24527390314106293
Shere Bangla National Stadium,powerplay,2,37.0,902.0,0.041019955654102,0.04384827662845184,0.04130222321641236
Shere Bangla National Stadium,powerplay,3,4.0,902.0,0.004434589800443459,0.005028429611245902,0.004493855250623343
Shere Bangla National Stadium,powerplay,4,105.0,902.0,0.1164079822616408,0.15223269683107069,0.11998330307695315
Shere Bangla National Stadium,powerplay,6,20.0,902.0,0.022172949002217297,0.040523771600022226,0.02400436842315591
Shere Bangla National Stadium,powerplay,W,37.0,902.0,0.041019955654102,0.03919952586446391,0.04083827603437764
Shere Bangla National Stadium,powerplay,Wd,30.0,902.0,0.03325942350332594,0.03486563072990943,0.033419723625739466
Shere Bangla National Stadium,powerplay,Nb,1.0,902.0,0.0011086474501108647,0.003769007093512122,0.0013741524045421279
"Shere Bangla National Stadium, Mirpur",death,0,62.0,171.0,0.36257309941520466,0.21696977459016392,0.30884493527312323
"Shere Bangla National Stadium, Mirpur",death,1,57.0,171.0,0.3333333333333333,0.37083760245901637,0.34717254703284733
"Shere Bangla National Stadium, Mirpur",death,2,10.0,171.0,0.05847953216374269,0.08837090163934426,0.06950955780049604
"Shere Bangla National Stadium, Mirpur",death,3,0.0,171.0,0.0,0.002651127049180328,0.0009782756639041801
"Shere Bangla National Stadium, Mirpur",death,4,7.0,171.0,0.04093567251461988,0.11151383196721311,0.06697927378863953
"Shere Bangla National Stadium, Mirpur",death,6,5.0,171.0,0.029239766081871343,0.07952100409836066,0.04779372844957958
"Shere Bangla National Stadium, Mirpur",death,W,19.0,171.0,0.1111111111111111,0.08016137295081967,0.0996905435242877
"Shere Bangla National Stadium, Mirpur",death,Wd,11.0,171.0,0.06432748538011696,0.04340420081967213,0.056606716169620715
"Shere Bangla National Stadium, Mirpur",death,Nb,0.0,171.0,0.0,0.006570184426229508,0.002424422297501664
"Shere Bangla National Stadium, Mirpur",middle,0,125.0,347.0,0.36023054755043227,0.2808889845966761,0.34248075718046445
"Shere Bangla National Stadium, Mirpur",middle,1,126.0,347.0,0.3631123919308357,0.4414331678151601,0.3806338183031678
"Shere Bangla National Stadium, Mirpur",middle,2,21.0,347.0,0.06051873198847262,0.06664217673287394,0.06188863014158254
"Shere Bangla National Stadium, Mirpur",middle,3,0.0,347.0,0.0,0.002286430887717876,0.0005115057914357664
"Shere Bangla National Stadium, Mirpur",middle,4,34.0,347.0,0.09798270893371758,0.08739739562221321,0.09561462989311258
"Shere Bangla National Stadium, Mirpur",middle,6,9.0,347.0,0.025936599423631124,0.048281059991892986,0.030935360177157267
"Shere Bangla National Stadium, Mirpur",middle,W,23.0,347.0,0.06628242074927954,0.04221980137819214,0.06089928442465149
"Shere Bangla National Stadium, Mirpur",middle,Wd,8.0,347.0,0.023054755043227664,0.028171868666396434,0.02419952319158757
"Shere Bangla National Stadium, Mirpur",middle,Nb,1.0,347.0,0.002881844380403458,0.002679114308877179,0.0028364908968405325
"Shere Bangla National Stadium, Mirpur",powerplay,0,89.0,229.0,0.388646288209607,0.4228881521678736,0.39905414959509833
"Shere Bangla National Stadium, Mirpur",powerplay,1,59.0,229.0,0.2576419213973799,0.25764450947345025,0.2576427080466414
"Shere Bangla National Stadium, Mirpur",powerplay,2,7.0,229.0,0.03056768558951965,0.04384827662845184,0.03460433940074523
"Shere Bangla National Stadium, Mirpur",powerplay,3,2.0,229.0,0.008733624454148471,0.005028429611245902,0.007607425413752553
"Shere Bangla National Stadium, Mirpur",powerplay,4,31.0,229.0,0.13537117903930132,0.15223269683107069,0.1404962604349759
"Shere Bangla National Stadium, Mirpur",powerplay,6,18.0,229.0,0.07860262008733625,0.040523771600022226,0.06702850200608579
"Shere Bangla National Stadium, Mirpur",powerplay,W,11.0,229.0,0.048034934497816595,0.03919952586446391,0.04534939995880362
"Shere Bangla National Stadium, Mirpur",powerplay,Wd,8.0,229.0,0.034934497816593885,0.03486563072990943,0.034913565571401045
"Shere Bangla National Stadium, Mirpur",powerplay,Nb,4.0,229.0,0.017467248908296942,0.003769007093512122,0.013303649572496086
"Shrimant Madhavrao Scindia Cricket Stadium, Gwalior",death,0,3.0,5.0,0.6,0.21696977459016392,0.23520930913348945
"Shrimant Madhavrao Scindia Cricket Stadium, Gwalior",death,1,1.0,5.0,0.2,0.37083760245901637,0.36270247853239657
"Shrimant Madhavrao Scindia Cricket Stadium, Gwalior",death,2,0.0,5.0,0.0,0.08837090163934426,0.08416276346604216
"Shrimant Madhavrao Scindia Cricket Stadium, Gwalior",death,3,0.0,5.0,0.0,0.002651127049180328,0.002524882903981265
"Shrimant Madhavrao Scindia Cricket Stadium, Gwalior",death,4,0.0,5.0,0.0,0.11151383196721311,0.10620364949258392
"Shrimant Madhavrao Scindia Cricket Stadium, Gwalior",death,6,0.0,5.0,0.0,0.07952100409836066,0.07573428961748635
"Shrimant Madhavrao Scindia Cricket Stadium, Gwalior",death,W,1.0,5.0,0.2,0.08016137295081967,0.08586797423887588
"Shrimant Madhavrao Scindia Cricket Stadium, Gwalior",death,Wd,0.0,5.0,0.0,0.04340420081967213,0.04133733411397346
"Shrimant Madhavrao Scindia Cricket Stadium, Gwalior",death,Nb,0.0,5.0,0.0,0.006570184426229508,0.00625731850117096
"Shrimant Madhavrao Scindia Cricket Stadium, Gwalior",middle,0,1.0,6.0,0.16666666666666666,0.2808889845966761,0.27442357037422277
"Shrimant Madhavrao Scindia Cricket Stadium, Gwalior",middle,1,3.0,6.0,0.5,0.4414331678151601,0.44474827152373597
"Shrimant Madhavrao Scindia Cricket Stadium, Gwalior",middle,2,0.0,6.0,0.0,0.06664217673287394,0.06286997804988108
"Shrimant Madhavrao Scindia Cricket Stadium, Gwalior",middle,3,0.0,6.0,0.0,0.002286430887717876,0.0021570102714319585
"Shrimant Madhavrao Scindia Cricket Stadium, Gwalior",middle,4,2.0,6.0,0.3333333333333333,0.08739739562221321,0.10131829775680493
"Shrimant Madhavrao Scindia Cricket Stadium, Gwalior",middle,6,0.0,6.0,0.0,0.048281059991892986,0.04554816980367263
"Shrimant Madhavrao Scindia Cricket Stadium, Gwalior",middle,W,0.0,6.0,0.0,0.04221980137819214,0.039830001300181266
"Shrimant Madhavrao Scindia Cricket Stadium, Gwalior",middle,Wd,0.0,6.0,0.0,0.028171868666396434,0.026577234590940035
"Shrimant Madhavrao Scindia Cricket Stadium, Gwalior",middle,Nb,0.0,6.0,0.0,0.002679114308877179,0.002527466329129414
"Shrimant Madhavrao Scindia Cricket Stadium, Gwalior",powerplay,0,3.0,15.0,0.2,0.4228881521678736,0.39381578449380317
"Shrimant Madhavrao Scindia Cricket Stadium, Gwalior",powerplay,1,4.0,15.0,0.26666666666666666,0.25764450947345025,0.2588213125856089
"Shrimant Madhavrao Scindia Cricket Stadium, Gwalior",powerplay,2,0.0,15.0,0.0,0.04384827662845184,0.03812893619865377
"Shrimant Madhavrao Scindia Cricket Stadium, Gwalior",powerplay,3,0.0,15.0,0.0,0.005028429611245902,0.004372547488039914
"Shrimant Madhavrao Scindia Cricket Stadium, Gwalior",powerplay,4,3.0,15.0,0.2,0.15223269683107069,0.15846321463571364
"Shrimant Madhavrao Scindia Cricket Stadium, Gwalior",powerplay,6,2.0,15.0,0.13333333333333333,0.040523771600022226,0.052629366608714985
"Shrimant Madhavrao Scindia Cricket Stadium, Gwalior",powerplay,W,2.0,15.0,0.13333333333333333,0.03919952586446391,0.0514778485777947
"Shrimant Madhavrao Scindia Cricket Stadium, Gwalior",powerplay,Wd,1.0,15.0,0.06666666666666667,0.03486563072990943,0.039013591939051684
"Shrimant Madhavrao Scindia Cricket Stadium, Gwalior",powerplay,Nb,0.0,15.0,0.0,0.003769007093512122,0.0032773974726192368
"Simonds Stadium, South Geelong",death,0,2.0,27.0,0.07407407407407407,0.21696977459016392,0.18659037369304246
"Simonds Stadium, South Geelong",death,1,11.0,27.0,0.4074074074074074,0.37083760245901637,0.3786122854008003
"Simonds Stadium, South Geelong",death,2,5.0,27.0,0.18518518518518517,0.08837090163934426,0.1089534658577514
"Simonds Stadium, South Geelong",death,3,0.0,27.0,0.0,0.002651127049180328,0.0020875016135278174
"Simonds Stadium, South Geelong",death,4,3.0,27.0,0.1111111111111111,0.11151383196721311,0.1114282141474119
"Simonds Stadium, South Geelong",death,6,0.0,27.0,0.0,0.07952100409836066,0.0626149638569769
"Simonds Stadium, South Geelong",death,W,6.0,27.0,0.2222222222222222,0.08016137295081967,0.11036328578804698
"Simonds Stadium, South Geelong",death,Wd,0.0,27.0,0.0,0.04340420081967213,0.03417653607848199
"Simonds Stadium, South Geelong",death,Nb,0.0,27.0,0.0,0.006570184426229508,0.005173373563960242
"Simonds Stadium, South Geelong",middle,0,10.0,38.0,0.2631578947368421,0.2808889845966761,0.2760065105773015
"Simonds Stadium, South Geelong",middle,1,19.0,38.0,0.5,0.4414331678151601,0.45756026653272475
"Simonds Stadium, South Geelong",middle,2,2.0,38.0,0.05263157894736842,0.06664217673287394,0.06278418603831444
"Simonds Stadium, South Geelong",middle,3,0.0,38.0,0.0,0.002286430887717876,0.0016568339766071566
"Simonds Stadium, South Geelong",middle,4,5.0,38.0,0.13157894736842105,0.08739739562221321,0.09956333016102407
"Simonds Stadium, South Geelong",middle,6,0.0,38.0,0.0,0.048281059991892986,0.03498627535644419
"Simonds Stadium, South Geelong",middle,W,2.0,38.0,0.05263157894736842,0.04221980137819214,0.04508681259289286
"Simonds Stadium, South Geelong",middle,Wd,0.0,38.0,0.0,0.028171868666396434,0.020414397584345243
"Simonds Stadium, South Geelong",middle,Nb,0.0,38.0,0.0,0.002679114308877179,0.0019413871803457819
"Simonds Stadium, South Geelong",powerplay,0,13.0,33.0,0.3939393939393939,0.4228881521678736,0.4157053775698298
"Simonds Stadium, South Geelong",powerplay,1,8.0,33.0,0.24242424242424243,0.25764450947345025,0.2538680522356769
"Simonds Stadium, South Geelong",powerplay,2,5.0,33.0,0.15151515151515152,0.04384827662845184,0.07056261400635476
"Simonds Stadium, South Geelong",powerplay,3,0.0,33.0,0.0,0.005028429611245902,0.003780774143793911
"Simonds Stadium, South Geelong",powerplay,4,4.0,33.0,0.12121212121212122,0.15223269683107069,0.14453586227900053
"Simonds Stadium, South Geelong",powerplay,6,0.0,33.0,0.0,0.040523771600022226,0.030469001203024232
"Simonds Stadium, South Geelong",powerplay,W,1.0,33.0,0.030303030303030304,0.03919952586446391,0.03699212471012324
"Simonds Stadium, South Geelong",powerplay,Wd,2.0,33.0,0.06060606060606061,0.03486563072990943,0.04125235393226273
"Simonds Stadium, South Geelong",powerplay,Nb,0.0,33.0,0.0,0.003769007093512122,0.0028338399199339267
"Sir Vivian Richards Stadium, North Sound",death,0,23.0,107.0,0.21495327102803738,0.21696977459016392,0.21592742733824347
"Sir Vivian Richards Stadium, North Sound",death,1,36.0,107.0,0.3364485981308411,0.37083760245901637,0.35306164370000787
"Sir Vivian Richards Stadium, North Sound",death,2,16.0,107.0,0.14953271028037382,0.08837090163934426,0.11998594282093926
"Sir Vivian Richards Stadium, North Sound",death,3,0.0,107.0,0.0,0.002651127049180328,0.001280737704918033
"Sir Vivian Richards Stadium, North Sound",death,4,4.0,107.0,0.037383177570093455,0.11151383196721311,0.07319508790686623
"Sir Vivian Richards Stadium, North Sound",death,6,5.0,107.0,0.04672897196261682,0.07952100409836066,0.06257053338085057
"Sir Vivian Richards Stadium, North Sound",death,W,10.0,107.0,0.09345794392523364,0.08016137295081967,0.08703447968638632
"Sir Vivian Richards Stadium, North Sound",death,Wd,12.0,107.0,0.11214953271028037,0.04340420081967213,0.07893922744911697
"Sir Vivian Richards Stadium, North Sound",death,Nb,1.0,107.0,0.009345794392523364,0.006570184426229508,0.00800492001267126
"Sir Vivian Richards Stadium, North Sound",middle,0,65.0,167.0,0.38922155688622756,0.2808889845966761,0.34864755977403594
"Sir Vivian Richards Stadium, North Sound",middle,1,70.0,167.0,0.41916167664670656,0.4414331678151601,0.42750305910680153
"Sir Vivian Richards Stadium, North Sound",middle,2,11.0,167.0,0.0658682634730539,0.06664217673287394,0.06615811862654454
"Sir Vivian Richards Stadium, North Sound",middle,3,2.0,167.0,0.011976047904191617,0.002286430887717876,0.008346977860568493
"Sir Vivian Richards Stadium, North Sound",middle,4,6.0,167.0,0.03592814371257485,0.08739739562221321,0.055205017086971245
"Sir Vivian Richards Stadium, North Sound",middle,6,4.0,167.0,0.023952095808383235,0.048281059991892986,0.033064067412694
"Sir Vivian Richards Stadium, North Sound",middle,W,5.0,167.0,0.029940119760479042,0.04221980137819214,0.03453925145250642
"Sir Vivian Richards Stadium, North Sound",middle,Wd,4.0,167.0,0.023952095808383235,0.028171868666396434,0.02553253508104735
"Sir Vivian Richards Stadium, North Sound",middle,Nb,0.0,167.0,0.0,0.002679114308877179,0.0010034135988304042
"Sir Vivian Richards Stadium, North Sound",powerplay,0,59.0,100.0,0.59,0.4228881521678736,0.5064440760839368
"Sir Vivian Richards Stadium, North Sound",powerplay,1,18.0,100.0,0.18,0.25764450947345025,0.21882225473672512
"Sir Vivian Richards Stadium, North Sound",powerplay,2,7.0,100.0,0.07,0.04384827662845184,0.056924138314225915
"Sir Vivian Richards Stadium, North Sound",powerplay,3,0.0,100.0,0.0,0.005028429611245902,0.0025142148056229506
"Sir Vivian Richards Stadium, North Sound",powerplay,4,10.0,100.0,0.1,0.15223269683107069,0.12611634841553535
"Sir Vivian Richards Stadium, North Sound",powerplay,6,0.0,100.0,0.0,0.040523771600022226,0.020261885800011113
"Sir Vivian Richards Stadium, North Sound",powerplay,W,3.0,100.0,0.03,0.03919952586446391,0.03459976293223195
"Sir Vivian Richards Stadium, North Sound",powerplay,Wd,3.0,100.0,0.03,0.03486563072990943,0.032432815364954716
"Sir Vivian Richards Stadium, North Sound",powerplay,Nb,0.0,100.0,0.0,0.003769007093512122,0.001884503546756061
"Sir Vivian Richards Stadium, North Sound, Antigua",death,0,11.0,42.0,0.2619047619047619,0.21696977459016392,0.23026040464096054
"Sir Vivian Richards Stadium, North Sound, Antigua",death,1,14.0,42.0,0.3333333333333333,0.37083760245901637,0.359744790464096
"Sir Vivian Richards Stadium, North Sound, Antigua",death,2,2.0,42.0,0.047619047619047616,0.08837090163934426,0.0763175363657354
"Sir Vivian Richards Stadium, North Sound, Antigua",death,3,0.0,42.0,0.0,0.002651127049180328,0.0018669908797044562
"Sir Vivian Richards Stadium, North Sound, Antigua",death,4,4.0,42.0,0.09523809523809523,0.11151383196721311,0.10669988166705148
"Sir Vivian Richards Stadium, North Sound, Antigua",death,6,5.0,42.0,0.11904761904761904,0.07952100409836066,0.0912119747171554
"Sir Vivian Richards Stadium, North Sound, Antigua",death,W,3.0,42.0,0.07142857142857142,0.08016137295081967,0.0775784316555068
"Sir Vivian Richards Stadium, North Sound, Antigua",death,Wd,2.0,42.0,0.047619047619047616,0.04340420081967213,0.04465084564765643
"Sir Vivian Richards Stadium, North Sound, Antigua",death,Nb,1.0,42.0,0.023809523809523808,0.006570184426229508,0.011669143962133456
"Sir Vivian Richards Stadium, North Sound, Antigua",middle,0,44.0,107.0,0.411214953271028,0.2808889845966761,0.34825554811433623
"Sir Vivian Richards Stadium, North Sound, Antigua",middle,1,37.0,107.0,0.34579439252336447,0.4414331678151601,0.39199669942761356
"Sir Vivian Richards Stadium, North Sound, Antigua",middle,2,3.0,107.0,0.028037383177570093,0.06664217673287394,0.046687041899939094
"Sir Vivian Richards Stadium, North Sound, Antigua",middle,3,0.0,107.0,0.0,0.002286430887717876,0.001104555984404771
"Sir Vivian Richards Stadium, North Sound, Antigua",middle,4,9.0,107.0,0.08411214953271028,0.08739739562221321,0.08569922493826726
"Sir Vivian Richards Stadium, North Sound, Antigua",middle,6,3.0,107.0,0.028037383177570093,0.048281059991892986,0.0378169371941512
"Sir Vivian Richards Stadium, North Sound, Antigua",middle,W,6.0,107.0,0.056074766355140186,0.04221980137819214,0.049381546559513115
"Sir Vivian Richards Stadium, North Sound, Antigua",middle,Wd,5.0,107.0,0.04672897196261682,0.028171868666396434,0.03776418776154417
"Sir Vivian Richards Stadium, North Sound, Antigua",middle,Nb,0.0,107.0,0.0,0.002679114308877179,0.0012942581202305212
"Sir Vivian Richards Stadium, North Sound, Antigua",powerplay,0,42.0,113.0,0.37168141592920356,0.4228881521678736,0.39572213716801574
"Sir Vivian Richards Stadium, North Sound, Antigua",powerplay,1,34.0,113.0,0.3008849557522124,0.25764450947345025,0.2805842767480987
"Sir Vivian Richards Stadium, North Sound, Antigua",powerplay,2,5.0,113.0,0.04424778761061947,0.04384827662845184,0.04406022376922621
"Sir Vivian Richards Stadium, North Sound, Antigua",powerplay,3,0.0,113.0,0.0,0.005028429611245902,0.002360765075702301
"Sir Vivian Richards Stadium, North Sound, Antigua",powerplay,4,15.0,113.0,0.13274336283185842,0.15223269683107069,0.14189328489721628
"Sir Vivian Richards Stadium, North Sound, Antigua",powerplay,6,6.0,113.0,0.05309734513274336,0.040523771600022226,0.04719425896714659
"Sir Vivian Richards Stadium, North Sound, Antigua",powerplay,W,6.0,113.0,0.05309734513274336,0.03919952586446391,0.046572547354208405
"Sir Vivian Richards Stadium, North Sound, Antigua",powerplay,Wd,5.0,113.0,0.04424778761061947,0.03486563072990943,0.03984301912202321
"Sir Vivian Richards Stadium, North Sound, Antigua",powerplay,Nb,0.0,113.0,0.0,0.003769007093512122,0.0017694868983624988
Sky Stadium,death,0,6.0,30.0,0.2,0.21696977459016392,0.21305367276166454
Sky Stadium,death,1,14.0,30.0,0.4666666666666667,0.37083760245901637,0.39295200189155105
Sky Stadium,death,2,0.0,30.0,0.0,0.08837090163934426,0.06797761664564944
Sky Stadium,death,3,0.0,30.0,0.0,0.002651127049180328,0.0020393284993694832
Sky Stadium,death,4,0.0,30.0,0.0,0.11151383196721311,0.08577987074401008
Sky Stadium,death,6,4.0,30.0,0.13333333333333333,0.07952100409836066,0.0919392339218159
Sky Stadium,death,W,3.0,30.0,0.1,0.08016137295081967,0.08473951765447667
Sky Stadium,death,Wd,2.0,30.0,0.06666666666666667,0.04340420081967213,0.04877246216897856
Sky Stadium,death,Nb,1.0,30.0,0.03333333333333333,0.006570184426229508,0.012746295712484238
Sky Stadium,middle,0,25.0,85.0,0.29411764705882354,0.2808889845966761,0.286967018700906
Sky Stadium,middle,1,32.0,85.0,0.3764705882352941,0.4414331678151601,0.41158549611630274
Sky Stadium,middle,2,1.0,85.0,0.011764705882352941,0.06664217673287394,0.041428203639391314
Sky Stadium,middle,3,0.0,85.0,0.0,0.002286430887717876,0.0012359085879556087
Sky Stadium,middle,4,13.0,85.0,0.15294117647058825,0.08739739562221321,0.11751210574173689
Sky Stadium,middle,6,5.0,85.0,0.058823529411764705,0.048281059991892986,0.05312489729291512
Sky Stadium,middle,W,5.0,85.0,0.058823529411764705,0.04221980137819214,0.049848541285509265
Sky Stadium,middle,Wd,4.0,85.0,0.047058823529411764,0.028171868666396434,0.03684965873859267
Sky Stadium,middle,Nb,0.0,85.0,0.0,0.002679114308877179,0.0014481698966903672
Sky Stadium,powerplay,0,26.0,62.0,0.41935483870967744,0.4228881521678736,0.42153589639992195
Sky Stadium,powerplay,1,18.0,62.0,0.2903225806451613,0.25764450947345025,0.2701509317737347
Sky Stadium,powerplay,2,3.0,62.0,0.04838709677419355,0.04384827662845184,0.04558535594348879
Sky Stadium,powerplay,3,0.0,62.0,0.0,0.005028429611245902,0.0031039688958308036
Sky Stadium,powerplay,4,10.0,62.0,0.16129032258064516,0.15223269683107069,0.155699195574735
Sky Stadium,powerplay,6,2.0,62.0,0.03225806451612903,0.040523771600022226,0.0373603528395199
Sky Stadium,powerplay,W,1.0,62.0,0.016129032258064516,0.03919952586446391,0.030370077694113522
Sky Stadium,powerplay,Wd,2.0,62.0,0.03225806451612903,0.03486563072990943,0.033867673290067554
Sky Stadium,powerplay,Nb,0.0,62.0,0.0,0.003769007093512122,0.0023265475885877298
"Sky Stadium, Wellington",death,0,12.0,55.0,0.21818181818181817,0.21696977459016392,0.21739985457429933
"Sky Stadium, Wellington",death,1,16.0,55.0,0.2909090909090909,0.37083760245901637,0.3424758725542041
"Sky Stadium, Wellington",death,2,8.0,55.0,0.14545454545454545,0.08837090163934426,0.10862638815441565
"Sky Stadium, Wellington",death,3,2.0,55.0,0.03636363636363636,0.002651127049180328,0.014613630354309888
"Sky Stadium, Wellington",death,4,4.0,55.0,0.07272727272727272,0.11151383196721311,0.09775085933368588
"Sky Stadium, Wellington",death,6,6.0,55.0,0.10909090909090909,0.07952100409836066,0.09001355103120043
"Sky Stadium, Wellington",death,W,4.0,55.0,0.07272727272727272,0.08016137295081967,0.07752346641988365
"Sky Stadium, Wellington",death,Wd,3.0,55.0,0.05454545454545454,0.04340420081967213,0.04735754891591751
"Sky Stadium, Wellington",death,Nb,0.0,55.0,0.0,0.006570184426229508,0.004238828662083554
"Sky Stadium, Wellington",middle,0,29.0,126.0,0.23015873015873015,0.2808889845966761,0.25260574539675934
"Sky Stadium, Wellington",middle,1,56.0,126.0,0.4444444444444444,0.4414331678151601,0.4431120211571505
"Sky Stadium, Wellington",middle,2,6.0,126.0,0.047619047619047616,0.06664217673287394,0.056036361386227404
"Sky Stadium, Wellington",middle,3,0.0,126.0,0.0,0.002286430887717876,0.001011695083061007
"Sky Stadium, Wellington",middle,4,7.0,126.0,0.05555555555555555,0.08739739562221321,0.06964486531956338
"Sky Stadium, Wellington",middle,6,16.0,126.0,0.12698412698412698,0.048281059991892986,0.09215976105835973
"Sky Stadium, Wellington",middle,W,3.0,126.0,0.023809523809523808,0.04221980137819214,0.031955664326633694
"Sky Stadium, Wellington",middle,Wd,9.0,126.0,0.07142857142857142,0.028171868666396434,0.05228843746300727
"Sky Stadium, Wellington",middle,Nb,0.0,126.0,0.0,0.002679114308877179,0.0011854488092376898
"Sky Stadium, Wellington",powerplay,0,29.0,78.0,0.3717948717948718,0.4228881521678736,0.4004989618920638
"Sky Stadium, Wellington",powerplay,1,19.0,78.0,0.24358974358974358,0.25764450947345025,0.25148567947946643
"Sky Stadium, Wellington",powerplay,2,6.0,78.0,0.07692307692307693,0.04384827662845184,0.05834172844295046
"Sky Stadium, Wellington",powerplay,3,1.0,78.0,0.01282051282051282,0.005028429611245902,0.008442937983846013
"Sky Stadium, Wellington",powerplay,4,10.0,78.0,0.1282051282051282,0.15223269683107069,0.14170376226464645
"Sky Stadium, Wellington",powerplay,6,6.0,78.0,0.07692307692307693,0.040523771600022226,0.056474028988776535
"Sky Stadium, Wellington",powerplay,W,3.0,78.0,0.038461538461538464,0.03919952586446391,0.03887613812610332
"Sky Stadium, Wellington",powerplay,Wd,3.0,78.0,0.038461538461538464,0.03486563072990943,0.0364413655786008
"Sky Stadium, Wellington",powerplay,Nb,1.0,78.0,0.01282051282051282,0.003769007093512122,0.007735397243546136
Sophia Gardens,death,0,27.0,125.0,0.216,0.21696977459016392,0.21643101092896175
Sophia Gardens,death,1,50.0,125.0,0.4,0.37083760245901637,0.38703893442622944
Sophia Gardens,death,2,18.0,125.0,0.144,0.08837090163934426,0.11927595628415301
Sophia Gardens,death,3,0.0,125.0,0.0,0.002651127049180328,0.0011782786885245903
Sophia Gardens,death,4,9.0,125.0,0.072,0.11151383196721311,0.08956170309653917
Sophia Gardens,death,6,9.0,125.0,0.072,0.07952100409836066,0.07534266848816029
Sophia Gardens,death,W,10.0,125.0,0.08,0.08016137295081967,0.08007172131147541
Sophia Gardens,death,Wd,2.0,125.0,0.016,0.04340420081967213,0.02817964480874317
Sophia Gardens,death,Nb,0.0,125.0,0.0,0.006570184426229508,0.002920081967213115
Sophia Gardens,middle,0,102.0,307.0,0.3322475570032573,0.2808889845966761,0.31962874314414647
Sophia Gardens,middle,1,114.0,307.0,0.3713355048859935,0.4414331678151601,0.3885585178907027
Sophia Gardens,middle,2,26.0,307.0,0.08469055374592833,0.06664217673287394,0.08025606307933021
Sophia Gardens,middle,3,2.0,307.0,0.006514657980456026,0.002286430887717876,0.005475781544893827
Sophia Gardens,middle,4,35.0,307.0,0.11400651465798045,0.08739739562221321,0.10746864757302536
Sophia Gardens,middle,6,14.0,307.0,0.04560260586319218,0.048281059991892986,0.0462607027007108
Sophia Gardens,middle,W,10.0,307.0,0.03257328990228013,0.04221980137819214,0.03494344014206195
Sophia Gardens,middle,Wd,4.0,307.0,0.013029315960912053,0.028171868666396434,0.016749844881178484
Sophia Gardens,middle,Nb,0.0,307.0,0.0,0.002679114308877179,0.0006582590439501669
Sophia Gardens,powerplay,0,93.0,179.0,0.5195530726256983,0.4228881521678736,0.4849061477304206
Sophia Gardens,powerplay,1,36.0,179.0,0.2011173184357542,0.25764450947345025,0.2213779603847492
Sophia Gardens,powerplay,2,11.0,179.0,0.061452513966480445,0.04384827662845184,0.05514275147973184
Sophia Gardens,powerplay,3,6.0,179.0,0.0335195530726257,0.005028429611245902,0.023307680864245842
Sophia Gardens,powerplay,4,16.0,179.0,0.0893854748603352,0.15223269683107069,0.1119113608713515
Sophia Gardens,powerplay,6,2.0,179.0,0.0111731843575419,0.040523771600022226,0.02169310810036639
Sophia Gardens,powerplay,W,11.0,179.0,0.061452513966480445,0.03919952586446391,0.05347653256790821
Sophia Gardens,powerplay,Wd,4.0,179.0,0.0223463687150838,0.03486563072990943,0.02683355940140123
Sophia Gardens,powerplay,Nb,0.0,179.0,0.0,0.003769007093512122,0.0013508985998251335
"Sophia Gardens, Cardiff",death,0,37.0,152.0,0.24342105263157895,0.21696977459016392,0.23292451372625553
"Sophia Gardens, Cardiff",death,1,66.0,152.0,0.4342105263157895,0.37083760245901637,0.4090625406583398
"Sophia Gardens, Cardiff",death,2,15.0,152.0,0.09868421052631579,0.08837090163934426,0.09459162763466042
"Sophia Gardens, Cardiff",death,3,0.0,152.0,0.0,0.002651127049180328,0.001052034543325527
"Sophia Gardens, Cardiff",death,4,9.0,152.0,0.05921052631578947,0.11151383196721311,0.07996580633619568
"Sophia Gardens, Cardiff",death,6,10.0,152.0,0.06578947368421052,0.07952100409836066,0.07123849368982567
"Sophia Gardens, Cardiff",death,W,10.0,152.0,0.06578947368421052,0.08016137295081967,0.07149260831381733
"Sophia Gardens, Cardiff",death,Wd,5.0,152.0,0.03289473684210526,0.04340420081967213,0.03706515905542545
"Sophia Gardens, Cardiff",death,Nb,0.0,152.0,0.0,0.006570184426229508,0.0026072160421545666
"Sophia Gardens, Cardiff",middle,0,104.0,404.0,0.25742574257425743,0.2808889845966761,0.26208114773743574
"Sophia Gardens, Cardiff",middle,1,173.0,404.0,0.4282178217821782,0.4414331678151601,0.43083991424903967
"Sophia Gardens, Cardiff",middle,2,44.0,404.0,0.10891089108910891,0.06664217673287394,0.10052424141525278
"Sophia Gardens, Cardiff",middle,3,1.0,404.0,0.0024752475247524753,0.002286430887717876,0.0024377839062932295
"Sophia Gardens, Cardiff",middle,4,35.0,404.0,0.08663366336633663,0.08739739562221321,0.08678519754408993
"Sophia Gardens, Cardiff",middle,6,17.0,404.0,0.04207920792079208,0.048281059991892986,0.04330973412537559
"Sophia Gardens, Cardiff",middle,W,19.0,404.0,0.04702970297029703,0.04221980137819214,0.046075357416307965
"Sophia Gardens, Cardiff",middle,Wd,11.0,404.0,0.027227722772277228,0.028171868666396434,0.02741505330682469
"Sophia Gardens, Cardiff",middle,Nb,0.0,404.0,0.0,0.002679114308877179,0.0005315702993803926
"Sophia Gardens, Cardiff",powerplay,0,88.0,255.0,0.34509803921568627,0.4228881521678736,0.36701074708954184
"Sophia Gardens, Cardiff",powerplay,1,73.0,255.0,0.28627450980392155,0.25764450947345025,0.2782097209784367
"Sophia Gardens, Cardiff",powerplay,2,15.0,255.0,0.058823529411764705,0.04384827662845184,0.05460514834604277
"Sophia Gardens, Cardiff",powerplay,3,3.0,255.0,0.011764705882352941,0.005028429611245902,0.009867163270773492
"Sophia Gardens, Cardiff",powerplay,4,32.0,255.0,0.12549019607843137,0.15223269683107069,0.13302329488199174
"Sophia Gardens, Cardiff",powerplay,6,15.0,255.0,0.058823529411764705,0.040523771600022226,0.05366866805634429
"Sophia Gardens, Cardiff",powerplay,W,13.0,255.0,0.050980392156862744,0.03919952586446391,0.047661838271679975
"Sophia Gardens, Cardiff",powerplay,Wd,16.0,255.0,0.06274509803921569,0.03486563072990943,0.05489172696617167
"Sophia Gardens, Cardiff",powerplay,Nb,0.0,255.0,0.0,0.003769007093512122,0.0010616921390174993
St George's Park,death,0,65.0,361.0,0.18005540166204986,0.21696977459016392,0.18806285782866897
St George's Park,death,1,162.0,361.0,0.4487534626038781,0.37083760245901637,0.4318519745030404
St George's Park,death,2,41.0,361.0,0.11357340720221606,0.08837090163934426,0.10810648625582304
St George's Park,death,3,1.0,361.0,0.002770083102493075,0.002651127049180328,0.002744279186373173
St George's Park,death,4,40.0,361.0,0.11080332409972299,0.11151383196721311,0.11095744728139113
St George's Park,death,6,14.0,361.0,0.038781163434903045,0.07952100409836066,0.04761843906688951
St George's Park,death,W,24.0,361.0,0.0664819944598338,0.08016137295081967,0.06944932168130578
St George's Park,death,Wd,13.0,361.0,0.036011080332409975,0.04340420081967213,0.03761479410405035
St George's Park,death,Nb,1.0,361.0,0.002770083102493075,0.006570184426229508,0.003594400092457594
St George's Park,middle,0,194.0,642.0,0.30218068535825543,0.2808889845966761,0.29931118390790784
St George's Park,middle,1,301.0,642.0,0.4688473520249221,0.4414331678151601,0.4651527180343882
St George's Park,middle,2,40.0,642.0,0.06230529595015576,0.06664217673287394,0.06288978123084554
St George's Park,middle,3,1.0,642.0,0.001557632398753894,0.002286430887717876,0.001655853219368986
St George's Park,middle,4,36.0,642.0,0.056074766355140186,0.08739739562221321,0.06029614496256243
St George's Park,middle,6,23.0,642.0,0.03582554517133956,0.048281059991892986,0.0375041859827349
St George's Park,middle,W,29.0,642.0,0.045171339563862926,0.04221980137819214,0.04477355813722266
St George's Park,middle,Wd,18.0,642.0,0.028037383177570093,0.028171868666396434,0.028055507906522434
St George's Park,middle,Nb,0.0,642.0,0.0,0.002679114308877179,0.0003610666184470592
St George's Park,powerplay,0,251.0,532.0,0.4718045112781955,0.4228881521678736,0.46406458103922055
St George's Park,powerplay,1,113.0,532.0,0.212406015037594,0.25764450947345025,0.21956400466352063
St George's Park,powerplay,2,27.0,532.0,0.05075187969924812,0.04384827662845184,0.04965953744121073
St George's Park,powerplay,3,4.0,532.0,0.007518796992481203,0.005028429611245902,0.0071247515207667565
St George's Park,powerplay,4,67.0,532.0,0.12593984962406016,0.15223269683107069,0.1301001102580808
St George's Park,powerplay,6,23.0,532.0,0.043233082706766915,0.040523771600022226,0.042804394240509844
St George's Park,powerplay,W,25.0,532.0,0.046992481203007516,0.03919952586446391,0.04575941864944049
St George's Park,powerplay,Wd,19.0,532.0,0.03571428571428571,0.03486563072990943,0.035580004862327444
St George's Park,powerplay,Nb,3.0,532.0,0.005639097744360902,0.003769007093512122,0.005343197324922805
"St George's Park, Gqeberha",death,0,26.0,76.0,0.34210526315789475,0.21696977459016392,0.2710055537444113
"St George's Park, Gqeberha",death,1,22.0,76.0,0.2894736842105263,0.37083760245901637,0.3357031832153502
"St George's Park, Gqeberha",death,2,4.0,76.0,0.05263157894736842,0.08837090163934426,0.07293801229508197
"St George's Park, Gqeberha",death,3,0.0,76.0,0.0,0.002651127049180328,0.0015063221870342772
"St George's Park, Gqeberha",death,4,12.0,76.0,0.15789473684210525,0.11151383196721311,0.1315419499813711
"St George's Park, Gqeberha",death,6,5.0,76.0,0.06578947368421052,0.07952100409836066,0.07359147960134128
"St George's Park, Gqeberha",death,W,3.0,76.0,0.039473684210526314,0.08016137295081967,0.06259168917660209
"St George's Park, Gqeberha",death,Wd,4.0,76.0,0.05263157894736842,0.04340420081967213,0.0473887504657228
"St George's Park, Gqeberha",death,Nb,0.0,76.0,0.0,0.006570184426229508,0.003733059333084948
"St George's Park, Gqeberha",middle,0,43.0,149.0,0.28859060402684567,0.2808889845966761,0.2854975841753719
"St George's Park, Gqeberha",middle,1,67.0,149.0,0.44966442953020136,0.4414331678151601,0.44635870193379923
"St George's Park, Gqeberha",middle,2,6.0,149.0,0.040268456375838924,0.06664217673287394,0.05086031194091322
"St George's Park, Gqeberha",middle,3,0.0,149.0,0.0,0.002286430887717876,0.0009182453364328819
"St George's Park, Gqeberha",middle,4,14.0,149.0,0.09395973154362416,0.08739739562221321,0.09132425526996515
"St George's Park, Gqeberha",middle,6,4.0,149.0,0.026845637583892617,0.048281059991892986,0.03545424096059959
"St George's Park, Gqeberha",middle,W,8.0,149.0,0.053691275167785234,0.04221980137819214,0.04908425758160327
"St George's Park, Gqeberha",middle,Wd,6.0,149.0,0.040268456375838924,0.028171868666396434,0.03541038902264917
"St George's Park, Gqeberha",middle,Nb,1.0,149.0,0.006711409395973154,0.002679114308877179,0.005092013778665534
"St George's Park, Gqeberha",powerplay,0,45.0,105.0,0.42857142857142855,0.4228881521678736,0.4257990986184749
"St George's Park, Gqeberha",powerplay,1,24.0,105.0,0.22857142857142856,0.25764450947345025,0.24275341925534158
"St George's Park, Gqeberha",powerplay,2,1.0,105.0,0.009523809523809525,0.04384827662845184,0.026267452013878943
"St George's Park, Gqeberha",powerplay,3,2.0,105.0,0.01904761904761905,0.005028429611245902,0.012208990054266292
"St George's Park, Gqeberha",powerplay,4,14.0,105.0,0.13333333333333333,0.15223269683107069,0.14255253503954668
"St George's Park, Gqeberha",powerplay,6,5.0,105.0,0.047619047619047616,0.040523771600022226,0.0441579373658645
"St George's Park, Gqeberha",powerplay,W,7.0,105.0,0.06666666666666667,0.03919952586446391,0.05326806139729946
"St George's Park, Gqeberha",powerplay,Wd,6.0,105.0,0.05714285714285714,0.03486563072990943,0.046275917429224114
"St George's Park, Gqeberha",powerplay,Nb,1.0,105.0,0.009523809523809525,0.003769007093512122,0.006716588826103475
Stadium Australia,death,0,47.0,172.0,0.27325581395348836,0.21696977459016392,0.2525624171287367
Stadium Australia,death,1,78.0,172.0,0.45348837209302323,0.37083760245901637,0.4231020597275795
Stadium Australia,death,2,17.0,172.0,0.09883720930232558,0.08837090163934426,0.09498930207328833
Stadium Australia,death,3,0.0,172.0,0.0,0.002651127049180328,0.00097467906219865
Stadium Australia,death,4,9.0,172.0,0.05232558139534884,0.11151383196721311,0.07408596763500483
Stadium Australia,death,6,9.0,172.0,0.05232558139534884,0.07952100409836066,0.06232389856557378
Stadium Australia,death,W,9.0,172.0,0.05232558139534884,0.08016137295081967,0.06255932829074252
Stadium Australia,death,Wd,2.0,172.0,0.011627906976744186,0.04340420081967213,0.023310367948408874
Stadium Australia,death,Nb,1.0,172.0,0.005813953488372093,0.006570184426229508,0.006091979568466731
Stadium Australia,middle,0,97.0,320.0,0.303125,0.2808889845966761,0.2978307106182562
Stadium Australia,middle,1,133.0,320.0,0.415625,0.4414331678151601,0.4217698018607524
Stadium Australia,middle,2,23.0,320.0,0.071875,0.06664217673287394,0.07062908969830331
Stadium Australia,middle,3,0.0,320.0,0.0,0.002286430887717876,0.0005443883065994943
Stadium Australia,middle,4,23.0,320.0,0.071875,0.08739739562221321,0.07557080848147935
Stadium Australia,middle,6,17.0,320.0,0.053125,0.048281059991892986,0.05197168095045071
Stadium Australia,middle,W,19.0,320.0,0.059375,0.04221980137819214,0.05529042889956956
Stadium Australia,middle,Wd,8.0,320.0,0.025,0.028171868666396434,0.025755206825332482
Stadium Australia,middle,Nb,0.0,320.0,0.0,0.002679114308877179,0.0006378843592564712
Stadium Australia,powerplay,0,103.0,249.0,0.41365461847389556,0.4228881521678736,0.4163003301340612
Stadium Australia,powerplay,1,70.0,249.0,0.28112449799196787,0.25764450947345025,0.2743967075855158
Stadium Australia,powerplay,2,19.0,249.0,0.07630522088353414,0.04384827662845184,0.06700523685628992
Stadium Australia,powerplay,3,9.0,249.0,0.03614457831325301,0.005028429611245902,0.027228776392907137
Stadium Australia,powerplay,4,21.0,249.0,0.08433734939759036,0.15223269683107069,0.10379160367652455
Stadium Australia,powerplay,6,11.0,249.0,0.04417670682730924,0.040523771600022226,0.043130020515765685
Stadium Australia,powerplay,W,8.0,249.0,0.0321285140562249,0.03919952586446391,0.03415459193824181
Stadium Australia,powerplay,Wd,8.0,249.0,0.0321285140562249,0.03486563072990943,0.03291278817475915
Stadium Australia,powerplay,Nb,0.0,249.0,0.0,0.003769007093512122,0.0010799447259347056
Subrata Roy Sahara Stadium,death,0,162.0,738.0,0.21951219512195122,0.21696977459016392,0.21920880365037754
Subrata Roy Sahara Stadium,death,1,334.0,738.0,0.45257452574525747,0.37083760245901637,0.4428207162838922
Subrata Roy Sahara Stadium,death,2,55.0,738.0,0.07452574525745258,0.08837090163934426,0.07617791189013655
Subrata Roy Sahara Stadium,death,3,0.0,738.0,0.0,0.002651127049180328,0.00031636360968739
Subrata Roy Sahara Stadium,death,4,75.0,738.0,0.1016260162601626,0.11151383196721311,0.10280594653546696
Subrata Roy Sahara Stadium,death,6,40.0,738.0,0.05420054200542006,0.07952100409836066,0.05722207686137955
Subrata Roy Sahara Stadium,death,W,50.0,738.0,0.06775067750677506,0.08016137295081967,0.0692316674165656
Subrata Roy Sahara Stadium,death,Wd,18.0,738.0,0.024390243902439025,0.04340420081967213,0.026659212508314097
Subrata Roy Sahara Stadium,death,Nb,4.0,738.0,0.005420054200542005,0.006570184426229508,0.005557301244180132
Subrata Roy Sahara Stadium,middle,0,454.0,1481.0,0.3065496286293045,0.2808889845966761,0.3049265644906184
Subrata Roy Sahara Stadium,middle,1,708.0,1481.0,0.47805536799459825,0.4414331678151601,0.4757389732963415
Subrata Roy Sahara Stadium,middle,2,83.0,1481.0,0.056043214044564485,0.06664217673287394,0.056713610166532195
Subrata Roy Sahara Stadium,middle,3,3.0,1481.0,0.002025658338960162,0.002286430887717876,0.0020421524913167535
Subrata Roy Sahara Stadium,middle,4,103.0,1481.0,0.06954760297096556,0.08739739562221321,0.07067662211399198
Subrata Roy Sahara Stadium,middle,6,40.0,1481.0,0.02700877785280216,0.048281059991892986,0.028354273244269004
Subrata Roy Sahara Stadium,middle,W,58.0,1481.0,0.03916272788656313,0.04221980137819214,0.03935609116876611
Subrata Roy Sahara Stadium,middle,Wd,27.0,1481.0,0.01823092505064146,0.028171868666396434,0.018859700737912488
Subrata Roy Sahara Stadium,middle,Nb,5.0,1481.0,0.00337609723160027,0.002679114308877179,0.003332012290251561
Subrata Roy Sahara Stadium,powerplay,0,434.0,982.0,0.4419551934826884,0.4228881521678736,0.4401929900339994
Subrata Roy Sahara Stadium,powerplay,1,283.0,982.0,0.28818737270875766,0.25764450947345025,0.28536455725262944
Subrata Roy Sahara Stadium,powerplay,2,36.0,982.0,0.03665987780040733,0.04384827662845184,0.03732423998414527
Subrata Roy Sahara Stadium,powerplay,3,3.0,982.0,0.003054989816700611,0.005028429611245902,0.003237377967767643
Subrata Roy Sahara Stadium,powerplay,4,124.0,982.0,0.12627291242362526,0.15223269683107069,0.12867215312671634
Subrata Roy Sahara Stadium,powerplay,6,34.0,982.0,0.034623217922606926,0.040523771600022226,0.035168555600741426
Subrata Roy Sahara Stadium,powerplay,W,38.0,982.0,0.038696537678207736,0.03919952586446391,0.03874302457157707
Subrata Roy Sahara Stadium,powerplay,Wd,24.0,982.0,0.024439918533604887,0.03486563072990943,0.025403477886313256
Subrata Roy Sahara Stadium,powerplay,Nb,6.0,982.0,0.006109979633401222,0.003769007093512122,0.0058936235761101775
SuperSport Park,death,0,182.0,771.0,0.23605706874189364,0.21696977459016392,0.23386564576236094
SuperSport Park,death,1,292.0,771.0,0.3787289234760052,0.37083760245901637,0.3778229164706104
SuperSport Park,death,2,64.0,771.0,0.08300907911802853,0.08837090163934426,0.0836246729781107
SuperSport Park,death,3,2.0,771.0,0.0025940337224383916,0.002651127049180328,0.0026005886394007264
SuperSport Park,death,4,85.0,771.0,0.11024643320363164,0.11151383196721311,0.11039194396868118
SuperSport Park,death,6,59.0,771.0,0.07652399481193256,0.07952100409836066,0.07686808313414015
SuperSport Park,death,W,52.0,771.0,0.06744487678339818,0.08016137295081967,0.06890486486232143
SuperSport Park,death,Wd,28.0,771.0,0.03631647211413749,0.04340420081967213,0.0371302182341759
SuperSport Park,death,Nb,7.0,771.0,0.009079118028534372,0.006570184426229508,0.008791065950198566
SuperSport Park,middle,0,423.0,1561.0,0.2709801409352979,0.2808889845966761,0.27157669985530863
SuperSport Park,middle,1,699.0,1561.0,0.4477898782831518,0.4414331678151601,0.44740717446208067
SuperSport Park,middle,2,109.0,1561.0,0.06982703395259449,0.06664217673287394,0.06963529059198519
SuperSport Park,middle,3,1.0,1561.0,0.0006406149903907751,0.002286430887717876,0.0007397008361058324
SuperSport Park,middle,4,138.0,1561.0,0.08840486867392697,0.08739739562221321,0.08834421406515432
SuperSport Park,middle,6,76.0,1561.0,0.04868673926969891,0.048281059991892986,0.048662315472118786
SuperSport Park,middle,W,65.0,1561.0,0.04163997437540039,0.04221980137819214,0.04167488268381651
SuperSport Park,middle,Wd,44.0,1561.0,0.028187059577194105,0.028171868666396434,0.02818614501302808
SuperSport Park,middle,Nb,6.0,1561.0,0.003843689942344651,0.002679114308877179,0.0037735770204019975
SuperSport Park,powerplay,0,428.0,948.0,0.45147679324894513,0.4228881521678736,0.44874886948166737
SuperSport Park,powerplay,1,209.0,948.0,0.22046413502109705,0.25764450947345025,0.22401188067494757
SuperSport Park,powerplay,2,43.0,948.0,0.04535864978902954,0.04384827662845184,0.045214530212638535
SuperSport Park,powerplay,3,4.0,948.0,0.004219409282700422,0.005028429611245902,0.004296605878935677
SuperSport Park,powerplay,4,141.0,948.0,0.14873417721518986,0.15223269683107069,0.1490680054228121
SuperSport Park,powerplay,6,37.0,948.0,0.039029535864978905,0.040523771600022226,0.039172115610689145
SuperSport Park,powerplay,W,48.0,948.0,0.05063291139240506,0.03919952586446391,0.04954193949088396
SuperSport Park,powerplay,Wd,32.0,948.0,0.03375527426160337,0.03486563072990943,0.03386122430628907
SuperSport Park,powerplay,Nb,6.0,948.0,0.006329113924050633,0.003769007093512122,0.0060848289211366535
"SuperSport Park, Centurion",death,0,20.0,145.0,0.13793103448275862,0.21696977459016392,0.17019174473067916
"SuperSport Park, Centurion",death,1,54.0,145.0,0.3724137931034483,0.37083760245901637,0.37177044998327197
"SuperSport Park, Centurion",death,2,11.0,145.0,0.07586206896551724,0.08837090163934426,0.08096771495483439
"SuperSport Park, Centurion",death,3,1.0,145.0,0.006896551724137931,0.002651127049180328,0.005163725326196052
"SuperSport Park, Centurion",death,4,18.0,145.0,0.12413793103448276,0.11151383196721311,0.11898523753763801
"SuperSport Park, Centurion",death,6,22.0,145.0,0.15172413793103448,0.07952100409836066,0.12225347106055537
"SuperSport Park, Centurion",death,W,7.0,145.0,0.04827586206896552,0.08016137295081967,0.061290356306457
"SuperSport Park, Centurion",death,Wd,11.0,145.0,0.07586206896551724,0.04340420081967213,0.06261395951823352
"SuperSport Park, Centurion",death,Nb,1.0,145.0,0.006896551724137931,0.006570184426229508,0.006763340582134493
"SuperSport Park, Centurion",middle,0,72.0,298.0,0.24161073825503357,0.2808889845966761,0.25147964437102416
"SuperSport Park, Centurion",middle,1,118.0,298.0,0.3959731543624161,0.4414331678151601,0.40739526829526634
"SuperSport Park, Centurion",middle,2,14.0,298.0,0.04697986577181208,0.06664217673287394,0.05192014490775727
"SuperSport Park, Centurion",middle,3,1.0,298.0,0.003355704697986577,0.002286430887717876,0.003087042936612532
"SuperSport Park, Centurion",middle,4,32.0,298.0,0.10738255033557047,0.08739739562221321,0.10236115467894805
"SuperSport Park, Centurion",middle,6,28.0,298.0,0.09395973154362416,0.048281059991892986,0.08248267838992286
"SuperSport Park, Centurion",middle,W,17.0,298.0,0.05704697986577181,0.04221980137819214,0.05332155813522416
"SuperSport Park, Centurion",middle,Wd,14.0,298.0,0.04697986577181208,0.028171868666396434,0.042254238358391066
"SuperSport Park, Centurion",middle,Nb,2.0,298.0,0.006711409395973154,0.002679114308877179,0.005698269926853562
"SuperSport Park, Centurion",powerplay,0,46.0,150.0,0.30666666666666664,0.4228881521678736,0.35315526086714943
"SuperSport Park, Centurion",powerplay,1,33.0,150.0,0.22,0.25764450947345025,0.2350578037893801
"SuperSport Park, Centurion",powerplay,2,12.0,150.0,0.08,0.04384827662845184,0.06553931065138073
"SuperSport Park, Centurion",powerplay,3,0.0,150.0,0.0,0.005028429611245902,0.0020113718444983606
"SuperSport Park, Centurion",powerplay,4,31.0,150.0,0.20666666666666667,0.15223269683107069,0.18489307873242827
"SuperSport Park, Centurion",powerplay,6,11.0,150.0,0.07333333333333333,0.040523771600022226,0.060209508640008895
"SuperSport Park, Centurion",powerplay,W,7.0,150.0,0.04666666666666667,0.03919952586446391,0.04367981034578556
"SuperSport Park, Centurion",powerplay,Wd,9.0,150.0,0.06,0.03486563072990943,0.049946252291963776
"SuperSport Park, Centurion",powerplay,Nb,1.0,150.0,0.006666666666666667,0.003769007093512122,0.005507602837404849
Sydney Cricket Ground,death,0,101.0,532.0,0.18984962406015038,0.21696977459016392,0.19414078711869684
Sydney Cricket Ground,death,1,194.0,532.0,0.36466165413533835,0.37083760245901637,0.3656388611485785
Sydney Cricket Ground,death,2,72.0,532.0,0.13533834586466165,0.08837090163934426,0.12790678823407345
Sydney Cricket Ground,death,3,6.0,532.0,0.011278195488721804,0.002651127049180328,0.00991315301411081
Sydney Cricket Ground,death,4,60.0,532.0,0.11278195488721804,0.11151383196721311,0.11258130252645777
Sydney Cricket Ground,death,6,41.0,532.0,0.07706766917293233,0.07952100409836066,0.07745585507885452
Sydney Cricket Ground,death,W,38.0,532.0,0.07142857142857142,0.08016137295081967,0.07281034382133222
Sydney Cricket Ground,death,Wd,19.0,532.0,0.03571428571428571,0.04340420081967213,0.036931044433492426
Sydney Cricket Ground,death,Nb,1.0,532.0,0.0018796992481203006,0.006570184426229508,0.0026218646244034033
Sydney Cricket Ground,middle,0,237.0,942.0,0.2515923566878981,0.2808889845966761,0.2544039332626369
Sydney Cricket Ground,middle,1,440.0,942.0,0.46709129511677283,0.4414331678151601,0.4646289028613398
Sydney Cricket Ground,middle,2,90.0,942.0,0.09554140127388536,0.06664217673287394,0.0927679632181261
Sydney Cricket Ground,middle,3,4.0,942.0,0.004246284501061571,0.002286430887717876,0.004058198741623597
Sydney Cricket Ground,middle,4,74.0,942.0,0.07855626326963906,0.08739739562221321,0.07940474046278437
Sydney Cricket Ground,middle,6,33.0,942.0,0.03503184713375796,0.048281059991892986,0.03630336468252332
Sydney Cricket Ground,middle,W,37.0,942.0,0.03927813163481953,0.04221980137819214,0.03956044159099733
Sydney Cricket Ground,middle,Wd,25.0,942.0,0.02653927813163482,0.028171868666396434,0.02669595668583459
Sydney Cricket Ground,middle,Nb,2.0,942.0,0.0021231422505307855,0.002679114308877179,0.0021764984941340863
Sydney Cricket Ground,powerplay,0,290.0,733.0,0.3956343792633015,0.4228881521678736,0.39890614071643143
Sydney Cricket Ground,powerplay,1,193.0,733.0,0.26330150068212826,0.25764450947345025,0.2626223900928512
Sydney Cricket Ground,powerplay,2,38.0,733.0,0.05184174624829468,0.04384827662845184,0.05088214605383575
Sydney Cricket Ground,powerplay,3,14.0,733.0,0.019099590723055934,0.005028429611245902,0.01741037570363096
Sydney Cricket Ground,powerplay,4,107.0,733.0,0.14597544338335608,0.15223269683107069,0.14672661426543465
Sydney Cricket Ground,powerplay,6,32.0,733.0,0.04365620736698499,0.040523771600022226,0.04328016465786581
Sydney Cricket Ground,powerplay,W,25.0,733.0,0.034106412005457026,0.03919952586446391,0.03471783023583
Sydney Cricket Ground,powerplay,Wd,31.0,733.0,0.04229195088676671,0.03486563072990943,0.04140043586193391
Sydney Cricket Ground,powerplay,Nb,3.0,733.0,0.004092769440654843,0.003769007093512122,0.004053902412186329
Sylhet International Cricket Stadium,death,0,8.0,38.0,0.21052631578947367,0.21696977459016392,0.2151954888334521
Sylhet International Cricket Stadium,death,1,12.0,38.0,0.3157894736842105,0.37083760245901637,0.355679422071751
Sylhet International Cricket Stadium,death,2,1.0,38.0,0.02631578947368421,0.08837090163934426,0.07128326205749584
Sylhet International Cricket Stadium,death,3,0.0,38.0,0.0,0.002651127049180328,0.0019211065573770491
Sylhet International Cricket Stadium,death,4,7.0,38.0,0.18421052631578946,0.11151383196721311,0.13153176229508198
Sylhet International Cricket Stadium,death,6,4.0,38.0,0.10526315789473684,0.07952100409836066,0.08660942325968164
Sylhet International Cricket Stadium,death,W,4.0,38.0,0.10526315789473684,0.08016137295081967,0.08707345866001424
Sylhet International Cricket Stadium,death,Wd,2.0,38.0,0.05263157894736842,0.04340420081967213,0.04594507305773343
Sylhet International Cricket Stadium,death,Nb,0.0,38.0,0.0,0.006570184426229508,0.0047610032074126875
Sylhet International Cricket Stadium,middle,0,18.0,70.0,0.2571428571428571,0.2808889845966761,0.27111116740980945
Sylhet International Cricket Stadium,middle,1,36.0,70.0,0.5142857142857142,0.4414331678151601,0.4714312751853883
Sylhet International Cricket Stadium,middle,2,2.0,70.0,0.02857142857142857,0.06664217673287394,0.05096598631345525
Sylhet International Cricket Stadium,middle,3,0.0,70.0,0.0,0.002286430887717876,0.0013449593457163977
Sylhet International Cricket Stadium,middle,4,5.0,70.0,0.07142857142857142,0.08739739562221321,0.0808219974248313
Sylhet International Cricket Stadium,middle,6,4.0,70.0,0.05714285714285714,0.048281059991892986,0.05193003528934881
Sylhet International Cricket Stadium,middle,W,2.0,70.0,0.02857142857142857,0.04221980137819214,0.03659988316364243
Sylhet International Cricket Stadium,middle,Wd,2.0,70.0,0.02857142857142857,0.028171868666396434,0.02833639333317437
Sylhet International Cricket Stadium,middle,Nb,1.0,70.0,0.014285714285714285,0.002679114308877179,0.007458302534633635
Sylhet International Cricket Stadium,powerplay,0,27.0,71.0,0.38028169014084506,0.4228881521678736,0.405197749805774
Sylhet International Cricket Stadium,powerplay,1,20.0,71.0,0.28169014084507044,0.25764450947345025,0.2676283681131288
Sylhet International Cricket Stadium,powerplay,2,0.0,71.0,0.0,0.04384827662845184,0.02564226703418236
Sylhet International Cricket Stadium,powerplay,3,1.0,71.0,0.014084507042253521,0.005028429611245902,0.008788555328213977
Sylhet International Cricket Stadium,powerplay,4,18.0,71.0,0.2535211267605634,0.15223269683107069,0.19428812680179572
Sylhet International Cricket Stadium,powerplay,6,2.0,71.0,0.028169014084507043,0.040523771600022226,0.03539401847954516
Sylhet International Cricket Stadium,powerplay,W,2.0,71.0,0.028169014084507043,0.03919952586446391,0.034619605768692344
Sylhet International Cricket Stadium,powerplay,Wd,0.0,71.0,0.0,0.03486563072990943,0.02038925773678914
Sylhet International Cricket Stadium,powerplay,Nb,1.0,71.0,0.014084507042253521,0.003769007093512122,0.008052050931878434
The Rose Bowl,death,0,43.0,233.0,0.18454935622317598,0.21696977459016392,0.19428521759464382
The Rose Bowl,death,1,101.0,233.0,0.4334763948497854,0.37083760245901637,0.4146659466843893
The Rose Bowl,death,2,32.0,233.0,0.13733905579399142,0.08837090163934426,0.12263390439619948
The Rose Bowl,death,3,1.0,233.0,0.004291845493562232,0.002651127049180328,0.0037991372520061045
The Rose Bowl,death,4,18.0,233.0,0.07725321888412018,0.11151383196721311,0.08754169128144539
The Rose Bowl,death,6,16.0,233.0,0.06866952789699571,0.07952100409836066,0.07192822945896717
The Rose Bowl,death,W,15.0,233.0,0.06437768240343347,0.08016137295081967,0.06911752941466057
The Rose Bowl,death,Wd,6.0,233.0,0.02575107296137339,0.04340420081967213,0.0310523125584601
The Rose Bowl,death,Nb,1.0,233.0,0.004291845493562232,0.006570184426229508,0.004976031359228081
The Rose Bowl,middle,0,127.0,466.0,0.27253218884120173,0.2808889845966761,0.27400865452238093
The Rose Bowl,middle,1,195.0,466.0,0.4184549356223176,0.4414331678151601,0.42251469396027563
The Rose Bowl,middle,2,51.0,466.0,0.10944206008583691,0.06664217673287394,0.10188024323902367
The Rose Bowl,middle,3,4.0,466.0,0.008583690987124463,0.002286430887717876,0.007471100863554394
The Rose Bowl,middle,4,39.0,466.0,0.08369098712446352,0.08739739562221321,0.08434582961523202
The Rose Bowl,middle,6,21.0,466.0,0.045064377682403435,0.048281059991892986,0.04563269611164187
The Rose Bowl,middle,W,20.0,466.0,0.04291845493562232,0.04221980137819214,0.04279501791134137
The Rose Bowl,middle,Wd,9.0,466.0,0.019313304721030045,0.028171868666396434,0.020878422025865095
The Rose Bowl,middle,Nb,0.0,466.0,0.0,0.002679114308877179,0.00047334175068501394
The Rose Bowl,powerplay,0,158.0,360.0,0.4388888888888889,0.4228881521678736,0.4354104678625812
The Rose Bowl,powerplay,1,75.0,360.0,0.20833333333333334,0.25764450947345025,0.21905315423335875
The Rose Bowl,powerplay,2,24.0,360.0,0.06666666666666667,0.04384827662845184,0.0617061470931417
The Rose Bowl,powerplay,3,3.0,360.0,0.008333333333333333,0.005028429611245902,0.007614876002444761
The Rose Bowl,powerplay,4,56.0,360.0,0.15555555555555556,0.15223269683107069,0.15483319496327622
The Rose Bowl,powerplay,6,12.0,360.0,0.03333333333333333,0.040523771600022226,0.03489647208696135
The Rose Bowl,powerplay,W,14.0,360.0,0.03888888888888889,0.03919952586446391,0.038956418666187806
The Rose Bowl,powerplay,Wd,15.0,360.0,0.041666666666666664,0.03486563072990943,0.04018818059345857
The Rose Bowl,powerplay,Nb,3.0,360.0,0.008333333333333333,0.003769007093512122,0.007341088498589592
"The Rose Bowl, Southampton",death,0,51.0,187.0,0.2727272727272727,0.21696977459016392,0.2532995730279317
"The Rose Bowl, Southampton",death,1,56.0,187.0,0.2994652406417112,0.37083760245901637,0.3243336593933855
"The Rose Bowl, Southampton",death,2,18.0,187.0,0.0962566844919786,0.08837090163934426,0.09350902496144399
"The Rose Bowl, Southampton",death,3,1.0,187.0,0.0053475935828877,0.002651127049180328,0.004408058205289313
"The Rose Bowl, Southampton",death,4,24.0,187.0,0.12834224598930483,0.11151383196721311,0.12247868709658993
"The Rose Bowl, Southampton",death,6,6.0,187.0,0.03208556149732621,0.07952100409836066,0.04861359027817445
"The Rose Bowl, Southampton",death,W,22.0,187.0,0.11764705882352941,0.08016137295081967,0.10458584423373508
"The Rose Bowl, Southampton",death,Wd,9.0,187.0,0.0481283422459893,0.04340420081967213,0.046482299937167994
"The Rose Bowl, Southampton",death,Nb,0.0,187.0,0.0,0.006570184426229508,0.0022892628662820585
"The Rose Bowl, Southampton",middle,0,93.0,374.0,0.24866310160427807,0.2808889845966761,0.25546181109634514
"The Rose Bowl, Southampton",middle,1,147.0,374.0,0.393048128342246,0.4414331678151601,0.403255942577038
"The Rose Bowl, Southampton",middle,2,34.0,374.0,0.09090909090909091,0.06664217673287394,0.0857894887622097
"The Rose Bowl, Southampton",middle,3,2.0,374.0,0.0053475935828877,0.002286430887717876,0.004701778668294911
"The Rose Bowl, Southampton",middle,4,37.0,374.0,0.09893048128342247,0.08739739562221321,0.09649734084856819
"The Rose Bowl, Southampton",middle,6,19.0,374.0,0.05080213903743316,0.048281059991892986,0.05027026582107447
"The Rose Bowl, Southampton",middle,W,27.0,374.0,0.07219251336898395,0.04221980137819214,0.0658691564089013
"The Rose Bowl, Southampton",middle,Wd,13.0,374.0,0.034759358288770054,0.028171868666396434,0.033369592545653255
"The Rose Bowl, Southampton",middle,Nb,2.0,374.0,0.0053475935828877,0.002679114308877179,0.0047846232719150165
"The Rose Bowl, Southampton",powerplay,0,83.0,229.0,0.3624454148471616,0.4228881521678736,0.380817067528229
"The Rose Bowl, Southampton",powerplay,1,64.0,229.0,0.2794759825327511,0.25764450947345025,0.2728402764356992
"The Rose Bowl, Southampton",powerplay,2,14.0,229.0,0.0611353711790393,0.04384827662845184,0.05588093514542609
"The Rose Bowl, Southampton",powerplay,3,1.0,229.0,0.004366812227074236,0.005028429611245902,0.0045679117359410035
"The Rose Bowl, Southampton",powerplay,4,35.0,229.0,0.15283842794759825,0.15223269683107069,0.1526543151462221
"The Rose Bowl, Southampton",powerplay,6,13.0,229.0,0.056768558951965066,0.040523771600022226,0.051830933617028035
"The Rose Bowl, Southampton",powerplay,W,12.0,229.0,0.05240174672489083,0.03919952586446391,0.04838891363661517
"The Rose Bowl, Southampton",powerplay,Wd,5.0,229.0,0.021834061135371178,0.03486563072990943,0.025795024537966393
"The Rose Bowl, Southampton",powerplay,Nb,2.0,229.0,0.008733624454148471,0.003769007093512122,0.007224622216872987
"The Village, Malahide, Dublin",death,0,9.0,32.0,0.28125,0.21696977459016392,0.23255285953800298
"The Village, Malahide, Dublin",death,1,13.0,32.0,0.40625,0.37083760245901637,0.3794224261053154
"The Village, Malahide, Dublin",death,2,1.0,32.0,0.03125,0.08837090163934426,0.07452341033283656
"The Village, Malahide, Dublin",death,3,0.0,32.0,0.0,0.002651127049180328,0.0020084295827123696
"The Village, Malahide, Dublin",death,4,4.0,32.0,0.125,0.11151383196721311,0.1147832060357675
"The Village, Malahide, Dublin",death,6,1.0,32.0,0.03125,0.07952100409836066,0.06781894249875808
"The Village, Malahide, Dublin",death,W,3.0,32.0,0.09375,0.08016137295081967,0.08345558556880278
"The Village, Malahide, Dublin",death,Wd,1.0,32.0,0.03125,0.04340420081967213,0.04045772789369101
"The Village, Malahide, Dublin",death,Nb,0.0,32.0,0.0,0.006570184426229508,0.004977412444113264
"The Village, Malahide, Dublin",middle,0,8.0,34.0,0.23529411764705882,0.2808889845966761,0.2693201377587135
"The Village, Malahide, Dublin",middle,1,12.0,34.0,0.35294117647058826,0.4414331678151601,0.4189799759814628
"The Village, Malahide, Dublin",middle,2,0.0,34.0,0.0,0.06664217673287394,0.04973296771109995
"The Village, Malahide, Dublin",middle,3,0.0,34.0,0.0,0.002286430887717876,0.0017062917072521464
"The Village, Malahide, Dublin",middle,4,8.0,34.0,0.23529411764705882,0.08739739562221321,0.12492342956881584
"The Village, Malahide, Dublin",middle,6,1.0,34.0,0.029411764705882353,0.048281059991892986,0.043493328352158946
"The Village, Malahide, Dublin",middle,W,2.0,34.0,0.058823529411764705,0.04221980137819214,0.046432687595665774
"The Village, Malahide, Dublin",middle,Wd,3.0,34.0,0.08823529411764706,0.028171868666396434,0.04341184228835555
"The Village, Malahide, Dublin",middle,Nb,0.0,34.0,0.0,0.002679114308877179,0.001999339036475507
"The Village, Malahide, Dublin",powerplay,0,9.0,18.0,0.5,0.4228881521678736,0.43465097641345224
"The Village, Malahide, Dublin",powerplay,1,3.0,18.0,0.16666666666666666,0.25764450947345025,0.2437665334520765
"The Village, Malahide, Dublin",powerplay,2,0.0,18.0,0.0,0.04384827662845184,0.03715955646478969
"The Village, Malahide, Dublin",powerplay,3,0.0,18.0,0.0,0.005028429611245902,0.004261381026479578
"The Village, Malahide, Dublin",powerplay,4,5.0,18.0,0.2777777777777778,0.15223269683107069,0.1713836413822633
"The Village, Malahide, Dublin",powerplay,6,1.0,18.0,0.05555555555555555,0.040523771600022226,0.04281675559323918
"The Village, Malahide, Dublin",powerplay,W,0.0,18.0,0.0,0.03919952586446391,0.0332199371732745
"The Village, Malahide, Dublin",powerplay,Wd,0.0,18.0,0.0,0.03486563072990943,0.02954714468636393
"The Village, Malahide, Dublin",powerplay,Nb,0.0,18.0,0.0,0.003769007093512122,0.0031940738080611206
The Wanderers Stadium,death,0,17.0,73.0,0.2328767123287671,0.21696977459016392,0.22368195063015256
The Wanderers Stadium,death,1,25.0,73.0,0.3424657534246575,0.37083760245901637,0.3588656661612811
The Wanderers Stadium,death,2,5.0,73.0,0.0684931506849315,0.08837090163934426,0.07998318013834929
The Wanderers Stadium,death,3,1.0,73.0,0.0136986301369863,0.002651127049180328,0.00731279020183834
The Wanderers Stadium,death,4,8.0,73.0,0.1095890410958904,0.11151383196721311,0.1107016369752677
The Wanderers Stadium,death,6,6.0,73.0,0.0821917808219178,0.07952100409836066,0.08064797924760732
The Wanderers Stadium,death,W,4.0,73.0,0.0547945205479452,0.08016137295081967,0.0694574410120345
The Wanderers Stadium,death,Wd,7.0,73.0,0.0958904109589041,0.04340420081967213,0.06555156116744054
The Wanderers Stadium,death,Nb,0.0,73.0,0.0,0.006570184426229508,0.0037977944660286178
The Wanderers Stadium,middle,0,50.0,185.0,0.2702702702702703,0.2808889845966761,0.2739961349462021
The Wanderers Stadium,middle,1,75.0,185.0,0.40540540540540543,0.4414331678151601,0.418046725549179
The Wanderers Stadium,middle,2,8.0,185.0,0.043243243243243246,0.06664217673287394,0.05145339534486804
The Wanderers Stadium,middle,3,1.0,185.0,0.005405405405405406,0.002286430887717876,0.004311028381655395
The Wanderers Stadium,middle,4,16.0,185.0,0.08648648648648649,0.08739739562221321,0.08680610372709237
The Wanderers Stadium,middle,6,8.0,185.0,0.043243243243243246,0.048281059991892986,0.045010898242769465
The Wanderers Stadium,middle,W,8.0,185.0,0.043243243243243246,0.04221980137819214,0.04288414083445338
The Wanderers Stadium,middle,Wd,19.0,185.0,0.10270270270270271,0.028171868666396434,0.07655153286540227
The Wanderers Stadium,middle,Nb,0.0,185.0,0.0,0.002679114308877179,0.0009400401083779576
The Wanderers Stadium,powerplay,0,40.0,107.0,0.37383177570093457,0.4228881521678736,0.3975305082936587
The Wanderers Stadium,powerplay,1,24.0,107.0,0.22429906542056074,0.25764450947345025,0.24040797559103877
The Wanderers Stadium,powerplay,2,7.0,107.0,0.06542056074766354,0.04384827662845184,0.05499916745335837
The Wanderers Stadium,powerplay,3,1.0,107.0,0.009345794392523364,0.005028429611245902,0.007260110923307199
The Wanderers Stadium,powerplay,4,20.0,107.0,0.18691588785046728,0.15223269683107069,0.17016072310679745
The Wanderers Stadium,powerplay,6,4.0,107.0,0.037383177570093455,0.040523771600022226,0.03890037275363393
The Wanderers Stadium,powerplay,W,6.0,107.0,0.056074766355140186,0.03919952586446391,0.047922476263026044
The Wanderers Stadium,powerplay,Wd,5.0,107.0,0.04672897196261682,0.03486563072990943,0.04099788924150214
The Wanderers Stadium,powerplay,Nb,0.0,107.0,0.0,0.003769007093512122,0.0018207763736773537
"The Wanderers Stadium, Johannesburg",death,0,23.0,113.0,0.20353982300884957,0.21696977459016392,0.2098449645963211
"The Wanderers Stadium, Johannesburg",death,1,35.0,113.0,0.30973451327433627,0.37083760245901637,0.338421409605172
"The Wanderers Stadium, Johannesburg",death,2,14.0,113.0,0.12389380530973451,0.08837090163934426,0.10721638574617101
"The Wanderers Stadium, Johannesburg",death,3,1.0,113.0,0.008849557522123894,0.002651127049180328,0.005939496267220811
"The Wanderers Stadium, Johannesburg",death,4,15.0,113.0,0.13274336283185842,0.11151383196721311,0.12277644693296391
"The Wanderers Stadium, Johannesburg",death,6,9.0,113.0,0.07964601769911504,0.07952100409836066,0.07958732586777496
"The Wanderers Stadium, Johannesburg",death,W,9.0,113.0,0.07964601769911504,0.08016137295081967,0.07988796852151159
"The Wanderers Stadium, Johannesburg",death,Wd,6.0,113.0,0.05309734513274336,0.04340420081967213,0.04854657315477565
"The Wanderers Stadium, Johannesburg",death,Nb,1.0,113.0,0.008849557522123894,0.006570184426229508,0.007779429308088971
"The Wanderers Stadium, Johannesburg",middle,0,60.0,293.0,0.20477815699658702,0.2808889845966761,0.22414477979559186
"The Wanderers Stadium, Johannesburg",middle,1,120.0,293.0,0.40955631399317405,0.4414331678151601,0.41766747272650384
"The Wanderers Stadium, Johannesburg",middle,2,16.0,293.0,0.05460750853242321,0.06664217673287394,0.0576697650719781
"The Wanderers Stadium, Johannesburg",middle,3,1.0,293.0,0.0034129692832764505,0.002286430887717876,0.003126318292040172
"The Wanderers Stadium, Johannesburg",middle,4,23.0,293.0,0.07849829351535836,0.08739739562221321,0.08076269608707716
"The Wanderers Stadium, Johannesburg",middle,6,36.0,293.0,0.12286689419795221,0.048281059991892986,0.10388831043050711
"The Wanderers Stadium, Johannesburg",middle,W,19.0,293.0,0.06484641638225255,0.04221980137819214,0.059089007984272815
"The Wanderers Stadium, Johannesburg",middle,Wd,17.0,293.0,0.05802047781569966,0.028171868666396434,0.05042541187440113
"The Wanderers Stadium, Johannesburg",middle,Nb,1.0,293.0,0.0034129692832764505,0.002679114308877179,0.003226237737627781
"The Wanderers Stadium, Johannesburg",powerplay,0,91.0,204.0,0.44607843137254904,0.4228881521678736,0.4384500500552216
"The Wanderers Stadium, Johannesburg",powerplay,1,39.0,204.0,0.19117647058823528,0.25764450947345025,0.21304095706363496
"The Wanderers Stadium, Johannesburg",powerplay,2,6.0,204.0,0.029411764705882353,0.04384827662845184,0.034160617311990736
"The Wanderers Stadium, Johannesburg",powerplay,3,1.0,204.0,0.004901960784313725,0.005028429611245902,0.004943562372120363
"The Wanderers Stadium, Johannesburg",powerplay,4,31.0,204.0,0.15196078431372548,0.15223269683107069,0.15205022922074693
"The Wanderers Stadium, Johannesburg",powerplay,6,18.0,204.0,0.08823529411764706,0.040523771600022226,0.07254071434211258
"The Wanderers Stadium, Johannesburg",powerplay,W,10.0,204.0,0.049019607843137254,0.03919952586446391,0.045789317718573655
"The Wanderers Stadium, Johannesburg",powerplay,Wd,7.0,204.0,0.03431372549019608,0.03486563072990943,0.034495273266417575
"The Wanderers Stadium, Johannesburg",powerplay,Nb,1.0,204.0,0.004901960784313725,0.003769007093512122,0.004529278649181619
Trent Bridge,death,0,59.0,249.0,0.23694779116465864,0.21696977459016392,0.23122343111466015
Trent Bridge,death,1,94.0,249.0,0.37751004016064255,0.37083760245901637,0.37559816689370096
Trent Bridge,death,2,38.0,249.0,0.15261044176706828,0.08837090163934426,0.1342036967447978
Trent Bridge,death,3,2.0,249.0,0.008032128514056224,0.002651127049180328,0.006490294283432758
Trent Bridge,death,4,23.0,249.0,0.09236947791164658,0.11151383196721311,0.09785496617971723
Trent Bridge,death,6,7.0,249.0,0.028112449799196786,0.07952100409836066,0.0428426945840575
Trent Bridge,death,W,19.0,249.0,0.07630522088353414,0.08016137295081967,0.07741013551599418
Trent Bridge,death,Wd,5.0,249.0,0.020080321285140562,0.04340420081967213,0.02676338132368829
Trent Bridge,death,Nb,2.0,249.0,0.008032128514056224,0.006570184426229508,0.0076132333599511475
Trent Bridge,middle,0,205.0,666.0,0.3078078078078078,0.2808889845966761,0.3042936011222815
Trent Bridge,middle,1,290.0,666.0,0.43543543543543545,0.4414331678151601,0.43621842921868936
Trent Bridge,middle,2,58.0,666.0,0.08708708708708708,0.06664217673287394,0.0844180387379731
Trent Bridge,middle,3,4.0,666.0,0.006006006006006006,0.002286430887717876,0.005520421786908338
Trent Bridge,middle,4,47.0,666.0,0.07057057057057058,0.08739739562221321,0.07276728402378763
Trent Bridge,middle,6,13.0,666.0,0.01951951951951952,0.048281059991892986,0.023274289816174017
Trent Bridge,middle,W,29.0,666.0,0.04354354354354354,0.04221980137819214,0.04337073125041673
Trent Bridge,middle,Wd,19.0,666.0,0.028528528528528527,0.028171868666396434,0.028481967188824602
Trent Bridge,middle,Nb,1.0,666.0,0.0015015015015015015,0.002679114308877179,0.0016552368549448016
Trent Bridge,powerplay,0,151.0,365.0,0.4136986301369863,0.4228881521678736,0.4156748714339513
Trent Bridge,powerplay,1,99.0,365.0,0.27123287671232876,0.25764450947345025,0.26831064719859143
Trent Bridge,powerplay,2,20.0,365.0,0.0547945205479452,0.04384827662845184,0.05244048959751652
Trent Bridge,powerplay,3,4.0,365.0,0.010958904109589041,0.005028429611245902,0.0096835332497303
Trent Bridge,powerplay,4,61.0,365.0,0.16712328767123288,0.15223269683107069,0.163921010071198
Trent Bridge,powerplay,6,7.0,365.0,0.019178082191780823,0.040523771600022226,0.023768553032262846
Trent Bridge,powerplay,W,11.0,365.0,0.030136986301369864,0.03919952586446391,0.032085919540744925
Trent Bridge,powerplay,Wd,8.0,365.0,0.021917808219178082,0.03486563072990943,0.024702286178475148
Trent Bridge,powerplay,Nb,4.0,365.0,0.010958904109589041,0.003769007093512122,0.00941268969752949
"Trent Bridge, Nottingham",death,0,25.0,104.0,0.2403846153846154,0.21696977459016392,0.22890675225008036
"Trent Bridge, Nottingham",death,1,24.0,104.0,0.23076923076923078,0.37083760245901637,0.2994301972838316
"Trent Bridge, Nottingham",death,2,11.0,104.0,0.10576923076923077,0.08837090163934426,0.0972406380585021
"Trent Bridge, Nottingham",death,3,0.0,104.0,0.0,0.002651127049180328,0.0012995720829315333
"Trent Bridge, Nottingham",death,4,13.0,104.0,0.125,0.11151383196721311,0.11838913331726134
"Trent Bridge, Nottingham",death,6,10.0,104.0,0.09615384615384616,0.07952100409836066,0.08800049220507876
"Trent Bridge, Nottingham",death,W,15.0,104.0,0.14423076923076922,0.08016137295081967,0.1128242024268724
"Trent Bridge, Nottingham",death,Wd,5.0,104.0,0.04807692307692308,0.04340420081967213,0.04578637295081967
"Trent Bridge, Nottingham",death,Nb,1.0,104.0,0.009615384615384616,0.006570184426229508,0.008122639424622309
"Trent Bridge, Nottingham",middle,0,45.0,192.0,0.234375,0.2808889845966761,0.25030444677968355
"Trent Bridge, Nottingham",middle,1,76.0,192.0,0.3958333333333333,0.4414331678151601,0.4114497150051918
"Trent Bridge, Nottingham",middle,2,15.0,192.0,0.078125,0.06664217673287394,0.07419252627838148
"Trent Bridge, Nottingham",middle,3,1.0,192.0,0.005208333333333333,0.002286430887717876,0.004207681810862287
"Trent Bridge, Nottingham",middle,4,19.0,192.0,0.09895833333333333,0.08739739562221321,0.09499910808979906
"Trent Bridge, Nottingham",middle,6,18.0,192.0,0.09375,0.048281059991892986,0.07817844520270308
"Trent Bridge, Nottingham",middle,W,5.0,192.0,0.026041666666666668,0.04221980137819214,0.03158212375965484
"Trent Bridge, Nottingham",middle,Wd,11.0,192.0,0.057291666666666664,0.028171868666396434,0.047319133104930286
"Trent Bridge, Nottingham",middle,Nb,2.0,192.0,0.010416666666666666,0.002679114308877179,0.0077668199687935535
"Trent Bridge, Nottingham",powerplay,0,56.0,142.0,0.39436619718309857,0.4228881521678736,0.4061521289949891
"Trent Bridge, Nottingham",powerplay,1,37.0,142.0,0.2605633802816901,0.25764450947345025,0.2593572353196075
"Trent Bridge, Nottingham",powerplay,2,6.0,142.0,0.04225352112676056,0.04384827662845184,0.04291251100349249
"Trent Bridge, Nottingham",powerplay,3,2.0,142.0,0.014084507042253521,0.005028429611245902,0.010342326285638801
"Trent Bridge, Nottingham",powerplay,4,22.0,142.0,0.15492957746478872,0.15223269683107069,0.1538151639797813
"Trent Bridge, Nottingham",powerplay,6,10.0,142.0,0.07042253521126761,0.040523771600022226,0.05806767421488522
"Trent Bridge, Nottingham",powerplay,W,5.0,142.0,0.035211267605633804,0.03919952586446391,0.036859308208456155
"Trent Bridge, Nottingham",powerplay,Wd,4.0,142.0,0.028169014084507043,0.03486563072990943,0.03093621104541712
"Trent Bridge, Nottingham",powerplay,Nb,0.0,142.0,0.0,0.003769007093512122,0.001557440947732282
University Oval,death,0,10.0,65.0,0.15384615384615385,0.21696977459016392,0.19210289369100844
University Oval,death,1,21.0,65.0,0.3230769230769231,0.37083760245901637,0.3520227893691008
University Oval,death,2,4.0,65.0,0.06153846153846154,0.08837090163934426,0.07780054644808744
University Oval,death,3,0.0,65.0,0.0,0.002651127049180328,0.0016067436661698956
University Oval,death,4,7.0,65.0,0.1076923076923077,0.11151383196721311,0.1100083830104322
University Oval,death,6,11.0,65.0,0.16923076923076924,0.07952100409836066,0.11486121460506707
University Oval,death,W,7.0,65.0,0.1076923076923077,0.08016137295081967,0.09100689269746647
University Oval,death,Wd,5.0,65.0,0.07692307692307693,0.04340420081967213,0.05660860655737705
University Oval,death,Nb,0.0,65.0,0.0,0.006570184426229508,0.003981929955290611
University Oval,middle,0,15.0,105.0,0.14285714285714285,0.2808889845966761,0.21018974858374445
University Oval,middle,1,49.0,105.0,0.4666666666666667,0.4414331678151601,0.45435764283666347
University Oval,middle,2,7.0,105.0,0.06666666666666667,0.06664217673287394,0.06665472035749948
University Oval,middle,3,1.0,105.0,0.009523809523809525,0.002286430887717876,0.005993380920837989
University Oval,middle,4,10.0,105.0,0.09523809523809523,0.08739739562221321,0.0914133637181528
University Oval,middle,6,14.0,105.0,0.13333333333333333,0.048281059991892986,0.09184441950824047
University Oval,middle,W,5.0,105.0,0.047619047619047616,0.04221980137819214,0.04498526896497178
University Oval,middle,Wd,4.0,105.0,0.0380952380952381,0.028171868666396434,0.03325457008116899
University Oval,middle,Nb,0.0,105.0,0.0,0.002679114308877179,0.0013068850287205752
University Oval,powerplay,0,25.0,63.0,0.3968253968253968,0.4228881521678736,0.412814817280904
University Oval,powerplay,1,21.0,63.0,0.3333333333333333,0.25764450947345025,0.2868984720696014
University Oval,powerplay,2,1.0,63.0,0.015873015873015872,0.04384827662845184,0.03303575253279254
University Oval,powerplay,3,1.0,63.0,0.015873015873015872,0.005028429611245902,0.009219895467022026
University Oval,powerplay,4,6.0,63.0,0.09523809523809523,0.15223269683107069,0.13020410848531944
University Oval,powerplay,6,4.0,63.0,0.06349206349206349,0.040523771600022226,0.04940108687117928
University Oval,powerplay,W,2.0,63.0,0.031746031746031744,0.03919952586446391,0.03631872752421098
University Oval,powerplay,Wd,2.0,63.0,0.031746031746031744,0.03486563072990943,0.03365989615331867
University Oval,powerplay,Nb,1.0,63.0,0.015873015873015872,0.003769007093512122,0.008447243615651608
"University Oval, Dunedin",death,0,5.0,24.0,0.20833333333333334,0.21696977459016392,0.21529820531464833
"University Oval, Dunedin",death,1,6.0,24.0,0.25,0.37083760245901637,0.34744967940243254
"University Oval, Dunedin",death,2,1.0,24.0,0.041666666666666664,0.08837090163934426,0.07933137228979377
"University Oval, Dunedin",death,3,0.0,24.0,0.0,0.002651127049180328,0.0021380056848228452
"University Oval, Dunedin",death,4,2.0,24.0,0.08333333333333333,0.11151383196721311,0.10605954190904282
"University Oval, Dunedin",death,6,4.0,24.0,0.16666666666666666,0.07952100409836066,0.09638790653093603
"University Oval, Dunedin",death,W,3.0,24.0,0.125,0.08016137295081967,0.08883981689582231
"University Oval, Dunedin",death,Wd,3.0,24.0,0.125,0.04340420081967213,0.059196936144896885
"University Oval, Dunedin",death,Nb,0.0,24.0,0.0,0.006570184426229508,0.0052985358276044425
"University Oval, Dunedin",middle,0,29.0,98.0,0.29591836734693877,0.2808889845966761,0.28832776999832127
"University Oval, Dunedin",middle,1,43.0,98.0,0.4387755102040816,0.4414331678151601,0.4401177615228081
"University Oval, Dunedin",middle,2,7.0,98.0,0.07142857142857142,0.06664217673287394,0.06901120037013835
"University Oval, Dunedin",middle,3,0.0,98.0,0.0,0.002286430887717876,0.0011547630746049878
"University Oval, Dunedin",middle,4,6.0,98.0,0.061224489795918366,0.08739739562221321,0.07444312910212789
"University Oval, Dunedin",middle,6,3.0,98.0,0.030612244897959183,0.048281059991892986,0.03953588888479444
"University Oval, Dunedin",middle,W,4.0,98.0,0.04081632653061224,0.04221980137819214,0.04152515221120815
"University Oval, Dunedin",middle,Wd,5.0,98.0,0.05102040816326531,0.028171868666396434,0.03948074175070527
"University Oval, Dunedin",middle,Nb,1.0,98.0,0.01020408163265306,0.002679114308877179,0.006403593085291505
"University Oval, Dunedin",powerplay,0,16.0,33.0,0.48484848484848486,0.4228881521678736,0.4382617685472734
"University Oval, Dunedin",powerplay,1,6.0,33.0,0.18181818181818182,0.25764450947345025,0.23883045825071447
"University Oval, Dunedin",powerplay,2,0.0,33.0,0.0,0.04384827662845184,0.03296862904394875
"University Oval, Dunedin",powerplay,3,0.0,33.0,0.0,0.005028429611245902,0.003780774143793911
"University Oval, Dunedin",powerplay,4,5.0,33.0,0.15151515151515152,0.15223269683107069,0.15205465927148173
"University Oval, Dunedin",powerplay,6,2.0,33.0,0.06060606060606061,0.040523771600022226,0.04550659518798664
"University Oval, Dunedin",powerplay,W,3.0,33.0,0.09090909090909091,0.03919952586446391,0.052029718695085644
"University Oval, Dunedin",powerplay,Wd,1.0,33.0,0.030303030303030304,0.03486563072990943,0.03373355693978153
"University Oval, Dunedin",powerplay,Nb,0.0,33.0,0.0,0.003769007093512122,0.0028338399199339267
"Vidarbha Cricket Association Stadium, Jamtha",death,0,78.0,339.0,0.23008849557522124,0.21696977459016392,0.2271001764442287
"Vidarbha Cricket Association Stadium, Jamtha",death,1,114.0,339.0,0.336283185840708,0.37083760245901637,0.3441543513574069
"Vidarbha Cricket Association Stadium, Jamtha",death,2,38.0,339.0,0.11209439528023599,0.08837090163934426,0.10669041039620598
"Vidarbha Cricket Association Stadium, Jamtha",death,3,1.0,339.0,0.0029498525073746312,0.002651127049180328,0.0028818057059636286
"Vidarbha Cricket Association Stadium, Jamtha",death,4,37.0,339.0,0.10914454277286136,0.11151383196721311,0.10968424418387543
"Vidarbha Cricket Association Stadium, Jamtha",death,6,15.0,339.0,0.04424778761061947,0.07952100409836066,0.052282688860674414
"Vidarbha Cricket Association Stadium, Jamtha",death,W,40.0,339.0,0.11799410029498525,0.08016137295081967,0.10937616695918444
"Vidarbha Cricket Association Stadium, Jamtha",death,Wd,16.0,339.0,0.0471976401179941,0.04340420081967213,0.0463335309384219
"Vidarbha Cricket Association Stadium, Jamtha",death,Nb,0.0,339.0,0.0,0.006570184426229508,0.0014966251540386123
"Vidarbha Cricket Association Stadium, Jamtha",middle,0,156.0,552.0,0.2826086956521739,0.2808889845966761,0.28234493628783375
"Vidarbha Cricket Association Stadium, Jamtha",middle,1,262.0,552.0,0.4746376811594203,0.4414331678151601,0.46954496438882826
"Vidarbha Cricket Association Stadium, Jamtha",middle,2,36.0,552.0,0.06521739130434782,0.06664217673287394,0.06543591667682117
"Vidarbha Cricket Association Stadium, Jamtha",middle,3,1.0,552.0,0.0018115942028985507,0.002286430887717876,0.0018844219152941528
"Vidarbha Cricket Association Stadium, Jamtha",middle,4,44.0,552.0,0.07971014492753623,0.08739739562221321,0.08088917110770141
"Vidarbha Cricket Association Stadium, Jamtha",middle,6,12.0,552.0,0.021739130434782608,0.048281059991892986,0.025809978526363953
"Vidarbha Cricket Association Stadium, Jamtha",middle,W,26.0,552.0,0.04710144927536232,0.04221980137819214,0.04635273027272886
"Vidarbha Cricket Association Stadium, Jamtha",middle,Wd,13.0,552.0,0.02355072463768116,0.028171868666396434,0.024259489059263256
"Vidarbha Cricket Association Stadium, Jamtha",middle,Nb,2.0,552.0,0.0036231884057971015,0.002679114308877179,0.003478391765165211
"Vidarbha Cricket Association Stadium, Jamtha",powerplay,0,181.0,420.0,0.430952380952381,0.4228881521678736,0.4294015677245911
"Vidarbha Cricket Association Stadium, Jamtha",powerplay,1,106.0,420.0,0.2523809523809524,0.25764450947345025,0.25339317489874047
"Vidarbha Cricket Association Stadium, Jamtha",powerplay,2,24.0,420.0,0.05714285714285714,0.04384827662845184,0.05458620704393304
"Vidarbha Cricket Association Stadium, Jamtha",powerplay,3,2.0,420.0,0.004761904761904762,0.005028429611245902,0.004813159540624211
"Vidarbha Cricket Association Stadium, Jamtha",powerplay,4,57.0,420.0,0.1357142857142857,0.15223269683107069,0.13889090323674436
"Vidarbha Cricket Association Stadium, Jamtha",powerplay,6,12.0,420.0,0.02857142857142857,0.040523771600022226,0.03086995607692735
"Vidarbha Cricket Association Stadium, Jamtha",powerplay,W,21.0,420.0,0.05,0.03919952586446391,0.04792298574316614
"Vidarbha Cricket Association Stadium, Jamtha",powerplay,Wd,17.0,420.0,0.04047619047619048,0.03486563072990943,0.03939723667882874
"Vidarbha Cricket Association Stadium, Jamtha",powerplay,Nb,0.0,420.0,0.0,0.003769007093512122,0.0007248090564446389
"Vidarbha Cricket Association Stadium, Jamtha, Nagpur",death,0,12.0,56.0,0.21428571428571427,0.21696977459016392,0.21600626576292561
"Vidarbha Cricket Association Stadium, Jamtha, Nagpur",death,1,21.0,56.0,0.375,0.37083760245901637,0.3723317964480874
"Vidarbha Cricket Association Stadium, Jamtha, Nagpur",death,2,6.0,56.0,0.10714285714285714,0.08837090163934426,0.09510955233291299
"Vidarbha Cricket Association Stadium, Jamtha, Nagpur",death,3,0.0,56.0,0.0,0.002651127049180328,0.0016994404161412358
"Vidarbha Cricket Association Stadium, Jamtha, Nagpur",death,4,10.0,56.0,0.17857142857142858,0.11151383196721311,0.13558578972257251
"Vidarbha Cricket Association Stadium, Jamtha, Nagpur",death,6,2.0,56.0,0.03571428571428571,0.07952100409836066,0.0637955154476671
"Vidarbha Cricket Association Stadium, Jamtha, Nagpur",death,W,2.0,56.0,0.03571428571428571,0.08016137295081967,0.06420600830180748
"Vidarbha Cricket Association Stadium, Jamtha, Nagpur",death,Wd,3.0,56.0,0.05357142857142857,0.04340420081967213,0.047053974884405214
"Vidarbha Cricket Association Stadium, Jamtha, Nagpur",death,Nb,0.0,56.0,0.0,0.006570184426229508,0.004211656683480454
"Vidarbha Cricket Association Stadium, Jamtha, Nagpur",middle,0,10.0,103.0,0.0970873786407767,0.2808889845966761,0.18763004167323946
"Vidarbha Cricket Association Stadium, Jamtha, Nagpur",middle,1,45.0,103.0,0.4368932038834951,0.4414331678151601,0.43912963931781285
"Vidarbha Cricket Association Stadium, Jamtha, Nagpur",middle,2,4.0,103.0,0.038834951456310676,0.06664217673287394,0.0525330919866374
"Vidarbha Cricket Association Stadium, Jamtha, Nagpur",middle,3,0.0,103.0,0.0,0.002286430887717876,0.0011263206343437814
"Vidarbha Cricket Association Stadium, Jamtha, Nagpur",middle,4,17.0,103.0,0.1650485436893204,0.08739739562221321,0.1267967466119277
"Vidarbha Cricket Association Stadium, Jamtha, Nagpur",middle,6,14.0,103.0,0.13592233009708737,0.048281059991892986,0.09274929063640049
"Vidarbha Cricket Association Stadium, Jamtha, Nagpur",middle,W,6.0,103.0,0.05825242718446602,0.04221980137819214,0.050354581959700564
"Vidarbha Cricket Association Stadium, Jamtha, Nagpur",middle,Wd,7.0,103.0,0.06796116504854369,0.028171868666396434,0.04836052643664849
"Vidarbha Cricket Association Stadium, Jamtha, Nagpur",middle,Nb,0.0,103.0,0.0,0.002679114308877179,0.0013197607432892508
"Vidarbha Cricket Association Stadium, Jamtha, Nagpur",powerplay,0,35.0,124.0,0.28225806451612906,0.4228881521678736,0.3450393536463721
"Vidarbha Cricket Association Stadium, Jamtha, Nagpur",powerplay,1,34.0,124.0,0.27419354838709675,0.25764450947345025,0.2668055845863617
"Vidarbha Cricket Association Stadium, Jamtha, Nagpur",powerplay,2,8.0,124.0,0.06451612903225806,0.04384827662845184,0.05528940920913028
"Vidarbha Cricket Association Stadium, Jamtha, Nagpur",powerplay,3,0.0,124.0,0.0,0.005028429611245902,0.0022448346478776346
"Vidarbha Cricket Association Stadium, Jamtha, Nagpur",powerplay,4,20.0,124.0,0.16129032258064516,0.15223269683107069,0.157246739656728
"Vidarbha Cricket Association Stadium, Jamtha, Nagpur",powerplay,6,11.0,124.0,0.08870967741935484,0.040523771600022226,0.06719811232143849
"Vidarbha Cricket Association Stadium, Jamtha, Nagpur",powerplay,W,11.0,124.0,0.08870967741935484,0.03919952586446391,0.06660693118949282
"Vidarbha Cricket Association Stadium, Jamtha, Nagpur",powerplay,Wd,5.0,124.0,0.04032258064516129,0.03486563072990943,0.03788644229013814
"Vidarbha Cricket Association Stadium, Jamtha, Nagpur",powerplay,Nb,0.0,124.0,0.0,0.003769007093512122,0.0016825924524607688
Wankhede Stadium,death,0,823.0,3801.0,0.21652196790318337,0.21696977459016392,0.2165334471825215
Wankhede Stadium,death,1,1432.0,3801.0,0.3767429623783215,0.37083760245901637,0.3765915817087674
Wankhede Stadium,death,2,271.0,3801.0,0.07129702709813207,0.08837090163934426,0.07173470652754023
Wankhede Stadium,death,3,6.0,3801.0,0.0015785319652722968,0.002651127049180328,0.0016060273532217464
Wankhede Stadium,death,4,458.0,3801.0,0.12049460668245199,0.11151383196721311,0.12026438943776502
Wankhede Stadium,death,6,325.0,3801.0,0.08550381478558274,0.07952100409836066,0.08535044870798156
Wankhede Stadium,death,W,297.0,3801.0,0.07813733228097869,0.08016137295081967,0.07818921745580158
Wankhede Stadium,death,Wd,160.0,3801.0,0.04209418574059458,0.04340420081967213,0.04212776726018129
Wankhede Stadium,death,Nb,29.0,3801.0,0.007629571165482768,0.006570184426229508,0.007602414366219675
Wankhede Stadium,middle,0,2103.0,7214.0,0.29151649570280014,0.2808889845966761,0.2913711920234711
Wankhede Stadium,middle,1,3102.0,7214.0,0.42999722761297476,0.4414331678151601,0.43015358446561613
Wankhede Stadium,middle,2,435.0,7214.0,0.060299417798724705,0.06664217673287394,0.06038613859355857
Wankhede Stadium,middle,3,9.0,7214.0,0.001247574161352925,0.002286430887717876,0.0012617778354897166
Wankhede Stadium,middle,4,726.0,7214.0,0.1006376490158026,0.08739739562221321,0.10045662285510272
Wankhede Stadium,middle,6,322.0,7214.0,0.04463543110618242,0.048281059991892986,0.04468527563565618
Wankhede Stadium,middle,W,296.0,7214.0,0.04103132797338509,0.04221980137819214,0.0410475772679545
Wankhede Stadium,middle,Wd,204.0,7214.0,0.028278347657332965,0.028171868666396434,0.028276891833010617
Wankhede Stadium,middle,Nb,17.0,7214.0,0.0023565289714444137,0.002679114308877179,0.002360939490140514
Wankhede Stadium,powerplay,0,2199.0,4925.0,0.446497461928934,0.4228881521678736,0.4460276249187637
Wankhede Stadium,powerplay,1,1196.0,4925.0,0.24284263959390862,0.25764450947345025,0.2431372041686259
Wankhede Stadium,powerplay,2,197.0,4925.0,0.04,0.04384827662845184,0.04007658261947168
Wankhede Stadium,powerplay,3,16.0,4925.0,0.003248730964467005,0.005028429611245902,0.0032841478529601173
Wankhede Stadium,powerplay,4,721.0,4925.0,0.14639593908629442,0.15223269683107069,0.14651209346927505
Wankhede Stadium,powerplay,6,185.0,4925.0,0.03756345177664975,0.040523771600022226,0.03762236361393079
Wankhede Stadium,powerplay,W,193.0,4925.0,0.03918781725888325,0.03919952586446391,0.03918805026595948
Wankhede Stadium,powerplay,Wd,200.0,4925.0,0.04060913705583756,0.03486563072990943,0.04049483842248576
Wankhede Stadium,powerplay,Nb,18.0,4925.0,0.0036548223350253805,0.003769007093512122,0.0036570946685276044
"Wankhede Stadium, Mumbai",death,0,576.0,2734.0,0.21068032187271396,0.21696977459016392,0.21090225033839674
"Wankhede Stadium, Mumbai",death,1,958.0,2734.0,0.35040234089246525,0.37083760245901637,0.3511234157536703
"Wankhede Stadium, Mumbai",death,2,178.0,2734.0,0.06510607168983175,0.08837090163934426,0.06592699017781736
"Wankhede Stadium, Mumbai",death,3,5.0,2734.0,0.0018288222384784199,0.002651127049180328,0.0018578379339866029
"Wankhede Stadium, Mumbai",death,4,319.0,2734.0,0.1166788588149232,0.11151383196721311,0.11649660663257633
"Wankhede Stadium, Mumbai",death,6,306.0,2734.0,0.1119239209948793,0.07952100409836066,0.11078055766049262
"Wankhede Stadium, Mumbai",death,W,203.0,2734.0,0.07425018288222385,0.08016137295081967,0.07445876404201904
"Wankhede Stadium, Mumbai",death,Wd,161.0,2734.0,0.05888807607900512,0.04340420081967213,0.05834171491953677
"Wankhede Stadium, Mumbai",death,Nb,28.0,2734.0,0.010241404535479151,0.006570184426229508,0.010111862541504217
"Wankhede Stadium, Mumbai",middle,0,1393.0,5244.0,0.2656369183829138,0.2808889845966761,0.26592232381356057
"Wankhede Stadium, Mumbai",middle,1,2269.0,5244.0,0.4326849733028223,0.4414331678151601,0.4328486745474394
"Wankhede Stadium, Mumbai",middle,2,275.0,5244.0,0.05244088482074752,0.06664217673287394,0.05270662755862414
"Wankhede Stadium, Mumbai",middle,3,4.0,5244.0,0.0007627765064836003,0.002286430887717876,0.0007912880031384332
"Wankhede Stadium, Mumbai",middle,4,543.0,5244.0,0.10354691075514874,0.08739739562221321,0.10324471174442763
"Wankhede Stadium, Mumbai",middle,6,326.0,5244.0,0.062166285278413426,0.048281059991892986,0.06190645696092614
"Wankhede Stadium, Mumbai",middle,W,223.0,5244.0,0.04252479023646072,0.04221980137819214,0.04251908310962186
"Wankhede Stadium, Mumbai",middle,Wd,192.0,5244.0,0.036613272311212815,0.028171868666396434,0.0364553119136676
"Wankhede Stadium, Mumbai",middle,Nb,19.0,5244.0,0.0036231884057971015,0.002679114308877179,0.003605522348594259
"Wankhede Stadium, Mumbai",powerplay,0,1558.0,3715.0,0.41938088829071335,0.4228881521678736,0.4194728218130504
"Wankhede Stadium, Mumbai",powerplay,1,918.0,3715.0,0.24710632570659488,0.25764450947345025,0.24738255594950068
"Wankhede Stadium, Mumbai",powerplay,2,133.0,3715.0,0.03580080753701211,0.04384827662845184,0.036011750370339504
"Wankhede Stadium, Mumbai",powerplay,3,8.0,3715.0,0.0021534320323014803,0.005028429611245902,0.002228792388237114
"Wankhede Stadium, Mumbai",powerplay,4,587.0,3715.0,0.15800807537012113,0.15223269683107069,0.1578566893009455
"Wankhede Stadium, Mumbai",powerplay,6,216.0,3715.0,0.058142664872139975,0.040523771600022226,0.05768083280734003
"Wankhede Stadium, Mumbai",powerplay,W,146.0,3715.0,0.03930013458950202,0.03919952586446391,0.03929749740142762
"Wankhede Stadium, Mumbai",powerplay,Wd,138.0,3715.0,0.03714670255720054,0.03486563072990943,0.03708691037299894
"Wankhede Stadium, Mumbai",powerplay,Nb,11.0,3715.0,0.0029609690444145358,0.003769007093512122,0.0029821495961602127
"Warner Park, Basseterre",death,0,1.0,5.0,0.2,0.21696977459016392,0.21616169008587038
"Warner Park, Basseterre",death,1,2.0,5.0,0.4,0.37083760245901637,0.37222628805620606
"Warner Park, Basseterre",death,2,0.0,5.0,0.0,0.08837090163934426,0.08416276346604216
"Warner Park, Basseterre",death,3,0.0,5.0,0.0,0.002651127049180328,0.002524882903981265
"Warner Park, Basseterre",death,4,0.0,5.0,0.0,0.11151383196721311,0.10620364949258392
"Warner Park, Basseterre",death,6,1.0,5.0,0.2,0.07952100409836066,0.08525809914129588
"Warner Park, Basseterre",death,W,1.0,5.0,0.2,0.08016137295081967,0.08586797423887588
"Warner Park, Basseterre",death,Wd,0.0,5.0,0.0,0.04340420081967213,0.04133733411397346
"Warner Park, Basseterre",death,Nb,0.0,5.0,0.0,0.006570184426229508,0.00625731850117096
"Warner Park, Basseterre",middle,0,2.0,7.0,0.2857142857142857,0.2808889845966761,0.28120465850156645
"Warner Park, Basseterre",middle,1,0.0,7.0,0.0,0.4414331678151601,0.4125543624440749
"Warner Park, Basseterre",middle,2,0.0,7.0,0.0,0.06664217673287394,0.062282408161564426
"Warner Park, Basseterre",middle,3,0.0,7.0,0.0,0.002286430887717876,0.0021368512969325943
"Warner Park, Basseterre",middle,4,3.0,7.0,0.42857142857142855,0.08739739562221321,0.10971719217029273
"Warner Park, Basseterre",middle,6,2.0,7.0,0.2857142857142857,0.048281059991892986,0.06381407475877848
"Warner Park, Basseterre",middle,W,0.0,7.0,0.0,0.04221980137819214,0.039457758297375835
"Warner Park, Basseterre",middle,Wd,0.0,7.0,0.0,0.028171868666396434,0.026328849220931247
"Warner Park, Basseterre",middle,Nb,0.0,7.0,0.0,0.002679114308877179,0.0025038451484833447
"Warner Park, Basseterre",powerplay,0,18.0,47.0,0.3829787234042553,0.4228881521678736,0.4101279946720229
"Warner Park, Basseterre",powerplay,1,11.0,47.0,0.23404255319148937,0.25764450947345025,0.25009830576425185
"Warner Park, Basseterre",powerplay,2,2.0,47.0,0.0425531914893617,0.04384827662845184,0.043434201788062475
"Warner Park, Basseterre",powerplay,3,1.0,47.0,0.02127659574468085,0.005028429611245902,0.010223421504248913
"Warner Park, Basseterre",powerplay,4,8.0,47.0,0.1702127659574468,0.15223269683107069,0.15798142641569435
"Warner Park, Basseterre",powerplay,6,2.0,47.0,0.0425531914893617,0.040523771600022226,0.04117263374151172
"Warner Park, Basseterre",powerplay,W,4.0,47.0,0.0851063829787234,0.03919952586446391,0.05387722847922714
"Warner Park, Basseterre",powerplay,Wd,1.0,47.0,0.02127659574468085,0.03486563072990943,0.030520837231230908
"Warner Park, Basseterre",powerplay,Nb,0.0,47.0,0.0,0.003769007093512122,0.002563950403749743
"Warner Park, Basseterre, St Kitts",death,0,38.0,180.0,0.2111111111111111,0.21696977459016392,0.21320349092505855
"Warner Park, Basseterre, St Kitts",death,1,81.0,180.0,0.45,0.37083760245901637,0.42172771516393437
"Warner Park, Basseterre, St Kitts",death,2,4.0,180.0,0.022222222222222223,0.08837090163934426,0.045846750585480094
"Warner Park, Basseterre, St Kitts",death,3,0.0,180.0,0.0,0.002651127049180328,0.0009468310889929743
"Warner Park, Basseterre, St Kitts",death,4,22.0,180.0,0.12222222222222222,0.11151383196721311,0.11839779713114755
"Warner Park, Basseterre, St Kitts",death,6,7.0,180.0,0.03888888888888889,0.07952100409836066,0.05340035860655738
"Warner Park, Basseterre, St Kitts",death,W,17.0,180.0,0.09444444444444444,0.08016137295081967,0.0893433474824356
"Warner Park, Basseterre, St Kitts",death,Wd,9.0,180.0,0.05,0.04340420081967213,0.04764435743559719
"Warner Park, Basseterre, St Kitts",death,Nb,2.0,180.0,0.011111111111111112,0.006570184426229508,0.009489351580796251
"Warner Park, Basseterre, St Kitts",middle,0,114.0,400.0,0.285,0.2808889845966761,0.2841777969193352
"Warner Park, Basseterre, St Kitts",middle,1,153.0,400.0,0.3825,0.4414331678151601,0.394286633563032
"Warner Park, Basseterre, St Kitts",middle,2,16.0,400.0,0.04,0.06664217673287394,0.04532843534657478
"Warner Park, Basseterre, St Kitts",middle,3,0.0,400.0,0.0,0.002286430887717876,0.0004572861775435752
"Warner Park, Basseterre, St Kitts",middle,4,40.0,400.0,0.1,0.08739739562221321,0.09747947912444264
"Warner Park, Basseterre, St Kitts",middle,6,31.0,400.0,0.0775,0.048281059991892986,0.0716562119983786
"Warner Park, Basseterre, St Kitts",middle,W,19.0,400.0,0.0475,0.04221980137819214,0.046443960275638435
"Warner Park, Basseterre, St Kitts",middle,Wd,24.0,400.0,0.06,0.028171868666396434,0.05363437373327929
"Warner Park, Basseterre, St Kitts",middle,Nb,3.0,400.0,0.0075,0.002679114308877179,0.006535822861775436
"Warner Park, Basseterre, St Kitts",powerplay,0,84.0,223.0,0.37668161434977576,0.4228881521678736,0.39098704401482154
"Warner Park, Basseterre, St Kitts",powerplay,1,46.0,223.0,0.2062780269058296,0.25764450947345025,0.2221809626852787
"Warner Park, Basseterre, St Kitts",powerplay,2,12.0,223.0,0.053811659192825115,0.04384827662845184,0.05072702062800366
"Warner Park, Basseterre, St Kitts",powerplay,3,2.0,223.0,0.008968609865470852,0.005028429611245902,0.007748739817723189
"Warner Park, Basseterre, St Kitts",powerplay,4,36.0,223.0,0.16143497757847533,0.15223269683107069,0.1585859742511055
"Warner Park, Basseterre, St Kitts",powerplay,6,21.0,223.0,0.09417040358744394,0.040523771600022226,0.07756153919505332
"Warner Park, Basseterre, St Kitts",powerplay,W,13.0,223.0,0.05829596412556054,0.03919952586446391,0.05238375413760493
"Warner Park, Basseterre, St Kitts",powerplay,Wd,8.0,223.0,0.03587443946188341,0.03486563072990943,0.03556211477706175
"Warner Park, Basseterre, St Kitts",powerplay,Nb,1.0,223.0,0.004484304932735426,0.003769007093512122,0.004262850493347407
"Warner Park, St Kitts",death,0,9.0,43.0,0.20930232558139536,0.21696977459016392,0.21466417803507967
"Warner Park, St Kitts",death,1,14.0,43.0,0.32558139534883723,0.37083760245901637,0.3572290926286828
"Warner Park, St Kitts",death,2,4.0,43.0,0.09302325581395349,0.08837090163934426,0.08976986128625473
"Warner Park, St Kitts",death,3,0.0,43.0,0.0,0.002651127049180328,0.0018539349994268028
"Warner Park, St Kitts",death,4,7.0,43.0,0.16279069767441862,0.11151383196721311,0.12693274962742176
"Warner Park, St Kitts",death,6,4.0,43.0,0.09302325581395349,0.07952100409836066,0.08358112174710536
"Warner Park, St Kitts",death,W,4.0,43.0,0.09302325581395349,0.08016137295081967,0.08402893213344033
"Warner Park, St Kitts",death,Wd,1.0,43.0,0.023255813953488372,0.04340420081967213,0.0373455949787917
"Warner Park, St Kitts",death,Nb,0.0,43.0,0.0,0.006570184426229508,0.004594534563796859
"Warner Park, St Kitts",middle,0,38.0,116.0,0.3275862068965517,0.2808889845966761,0.30596712249846114
"Warner Park, St Kitts",middle,1,45.0,116.0,0.3879310344827586,0.4414331678151601,0.4127005406551667
"Warner Park, St Kitts",middle,2,4.0,116.0,0.034482758620689655,0.06664217673287394,0.04937137811707126
"Warner Park, St Kitts",middle,3,0.0,116.0,0.0,0.002286430887717876,0.0010585328183879055
"Warner Park, St Kitts",middle,4,10.0,116.0,0.08620689655172414,0.08739739562221321,0.08675805352880242
"Warner Park, St Kitts",middle,6,8.0,116.0,0.06896551724137931,0.048281059991892986,0.05938937962587638
"Warner Park, St Kitts",middle,W,9.0,116.0,0.07758620689655173,0.04221980137819214,0.061212871008422286
"Warner Park, St Kitts",middle,Wd,2.0,116.0,0.017241379310344827,0.028171868666396434,0.022301791049257606
"Warner Park, St Kitts",middle,Nb,0.0,116.0,0.0,0.002679114308877179,0.0012403306985542496
"Warner Park, St Kitts",powerplay,0,61.0,137.0,0.44525547445255476,0.4228881521678736,0.43581778572484114
"Warner Park, St Kitts",powerplay,1,39.0,137.0,0.2846715328467153,0.25764450947345025,0.27326772551622375
"Warner Park, St Kitts",powerplay,2,2.0,137.0,0.014598540145985401,0.04384827662845184,0.026940201109051407
"Warner Park, St Kitts",powerplay,3,2.0,137.0,0.014598540145985401,0.005028429611245902,0.010560518823310506
"Warner Park, St Kitts",powerplay,4,16.0,137.0,0.11678832116788321,0.15223269683107069,0.13174375393716062
"Warner Park, St Kitts",powerplay,6,2.0,137.0,0.014598540145985401,0.040523771600022226,0.025537456371317397
"Warner Park, St Kitts",powerplay,W,14.0,137.0,0.10218978102189781,0.03919952586446391,0.07561161428880334
"Warner Park, St Kitts",powerplay,Wd,1.0,137.0,0.0072992700729927005,0.03486563072990943,0.018930645877598917
"Warner Park, St Kitts",powerplay,Nb,0.0,137.0,0.0,0.003769007093512122,0.0015902983516928786
Western Australia Cricket Association Ground,death,0,12.0,58.0,0.20689655172413793,0.21696977459016392,0.21327200923428097
Western Australia Cricket Association Ground,death,1,18.0,58.0,0.3103448275862069,0.37083760245901637,0.34863139396140275
Western Australia Cricket Association Ground,death,2,7.0,58.0,0.1206896551724138,0.08837090163934426,0.1002347478730027
Western Australia Cricket Association Ground,death,3,0.0,58.0,0.0,0.002651127049180328,0.001677928512139448
Western Australia Cricket Association Ground,death,4,8.0,58.0,0.13793103448275862,0.11151383196721311,0.12121128605519818
Western Australia Cricket Association Ground,death,6,7.0,58.0,0.1206896551724138,0.07952100409836066,0.09463354689769662
Western Australia Cricket Association Ground,death,W,3.0,58.0,0.05172413793103448,0.08016137295081967,0.06972238794355674
Western Australia Cricket Association Ground,death,Wd,3.0,58.0,0.05172413793103448,0.04340420081967213,0.04645835494915958
Western Australia Cricket Association Ground,death,Nb,0.0,58.0,0.0,0.006570184426229508,0.00415834457356298
Western Australia Cricket Association Ground,middle,0,60.0,175.0,0.34285714285714286,0.2808889845966761,0.320323267126064
Western Australia Cricket Association Ground,middle,1,60.0,175.0,0.34285714285714286,0.4414331678151601,0.37870297011460363
Western Australia Cricket Association Ground,middle,2,17.0,175.0,0.09714285714285714,0.06664217673287394,0.08605170063013598
Western Australia Cricket Association Ground,middle,3,0.0,175.0,0.0,0.002286430887717876,0.0008314294137155913
Western Australia Cricket Association Ground,middle,4,21.0,175.0,0.12,0.08739739562221321,0.10814450749898663
Western Australia Cricket Association Ground,middle,6,4.0,175.0,0.022857142857142857,0.048281059991892986,0.03210220363341563
Western Australia Cricket Association Ground,middle,W,8.0,175.0,0.045714285714285714,0.04221980137819214,0.04444356413752441
Western Australia Cricket Association Ground,middle,Wd,5.0,175.0,0.02857142857142857,0.028171868666396434,0.028426134060507792
Western Australia Cricket Association Ground,middle,Nb,0.0,175.0,0.0,0.002679114308877179,0.0009742233850462469
Western Australia Cricket Association Ground,powerplay,0,37.0,81.0,0.4567901234567901,0.4228881521678736,0.43805975257893565
Western Australia Cricket Association Ground,powerplay,1,24.0,81.0,0.2962962962962963,0.25764450947345025,0.27494171794113276
Western Australia Cricket Association Ground,powerplay,2,1.0,81.0,0.012345679012345678,0.04384827662845184,0.029750429076492727
Western Australia Cricket Association Ground,powerplay,3,1.0,81.0,0.012345679012345678,0.005028429611245902,0.00830299978521873
Western Australia Cricket Association Ground,powerplay,4,9.0,81.0,0.1111111111111111,0.15223269683107069,0.13383021924368546
Western Australia Cricket Association Ground,powerplay,6,2.0,81.0,0.024691358024691357,0.040523771600022226,0.03343854784531615
Western Australia Cricket Association Ground,powerplay,W,3.0,81.0,0.037037037037037035,0.03919952586446391,0.03823178224556017
Western Australia Cricket Association Ground,powerplay,Wd,2.0,81.0,0.024691358024691357,0.03486563072990943,0.03031250316569582
Western Australia Cricket Association Ground,powerplay,Nb,2.0,81.0,0.024691358024691357,0.003769007093512122,0.0131320481179625
Westpac Stadium,death,0,103.0,424.0,0.2429245283018868,0.21696977459016392,0.23797133102865725
Westpac Stadium,death,1,151.0,424.0,0.3561320754716981,0.37083760245901637,0.35893847375172067
Westpac Stadium,death,2,42.0,424.0,0.09905660377358491,0.08837090163934426,0.09701734764109624
Westpac Stadium,death,3,3.0,424.0,0.007075471698113208,0.002651127049180328,0.006231131116255787
Westpac Stadium,death,4,49.0,424.0,0.11556603773584906,0.11151383196721311,0.11479271602427732
Westpac Stadium,death,6,22.0,424.0,0.05188679245283019,0.07952100409836066,0.057160496965336004
Westpac Stadium,death,W,39.0,424.0,0.09198113207547169,0.08016137295081967,0.08972545285320986
Westpac Stadium,death,Wd,14.0,424.0,0.0330188679245283,0.04340420081967213,0.03500080168314354
Westpac Stadium,death,Nb,1.0,424.0,0.0023584905660377358,0.006570184426229508,0.003162248936303341
Westpac Stadium,middle,0,297.0,1049.0,0.2831267874165872,0.2808889845966761,0.28293202650971944
Westpac Stadium,middle,1,451.0,1049.0,0.4299332697807436,0.4414331678151601,0.43093413122847346
Westpac Stadium,middle,2,78.0,1049.0,0.07435653002859867,0.06664217673287394,0.07368513287492376
Westpac Stadium,middle,3,7.0,1049.0,0.00667302192564347,0.002286430887717876,0.0062912472487134784
Westpac Stadium,middle,4,78.0,1049.0,0.07435653002859867,0.08739739562221321,0.0754915052760847
Westpac Stadium,middle,6,57.0,1049.0,0.05433746425166826,0.048281059991892986,0.053810362053254394
Westpac Stadium,middle,W,48.0,1049.0,0.04575786463298379,0.04221980137819214,0.04544993919740576
Westpac Stadium,middle,Wd,29.0,1049.0,0.027645376549094377,0.028171868666396434,0.02769119831735391
Westpac Stadium,middle,Nb,4.0,1049.0,0.0038131553860819827,0.002679114308877179,0.003714457294071121
Westpac Stadium,powerplay,0,302.0,700.0,0.43142857142857144,0.4228881521678736,0.4303610190209842
Westpac Stadium,powerplay,1,169.0,700.0,0.24142857142857144,0.25764450947345025,0.2434555636841813
Westpac Stadium,powerplay,2,35.0,700.0,0.05,0.04384827662845184,0.04923103457855648
Westpac Stadium,powerplay,3,7.0,700.0,0.01,0.005028429611245902,0.009378553701405737
Westpac Stadium,powerplay,4,103.0,700.0,0.14714285714285713,0.15223269683107069,0.14777908710388382
Westpac Stadium,powerplay,6,38.0,700.0,0.054285714285714284,0.040523771600022226,0.05256547145000278
Westpac Stadium,powerplay,W,29.0,700.0,0.041428571428571426,0.03919952586446391,0.04114994073305799
Westpac Stadium,powerplay,Wd,16.0,700.0,0.022857142857142857,0.03486563072990943,0.024358203841238678
Westpac Stadium,powerplay,Nb,1.0,700.0,0.0014285714285714286,0.003769007093512122,0.0017211258866890152
"Windsor Park, Roseau",death,0,12.0,57.0,0.21052631578947367,0.21696977459016392,0.21463042967526366
"Windsor Park, Roseau",death,1,19.0,57.0,0.3333333333333333,0.37083760245901637,0.3572214028401378
"Windsor Park, Roseau",death,2,4.0,57.0,0.07017543859649122,0.08837090163934426,0.08176490550276705
"Windsor Park, Roseau",death,3,0.0,57.0,0.0,0.002651127049180328,0.0016886159548919286
"Windsor Park, Roseau",death,4,5.0,57.0,0.08771929824561403,0.11151383196721311,0.102875052208416
"Windsor Park, Roseau",death,6,4.0,57.0,0.07017543859649122,0.07952100409836066,0.07612802808812781
"Windsor Park, Roseau",death,W,9.0,57.0,0.15789473684210525,0.08016137295081967,0.10838304009606349
"Windsor Park, Roseau",death,Wd,4.0,57.0,0.07017543859649122,0.04340420081967213,0.053123694789600086
"Windsor Park, Roseau",death,Nb,0.0,57.0,0.0,0.006570184426229508,0.004184830844732171
"Windsor Park, Roseau",middle,0,50.0,171.0,0.29239766081871343,0.2808889845966761,0.2881509168253417
"Windsor Park, Roseau",middle,1,69.0,171.0,0.40350877192982454,0.4414331678151601,0.4175030139539336
"Windsor Park, Roseau",middle,2,16.0,171.0,0.0935672514619883,0.06664217673287394,0.0836317995324258
"Windsor Park, Roseau",middle,3,0.0,171.0,0.0,0.002286430887717876,0.000843701434582242
"Windsor Park, Roseau",middle,4,14.0,171.0,0.08187134502923976,0.08739739562221321,0.08391047808937759
"Windsor Park, Roseau",middle,6,7.0,171.0,0.04093567251461988,0.048281059991892986,0.043646147598484494
"Windsor Park, Roseau",middle,W,8.0,171.0,0.04678362573099415,0.04221980137819214,0.04509955770412994
"Windsor Park, Roseau",middle,Wd,7.0,171.0,0.04093567251461988,0.028171868666396434,0.03622578179571824
"Windsor Park, Roseau",middle,Nb,0.0,171.0,0.0,0.002679114308877179,0.000988603066006339
"Windsor Park, Roseau",powerplay,0,55.0,122.0,0.45081967213114754,0.4228881521678736,0.438237906381925
"Windsor Park, Roseau",powerplay,1,36.0,122.0,0.29508196721311475,0.25764450947345025,0.2782182475105632
"Windsor Park, Roseau",powerplay,2,5.0,122.0,0.040983606557377046,0.04384827662845184,0.04227399848128461
"Windsor Park, Roseau",powerplay,3,0.0,122.0,0.0,0.005028429611245902,0.0022650583834440997
"Windsor Park, Roseau",powerplay,4,12.0,122.0,0.09836065573770492,0.15223269683107069,0.12262734091489672
"Windsor Park, Roseau",powerplay,6,5.0,122.0,0.040983606557377046,0.040523771600022226,0.040776473693703706
"Windsor Park, Roseau",powerplay,W,6.0,122.0,0.04918032786885246,0.03919952586446391,0.044684471110118876
"Windsor Park, Roseau",powerplay,Wd,3.0,122.0,0.02459016393442623,0.03486563072990943,0.029218752581040286
"Windsor Park, Roseau",powerplay,Nb,0.0,122.0,0.0,0.003769007093512122,0.0016977509430234786
"Windsor Park, Roseau, Dominica",death,0,7.0,36.0,0.19444444444444445,0.21696977459016392,0.21100718719864994
"Windsor Park, Roseau, Dominica",death,1,12.0,36.0,0.3333333333333333,0.37083760245901637,0.3609100018081003
"Windsor Park, Roseau, Dominica",death,2,2.0,36.0,0.05555555555555555,0.08837090163934426,0.07968448649951784
"Windsor Park, Roseau, Dominica",death,3,0.0,36.0,0.0,0.002651127049180328,0.0019493581243973
"Windsor Park, Roseau, Dominica",death,4,3.0,36.0,0.08333333333333333,0.11151383196721311,0.1040542882111861
"Windsor Park, Roseau, Dominica",death,6,6.0,36.0,0.16666666666666666,0.07952100409836066,0.10258897360173579
"Windsor Park, Roseau, Dominica",death,W,0.0,36.0,0.0,0.08016137295081967,0.058942185993249754
"Windsor Park, Roseau, Dominica",death,Wd,5.0,36.0,0.1388888888888889,0.04340420081967213,0.06867955942622951
"Windsor Park, Roseau, Dominica",death,Nb,1.0,36.0,0.027777777777777776,0.006570184426229508,0.012183959136933462
"Windsor Park, Roseau, Dominica",middle,0,7.0,29.0,0.2413793103448276,0.2808889845966761,0.2720069648036249
"Windsor Park, Roseau, Dominica",middle,1,15.0,29.0,0.5172413793103449,0.4414331678151601,0.45847532388772105
"Windsor Park, Roseau, Dominica",middle,2,1.0,29.0,0.034482758620689655,0.06664217673287394,0.05941254010300305
"Windsor Park, Roseau, Dominica",middle,3,1.0,29.0,0.034482758620689655,0.002286430887717876,0.009524365029238663
"Windsor Park, Roseau, Dominica",middle,4,1.0,29.0,0.034482758620689655,0.08739739562221321,0.07550185707148312
"Windsor Park, Roseau, Dominica",middle,6,0.0,29.0,0.0,0.048281059991892986,0.037427178288289134
"Windsor Park, Roseau, Dominica",middle,W,1.0,29.0,0.034482758620689655,0.04221980137819214,0.04048046618464507
"Windsor Park, Roseau, Dominica",middle,Wd,2.0,29.0,0.06896551724137931,0.028171868666396434,0.037342533849919715
"Windsor Park, Roseau, Dominica",middle,Nb,1.0,29.0,0.034482758620689655,0.002679114308877179,0.009828770782075334
"Windsor Park, Roseau, Dominica",powerplay,0,16.0,35.0,0.45714285714285713,0.4228881521678736,0.4317690016058323
"Windsor Park, Roseau, Dominica",powerplay,1,9.0,35.0,0.2571428571428571,0.25764450947345025,0.257514451461815
"Windsor Park, Roseau, Dominica",powerplay,2,0.0,35.0,0.0,0.04384827662845184,0.032480204909964325
"Windsor Park, Roseau, Dominica",powerplay,3,0.0,35.0,0.0,0.005028429611245902,0.003724762674996964
"Windsor Park, Roseau, Dominica",powerplay,4,7.0,35.0,0.2,0.15223269683107069,0.16461681246745977
"Windsor Park, Roseau, Dominica",powerplay,6,1.0,35.0,0.02857142857142857,0.040523771600022226,0.037425016000016464
"Windsor Park, Roseau, Dominica",powerplay,W,1.0,35.0,0.02857142857142857,0.03919952586446391,0.03644409323293622
"Windsor Park, Roseau, Dominica",powerplay,Wd,0.0,35.0,0.0,0.03486563072990943,0.02582639313326625
"Windsor Park, Roseau, Dominica",powerplay,Nb,1.0,35.0,0.02857142857142857,0.003769007093512122,0.010199264513712683
Zahur Ahmed Chowdhury Stadium,death,0,47.0,251.0,0.18725099601593626,0.21696977459016392,0.1957178844986222
Zahur Ahmed Chowdhury Stadium,death,1,87.0,251.0,0.3466135458167331,0.37083760245901637,0.3535149864555602
Zahur Ahmed Chowdhury Stadium,death,2,28.0,251.0,0.11155378486055777,0.08837090163934426,0.10494897482602401
Zahur Ahmed Chowdhury Stadium,death,3,1.0,251.0,0.00398406374501992,0.002651127049180328,0.003604309700621176
Zahur Ahmed Chowdhury Stadium,death,4,33.0,251.0,0.13147410358565736,0.11151383196721311,0.12578741651487554
Zahur Ahmed Chowdhury Stadium,death,6,15.0,251.0,0.05976095617529881,0.07952100409836066,0.06539059945822241
Zahur Ahmed Chowdhury Stadium,death,W,28.0,251.0,0.11155378486055777,0.08016137295081967,0.1026100777637663
Zahur Ahmed Chowdhury Stadium,death,Wd,11.0,251.0,0.043824701195219126,0.04340420081967213,0.043704900518425106
Zahur Ahmed Chowdhury Stadium,death,Nb,1.0,251.0,0.00398406374501992,0.006570184426229508,0.004720850263883051
Zahur Ahmed Chowdhury Stadium,middle,0,126.0,507.0,0.2485207100591716,0.2808889845966761,0.25385320998297795
Zahur Ahmed Chowdhury Stadium,middle,1,228.0,507.0,0.44970414201183434,0.4414331678151601,0.4483415432973905
Zahur Ahmed Chowdhury Stadium,middle,2,46.0,507.0,0.09072978303747535,0.06664217673287394,0.08676147886867776
Zahur Ahmed Chowdhury Stadium,middle,3,2.0,507.0,0.0039447731755424065,0.002286430887717876,0.0036715701627212318
Zahur Ahmed Chowdhury Stadium,middle,4,50.0,507.0,0.09861932938856016,0.08739739562221321,0.09677057588504337
Zahur Ahmed Chowdhury Stadium,middle,6,16.0,507.0,0.03155818540433925,0.048281059991892986,0.03431318945500708
Zahur Ahmed Chowdhury Stadium,middle,W,23.0,507.0,0.045364891518737675,0.04221980137819214,0.044846754757527536
Zahur Ahmed Chowdhury Stadium,middle,Wd,16.0,507.0,0.03155818540433925,0.028171868666396434,0.0310003078527836
Zahur Ahmed Chowdhury Stadium,middle,Nb,0.0,507.0,0.0,0.002679114308877179,0.00044136973787103445
Zahur Ahmed Chowdhury Stadium,powerplay,0,146.0,324.0,0.4506172839506173,0.4228881521678736,0.44407739437921545
Zahur Ahmed Chowdhury Stadium,powerplay,1,76.0,324.0,0.2345679012345679,0.25764450947345025,0.24001049751732317
Zahur Ahmed Chowdhury Stadium,powerplay,2,14.0,324.0,0.043209876543209874,0.04384827662845184,0.04336044260104996
Zahur Ahmed Chowdhury Stadium,powerplay,3,1.0,324.0,0.0030864197530864196,0.005028429611245902,0.003544440946048562
Zahur Ahmed Chowdhury Stadium,powerplay,4,52.0,324.0,0.16049382716049382,0.15223269683107069,0.15854544736581855
Zahur Ahmed Chowdhury Stadium,powerplay,6,9.0,324.0,0.027777777777777776,0.040523771600022226,0.030783908396231657
Zahur Ahmed Chowdhury Stadium,powerplay,W,13.0,324.0,0.040123456790123455,0.03919952586446391,0.0399055485529396
Zahur Ahmed Chowdhury Stadium,powerplay,Wd,11.0,324.0,0.033950617283950615,0.03486563072990943,0.034166422341959775
Zahur Ahmed Chowdhury Stadium,powerplay,Nb,2.0,324.0,0.006172839506172839,0.003769007093512122,0.005605897899413237
"Zahur Ahmed Chowdhury Stadium, Chattogram",death,0,4.0,20.0,0.2,0.21696977459016392,0.2141414788251366
"Zahur Ahmed Chowdhury Stadium, Chattogram",death,1,9.0,20.0,0.45,0.37083760245901637,0.38403133538251366
"Zahur Ahmed Chowdhury Stadium, Chattogram",death,2,2.0,20.0,0.1,0.08837090163934426,0.09030908469945356
"Zahur Ahmed Chowdhury Stadium, Chattogram",death,3,0.0,20.0,0.0,0.002651127049180328,0.0022092725409836064
"Zahur Ahmed Chowdhury Stadium, Chattogram",death,4,4.0,20.0,0.2,0.11151383196721311,0.12626152663934426
"Zahur Ahmed Chowdhury Stadium, Chattogram",death,6,0.0,20.0,0.0,0.07952100409836066,0.06626750341530055
"Zahur Ahmed Chowdhury Stadium, Chattogram",death,W,0.0,20.0,0.0,0.08016137295081967,0.06680114412568305
"Zahur Ahmed Chowdhury Stadium, Chattogram",death,Wd,1.0,20.0,0.05,0.04340420081967213,0.04450350068306011
"Zahur Ahmed Chowdhury Stadium, Chattogram",death,Nb,0.0,20.0,0.0,0.006570184426229508,0.005475153688524591
"Zahur Ahmed Chowdhury Stadium, Chattogram",middle,0,14.0,38.0,0.3684210526315789,0.2808889845966761,0.30499201782367835
"Zahur Ahmed Chowdhury Stadium, Chattogram",middle,1,19.0,38.0,0.5,0.4414331678151601,0.45756026653272475
"Zahur Ahmed Chowdhury Stadium, Chattogram",middle,2,1.0,38.0,0.02631578947368421,0.06664217673287394,0.05553780922672025
"Zahur Ahmed Chowdhury Stadium, Chattogram",middle,3,0.0,38.0,0.0,0.002286430887717876,0.0016568339766071566
"Zahur Ahmed Chowdhury Stadium, Chattogram",middle,4,2.0,38.0,0.05263157894736842,0.08739739562221321,0.07782419972624147
"Zahur Ahmed Chowdhury Stadium, Chattogram",middle,6,1.0,38.0,0.02631578947368421,0.048281059991892986,0.04223265216803839
"Zahur Ahmed Chowdhury Stadium, Chattogram",middle,W,1.0,38.0,0.02631578947368421,0.04221980137819214,0.037840435781298656
"Zahur Ahmed Chowdhury Stadium, Chattogram",middle,Wd,0.0,38.0,0.0,0.028171868666396434,0.020414397584345243
"Zahur Ahmed Chowdhury Stadium, Chattogram",middle,Nb,0.0,38.0,0.0,0.002679114308877179,0.0019413871803457819
"Zahur Ahmed Chowdhury Stadium, Chattogram",powerplay,0,21.0,41.0,0.5121951219512195,0.4228881521678736,0.44885684550913024
"Zahur Ahmed Chowdhury Stadium, Chattogram",powerplay,1,9.0,41.0,0.21951219512195122,0.25764450947345025,0.24655638969748245
"Zahur Ahmed Chowdhury Stadium, Chattogram",powerplay,2,0.0,41.0,0.0,0.04384827662845184,0.031098068530816904
"Zahur Ahmed Chowdhury Stadium, Chattogram",powerplay,3,0.0,41.0,0.0,0.005028429611245902,0.003566262135635391
"Zahur Ahmed Chowdhury Stadium, Chattogram",powerplay,4,4.0,41.0,0.0975609756097561,0.15223269683107069,0.13633524597948277
"Zahur Ahmed Chowdhury Stadium, Chattogram",powerplay,6,2.0,41.0,0.04878048780487805,0.040523771600022226,0.042924660709235625
"Zahur Ahmed Chowdhury Stadium, Chattogram",powerplay,W,3.0,41.0,0.07317073170731707,0.03919952586446391,0.049077677918059504
"Zahur Ahmed Chowdhury Stadium, Chattogram",powerplay,Wd,2.0,41.0,0.04878048780487805,0.03486563072990943,0.0389117948439074
"Zahur Ahmed Chowdhury Stadium, Chattogram",powerplay,Nb,0.0,41.0,0.0,0.003769007093512122,0.0026730546762497322
"Zayed Cricket Stadium, Abu Dhabi",death,0,147.0,606.0,0.24257425742574257,0.21696977459016392,0.23894756014024984
"Zayed Cricket Stadium, Abu Dhabi",death,1,208.0,606.0,0.3432343234323432,0.37083760245901637,0.34714413632563973
"Zayed Cricket Stadium, Abu Dhabi",death,2,57.0,606.0,0.09405940594059406,0.08837090163934426,0.09325366878744253
"Zayed Cricket Stadium, Abu Dhabi",death,3,1.0,606.0,0.0016501650165016502,0.002651127049180328,0.0017919443412436726
"Zayed Cricket Stadium, Abu Dhabi",death,4,70.0,606.0,0.11551155115511551,0.11151383196721311,0.1149453019783588
"Zayed Cricket Stadium, Abu Dhabi",death,6,37.0,606.0,0.06105610561056106,0.07952100409836066,0.06367153032554683
"Zayed Cricket Stadium, Abu Dhabi",death,W,49.0,606.0,0.08085808580858085,0.08016137295081967,0.08075940126782148
"Zayed Cricket Stadium, Abu Dhabi",death,Wd,33.0,606.0,0.054455445544554455,0.04340420081967213,0.052890113430548454
"Zayed Cricket Stadium, Abu Dhabi",death,Nb,4.0,606.0,0.006600660066006601,0.006570184426229508,0.006596343403148655
"Zayed Cricket Stadium, Abu Dhabi",middle,0,327.0,1201.0,0.2722731057452123,0.2808889845966761,0.2729353562334109
"Zayed Cricket Stadium, Abu Dhabi",middle,1,550.0,1201.0,0.4579517069109076,0.4414331678151601,0.45668202673444735
"Zayed Cricket Stadium, Abu Dhabi",middle,2,93.0,1201.0,0.07743547044129892,0.06664217673287394,0.07660585524464827
"Zayed Cricket Stadium, Abu Dhabi",middle,3,2.0,1201.0,0.0016652789342214821,0.002286430887717876,0.0017130231274187452
"Zayed Cricket Stadium, Abu Dhabi",middle,4,111.0,1201.0,0.09242298084929226,0.08739739562221321,0.0920366945136213
"Zayed Cricket Stadium, Abu Dhabi",middle,6,36.0,1201.0,0.02997502081598668,0.048281059991892986,0.031382095310675866
"Zayed Cricket Stadium, Abu Dhabi",middle,W,46.0,1201.0,0.038301415487094086,0.04221980137819214,0.038602598107470576
"Zayed Cricket Stadium, Abu Dhabi",middle,Wd,33.0,1201.0,0.027477102414654453,0.028171868666396434,0.027530504893650765
"Zayed Cricket Stadium, Abu Dhabi",middle,Nb,3.0,1201.0,0.002497918401332223,0.002679114308877179,0.0025118458346562013
"Zayed Cricket Stadium, Abu Dhabi",powerplay,0,347.0,861.0,0.40301974448315914,0.4228881521678736,0.40508721666679226
"Zayed Cricket Stadium, Abu Dhabi",powerplay,1,241.0,861.0,0.27990708478513354,0.25764450947345025,0.277590479653845
"Zayed Cricket Stadium, Abu Dhabi",powerplay,2,51.0,861.0,0.059233449477351915,0.04384827662845184,0.05763249496654025
"Zayed Cricket Stadium, Abu Dhabi",powerplay,3,9.0,861.0,0.010452961672473868,0.005028429611245902,0.009888494236341926
"Zayed Cricket Stadium, Abu Dhabi",powerplay,4,128.0,861.0,0.148664343786295,0.15223269683107069,0.1490356604402779
"Zayed Cricket Stadium, Abu Dhabi",powerplay,6,25.0,861.0,0.029036004645760744,0.040523771600022226,0.03023140183142791
"Zayed Cricket Stadium, Abu Dhabi",powerplay,W,32.0,861.0,0.03716608594657375,0.03919952586446391,0.03737768219193173
"Zayed Cricket Stadium, Abu Dhabi",powerplay,Wd,25.0,861.0,0.029036004645760744,0.03486563072990943,0.02964262546617164
"Zayed Cricket Stadium, Abu Dhabi",powerplay,Nb,3.0,861.0,0.003484320557491289,0.003769007093512122,0.003513944546671397
